study,file_path,sop_instance_uid,instance_number,rows,cols,region,applicable,quality_class,violation_list,sp_pos,sp_axis,sp_art,rh_pos,rh_roi,lh_pos,lh_roi,metal_metal_area_px,metal_metal_area_mm2,metal_metal_outside_bone_px,metal_metal_outside_bone_mm2,metal_has_metal,metal_metal_max_intensity_gap,axis_angle_deg,curvature,valid_rows,center_offset_ratio,top_margin_ratio,bottom_margin_ratio,bone_width_ratio,signed_shaft_angle_deg,abs_shaft_angle_deg,shaft_width_mm,shaft_len_below_troch_mm,lesser_troch_prominence_mm,greater_troch_offset_mm,lateral_margin_mm,medial_neck_extent_mm,merge_height_mm,neck_min_width_mm,scan_length_mm,scan_width_mm,femur_track_rows,shaft_bottom_center_ratio,bone_area_ratio,femur_fill_ratio,bone_top_touch_ratio,bone_bottom_touch_ratio,femur_solidity,femur_compactness,femur_eccentricity,prof_lat_0,prof_med_0,prof_lat_1,prof_med_1,prof_lat_2,prof_med_2,prof_lat_3,prof_med_3,prof_lat_4,prof_med_4,prof_lat_5,prof_med_5,prof_lat_6,prof_med_6,prof_lat_7,prof_med_7,prof_lat_8,prof_med_8,prof_lat_9,prof_med_9,prof_lat_10,prof_med_10,prof_lat_11,prof_med_11,prof_lat_12,prof_med_12,prof_lat_13,prof_med_13,prof_lat_14,prof_med_14,prof_lat_15,prof_med_15,prof_lat_16,prof_med_16,prof_lat_17,prof_med_17,prof_lat_18,prof_med_18,prof_lat_19,prof_med_19,hip_side_detected,hip_side_score,shaft_angle_deg,edge_distance_ratio,rh_pos_c,rh_roi_c,lh_pos_c,lh_roi_c,hip_pos_c,hip_roi_c,lab_side,mismatch,acq_time,exposed_area,series_no,rank_in_study,pixel_hash
1.2.840.113619.2.110.512719.20250403090444,/home/user/workspace/dataset_extracted/Датасет/НД_для_обучения/Исследования/1.2.840.113619.2.110.512719.20250403090444/series_004_3_CR/DXA/CR DXA/CR000002.dcm,1.2.643.5.1.13.13.12.2.77.8252.06000812101106141213041404150112,4,263,280,left_hip,True,1.0,Нарушение позиционирования/ротации левого бедра,,,,,,1.0,0.0,0,0.0,0,0.0,False,0.0,,,,,,,,-3.9157342804921145,3.9157342804921145,31.2,112.35,0.0,-0.06147064009875,51.0,20.51014518309526,52.5,10.8,276.15000000000003,168.0,263.0,0.3875,0.2205594785442694,1.0,0.2785714285714286,0.1714285714285714,0.5344693663323199,0.1914552245446911,0.9541583064921038,-4.246446834773411,2.4312290601304767,-4.186351613472056,3.1163522012578424,-14.94128019749603,3.93019455710338,-23.28118497619468,5.215317698230746,-26.22108975489332,6.500440839358128,-26.160994533591964,8.385563980485495,-30.0,10.270687121612877,-30.0,12.284529477458396,-30.0,15.36965261858578,-30.0,17.854775759713146,-30.0,17.93989890084051,-30.0,18.62502204196789,-30.0,20.51014518309526,-30.0,20.51014518309526,-30.0,20.51014518309526,-30.0,20.51014518309526,-30.0,20.51014518309526,-30.0,20.51014518309526,-30.0,20.51014518309526,-30.0,20.51014518309526,left,-0.6832067401297779,3.9157342804921145,0.3035714285714285,,,1.0,0.0,1.0,0.0,left,False,Anonymized,"[520, 478]",3,0,d07da2fe711aad359fdfe29c926ecd42367a7eb4
1.2.840.113619.2.110.512719.20250403090444,/home/user/workspace/dataset_extracted/Датасет/НД_для_обучения/Исследования/1.2.840.113619.2.110.512719.20250403090444/series_004_3_CR/DXA/CR DXA/CR000004.dcm,1.2.643.5.1.13.13.12.2.77.8252.13011105091309080008130511041109,5,235,280,right_hip,True,0.0,,,,,0.0,0.0,,,0,0.0,0,0.0,False,0.0,,,,,,,,-1.3861072393567553,1.3861072393567553,30.6,58.8,4.6178755980861,-17.119090909090907,48.6,5.813868762816105,66.15,3.0,246.75,168.0,119.0,0.3839285714285714,0.2113525835866261,0.5063829787234042,0.2464285714285714,0.1714285714285714,0.5340868501627144,0.1602200103019146,0.9497067823674286,-19.020348598769647,0.957600820232392,-21.55535885167464,0.6193369788106622,-21.656616541353376,0.9656390977443606,-22.391626794258364,0.6273752563226139,-22.52663704716335,0.8891114149008842,-22.66164730006835,1.1508475734791377,-20.99665755297333,0.8125837320574077,-21.09791524265208,1.1588858509911062,-21.232925495557065,1.4206220095693596,-20.76793574846206,2.28235816814763,-22.70294600136705,2.544094326725883,-22.83795625427204,3.405830485304153,-22.972966507177023,4.867566643882424,-23.074224196855774,5.813868762816105,-23.20923444976076,-9.524395078605624,-24.54424470266575,-12.262658920027354,-25.811749829118245,-13.031790840738228,-25.811749829118245,-13.031790840738228,-25.811749829118245,-13.031790840738228,-25.811749829118245,-13.031790840738228,right,0.4410081743435503,1.3861072393567553,0.2892857142857143,0.0,0.0,,,0.0,0.0,right,False,Anonymized,"[520, 478]",3,1,9b301cf82ab7d792991b71b2e9fdf870ad09cdfb
1.2.840.113619.2.110.512719.20250403090444,/home/user/workspace/dataset_extracted/Датасет/НД_для_обучения/Исследования/1.2.840.113619.2.110.512719.20250403090444/series_004_3_CR/DXA/CR DXA/CR000003.dcm,1.2.643.5.1.13.13.12.2.77.8252.10130209021503050013090302090705,6,263,280,left_hip,True,1.0,Нарушение позиционирования/ротации левого бедра,,,,,,1.0,0.0,0,0.0,0,0.0,False,0.0,,,,,,,,-3.9157342804921145,3.9157342804921145,31.2,112.35,0.0,-0.06147064009875,51.0,20.51014518309526,52.5,10.8,276.15000000000003,168.0,263.0,0.3875,0.2205594785442694,1.0,0.2785714285714286,0.1714285714285714,0.5344693663323199,0.1914552245446911,0.9541583064921038,-4.246446834773411,2.4312290601304767,-4.186351613472056,3.1163522012578424,-14.94128019749603,3.93019455710338,-23.28118497619468,5.215317698230746,-26.22108975489332,6.500440839358128,-26.160994533591964,8.385563980485495,-30.0,10.270687121612877,-30.0,12.284529477458396,-30.0,15.36965261858578,-30.0,17.854775759713146,-30.0,17.93989890084051,-30.0,18.62502204196789,-30.0,20.51014518309526,-30.0,20.51014518309526,-30.0,20.51014518309526,-30.0,20.51014518309526,-30.0,20.51014518309526,-30.0,20.51014518309526,-30.0,20.51014518309526,-30.0,20.51014518309526,left,-0.6832067401297779,3.9157342804921145,0.3035714285714285,,,1.0,0.0,1.0,0.0,left,False,Anonymized,"[170, 160]",3,2,d07da2fe711aad359fdfe29c926ecd42367a7eb4
1.2.840.113619.2.110.512719.20250403090444,/home/user/workspace/dataset_extracted/Датасет/НД_для_обучения/Исследования/1.2.840.113619.2.110.512719.20250403090444/series_004_3_CR/DXA/CR DXA/CR000001.dcm,1.2.643.5.1.13.13.12.2.77.8252.03030811151201151502050615010000,8,235,280,right_hip,True,0.0,,,,,0.0,0.0,,,0,0.0,0,0.0,False,0.0,,,,,,,,-1.3861072393567553,1.3861072393567553,30.6,58.8,4.6178755980861,-17.119090909090907,48.6,5.813868762816105,66.15,3.0,246.75,168.0,119.0,0.3839285714285714,0.2113525835866261,0.5063829787234042,0.2464285714285714,0.1714285714285714,0.5340868501627144,0.1602200103019146,0.9497067823674286,-19.020348598769647,0.957600820232392,-21.55535885167464,0.6193369788106622,-21.656616541353376,0.9656390977443606,-22.391626794258364,0.6273752563226139,-22.52663704716335,0.8891114149008842,-22.66164730006835,1.1508475734791377,-20.99665755297333,0.8125837320574077,-21.09791524265208,1.1588858509911062,-21.232925495557065,1.4206220095693596,-20.76793574846206,2.28235816814763,-22.70294600136705,2.544094326725883,-22.83795625427204,3.405830485304153,-22.972966507177023,4.867566643882424,-23.074224196855774,5.813868762816105,-23.20923444976076,-9.524395078605624,-24.54424470266575,-12.262658920027354,-25.811749829118245,-13.031790840738228,-25.811749829118245,-13.031790840738228,-25.811749829118245,-13.031790840738228,-25.811749829118245,-13.031790840738228,right,0.4410081743435503,1.3861072393567553,0.2892857142857143,0.0,0.0,,,0.0,0.0,right,False,Anonymized,"[170, 143]",3,3,9b301cf82ab7d792991b71b2e9fdf870ad09cdfb
1.2.840.113619.2.110.512719.20250403092052,/home/user/workspace/dataset_extracted/Датасет/НД_для_обучения/Исследования/1.2.840.113619.2.110.512719.20250403092052/series_003_3_CR/DXA/CR DXA/CR000003.dcm,1.2.643.5.1.13.13.12.2.77.8252.07120303070106110214090814060908,4,263,280,right_hip,True,0.0,,,,,0.0,0.0,,,0,0.0,0,0.0,False,0.0,,,,,,,,4.817560241957269,4.817560241957269,29.4,81.9,0.0,-12.94787238078377,40.8,22.03578952692878,91.35,9.0,276.15000000000003,168.0,263.0,0.375,0.1784220532319391,1.0,0.2071428571428571,0.175,0.5402047469084134,0.1482410051525781,0.9743382359916872,-17.565153833508266,1.3184638146663443,-17.910833470327145,1.6807445718838097,-18.170093197941306,1.9524551397969103,-17.915772834760173,2.314735897014384,-13.461452471579053,3.2770166542318493,-13.207132108397934,3.639297411449314,-17.152811745216813,4.00157816866678,-17.412071472830963,4.27328873657988,-17.757751109649842,4.6355694937973455,-18.70343074646872,5.59785025101481,-20.8491103832876,5.960131008232275,-21.19479002010648,6.322411765449749,-21.54046965692536,7.284692522667214,-21.79972938453951,8.156403090580314,-22.1454090213584,9.71868384779778,-23.691088658177268,11.280964605015244,-24.636768294996145,12.84324536223271,-26.182447931815023,14.405526119450183,-30.0,15.877236687363284,-30.0,18.03951744458075,left,-0.107929760181931,4.817560241957269,0.2428571428571428,,,0.0,0.0,0.0,0.0,right,True,Anonymized,"[520, 496]",3,0,267a2713f44a38339f1425995150f5f87c5e1c0a
1.2.840.113619.2.110.512719.20250403092052,/home/user/workspace/dataset_extracted/Датасет/НД_для_обучения/Исследования/1.2.840.113619.2.110.512719.20250403092052/series_003_3_CR/DXA/CR DXA/CR000000.dcm,1.2.643.5.1.13.13.12.2.77.8252.06140010030611061314081200121305,5,235,280,right_hip,True,0.0,,,,,0.0,0.0,,,0,0.0,0,0.0,False,0.0,,,,,,,,-1.98723033571914,1.98723033571914,28.2,73.5,0.0,-2.307252208905612,64.8,18.15881025282128,84.0,8.4,246.75,168.0,235.0,0.5035714285714286,0.1724012158054711,1.0,0.2107142857142857,0.1678571428571428,0.4943903755541549,0.1436018132894275,0.9567258022598368,-4.854273466888304,2.4975662671682355,-3.77011635027558,2.690263319044709,-4.00699851281604,2.8347861079520555,-6.522841396203324,2.427483159828546,-6.038684279590592,2.6201802117050192,-5.554527162977877,2.8128772635814925,-2.670370046365161,3.0055743154579657,-2.307252208905612,3.1500971043653294,-3.6230950922928966,4.542794156241802,-3.7389379756801815,5.335491208118276,-4.454780859067449,6.72818825999475,-4.570623742454734,8.120885311871222,-4.086466625842019,8.913582363747713,-3.723348788382469,10.25810515265506,-13.439191671769754,11.650802204531532,-13.555034555157038,13.643499256408006,-13.070877438544306,15.636196308284497,-13.18672032193159,16.42889336016097,-12.823602484472058,16.573416149068315,-12.339445367859328,17.366113200944806,right,0.4968712235616523,1.98723033571914,0.3857142857142857,0.0,0.0,,,0.0,0.0,right,False,Anonymized,"[520, 496]",3,1,c167953b75557e5595702de805965ae8321dbbaf
1.2.840.113619.2.110.512719.20250403092052,/home/user/workspace/dataset_extracted/Датасет/НД_для_обучения/Исследования/1.2.840.113619.2.110.512719.20250403092052/series_003_3_CR/DXA/CR DXA/CR000002.dcm,1.2.643.5.1.13.13.12.2.77.8252.09040712010609120601031410140610,6,263,280,right_hip,True,0.0,,,,,0.0,0.0,,,0,0.0,0,0.0,False,0.0,,,,,,,,4.817560241957269,4.817560241957269,29.4,81.9,0.0,-12.94787238078377,40.8,22.03578952692878,91.35,9.0,276.15000000000003,168.0,263.0,0.375,0.1784220532319391,1.0,0.2071428571428571,0.175,0.5402047469084134,0.1482410051525781,0.9743382359916872,-17.565153833508266,1.3184638146663443,-17.910833470327145,1.6807445718838097,-18.170093197941306,1.9524551397969103,-17.915772834760173,2.314735897014384,-13.461452471579053,3.2770166542318493,-13.207132108397934,3.639297411449314,-17.152811745216813,4.00157816866678,-17.412071472830963,4.27328873657988,-17.757751109649842,4.6355694937973455,-18.70343074646872,5.59785025101481,-20.8491103832876,5.960131008232275,-21.19479002010648,6.322411765449749,-21.54046965692536,7.284692522667214,-21.79972938453951,8.156403090580314,-22.1454090213584,9.71868384779778,-23.691088658177268,11.280964605015244,-24.636768294996145,12.84324536223271,-26.182447931815023,14.405526119450183,-30.0,15.877236687363284,-30.0,18.03951744458075,left,-0.107929760181931,4.817560241957269,0.2428571428571428,,,0.0,0.0,0.0,0.0,right,True,Anonymized,"[170, 160]",3,2,267a2713f44a38339f1425995150f5f87c5e1c0a
1.2.840.113619.2.110.512719.20250403092052,/home/user/workspace/dataset_extracted/Датасет/НД_для_обучения/Исследования/1.2.840.113619.2.110.512719.20250403092052/series_003_3_CR/DXA/CR DXA/CR000004.dcm,1.2.643.5.1.13.13.12.2.77.8252.14060811030909110008140112131212,8,235,280,right_hip,True,0.0,,,,,0.0,0.0,,,0,0.0,0,0.0,False,0.0,,,,,,,,-1.98723033571914,1.98723033571914,28.2,73.5,0.0,-2.307252208905612,64.8,18.15881025282128,84.0,8.4,246.75,168.0,235.0,0.5035714285714286,0.1724012158054711,1.0,0.2107142857142857,0.1678571428571428,0.4943903755541549,0.1436018132894275,0.9567258022598368,-4.854273466888304,2.4975662671682355,-3.77011635027558,2.690263319044709,-4.00699851281604,2.8347861079520555,-6.522841396203324,2.427483159828546,-6.038684279590592,2.6201802117050192,-5.554527162977877,2.8128772635814925,-2.670370046365161,3.0055743154579657,-2.307252208905612,3.1500971043653294,-3.6230950922928966,4.542794156241802,-3.7389379756801815,5.335491208118276,-4.454780859067449,6.72818825999475,-4.570623742454734,8.120885311871222,-4.086466625842019,8.913582363747713,-3.723348788382469,10.25810515265506,-13.439191671769754,11.650802204531532,-13.555034555157038,13.643499256408006,-13.070877438544306,15.636196308284497,-13.18672032193159,16.42889336016097,-12.823602484472058,16.573416149068315,-12.339445367859328,17.366113200944806,right,0.4968712235616523,1.98723033571914,0.3857142857142857,0.0,0.0,,,0.0,0.0,right,False,Anonymized,"[170, 143]",3,3,c167953b75557e5595702de805965ae8321dbbaf
1.2.840.113619.2.110.512719.20250407113211,/home/user/workspace/dataset_extracted/Датасет/НД_для_обучения/Исследования/1.2.840.113619.2.110.512719.20250407113211/series_001_2_CR/DXA/CR DXA/CR000002.dcm,1.2.643.5.1.13.13.12.2.77.8252.03030413031313090107050002151508,4,263,280,left_hip,True,1.0,Нарушение позиционирования/ротации левого бедра,,,,,,1.0,0.0,0,0.0,0,0.0,False,0.0,,,,,,,,-2.991354271308193,2.991354271308193,30.0,101.85,0.0,0.2858615611192761,47.4,20.545203029665497,57.75,8.4,276.15000000000003,168.0,263.0,0.3642857142857142,0.2317490494296578,1.0,0.3178571428571428,0.1678571428571428,0.5152271284470128,0.1146649340310278,0.9491562469599716,0.218167473174816,3.0787713023354057,0.2858615611192761,3.9075110456554167,-22.463367872922387,4.229065853145426,-24.195673784977927,5.057805596465419,-24.72797969703348,5.886545339785431,-25.86028560908901,6.715285083105442,-29.99259152114456,8.144024826425452,-30.0,9.065579633915444,-30.0,10.494319377235456,-30.0,13.123059120555467,-30.0,15.151798863875475,-30.0,17.18053860719549,-30.0,18.009278350515483,-30.0,19.530833158005493,-30.0,20.545203029665497,-30.0,20.545203029665497,-30.0,20.545203029665497,-30.0,20.545203029665497,-30.0,20.545203029665497,-30.0,20.545203029665497,left,-0.411199646952995,2.991354271308193,0.2821428571428571,,,1.0,0.0,1.0,0.0,left,False,Anonymized,"[520, 497]",2,0,36c0c0cd5f4596fd613bd6b63ee69df2b15049bd
1.2.840.113619.2.110.512719.20250407113211,/home/user/workspace/dataset_extracted/Датасет/НД_для_обучения/Исследования/1.2.840.113619.2.110.512719.20250407113211/series_001_2_CR/DXA/CR DXA/CR000005.dcm,1.2.643.5.1.13.13.12.2.77.8252.08010006000103071201020606001302,5,265,280,right_hip,True,0.0,,,,,0.0,0.0,,,0,0.0,0,0.0,False,0.0,,,,,,,,-6.0304276323575925,6.0304276323575925,30.0,81.9,0.0,-1.9748732280377737,55.2,17.594405594405593,58.8,9.6,278.25,168.0,260.0,0.4214285714285714,0.2309299191374663,0.981132075471698,0.3392857142857143,0.1642857142857142,0.5438543615371724,0.1558506838001549,0.9579511486167678,-3.318076859849003,2.399600399600399,-2.6464750439433886,2.7838161838161795,-2.142773682014177,3.221978021978032,-7.471171866108563,3.606193806193812,-6.799570050202948,3.990409590409592,-4.9279682342973326,4.974625374625373,-4.256366418391719,6.558841158841153,-5.552665056462507,6.997002997003006,-15.0810632405569,8.581218781218785,-19.809461424651285,10.165434565434566,-20.937859608745672,11.749650349650349,-21.466257792840057,13.933866133866127,-21.99465597693445,15.518081918081924,-22.09095461500524,16.55624375624376,-21.587253253076028,17.594405594405593,-21.587253253076028,17.594405594405593,-21.587253253076028,17.594405594405593,-21.587253253076028,17.594405594405593,-21.587253253076028,17.594405594405593,-21.587253253076028,17.594405594405593,right,0.4226832562290235,6.0304276323575925,0.3285714285714285,0.0,0.0,,,0.0,0.0,right,False,Anonymized,"[520, 497]",2,1,e42c65866b10fac5a93f0b494caef2e678d8ba43
1.2.840.113619.2.110.512719.20250407113211,/home/user/workspace/dataset_extracted/Датасет/НД_для_обучения/Исследования/1.2.840.113619.2.110.512719.20250407113211/series_001_2_CR/DXA/CR DXA/CR000000.dcm,1.2.643.5.1.13.13.12.2.77.8252.07140808121311040315101301051200,6,263,280,left_hip,True,1.0,Нарушение позиционирования/ротации левого бедра,,,,,,1.0,0.0,0,0.0,0,0.0,False,0.0,,,,,,,,-2.991354271308193,2.991354271308193,30.0,101.85,0.0,0.2858615611192761,47.4,20.545203029665497,57.75,8.4,276.15000000000003,168.0,263.0,0.3642857142857142,0.2317490494296578,1.0,0.3178571428571428,0.1678571428571428,0.5152271284470128,0.1146649340310278,0.9491562469599716,0.218167473174816,3.0787713023354057,0.2858615611192761,3.9075110456554167,-22.463367872922387,4.229065853145426,-24.195673784977927,5.057805596465419,-24.72797969703348,5.886545339785431,-25.86028560908901,6.715285083105442,-29.99259152114456,8.144024826425452,-30.0,9.065579633915444,-30.0,10.494319377235456,-30.0,13.123059120555467,-30.0,15.151798863875475,-30.0,17.18053860719549,-30.0,18.009278350515483,-30.0,19.530833158005493,-30.0,20.545203029665497,-30.0,20.545203029665497,-30.0,20.545203029665497,-30.0,20.545203029665497,-30.0,20.545203029665497,-30.0,20.545203029665497,left,-0.411199646952995,2.991354271308193,0.2821428571428571,,,1.0,0.0,1.0,0.0,left,False,Anonymized,"[170, 160]",2,2,36c0c0cd5f4596fd613bd6b63ee69df2b15049bd
1.2.840.113619.2.110.512719.20250407113211,/home/user/workspace/dataset_extracted/Датасет/НД_для_обучения/Исследования/1.2.840.113619.2.110.512719.20250407113211/series_001_2_CR/DXA/CR DXA/CR000001.dcm,1.2.643.5.1.13.13.12.2.77.8252.10011302120900111505101501141402,8,265,280,right_hip,True,0.0,,,,,0.0,0.0,,,0,0.0,0,0.0,False,0.0,,,,,,,,-6.0304276323575925,6.0304276323575925,30.0,81.9,0.0,-1.9748732280377737,55.2,17.594405594405593,58.8,9.6,278.25,168.0,260.0,0.4214285714285714,0.2309299191374663,0.981132075471698,0.3392857142857143,0.1642857142857142,0.5438543615371724,0.1558506838001549,0.9579511486167678,-3.318076859849003,2.399600399600399,-2.6464750439433886,2.7838161838161795,-2.142773682014177,3.221978021978032,-7.471171866108563,3.606193806193812,-6.799570050202948,3.990409590409592,-4.9279682342973326,4.974625374625373,-4.256366418391719,6.558841158841153,-5.552665056462507,6.997002997003006,-15.0810632405569,8.581218781218785,-19.809461424651285,10.165434565434566,-20.937859608745672,11.749650349650349,-21.466257792840057,13.933866133866127,-21.99465597693445,15.518081918081924,-22.09095461500524,16.55624375624376,-21.587253253076028,17.594405594405593,-21.587253253076028,17.594405594405593,-21.587253253076028,17.594405594405593,-21.587253253076028,17.594405594405593,-21.587253253076028,17.594405594405593,-21.587253253076028,17.594405594405593,right,0.4226832562290235,6.0304276323575925,0.3285714285714285,0.0,0.0,,,0.0,0.0,right,False,Anonymized,"[170, 161]",2,3,e42c65866b10fac5a93f0b494caef2e678d8ba43
2.25.10245777060263212829333021434108890537,/home/user/workspace/dataset_extracted/Датасет/НД_для_обучения/Исследования/2.25.10245777060263212829333021434108890537/series_003_2_CR/A2504412435 DXA/CR DXA/CR000000.dcm,1.2.643.5.1.13.13.12.2.77.8252.07000215121313030213041009101409,2,291,280,right_hip,True,0.0,,,,,0.0,0.0,,,88,55.44,88,55.44,True,3.982755143685949,,,,,,,,-3.1473118104845974,3.1473118104845974,29.4,84.0,0.0,7.587215189873419,66.6,-18.513987341772125,79.8,4.2,305.55,168.0,156.0,0.4803571428571428,0.2094869906725577,0.5360824742268041,0.3142857142857143,0.1714285714285714,0.478199906351118,0.1191616859947725,0.958298600252955,0.0803797468354361,-18.772616033755245,0.1974261603375424,-19.71745428973275,0.2852109704641264,-21.77608298171587,0.4022573839662328,-23.320921237693373,0.5193037974683478,-25.465759493670863,0.6363502109704541,-26.410597749648364,1.353396624472569,-27.35543600562585,1.441181434599153,-28.21406469760899,1.5582278481012592,-29.15890295358648,2.275274261603374,-29.50374120956398,2.3923206751054806,-29.848579465541462,3.109367088607587,-30.0,3.226413502109702,-30.0,3.9141983122362856,-30.0,4.631244725738392,-30.0,4.748291139240507,-30.0,6.065337552742613,-30.0,6.782383966244728,-30.0,7.470168776371303,-30.0,7.587215189873419,-30.0,right,1.0807425093868592,3.1473118104845974,0.3964285714285714,0.0,0.0,,,0.0,0.0,right,False,Anonymized,"[180, 193]",2,0,812191b74861251bab9b764b8b438dd5e3e7622a
2.25.10245777060263212829333021434108890537,/home/user/workspace/dataset_extracted/Датасет/НД_для_обучения/Исследования/2.25.10245777060263212829333021434108890537/series_003_2_CR/A2504412435 DXA/CR DXA/CR000002.dcm,1.2.643.5.1.13.13.12.2.77.8252.03081500040505121009070211080902,3,292,280,left_hip,True,0.0,,,,,,,0.0,0.0,81,51.03,81,51.03,True,3.63051236954278,,,,,,,,-1.705458248493969,1.705458248493969,29.4,82.95,0.0,4.9866017526777,73.2,-16.839143135345683,64.05,3.6,306.6,168.0,140.0,0.5196428571428572,0.2103840508806262,0.4794520547945205,0.3071428571428571,0.1642857142857142,0.502980860905143,0.1356871315540775,0.959543385885356,0.0580282375851965,-17.053407984420662,0.0224488802336821,-21.53909444985396,-0.004235637779945,-22.953359298928945,0.5601850048685406,-23.839045764362243,0.5246056475170349,-26.52473222979554,0.489026290165529,-28.01041869522884,1.0534469328140148,-28.296105160662137,1.0267624148003875,-29.11037000973712,1.5911830574488732,-29.996056475170416,2.155603700097368,-30.0,2.720024342745861,-30.0,3.284444985394347,-30.0,3.848865628042841,-30.0,4.422181110029205,-30.0,4.9866017526777,-30.0,4.951022395326194,-30.0,4.951022395326194,-30.0,4.951022395326194,-30.0,4.951022395326194,-30.0,4.951022395326194,-30.0,left,-1.1061200349689573,1.705458248493969,0.4357142857142857,,,0.0,0.0,0.0,0.0,left,False,Anonymized,"[180, 193]",2,1,f9c32e13ed284e398938a9b17ffcb6daeca70c89
2.25.102755089973625799055786462646268820450,/home/user/workspace/dataset_extracted/Датасет/НД_для_обучения/Исследования/2.25.102755089973625799055786462646268820450/series_002_2_CR/A2504257770 DXA/CR DXA/CR000000.dcm,1.2.643.5.1.13.13.12.2.77.8252.01140903011212140408111315130511,3,235,280,left_hip,True,0.0,,,,,,,0.0,0.0,0,0.0,0,0.0,False,0.0,,,,,,,,-10.614406710657269,10.614406710657269,25.8,73.5,0.0,7.726704575277744,49.8,8.051348088531176,49.35,7.8,246.75,168.0,235.0,0.3928571428571428,0.1932826747720364,1.0,0.1892857142857142,0.1535714285714285,0.5499402361748391,0.1453221215267074,0.95719222800529,-4.364479048202258,0.32666958271368,-3.683163327792849,0.0337818213629645,-2.7221765374857854,0.4141160003499237,-2.040860817076376,0.7212282389992083,-0.7595450966669574,1.0283404776484928,0.5217706237424522,1.9354527162977773,4.20308634415187,2.842564954947079,5.164073134458925,3.222899133934038,6.445388854868327,4.730011372583323,7.726704575277744,5.637123611232608,-2.391979704312837,6.544235849881892,-2.3106639839034187,8.051348088531176,-2.5903350538010725,7.978126148193501,-2.5903350538010725,7.978126148193501,-2.5903350538010725,7.978126148193501,-2.5903350538010725,7.978126148193501,-2.5903350538010725,7.978126148193501,-2.5903350538010725,7.978126148193501,-2.5903350538010725,7.978126148193501,-2.5903350538010725,7.978126148193501,left,-0.2500157478775878,10.614406710657269,0.2964285714285714,,,0.0,0.0,0.0,0.0,left,False,Anonymized,"[170, 143]",2,0,0f5767aa995fee59d5501c1c1c8cafa5370aea57
2.25.102755089973625799055786462646268820450,/home/user/workspace/dataset_extracted/Датасет/НД_для_обучения/Исследования/2.25.102755089973625799055786462646268820450/series_002_2_CR/A2504257770 DXA/CR DXA/CR000002.dcm,1.2.643.5.1.13.13.12.2.77.8252.10100907120107030904131503081506,5,261,280,right_hip,True,1.0,Нарушение позиционирования/ротации правого бедра,,,,1.0,0.0,,,0,0.0,0,0.0,False,0.0,,,,,,,,-10.738278680270476,10.738278680270476,26.4,81.9,0.0,1.0027162710706932,43.2,16.3543949721165,60.900000000000006,12.0,274.05,168.0,261.0,0.3321428571428571,0.2184455391351943,1.0,0.2785714285714286,0.1535714285714285,0.5128742966549986,0.1334187940649938,0.9508751991854872,-4.855658265784845,2.672461715499693,-4.87139442835645,2.8637160308046417,-4.583196550285152,3.15715676728336,-3.398932712856765,3.948411082588308,-3.41466887542837,4.139665397893247,-3.430405037999975,4.330919713198204,-2.24614120057158,4.522174028503144,-1.3579433225002902,5.41561476498187,-0.1736794850718951,5.606869080286811,0.4105843523564999,6.998123395591767,-0.205151810215105,7.789377710896707,-0.2208879727867184,9.180632026201664,-2.0366241353583234,10.571886341506604,-2.948426257287025,12.065327077985312,-4.764162419858638,14.656581393290269,-5.0680964605015335,16.3543949721165,-5.0680964605015335,16.3543949721165,-5.0680964605015335,16.3543949721165,-5.0680964605015335,16.3543949721165,-5.0680964605015335,16.3543949721165,right,0.3326513545804417,10.738278680270476,0.2571428571428571,1.0,0.0,,,1.0,0.0,right,False,Anonymized,"[170, 159]",2,1,06b1045fac6f73316cc8f6a5134397bdeaf7cf0a
2.25.102755089973625799055786462646268820450,/home/user/workspace/dataset_extracted/Датасет/НД_для_обучения/Исследования/2.25.102755089973625799055786462646268820450/series_002_2_CR/A2504257770 DXA/CR DXA/CR000003.dcm,1.2.643.5.1.13.13.12.2.77.8252.11020107010405070800051206110610,8,261,280,right_hip,True,1.0,Нарушение позиционирования/ротации правого бедра,,,,1.0,0.0,,,0,0.0,0,0.0,False,0.0,,,,,,,,-10.738278680270476,10.738278680270476,26.4,81.9,0.0,1.0027162710706932,43.2,16.3543949721165,60.900000000000006,12.0,274.05,168.0,261.0,0.3321428571428571,0.2184455391351943,1.0,0.2785714285714286,0.1535714285714285,0.5128742966549986,0.1334187940649938,0.9508751991854872,-4.855658265784845,2.672461715499693,-4.87139442835645,2.8637160308046417,-4.583196550285152,3.15715676728336,-3.398932712856765,3.948411082588308,-3.41466887542837,4.139665397893247,-3.430405037999975,4.330919713198204,-2.24614120057158,4.522174028503144,-1.3579433225002902,5.41561476498187,-0.1736794850718951,5.606869080286811,0.4105843523564999,6.998123395591767,-0.205151810215105,7.789377710896707,-0.2208879727867184,9.180632026201664,-2.0366241353583234,10.571886341506604,-2.948426257287025,12.065327077985312,-4.764162419858638,14.656581393290269,-5.0680964605015335,16.3543949721165,-5.0680964605015335,16.3543949721165,-5.0680964605015335,16.3543949721165,-5.0680964605015335,16.3543949721165,-5.0680964605015335,16.3543949721165,right,0.3326513545804417,10.738278680270476,0.2571428571428571,1.0,0.0,,,1.0,0.0,right,False,Anonymized,"[180, 174]",2,2,06b1045fac6f73316cc8f6a5134397bdeaf7cf0a
2.25.102755089973625799055786462646268820450,/home/user/workspace/dataset_extracted/Датасет/НД_для_обучения/Исследования/2.25.102755089973625799055786462646268820450/series_002_2_CR/A2504257770 DXA/CR DXA/CR000005.dcm,1.2.643.5.1.13.13.12.2.77.8252.10091111150614140108020903000009,9,235,280,left_hip,True,0.0,,,,,,,0.0,0.0,0,0.0,0,0.0,False,0.0,,,,,,,,-10.614406710657269,10.614406710657269,25.8,73.5,0.0,7.726704575277744,49.8,8.051348088531176,49.35,7.8,246.75,168.0,235.0,0.3928571428571428,0.1932826747720364,1.0,0.1892857142857142,0.1535714285714285,0.5499402361748391,0.1453221215267074,0.95719222800529,-4.364479048202258,0.32666958271368,-3.683163327792849,0.0337818213629645,-2.7221765374857854,0.4141160003499237,-2.040860817076376,0.7212282389992083,-0.7595450966669574,1.0283404776484928,0.5217706237424522,1.9354527162977773,4.20308634415187,2.842564954947079,5.164073134458925,3.222899133934038,6.445388854868327,4.730011372583323,7.726704575277744,5.637123611232608,-2.391979704312837,6.544235849881892,-2.3106639839034187,8.051348088531176,-2.5903350538010725,7.978126148193501,-2.5903350538010725,7.978126148193501,-2.5903350538010725,7.978126148193501,-2.5903350538010725,7.978126148193501,-2.5903350538010725,7.978126148193501,-2.5903350538010725,7.978126148193501,-2.5903350538010725,7.978126148193501,-2.5903350538010725,7.978126148193501,left,-0.2500157478775878,10.614406710657269,0.2964285714285714,,,0.0,0.0,0.0,0.0,left,False,Anonymized,"[180, 174]",2,3,0f5767aa995fee59d5501c1c1c8cafa5370aea57
2.25.102965897799404973225419898683246248872,/home/user/workspace/dataset_extracted/Датасет/НД_для_обучения/Исследования/2.25.102965897799404973225419898683246248872/series_001_2_CR/A250726353 DXA/CR DXA/CR000000.dcm,1.2.643.5.1.13.13.12.2.77.8252.10140807011010031112140700150015,3,235,280,left_hip,True,0.0,,,,,,,0.0,0.0,0,0.0,0,0.0,False,0.0,,,,,,,,-3.0784461563785306,3.0784461563785306,28.2,50.400000000000006,4.112540165002175,-15.600000000000009,43.2,6.424815458098135,68.25,3.6,246.75,168.0,113.0,0.3357142857142857,0.2050759878419452,0.4808510638297872,0.2321428571428571,0.1571428571428571,0.5022215422777196,0.1368484948443009,0.9407965396154924,-17.4,2.3941597915762087,-18.6,2.542401215805478,-19.8,2.203582283977425,-19.8,2.3518237082066946,-19.800000000000008,1.9000651324359552,-21.60000000000001,2.0483065566652243,-21.60000000000001,2.196547980894485,-22.200000000000006,2.4577290490664496,-22.200000000000006,2.6059704732957014,-22.200000000000006,3.3542118975249706,-21.000000000000007,4.10245332175424,-19.800000000000008,5.450694745983509,-16.800000000000008,-10.001063829787222,-16.200000000000006,-12.739882761615274,-15.600000000000009,-13.791641337386006,-16.200000000000006,-16.043399913156737,-18.60000000000001,-16.495158488927483,-18.60000000000001,-16.495158488927483,-18.60000000000001,-16.495158488927483,-18.60000000000001,-16.495158488927483,left,-0.3416163370570666,3.0784461563785306,0.2571428571428571,,,0.0,0.0,0.0,0.0,left,False,Anonymized,"[170, 143]",2,0,a304196390b40ffca73cae463e8f4829bccaa15e
2.25.102965897799404973225419898683246248872,/home/user/workspace/dataset_extracted/Датасет/НД_для_обучения/Исследования/2.25.102965897799404973225419898683246248872/series_001_2_CR/A250726353 DXA/CR DXA/CR000002.dcm,1.2.643.5.1.13.13.12.2.77.8252.06050309100102041203101101110913,5,263,280,right_hip,True,0.0,,,,,0.0,0.0,,,0,0.0,0,0.0,False,0.0,,,,,,,,-4.683985149466135,4.683985149466135,28.8,100.8,0.0,-18.18089392295172,42.6,17.028438686923515,44.1,13.8,276.15000000000003,168.0,263.0,0.3321428571428571,0.233623030961434,1.0,0.3178571428571428,0.1607142857142857,0.539940648384267,0.1607191469666173,0.9531002387588676,-21.631772924579497,2.9508613673358863,-23.345891209983726,3.548501085187223,-23.2814799240369,4.296730873575717,-23.195598209441133,6.094370591427054,-21.909716494845373,7.292010309278373,-18.8238347802496,9.68965002712971,-30.0,12.087289744981046,-30.0,13.43551953336954,-30.0,14.03315925122086,-30.0,14.630798969072195,-30.0,17.028438686923515,-30.0,17.028438686923515,-30.0,17.028438686923515,-30.0,17.028438686923515,-30.0,17.028438686923515,-30.0,17.028438686923515,-30.0,17.028438686923515,-30.0,17.028438686923515,-30.0,17.028438686923515,-30.0,17.028438686923515,right,0.445473289106705,4.683985149466135,0.2535714285714285,0.0,0.0,,,0.0,0.0,right,False,Anonymized,"[170, 160]",2,1,00fe66e94583f34bc02d5b2f83b72a0c3e91ff6e
2.25.103868781101960771917584077315578649178,/home/user/workspace/dataset_extracted/Датасет/НД_для_обучения/Исследования/2.25.103868781101960771917584077315578649178/series_001_3_CR/A2507485409 DXA/CR DXA/CR000000.dcm,1.2.643.5.1.13.13.12.2.77.8252.15031208100010080909150509041308,3,322,280,left_hip,True,0.0,,,,,,,0.0,0.0,35,22.05,35,22.05,True,3.217746184216802,,,,,,,,0.288947051703394,0.288947051703394,27.0,97.65,0.0,4.20723941392379,43.8,-16.272370266479665,103.95,3.6,338.1,168.0,192.0,0.3464285714285714,0.211357586512866,0.5962732919254659,0.4428571428571428,0.1607142857142857,0.4852067202970361,0.1021129959714974,0.9728419436277423,-0.3245680522813387,-16.89181462803259,-0.3928560771090048,-18.11774044343649,-0.4440720957297543,-18.737184804989404,-0.5123601205574203,-18.763110620393302,-0.5806481453850949,-19.38903643579721,-0.048936170212761,-20.614962251201103,-0.117224195040427,-20.640888066605005,-0.1684402136611766,-21.26033242815792,-0.2367282384888511,-21.886258243561823,0.2949837366834827,-21.912184058965725,0.2266957118558167,-22.53810987436962,0.1584076870281421,-23.16403568977352,0.690119662200476,-24.38996150517741,0.6389036435797265,-24.409405866730346,1.1706156187520604,-25.03533168213424,1.7023275939243858,-25.66125749753813,2.23403956909672,-25.687183312942032,2.7657515442690537,-26.31310912834593,2.714535525648296,-26.332553489898856,2.6462475008206297,-26.358479305302755,left,-0.5290337612897603,0.288947051703394,0.2607142857142857,,,0.0,0.0,0.0,0.0,left,False,Anonymized,"[170, 195]",3,0,7c5e9acc10b2cdd933470b4984a52e99ec980f69
2.25.103868781101960771917584077315578649178,/home/user/workspace/dataset_extracted/Датасет/НД_для_обучения/Исследования/2.25.103868781101960771917584077315578649178/series_001_3_CR/A2507485409 DXA/CR DXA/CR000001.dcm,1.2.643.5.1.13.13.12.2.77.8252.12051209130410130502141403101414,5,320,280,right_hip,True,0.0,,,,,0.0,0.0,,,0,0.0,0,0.0,False,0.0,,,,,,,,-1.7307398129009868,1.7307398129009868,28.2,113.4,0.0,-17.226628368915943,37.2,27.26303409643032,107.1,9.0,336.0,168.0,320.0,0.3017857142857142,0.196796875,1.0,0.3392857142857143,0.1642857142857142,0.4320757469826138,0.0876960185251203,0.965566092503396,-17.800845980165196,0.9172025493726806,-18.89771642516219,1.3665151904884596,-20.02036925890994,1.2534996713252895,-21.717239703906937,1.7028123124410683,-22.21411014890394,2.752124953556847,-22.110980593900937,3.2014375946726346,-23.20785103889794,4.250750235788414,-23.13050387264569,4.737734716625243,-23.627374317642683,6.387047357741023,-24.124244762639687,6.836359998856801,-24.62111520763668,7.885672639972579,-25.71798565263368,8.33498528108836,-26.21485609763068,9.384297922204135,-26.13750893137843,9.871282403040976,-26.634379376375424,10.320595044156756,-28.331249821372428,10.769907685272534,-29.428120266369422,11.819220326388312,-30.0,12.868532967504091,-30.0,13.955517448340922,-30.0,15.6048300894567,right,0.4121510048686863,1.7307398129009868,0.2214285714285714,0.0,0.0,,,0.0,0.0,right,False,Anonymized,"[170, 194]",3,1,327d250272e3c10721baba60f1decec7dfda8c23
2.25.105033841136787477881326326053319223817,/home/user/workspace/dataset_extracted/Датасет/НД_для_обучения/Исследования/2.25.105033841136787477881326326053319223817/series_001_2_CR/A250790559 DXA/CR DXA/CR000002.dcm,1.2.643.5.1.13.13.12.2.77.8252.11131406091213131205130612021414,4,265,280,left_hip,True,0.0,,,,,,,0.0,0.0,18,11.34,18,11.34,True,3.658740616382804,,,,,,,,-2.904141452173468,2.904141452173468,28.8,82.95,0.0,0.0930087633885051,45.0,21.78648490749757,71.4,13.8,278.25,168.0,265.0,0.35,0.2403638814016172,1.0,0.3285714285714285,0.1678571428571428,0.5284759739979898,0.1608772407094251,0.9485645286006916,-0.2635735150925001,4.049152872444023,-0.1538558909445044,4.332736124634868,-0.0715676728334926,4.695423563778007,0.038149951314503,4.9790068159688525,-0.4521324245374927,5.262590068159699,-0.3424148003894885,4.946173320350544,-20.032697176241484,5.22975657254139,-19.95040895813048,4.992444011684529,-20.440691333982475,5.876027263875375,-20.33097370983447,7.35961051606622,-19.62125608568647,8.843193768257066,-18.911538461538463,10.326777020447912,-18.80182083739047,11.810360272638755,-20.519532619279463,13.973047711781897,-30.0,16.65663096397274,-30.0,19.340214216163588,-30.0,20.82379746835445,-30.0,21.78648490749757,-30.0,21.78648490749757,-30.0,21.78648490749757,left,-0.4439889206406006,2.904141452173468,0.2678571428571428,,,0.0,0.0,0.0,0.0,left,False,Anonymized,"[520, 498]",2,0,cf656f7f7f163bcca4537194ad28b84b58465f2d
2.25.105033841136787477881326326053319223817,/home/user/workspace/dataset_extracted/Датасет/НД_для_обучения/Исследования/2.25.105033841136787477881326326053319223817/series_001_2_CR/A250790559 DXA/CR DXA/CR000004.dcm,1.2.643.5.1.13.13.12.2.77.8252.11120508121303130402081303070008,5,237,280,right_hip,True,0.0,,,,,0.0,0.0,,,14,8.82,14,8.82,True,3.5763427537198704,,,,,,,,-13.58377272297436,13.58377272297436,28.2,78.75,0.0,6.8408648648648525,59.4,15.953149359886202,52.5,9.6,248.85,168.0,237.0,0.4392857142857143,0.1995629897528631,1.0,0.2535714285714285,0.1678571428571428,0.4608842691305517,0.1438517676751211,0.9229669804801168,3.860972972972952,0.5770014224751037,5.505945945945922,0.7923186344238956,6.139675675675641,1.7038065433854854,5.98464864864863,2.5191237553342942,6.4296216216216,3.334440967283069,3.874594594594572,4.749758179231861,1.919567567567543,6.165075391180653,1.95329729729728,8.276563300142243,1.798270270270251,10.291880512091035,1.0432432432432222,11.107197724039828,1.4882162162162105,11.922514935988618,2.5331891891891813,13.93783214793741,4.1781621621621525,15.953149359886202,4.1781621621621525,15.953149359886202,4.1781621621621525,15.953149359886202,4.1781621621621525,15.953149359886202,4.1781621621621525,15.953149359886202,4.1781621621621525,15.953149359886202,4.1781621621621525,15.953149359886202,4.1781621621621525,15.953149359886202,right,0.5114212648924155,13.58377272297436,0.3535714285714285,0.0,0.0,,,0.0,0.0,right,False,Anonymized,"[520, 498]",2,1,3970755dc6064934afbc318face966dc4d85b83d
2.25.105033841136787477881326326053319223817,/home/user/workspace/dataset_extracted/Датасет/НД_для_обучения/Исследования/2.25.105033841136787477881326326053319223817/series_001_2_CR/A250790559 DXA/CR DXA/CR000005.dcm,1.2.643.5.1.13.13.12.2.77.8252.03090510061307040702090411010105,6,265,280,left_hip,True,0.0,,,,,,,0.0,0.0,18,11.34,18,11.34,True,3.658740616382804,,,,,,,,-2.904141452173468,2.904141452173468,28.8,82.95,0.0,0.0930087633885051,45.0,21.78648490749757,71.4,13.8,278.25,168.0,265.0,0.35,0.2403638814016172,1.0,0.3285714285714285,0.1678571428571428,0.5284759739979898,0.1608772407094251,0.9485645286006916,-0.2635735150925001,4.049152872444023,-0.1538558909445044,4.332736124634868,-0.0715676728334926,4.695423563778007,0.038149951314503,4.9790068159688525,-0.4521324245374927,5.262590068159699,-0.3424148003894885,4.946173320350544,-20.032697176241484,5.22975657254139,-19.95040895813048,4.992444011684529,-20.440691333982475,5.876027263875375,-20.33097370983447,7.35961051606622,-19.62125608568647,8.843193768257066,-18.911538461538463,10.326777020447912,-18.80182083739047,11.810360272638755,-20.519532619279463,13.973047711781897,-30.0,16.65663096397274,-30.0,19.340214216163588,-30.0,20.82379746835445,-30.0,21.78648490749757,-30.0,21.78648490749757,-30.0,21.78648490749757,left,-0.4439889206406006,2.904141452173468,0.2678571428571428,,,0.0,0.0,0.0,0.0,left,False,Anonymized,"[170, 161]",2,2,cf656f7f7f163bcca4537194ad28b84b58465f2d
2.25.105033841136787477881326326053319223817,/home/user/workspace/dataset_extracted/Датасет/НД_для_обучения/Исследования/2.25.105033841136787477881326326053319223817/series_001_2_CR/A250790559 DXA/CR DXA/CR000003.dcm,1.2.643.5.1.13.13.12.2.77.8252.14130208070502001411050502150202,8,237,280,right_hip,True,0.0,,,,,0.0,0.0,,,14,8.82,14,8.82,True,3.5763427537198704,,,,,,,,-13.58377272297436,13.58377272297436,28.2,78.75,0.0,6.8408648648648525,59.4,15.953149359886202,52.5,9.6,248.85,168.0,237.0,0.4392857142857143,0.1995629897528631,1.0,0.2535714285714285,0.1678571428571428,0.4608842691305517,0.1438517676751211,0.9229669804801168,3.860972972972952,0.5770014224751037,5.505945945945922,0.7923186344238956,6.139675675675641,1.7038065433854854,5.98464864864863,2.5191237553342942,6.4296216216216,3.334440967283069,3.874594594594572,4.749758179231861,1.919567567567543,6.165075391180653,1.95329729729728,8.276563300142243,1.798270270270251,10.291880512091035,1.0432432432432222,11.107197724039828,1.4882162162162105,11.922514935988618,2.5331891891891813,13.93783214793741,4.1781621621621525,15.953149359886202,4.1781621621621525,15.953149359886202,4.1781621621621525,15.953149359886202,4.1781621621621525,15.953149359886202,4.1781621621621525,15.953149359886202,4.1781621621621525,15.953149359886202,4.1781621621621525,15.953149359886202,4.1781621621621525,15.953149359886202,right,0.5114212648924155,13.58377272297436,0.3535714285714285,0.0,0.0,,,0.0,0.0,right,False,Anonymized,"[170, 144]",2,3,3970755dc6064934afbc318face966dc4d85b83d
2.25.11175860580562939441493697221497597640,/home/user/workspace/dataset_extracted/Датасет/НД_для_обучения/Исследования/2.25.11175860580562939441493697221497597640/series_003_2_CR/A2507431060 DXA/CR DXA/CR000002.dcm,1.2.643.5.1.13.13.12.2.77.8252.12051512011202090502051206130907,4,291,280,left_hip,True,0.0,,,,,,,0.0,0.0,0,0.0,0,0.0,False,0.0,,,,,,,,-2.237998468281159,2.237998468281159,27.3,111.3,0.0,-17.500390457717206,44.4,18.75071264831094,70.35000000000001,13.8,305.55,168.0,291.0,0.3375,0.2160775650466372,1.0,0.3321428571428571,0.15,0.5111920975866874,0.1101788201291288,0.9603416940865792,-17.512633196463206,3.1353925989369427,-18.68814771897121,2.8316033957225923,-20.4697836108522,3.2037614933118275,-21.0452981333602,2.899972290097486,-21.0208126558682,2.596183086883127,-20.996327178376195,2.892393883668785,-20.9718417008842,3.7886046804544256,-20.9534775927652,4.16076277804367,-20.9289921152732,5.656973574829328,-25.7045066377812,6.553184371614969,-26.280021160289184,8.049395168400627,-26.255535682797188,8.94560596518627,-25.63105020530519,10.441816761971928,-25.61268609718618,12.01397485956117,-25.58820061969418,14.71018565634681,-30.0,16.806396453132468,-30.0,18.30260724991811,-30.0,18.75071264831094,-30.0,18.75071264831094,-30.0,18.75071264831094,left,-0.4724417490576076,2.237998468281159,0.2642857142857143,,,0.0,0.0,0.0,0.0,left,False,Anonymized,"[520, 579]",2,0,b93b5fc167462d9086e0383973fae94c567dad4e
2.25.11175860580562939441493697221497597640,/home/user/workspace/dataset_extracted/Датасет/НД_для_обучения/Исследования/2.25.11175860580562939441493697221497597640/series_003_2_CR/A2507431060 DXA/CR DXA/CR000000.dcm,1.2.643.5.1.13.13.12.2.77.8252.07121414121104070401050315140813,5,348,280,right_hip,False,,,,,,,,,,6084,3832.92,6084,3832.92,True,7.856464203838778,,,,,,,,-1.9301314694178853,1.9301314694178853,25.2,115.5,4.108429637310369,4.717485291797223,31.2,6.9519581633343135,88.2,9.0,365.4,168.0,194.0,0.2571428571428571,0.2308292282430213,0.5574712643678161,0.2321428571428571,0.1464285714285714,0.7622692320591691,0.1823384411604467,0.98463193130012,0.0020936365890491,3.17660663165251,0.0425165115073397,5.933950364042107,0.6728336676960566,6.9519581633343135,0.7132565426143429,6.709301895723919,0.7536794175326335,6.4666456281135165,1.39410229245092,6.223989360503123,1.434525167369206,5.98133309289272,1.4648423235579229,5.799340892184927,2.1052651984762134,5.556684624574532,2.7456880733945,5.914028356964138,2.7861109483127904,-5.7286279106462645,3.4265338232310767,-5.971284178256658,3.466956698149363,-6.213940445867061,4.09727385433808,-6.395932646574854,-6.062303270743629,-6.038588914185248,-7.221880395825343,-5.081245181795651,-9.581457520907051,-4.723901449406045,-10.141034645988766,-4.96655771701644,-11.31071748980005,0.8514500822757582,-11.270294614881765,0.0087938146653641,right,0.8801616196335285,1.9301314694178853,0.1857142857142857,,,,,,,right,False,Anonymized,"[520, 579]",2,1,fddd739802bdda00190b79e587cb21399aca170c
2.25.11175860580562939441493697221497597640,/home/user/workspace/dataset_extracted/Датасет/НД_для_обучения/Исследования/2.25.11175860580562939441493697221497597640/series_003_2_CR/A2507431060 DXA/CR DXA/CR000003.dcm,1.2.643.5.1.13.13.12.2.77.8252.08110803080105090710150006100300,6,291,280,left_hip,True,0.0,,,,,,,0.0,0.0,0,0.0,0,0.0,False,0.0,,,,,,,,-2.237998468281159,2.237998468281159,27.3,111.3,0.0,-17.500390457717206,44.4,18.75071264831094,70.35000000000001,13.8,305.55,168.0,291.0,0.3375,0.2160775650466372,1.0,0.3321428571428571,0.15,0.5111920975866874,0.1101788201291288,0.9603416940865792,-17.512633196463206,3.1353925989369427,-18.68814771897121,2.8316033957225923,-20.4697836108522,3.2037614933118275,-21.0452981333602,2.899972290097486,-21.0208126558682,2.596183086883127,-20.996327178376195,2.892393883668785,-20.9718417008842,3.7886046804544256,-20.9534775927652,4.16076277804367,-20.9289921152732,5.656973574829328,-25.7045066377812,6.553184371614969,-26.280021160289184,8.049395168400627,-26.255535682797188,8.94560596518627,-25.63105020530519,10.441816761971928,-25.61268609718618,12.01397485956117,-25.58820061969418,14.71018565634681,-30.0,16.806396453132468,-30.0,18.30260724991811,-30.0,18.75071264831094,-30.0,18.75071264831094,-30.0,18.75071264831094,left,-0.4724417490576076,2.237998468281159,0.2642857142857143,,,0.0,0.0,0.0,0.0,left,False,Anonymized,"[170, 177]",2,2,b93b5fc167462d9086e0383973fae94c567dad4e
2.25.11175860580562939441493697221497597640,/home/user/workspace/dataset_extracted/Датасет/НД_для_обучения/Исследования/2.25.11175860580562939441493697221497597640/series_003_2_CR/A2507431060 DXA/CR DXA/CR000005.dcm,1.2.643.5.1.13.13.12.2.77.8252.08101400121500101415120401040211,8,348,280,right_hip,False,,,,,,,,,,6084,3832.92,6084,3832.92,True,7.856464203838778,,,,,,,,-1.9301314694178853,1.9301314694178853,25.2,115.5,4.108429637310369,4.717485291797223,31.2,6.9519581633343135,88.2,9.0,365.4,168.0,194.0,0.2571428571428571,0.2308292282430213,0.5574712643678161,0.2321428571428571,0.1464285714285714,0.7622692320591691,0.1823384411604467,0.98463193130012,0.0020936365890491,3.17660663165251,0.0425165115073397,5.933950364042107,0.6728336676960566,6.9519581633343135,0.7132565426143429,6.709301895723919,0.7536794175326335,6.4666456281135165,1.39410229245092,6.223989360503123,1.434525167369206,5.98133309289272,1.4648423235579229,5.799340892184927,2.1052651984762134,5.556684624574532,2.7456880733945,5.914028356964138,2.7861109483127904,-5.7286279106462645,3.4265338232310767,-5.971284178256658,3.466956698149363,-6.213940445867061,4.09727385433808,-6.395932646574854,-6.062303270743629,-6.038588914185248,-7.221880395825343,-5.081245181795651,-9.581457520907051,-4.723901449406045,-10.141034645988766,-4.96655771701644,-11.31071748980005,0.8514500822757582,-11.270294614881765,0.0087938146653641,right,0.8801616196335285,1.9301314694178853,0.1857142857142857,,,,,,,right,False,Anonymized,"[170, 211]",2,3,fddd739802bdda00190b79e587cb21399aca170c
2.25.114887542067602662452692698814728642117,/home/user/workspace/dataset_extracted/Датасет/НД_для_обучения/Исследования/2.25.114887542067602662452692698814728642117/series_001_2_CR/A2504131887 DXA/CR DXA/CR000000.dcm,1.2.643.5.1.13.13.12.2.77.8252.03150400010605060115070904121304,2,320,280,right_hip,True,1.0,Нарушение позиционирования/ротации правого бедра,,,,1.0,0.0,,,0,0.0,0,0.0,False,0.0,,,,,,,,-6.102956308416895,6.102956308416895,30.6,78.75,0.0,6.736580369843528,46.2,-18.68475675675676,113.4,3.0,336.0,168.0,183.0,0.3625,0.2335714285714285,0.571875,0.3785714285714285,0.1785714285714285,0.491943089265645,0.1140824508508016,0.956416625720925,0.1578492176387015,-20.28807965860597,-0.0817752489331354,-21.42584352773827,0.1885064011379824,-21.82916642958748,0.548881934566154,-22.36693029871977,0.3092574679943169,-22.30469416785205,0.6696330014224884,-23.442458036984345,0.4300085348506513,-23.98022190611664,0.7002901849217693,-24.98354480796586,1.0606657183499322,-26.121308677098146,0.8210412517781037,-27.259072546230435,1.1814167852062667,-27.796836415362723,1.5417923186344296,-28.33460028449501,1.9021678520625924,-29.4723641536273,2.172449502133719,-30.0,3.132825035561882,-30.0,3.4932005689900447,-30.0,3.853576102418208,-30.0,4.213951635846379,-30.0,4.484233285917497,-30.0,4.84460881934566,-30.0,right,0.7544109044109045,6.102956308416895,0.2749999999999999,1.0,0.0,,,1.0,0.0,right,False,Anonymized,"[180, 194]",2,0,f5788ab03c61cb06e10e9576349bd3999d5e283a
2.25.114887542067602662452692698814728642117,/home/user/workspace/dataset_extracted/Датасет/НД_для_обучения/Исследования/2.25.114887542067602662452692698814728642117/series_001_2_CR/A2504131887 DXA/CR DXA/CR000001.dcm,1.2.643.5.1.13.13.12.2.77.8252.15050814070214050107040604101305,3,320,280,right_hip,True,1.0,Нарушение позиционирования/ротации правого бедра,,,,1.0,0.0,,,0,0.0,0,0.0,False,0.0,,,,,,,,-3.1796827182564806,3.1796827182564806,31.2,102.9,0.0,-17.785788879750612,31.2,24.741143392689832,111.3,11.4,336.0,168.0,320.0,0.2678571428571428,0.2158928571428571,1.0,0.325,0.1678571428571428,0.4999933621354407,0.124225040521998,0.965807439070112,-17.785788879750612,1.920107874452532,-20.650984067478937,2.188267696956976,-22.34988045827518,2.539387563835311,-22.215075646003505,3.4075473863397634,-22.08027083373183,4.875707208844207,-22.54546602146016,5.743867031348651,-22.41066120918848,7.212026853853104,-22.30955759998472,8.163146720731438,-22.774752787713044,9.031306543235882,-22.639947975441373,9.299466365740336,-23.105143163169696,10.167626188244778,-22.97033835089802,10.435786010749233,-22.835533538626347,10.103945833253675,-23.334429929422587,9.85506570013201,-23.199625117150912,10.123225522636462,-24.26482030487924,10.991385345140907,-27.13001549260757,11.259545167645358,-26.995210680335887,12.727704990149803,-30.0,13.078824857028138,-30.0,14.54698467953259,left,-0.2600735334989585,3.1796827182564806,0.1857142857142857,,,1.0,0.0,1.0,0.0,right,True,Anonymized,"[180, 194]",2,1,749637c21ee52688e72523f627a05d46a3247c13
2.25.114887542067602662452692698814728642117,/home/user/workspace/dataset_extracted/Датасет/НД_для_обучения/Исследования/2.25.114887542067602662452692698814728642117/series_001_2_CR/A2504131887 DXA/CR DXA/CR000003.dcm,1.2.643.5.1.13.13.12.2.77.8252.08111114040702130902010708100700,5,320,280,right_hip,True,1.0,Нарушение позиционирования/ротации правого бедра,,,,1.0,0.0,,,0,0.0,0,0.0,False,0.0,,,,,,,,-6.102956308416895,6.102956308416895,30.6,78.75,0.0,6.736580369843528,46.2,-18.68475675675676,113.4,3.0,336.0,168.0,183.0,0.3625,0.2335714285714285,0.571875,0.3785714285714285,0.1785714285714285,0.491943089265645,0.1140824508508016,0.956416625720925,0.1578492176387015,-20.28807965860597,-0.0817752489331354,-21.42584352773827,0.1885064011379824,-21.82916642958748,0.548881934566154,-22.36693029871977,0.3092574679943169,-22.30469416785205,0.6696330014224884,-23.442458036984345,0.4300085348506513,-23.98022190611664,0.7002901849217693,-24.98354480796586,1.0606657183499322,-26.121308677098146,0.8210412517781037,-27.259072546230435,1.1814167852062667,-27.796836415362723,1.5417923186344296,-28.33460028449501,1.9021678520625924,-29.4723641536273,2.172449502133719,-30.0,3.132825035561882,-30.0,3.4932005689900447,-30.0,3.853576102418208,-30.0,4.213951635846379,-30.0,4.484233285917497,-30.0,4.84460881934566,-30.0,right,0.7544109044109045,6.102956308416895,0.2749999999999999,1.0,0.0,,,1.0,0.0,right,False,Anonymized,"[0, 0]",2,2,f5788ab03c61cb06e10e9576349bd3999d5e283a
2.25.114887542067602662452692698814728642117,/home/user/workspace/dataset_extracted/Датасет/НД_для_обучения/Исследования/2.25.114887542067602662452692698814728642117/series_001_2_CR/A2504131887 DXA/CR DXA/CR000002.dcm,1.2.643.5.1.13.13.12.2.77.8252.00111415140915030904140513150113,6,320,280,right_hip,True,1.0,Нарушение позиционирования/ротации правого бедра,,,,1.0,0.0,,,0,0.0,0,0.0,False,0.0,,,,,,,,-3.1796827182564806,3.1796827182564806,31.2,102.9,0.0,-17.785788879750612,31.2,24.741143392689832,111.3,11.4,336.0,168.0,320.0,0.2678571428571428,0.2158928571428571,1.0,0.325,0.1678571428571428,0.4999933621354407,0.124225040521998,0.965807439070112,-17.785788879750612,1.920107874452532,-20.650984067478937,2.188267696956976,-22.34988045827518,2.539387563835311,-22.215075646003505,3.4075473863397634,-22.08027083373183,4.875707208844207,-22.54546602146016,5.743867031348651,-22.41066120918848,7.212026853853104,-22.30955759998472,8.163146720731438,-22.774752787713044,9.031306543235882,-22.639947975441373,9.299466365740336,-23.105143163169696,10.167626188244778,-22.97033835089802,10.435786010749233,-22.835533538626347,10.103945833253675,-23.334429929422587,9.85506570013201,-23.199625117150912,10.123225522636462,-24.26482030487924,10.991385345140907,-27.13001549260757,11.259545167645358,-26.995210680335887,12.727704990149803,-30.0,13.078824857028138,-30.0,14.54698467953259,left,-0.2600735334989585,3.1796827182564806,0.1857142857142857,,,1.0,0.0,1.0,0.0,right,True,Anonymized,"[0, 0]",2,3,749637c21ee52688e72523f627a05d46a3247c13
2.25.114887542067602662452692698814728642117,/home/user/workspace/dataset_extracted/Датасет/НД_для_обучения/Исследования/2.25.114887542067602662452692698814728642117/series_001_2_CR/A2504131887 DXA/CR DXA/CR000009.dcm,1.2.643.5.1.13.13.12.2.77.8252.04051301070809101001111312060114,10,320,280,right_hip,True,1.0,Нарушение позиционирования/ротации правого бедра,,,,1.0,0.0,,,0,0.0,0,0.0,False,0.0,,,,,,,,-3.1796827182564806,3.1796827182564806,31.2,102.9,0.0,-17.785788879750612,31.2,24.741143392689832,111.3,11.4,336.0,168.0,320.0,0.2678571428571428,0.2158928571428571,1.0,0.325,0.1678571428571428,0.4999933621354407,0.124225040521998,0.965807439070112,-17.785788879750612,1.920107874452532,-20.650984067478937,2.188267696956976,-22.34988045827518,2.539387563835311,-22.215075646003505,3.4075473863397634,-22.08027083373183,4.875707208844207,-22.54546602146016,5.743867031348651,-22.41066120918848,7.212026853853104,-22.30955759998472,8.163146720731438,-22.774752787713044,9.031306543235882,-22.639947975441373,9.299466365740336,-23.105143163169696,10.167626188244778,-22.97033835089802,10.435786010749233,-22.835533538626347,10.103945833253675,-23.334429929422587,9.85506570013201,-23.199625117150912,10.123225522636462,-24.26482030487924,10.991385345140907,-27.13001549260757,11.259545167645358,-26.995210680335887,12.727704990149803,-30.0,13.078824857028138,-30.0,14.54698467953259,left,-0.2600735334989585,3.1796827182564806,0.1857142857142857,,,1.0,0.0,1.0,0.0,right,True,Anonymized,"[520, 583]",2,4,749637c21ee52688e72523f627a05d46a3247c13
2.25.114887542067602662452692698814728642117,/home/user/workspace/dataset_extracted/Датасет/НД_для_обучения/Исследования/2.25.114887542067602662452692698814728642117/series_001_2_CR/A2504131887 DXA/CR DXA/CR000008.dcm,1.2.643.5.1.13.13.12.2.77.8252.11060402050912131204000502001414,11,320,280,right_hip,True,1.0,Нарушение позиционирования/ротации правого бедра,,,,1.0,0.0,,,0,0.0,0,0.0,False,0.0,,,,,,,,-6.102956308416895,6.102956308416895,30.6,78.75,0.0,6.736580369843528,46.2,-18.68475675675676,113.4,3.0,336.0,168.0,183.0,0.3625,0.2335714285714285,0.571875,0.3785714285714285,0.1785714285714285,0.491943089265645,0.1140824508508016,0.956416625720925,0.1578492176387015,-20.28807965860597,-0.0817752489331354,-21.42584352773827,0.1885064011379824,-21.82916642958748,0.548881934566154,-22.36693029871977,0.3092574679943169,-22.30469416785205,0.6696330014224884,-23.442458036984345,0.4300085348506513,-23.98022190611664,0.7002901849217693,-24.98354480796586,1.0606657183499322,-26.121308677098146,0.8210412517781037,-27.259072546230435,1.1814167852062667,-27.796836415362723,1.5417923186344296,-28.33460028449501,1.9021678520625924,-29.4723641536273,2.172449502133719,-30.0,3.132825035561882,-30.0,3.4932005689900447,-30.0,3.853576102418208,-30.0,4.213951635846379,-30.0,4.484233285917497,-30.0,4.84460881934566,-30.0,right,0.7544109044109045,6.102956308416895,0.2749999999999999,1.0,0.0,,,1.0,0.0,right,False,Anonymized,"[520, 583]",2,5,f5788ab03c61cb06e10e9576349bd3999d5e283a
2.25.114887542067602662452692698814728642117,/home/user/workspace/dataset_extracted/Датасет/НД_для_обучения/Исследования/2.25.114887542067602662452692698814728642117/series_001_2_CR/A2504131887 DXA/CR DXA/CR000006.dcm,1.2.643.5.1.13.13.12.2.77.8252.10141411130204150513090803110213,12,320,280,right_hip,True,1.0,Нарушение позиционирования/ротации правого бедра,,,,1.0,0.0,,,0,0.0,0,0.0,False,0.0,,,,,,,,-3.1796827182564806,3.1796827182564806,31.2,102.9,0.0,-17.785788879750612,31.2,24.741143392689832,111.3,11.4,336.0,168.0,320.0,0.2678571428571428,0.2158928571428571,1.0,0.325,0.1678571428571428,0.4999933621354407,0.124225040521998,0.965807439070112,-17.785788879750612,1.920107874452532,-20.650984067478937,2.188267696956976,-22.34988045827518,2.539387563835311,-22.215075646003505,3.4075473863397634,-22.08027083373183,4.875707208844207,-22.54546602146016,5.743867031348651,-22.41066120918848,7.212026853853104,-22.30955759998472,8.163146720731438,-22.774752787713044,9.031306543235882,-22.639947975441373,9.299466365740336,-23.105143163169696,10.167626188244778,-22.97033835089802,10.435786010749233,-22.835533538626347,10.103945833253675,-23.334429929422587,9.85506570013201,-23.199625117150912,10.123225522636462,-24.26482030487924,10.991385345140907,-27.13001549260757,11.259545167645358,-26.995210680335887,12.727704990149803,-30.0,13.078824857028138,-30.0,14.54698467953259,left,-0.2600735334989585,3.1796827182564806,0.1857142857142857,,,1.0,0.0,1.0,0.0,right,True,Anonymized,"[170, 194]",2,6,749637c21ee52688e72523f627a05d46a3247c13
2.25.114887542067602662452692698814728642117,/home/user/workspace/dataset_extracted/Датасет/НД_для_обучения/Исследования/2.25.114887542067602662452692698814728642117/series_001_2_CR/A2504131887 DXA/CR DXA/CR000005.dcm,1.2.643.5.1.13.13.12.2.77.8252.11151502000914000710090013020813,13,320,280,right_hip,True,1.0,Нарушение позиционирования/ротации правого бедра,,,,1.0,0.0,,,0,0.0,0,0.0,False,0.0,,,,,,,,-6.102956308416895,6.102956308416895,30.6,78.75,0.0,6.736580369843528,46.2,-18.68475675675676,113.4,3.0,336.0,168.0,183.0,0.3625,0.2335714285714285,0.571875,0.3785714285714285,0.1785714285714285,0.491943089265645,0.1140824508508016,0.956416625720925,0.1578492176387015,-20.28807965860597,-0.0817752489331354,-21.42584352773827,0.1885064011379824,-21.82916642958748,0.548881934566154,-22.36693029871977,0.3092574679943169,-22.30469416785205,0.6696330014224884,-23.442458036984345,0.4300085348506513,-23.98022190611664,0.7002901849217693,-24.98354480796586,1.0606657183499322,-26.121308677098146,0.8210412517781037,-27.259072546230435,1.1814167852062667,-27.796836415362723,1.5417923186344296,-28.33460028449501,1.9021678520625924,-29.4723641536273,2.172449502133719,-30.0,3.132825035561882,-30.0,3.4932005689900447,-30.0,3.853576102418208,-30.0,4.213951635846379,-30.0,4.484233285917497,-30.0,4.84460881934566,-30.0,right,0.7544109044109045,6.102956308416895,0.2749999999999999,1.0,0.0,,,1.0,0.0,right,False,Anonymized,"[170, 194]",2,7,f5788ab03c61cb06e10e9576349bd3999d5e283a
2.25.116822802042655971810859435524105064465,/home/user/workspace/dataset_extracted/Датасет/НД_для_обучения/Исследования/2.25.116822802042655971810859435524105064465/series_003_2_CR/A2507273296 DXA/CR DXA/CR000001.dcm,1.2.643.5.1.13.13.12.2.77.8252.01010713081306120510130101121412,4,235,280,left_hip,True,0.0,,,,,,,0.0,0.0,0,0.0,0,0.0,False,0.0,,,,,,,,-8.1535385709934,8.1535385709934,25.2,73.5,0.0,-8.59984603271804,78.6,18.35378532061934,76.65,8.4,246.75,168.0,235.0,0.5410714285714285,0.1730091185410334,1.0,0.2,0.15,0.4958248697806479,0.1385146326477056,0.9565439780571526,-11.5222255270755,1.1083124835972342,-11.91028606421135,1.3167456915405469,-11.901331467063244,1.623070597498031,-11.689392004199094,2.431503805441344,-11.477452541334964,3.239937013384656,-11.265513078470814,3.448370221327969,-10.453573615606684,4.25680342927128,-9.84461901845856,3.963128335228748,-9.032679555594427,4.171561543172061,-9.42074009273028,4.379994751115373,-9.208800629866149,5.188427959058686,-8.996861167001997,5.996861167001998,-9.384921704137868,7.40529437494531,-9.975967106989742,8.911619280902794,-13.96402764412561,10.320052488846107,-17.952088181261477,12.32848569678942,-18.940148718397328,15.536918904732731,-19.92820925553318,17.545352112676028,-21.11925465838508,17.851677018633513,-21.51626979266905,18.35378532061934,left,-1.307400643331719,8.1535385709934,0.4678571428571428,,,0.0,0.0,0.0,0.0,left,False,Anonymized,"[170, 143]",2,0,d3f11e229aba755bef6bbc96d096e9d4002096c9
2.25.116822802042655971810859435524105064465,/home/user/workspace/dataset_extracted/Датасет/НД_для_обучения/Исследования/2.25.116822802042655971810859435524105064465/series_003_2_CR/A2507273296 DXA/CR DXA/CR000000.dcm,1.2.643.5.1.13.13.12.2.77.8252.13011301091003020814061203020304,6,235,280,right_hip,True,0.0,,,,,0.0,0.0,,,0,0.0,0,0.0,False,0.0,,,,,,,,-4.866819547947534,4.866819547947534,25.8,73.5,1.1283422272767072,-11.04094479923018,71.39999999999999,15.271640276441255,74.55,9.6,246.75,168.0,235.0,0.4964285714285714,0.1881306990881459,1.0,0.2178571428571428,0.1464285714285714,0.5039176241602391,0.1410146887055517,0.9516369404140892,-16.197501530924686,1.886942524713516,-17.029449741929845,2.1397603009360635,-17.35341090018372,2.4793736331029663,-16.98535911118888,2.7321914093255315,-16.61730732219404,4.78500918554808,-15.649255533199195,4.437826961770628,-14.681203744204373,4.090644737993193,-14.405164902458232,3.830258070160096,-14.037113113463407,3.483075846382644,-13.069061324468564,3.735893622605209,-12.101009535473723,4.5887113988277575,-11.132957746478882,5.441529175050306,-14.96490595748404,6.894346951272854,-16.488867115737918,7.833960283439773,-24.52081532674308,9.88677805966232,-26.55276353774824,11.939595835884887,-27.3847117487534,13.992413612107436,-28.21665995975857,14.845231388329983,-28.632634065261147,15.271640276441255,-28.632634065261147,15.271640276441255,right,0.8747627919224316,4.866819547947534,0.4249999999999999,0.0,0.0,,,0.0,0.0,right,False,Anonymized,"[170, 143]",2,1,840a576a4d8bfbd4b4947da4b2dbdbed6ea954f2
2.25.122446767306607067205618235949445789306,/home/user/workspace/dataset_extracted/Датасет/НД_для_обучения/Исследования/2.25.122446767306607067205618235949445789306/series_001_2_CR/A2504255080 DXA/CR DXA/CR000004.dcm,1.2.643.5.1.13.13.12.2.77.8252.11100905091110000105111305090709,4,235,280,right_hip,True,1.0,Нарушение позиционирования/ротации правого бедра,,,,1.0,0.0,,,0,0.0,0,0.0,False,0.0,,,,,,,,1.6613316862881702,1.6613316862881702,29.4,73.5,0.0,-13.92819875776398,46.2,13.761074271717268,68.25,8.4,246.75,168.0,235.0,0.3928571428571428,0.1981155015197568,1.0,0.2178571428571428,0.1678571428571428,0.5114341259337636,0.1439277472284874,0.9413264855089384,-15.309253783570997,1.1271349838159437,-15.550660484647022,1.1293605108914504,-15.731715510454034,1.1310296561980635,-16.573122211530052,1.7332551832735703,-19.81452891260607,1.73548071034906,-21.85593561368209,2.3377062374245496,-23.29734231475811,2.939931764500056,-23.47839734056513,3.5416009098066694,-23.71980404164115,4.143826436882176,-23.36121074271717,5.346051963957666,-23.60261744379319,6.548277491033155,-23.84402414486921,7.150503018108663,-30.0,7.752728545184151,-30.0,8.954397690490781,-30.0,10.156623217566272,-30.0,11.95884874464176,-30.0,13.761074271717268,-30.0,13.761074271717268,-30.0,13.761074271717268,-30.0,13.761074271717268,left,-0.3336781781788528,1.6613316862881702,0.2749999999999999,,,1.0,0.0,1.0,0.0,right,True,Anonymized,"[520, 462]",2,0,523f25d17d8092fc0e7ba89d6562838d2bd802fd
2.25.122446767306607067205618235949445789306,/home/user/workspace/dataset_extracted/Датасет/НД_для_обучения/Исследования/2.25.122446767306607067205618235949445789306/series_001_2_CR/A2504255080 DXA/CR DXA/CR000000.dcm,1.2.643.5.1.13.13.12.2.77.8252.02101009080308000015051512140806,5,207,280,right_hip,True,1.0,Нарушение позиционирования/ротации правого бедра,,,,1.0,0.0,,,0,0.0,0,0.0,False,0.0,,,,,,,,-3.528788672937356,3.528788672937356,28.8,65.10000000000001,0.0,-5.896200045327521,57.6,13.785359220367155,69.3,8.4,217.35,168.0,207.0,0.4642857142857143,0.1895100069013112,1.0,0.2178571428571428,0.1678571428571428,0.4863117451600367,0.1532341527707992,0.9240097872356798,-5.896200045327521,1.0263503815064097,-9.518667371761,1.0858804865150944,-10.28551786658612,1.7305280652716075,-9.707985193019598,2.3900581702802923,-9.130452519453078,3.649588275288977,-7.952919845886558,4.309118380297662,-6.775387172320046,5.568648485306346,-13.542237667145155,6.21329606406286,-15.364704993578634,8.072826169071543,-15.387172320012114,9.332356274080228,-15.409639646445594,11.79188637908893,-15.432106972879074,13.051416484097617,-15.454574299312554,13.7109465891063,-15.621424794137663,13.755594167862812,-15.043892120571144,13.215124272871495,-15.066359447004622,13.274654377880182,-14.48882677343812,13.334184482888867,-14.944443605046487,13.349067009141038,-14.944443605046487,13.349067009141038,-14.944443605046487,13.349067009141038,right,0.385783462754471,3.528788672937356,0.3428571428571428,1.0,0.0,,,1.0,0.0,right,False,Anonymized,"[520, 462]",2,1,6312c14b4e1b8176164061c769e541ada5d0dd58
2.25.122446767306607067205618235949445789306,/home/user/workspace/dataset_extracted/Датасет/НД_для_обучения/Исследования/2.25.122446767306607067205618235949445789306/series_001_2_CR/A2504255080 DXA/CR DXA/CR000001.dcm,1.2.643.5.1.13.13.12.2.77.8252.02091106060004131215091000000909,6,235,280,right_hip,True,1.0,Нарушение позиционирования/ротации правого бедра,,,,1.0,0.0,,,0,0.0,0,0.0,False,0.0,,,,,,,,1.6613316862881702,1.6613316862881702,29.4,73.5,0.0,-13.92819875776398,46.2,13.761074271717268,68.25,8.4,246.75,168.0,235.0,0.3928571428571428,0.1981155015197568,1.0,0.2178571428571428,0.1678571428571428,0.5114341259337636,0.1439277472284874,0.9413264855089384,-15.309253783570997,1.1271349838159437,-15.550660484647022,1.1293605108914504,-15.731715510454034,1.1310296561980635,-16.573122211530052,1.7332551832735703,-19.81452891260607,1.73548071034906,-21.85593561368209,2.3377062374245496,-23.29734231475811,2.939931764500056,-23.47839734056513,3.5416009098066694,-23.71980404164115,4.143826436882176,-23.36121074271717,5.346051963957666,-23.60261744379319,6.548277491033155,-23.84402414486921,7.150503018108663,-30.0,7.752728545184151,-30.0,8.954397690490781,-30.0,10.156623217566272,-30.0,11.95884874464176,-30.0,13.761074271717268,-30.0,13.761074271717268,-30.0,13.761074271717268,-30.0,13.761074271717268,left,-0.3336781781788528,1.6613316862881702,0.2749999999999999,,,1.0,0.0,1.0,0.0,right,True,Anonymized,"[170, 143]",2,2,523f25d17d8092fc0e7ba89d6562838d2bd802fd
2.25.122446767306607067205618235949445789306,/home/user/workspace/dataset_extracted/Датасет/НД_для_обучения/Исследования/2.25.122446767306607067205618235949445789306/series_001_2_CR/A2504255080 DXA/CR DXA/CR000003.dcm,1.2.643.5.1.13.13.12.2.77.8252.03040807040905131500140112021404,8,207,280,right_hip,True,1.0,Нарушение позиционирования/ротации правого бедра,,,,1.0,0.0,,,0,0.0,0,0.0,False,0.0,,,,,,,,-3.528788672937356,3.528788672937356,28.8,65.10000000000001,0.0,-5.896200045327521,57.6,13.785359220367155,69.3,8.4,217.35,168.0,207.0,0.4642857142857143,0.1895100069013112,1.0,0.2178571428571428,0.1678571428571428,0.4863117451600367,0.1532341527707992,0.9240097872356798,-5.896200045327521,1.0263503815064097,-9.518667371761,1.0858804865150944,-10.28551786658612,1.7305280652716075,-9.707985193019598,2.3900581702802923,-9.130452519453078,3.649588275288977,-7.952919845886558,4.309118380297662,-6.775387172320046,5.568648485306346,-13.542237667145155,6.21329606406286,-15.364704993578634,8.072826169071543,-15.387172320012114,9.332356274080228,-15.409639646445594,11.79188637908893,-15.432106972879074,13.051416484097617,-15.454574299312554,13.7109465891063,-15.621424794137663,13.755594167862812,-15.043892120571144,13.215124272871495,-15.066359447004622,13.274654377880182,-14.48882677343812,13.334184482888867,-14.944443605046487,13.349067009141038,-14.944443605046487,13.349067009141038,-14.944443605046487,13.349067009141038,right,0.385783462754471,3.528788672937356,0.3428571428571428,1.0,0.0,,,1.0,0.0,right,False,Anonymized,"[170, 126]",2,3,6312c14b4e1b8176164061c769e541ada5d0dd58
2.25.124890633326693921702195356152595253940,/home/user/workspace/dataset_extracted/Датасет/НД_для_обучения/Исследования/2.25.124890633326693921702195356152595253940/series_002_2_CR/A2504263153 DXA/CR DXA/CR000002.dcm,1.2.643.5.1.13.13.12.2.77.8252.10081312010805021201100507060411,2,289,280,right_hip,True,0.0,,,,,0.0,0.0,,,0,0.0,0,0.0,False,0.0,,,,,,,,-3.5304254656455862,3.5304254656455862,25.2,106.05,10.275950145602778,5.356151426907396,51.0,14.103193942923712,106.05,4.2,303.45,168.0,202.0,0.3732142857142857,0.2503460207612457,0.698961937716263,0.4821428571428571,0.1428571428571428,0.530528748418099,0.1416692209305851,0.9638672917510585,0.4628351776354037,2.9477367501456286,0.5860081537565435,3.752666278392576,0.6783878858474025,4.056363424577773,0.8015608619685423,4.2612929528247205,1.5247338380896909,3.866222481071668,1.6479068142108304,4.071152009318598,2.37107979033197,4.876081537565545,2.4634595224228293,5.779778683750743,3.1866324985439687,6.5847082119976905,3.909805474665109,7.989637740244637,4.632978450786257,9.994567268491569,5.356151426907396,12.599496796738515,-11.320675596971464,-5.195573675014537,-11.828295864880603,-6.09187652882934,-11.705122888759464,-7.086947000582392,-12.181949912638316,-9.282017472335465,-12.058776936517177,-12.677087944088514,-11.935603960396037,-14.272158415841568,-10.043224228305178,-15.76846126965637,-9.320051252184038,-19.763531741409423,right,0.7741882924653459,3.5304254656455862,0.3035714285714285,0.0,0.0,,,0.0,0.0,right,False,Anonymized,"[180, 175]",2,0,45a4bac4d2e198a3b1282b166c0408e11f3da3a5
2.25.124890633326693921702195356152595253940,/home/user/workspace/dataset_extracted/Датасет/НД_для_обучения/Исследования/2.25.124890633326693921702195356152595253940/series_002_2_CR/A2504263153 DXA/CR DXA/CR000001.dcm,1.2.643.5.1.13.13.12.2.77.8252.08050506060410091114110412130504,3,261,280,left_hip,True,0.0,,,,,,,0.0,0.0,0,0.0,0,0.0,False,0.0,,,,,,,,-1.561058064549583,1.561058064549583,25.2,88.2,0.0,0.746684215855015,67.2,17.41023590158952,65.10000000000001,10.2,274.05,168.0,256.0,0.475,0.2155172413793103,0.9808429118773946,0.2928571428571428,0.1357142857142857,0.5416851461699445,0.1246764133008412,0.9597861830011376,0.164568188721276,3.182035030879791,0.7288002429887627,3.517347372683986,-15.498025716310616,3.9188316290371232,-16.13379366204313,4.254143970841318,-16.769561607775632,4.589456312645512,-19.205329553508147,4.32476865444969,-19.24109749924065,4.6600809962538845,-19.26792345854004,5.061565252607039,-18.103691404272546,5.996877594411234,-16.939459350005055,6.932189936215411,-16.375227295737563,8.467502278019605,-30.0,10.0028146198238,-30.0,12.738126961627994,-30.0,14.339611217981131,-30.0,16.474923559785328,-30.0,17.41023590158952,-30.0,17.34406398704056,-30.0,17.34406398704056,-30.0,17.34406398704056,-30.0,17.34406398704056,left,-0.7851695583127944,1.561058064549583,0.4,,,0.0,0.0,0.0,0.0,left,False,Anonymized,"[180, 175]",2,1,d13b395889a1c54c6352aeeca0d0cdefbdf76e4b
2.25.126293418391331346694592071563510265596,/home/user/workspace/dataset_extracted/Датасет/НД_для_обучения/Исследования/2.25.126293418391331346694592071563510265596/series_002_3_CR/A2507250865 DXA/CR DXA/CR000002.dcm,1.2.643.5.1.13.13.12.2.77.8252.11151304101402090112060913070605,3,209,280,left_hip,True,1.0,Нарушение позиционирования/ротации левого бедра; Нарушение корректности области интереса левого бедра,,,,,,1.0,1.0,251,158.13,251,158.13,True,5.70771069907348,,,,,,,,4.303104552860033,4.303104552860033,41.4,78.75,11.833126600284515,14.134566145092489,77.39999999999999,44.42396586059739,140.70000000000002,6.0,219.45,168.0,209.0,0.6303571428571428,0.2526486671223513,1.0,0.0964285714285714,0.2642857142857143,0.5810603610777592,0.2096350617732613,0.9249727886004764,4.01692745376958,3.5595106685633024,5.8037496443812415,4.778389758179236,6.99386628734,6.442549075391173,9.38068847795166,8.261428165007105,11.167510668563324,10.68030725462304,12.354332859174985,17.899186344238974,13.541155049786664,22.118065433854905,14.131271692745406,23.78222475106684,-23.08190611664293,25.60110384068277,-24.29508392603127,29.819982930298707,-25.50826173541959,38.23886201991464,-26.12143954480793,41.25774110953056,-27.33461735419627,43.07662019914649,-27.94450071123751,33.340779516358445,-28.55767852062585,33.35965860597438,-29.770856330014183,33.378537695590296,-30.0,31.597416785206228,-30.0,31.61629587482216,-30.0,32.080455192034115,-30.0,32.09933428165003,left,-1.0637313408408389,4.303104552860033,0.4607142857142857,,,1.0,1.0,1.0,1.0,left,False,Anonymized,"[170, 127]",3,0,39249ab4eba1d9a8f77e1438ac190f79c7087699
2.25.126293418391331346694592071563510265596,/home/user/workspace/dataset_extracted/Датасет/НД_для_обучения/Исследования/2.25.126293418391331346694592071563510265596/series_002_3_CR/A2507250865 DXA/CR DXA/CR000000.dcm,1.2.643.5.1.13.13.12.2.77.8252.08121504041301080101130415050611,5,291,280,right_hip,True,0.0,,,,,0.0,0.0,,,0,0.0,0,0.0,False,0.0,,,,,,,,0.1506045749612516,0.1506045749612516,28.2,102.9,0.0,-14.936250788975377,55.2,25.16940879444561,94.5,11.4,305.55,168.0,291.0,0.4214285714285714,0.2053141875306823,1.0,0.2178571428571428,0.1607142857142857,0.4934485093765818,0.1349146035247071,0.9599132415847252,-16.814390911003574,1.7141824302354336,-19.31857774037449,2.8320754356100224,-20.596717862402688,3.3704951896409683,-21.90090469177361,3.888388195015574,-22.605091521144537,4.406281200390162,-23.909278350515454,5.524174205764768,-24.01346517988638,6.042067211139357,-25.291605301914576,6.580486965170302,-25.395792131285504,7.6983799705449085,-26.69997896065642,8.216272975919496,-28.004165790027347,8.734165981294103,-28.70835261939828,9.252058986668692,-29.412539448769195,10.369951992043298,-30.0,11.508371746074245,-30.0,12.626264751448849,-30.0,14.344157756823437,-30.0,16.062050762198044,-30.0,17.779943767572632,-30.0,18.918363521603577,-30.0,21.836256526978183,right,0.5736545830109083,0.1506045749612516,0.3285714285714285,0.0,0.0,,,0.0,0.0,right,False,Anonymized,"[170, 177]",3,1,8918b05268c395ac05e0587f565a90582f493b96
2.25.127126130998341190348103034690069487890,/home/user/workspace/dataset_extracted/Датасет/НД_для_обучения/Исследования/2.25.127126130998341190348103034690069487890/series_002_2_CR/A250428736 DXA/CR DXA/CR000002.dcm,1.2.643.5.1.13.13.12.2.77.8252.03120008051300001208141011101302,4,315,280,left_hip,True,1.0,Нарушение позиционирования/ротации левого бедра,,,,,,1.0,0.0,0,0.0,0,0.0,False,0.0,,,,,,,,-3.318794041173043,3.318794041173043,27.6,109.2,2.7328582097514147,3.6898751733703135,53.4,25.39314520431025,58.8,35.4,330.75,168.0,315.0,0.3964285714285714,0.2826530612244898,1.0,0.1785714285714285,0.1607142857142857,0.5952505943801429,0.146304363849245,0.9573862348924298,0.1998890429958322,3.635530779899744,0.3760418222554051,3.924578043315933,-0.0918435932999131,4.291363490878086,0.0843091859596683,5.180410754294274,0.2604619652192411,6.0694580177104624,0.436614744478814,8.158505281126667,0.6127675237383954,9.647552544542856,0.7448821081830772,8.81433799210501,1.52103488744265,7.303385255521197,1.697187666702223,6.9924325189373855,2.473340445961804,7.281479782353591,2.649493225221377,9.370527045769778,2.82564600448095,11.459574309185983,3.557760588925632,21.42635975674812,3.6898751733703135,25.39314520431025,3.6898751733703135,25.39314520431025,3.6898751733703135,25.39314520431025,3.6898751733703135,25.39314520431025,3.6898751733703135,25.39314520431025,3.6898751733703135,25.39314520431025,left,-0.9828581031330584,3.318794041173043,0.3178571428571428,,,1.0,0.0,1.0,0.0,left,False,Anonymized,"[520, 509]",2,0,f09a1f72b8c3fd59b9b95eefd51a29d98811f67a
2.25.127126130998341190348103034690069487890,/home/user/workspace/dataset_extracted/Датасет/НД_для_обучения/Исследования/2.25.127126130998341190348103034690069487890/series_002_2_CR/A250428736 DXA/CR DXA/CR000005.dcm,1.2.643.5.1.13.13.12.2.77.8252.03020502031409151006020306090105,5,206,280,right_hip,True,1.0,Нарушение позиционирования/ротации правого бедра; Нарушение корректности области интереса правого бедра,,,,1.0,1.0,,,579,364.77,579,364.77,True,6.311748876259158,,,,,,,,-13.848490052062598,13.848490052062598,11.4,64.05,1.369624537281858,-4.621967213114737,82.8,12.65044949762028,44.1,9.6,216.3,168.0,206.0,0.5178571428571429,0.2226074895977808,1.0,0.3142857142857143,0.1,0.5483295394127637,0.2248068743041794,0.9291834976819228,-6.321290322580626,2.4475938656795164,-7.187054468535131,3.111052353252222,-7.686377578001037,4.058646218931756,-8.55214172395556,5.922104706504461,-9.417905869910069,7.185563194077184,-9.683670015864587,7.84902168164989,-10.549434161819113,6.712480169222613,-9.848757271285,6.460074034902147,-9.514521417239523,6.523532522474852,-9.180285563194047,8.986991010047575,-8.24604970914857,12.65044949762028,-8.24604970914857,12.65044949762028,-8.24604970914857,12.65044949762028,-8.24604970914857,12.65044949762028,-8.24604970914857,12.65044949762028,-8.24604970914857,12.65044949762028,-8.24604970914857,12.65044949762028,-8.24604970914857,12.65044949762028,-8.24604970914857,12.65044949762028,-8.24604970914857,12.65044949762028,right,1.1617319553147678,13.848490052062598,0.4928571428571428,1.0,1.0,,,1.0,1.0,right,False,Anonymized,"[520, 509]",2,1,3b0f2315071a6071274db7c369665c04b9d3883e
2.25.127126130998341190348103034690069487890,/home/user/workspace/dataset_extracted/Датасет/НД_для_обучения/Исследования/2.25.127126130998341190348103034690069487890/series_002_2_CR/A250428736 DXA/CR DXA/CR000001.dcm,1.2.643.5.1.13.13.12.2.77.8252.10040807011312021210130513011200,6,315,280,left_hip,True,1.0,Нарушение позиционирования/ротации левого бедра,,,,,,1.0,0.0,0,0.0,0,0.0,False,0.0,,,,,,,,-3.318794041173043,3.318794041173043,27.6,109.2,2.7328582097514147,3.6898751733703135,53.4,25.39314520431025,58.8,35.4,330.75,168.0,315.0,0.3964285714285714,0.2826530612244898,1.0,0.1785714285714285,0.1607142857142857,0.5952505943801429,0.146304363849245,0.9573862348924298,0.1998890429958322,3.635530779899744,0.3760418222554051,3.924578043315933,-0.0918435932999131,4.291363490878086,0.0843091859596683,5.180410754294274,0.2604619652192411,6.0694580177104624,0.436614744478814,8.158505281126667,0.6127675237383954,9.647552544542856,0.7448821081830772,8.81433799210501,1.52103488744265,7.303385255521197,1.697187666702223,6.9924325189373855,2.473340445961804,7.281479782353591,2.649493225221377,9.370527045769778,2.82564600448095,11.459574309185983,3.557760588925632,21.42635975674812,3.6898751733703135,25.39314520431025,3.6898751733703135,25.39314520431025,3.6898751733703135,25.39314520431025,3.6898751733703135,25.39314520431025,3.6898751733703135,25.39314520431025,3.6898751733703135,25.39314520431025,left,-0.9828581031330584,3.318794041173043,0.3178571428571428,,,1.0,0.0,1.0,0.0,left,False,Anonymized,"[170, 191]",2,2,f09a1f72b8c3fd59b9b95eefd51a29d98811f67a
2.25.127126130998341190348103034690069487890,/home/user/workspace/dataset_extracted/Датасет/НД_для_обучения/Исследования/2.25.127126130998341190348103034690069487890/series_002_2_CR/A250428736 DXA/CR DXA/CR000003.dcm,1.2.643.5.1.13.13.12.2.77.8252.01070801081413060013111012010201,8,206,280,right_hip,True,1.0,Нарушение позиционирования/ротации правого бедра; Нарушение корректности области интереса правого бедра,,,,1.0,1.0,,,579,364.77,579,364.77,True,6.311748876259158,,,,,,,,-13.848490052062598,13.848490052062598,11.4,64.05,1.369624537281858,-4.621967213114737,82.8,12.65044949762028,44.1,9.6,216.3,168.0,206.0,0.5178571428571429,0.2226074895977808,1.0,0.3142857142857143,0.1,0.5483295394127637,0.2248068743041794,0.9291834976819228,-6.321290322580626,2.4475938656795164,-7.187054468535131,3.111052353252222,-7.686377578001037,4.058646218931756,-8.55214172395556,5.922104706504461,-9.417905869910069,7.185563194077184,-9.683670015864587,7.84902168164989,-10.549434161819113,6.712480169222613,-9.848757271285,6.460074034902147,-9.514521417239523,6.523532522474852,-9.180285563194047,8.986991010047575,-8.24604970914857,12.65044949762028,-8.24604970914857,12.65044949762028,-8.24604970914857,12.65044949762028,-8.24604970914857,12.65044949762028,-8.24604970914857,12.65044949762028,-8.24604970914857,12.65044949762028,-8.24604970914857,12.65044949762028,-8.24604970914857,12.65044949762028,-8.24604970914857,12.65044949762028,-8.24604970914857,12.65044949762028,right,1.1617319553147678,13.848490052062598,0.4928571428571428,1.0,1.0,,,1.0,1.0,right,False,Anonymized,"[170, 125]",2,3,3b0f2315071a6071274db7c369665c04b9d3883e
2.25.12798473087614376830819854616447908612,/home/user/workspace/dataset_extracted/Датасет/НД_для_обучения/Исследования/2.25.12798473087614376830819854616447908612/series_002_2_CR/A2507538847 DXA/CR DXA/CR000001.dcm,1.2.643.5.1.13.13.12.2.77.8252.02011409120209130807021302101100,3,401,248,left_hip,False,,,,,,,,,,0,0.0,0,0.0,False,0.0,,,,,,,,-3.318813721688073,3.318813721688073,27.6,240.45,0.0,-1.828383280205449,55.2,13.388106682122038,61.95,28.8,421.05,148.79999999999998,373.0,0.4576612903225806,0.2138605100152843,0.9301745635910224,0.0927419354838709,0.1774193548387097,0.5805416751938427,0.1352856937822627,0.9820883208474372,-4.066825217591159,2.015878408761597,-3.848440638334017,2.9471545771586647,-3.6846522038911584,2.7456117034564613,-4.066267624634016,3.6768878718535287,-4.447883045376875,4.608164040250614,-4.2294984661197335,4.339440208647681,-4.011113886862591,4.670716377044749,-3.847325452419733,4.469173503342546,-3.628940873162591,4.800449671739614,-2.8105562939054494,5.131725840136698,-1.992171714648308,5.463002008533766,-2.373787135391165,6.3942781769308334,-2.155402556134024,8.525554345327901,-2.591614121691165,10.724011471625698,-2.373229542434024,12.855287640022766,-2.8640372528054567,13.320925724221308,-2.8640372528054567,13.320925724221308,-2.8640372528054567,13.320925724221308,-2.8640372528054567,13.320925724221308,-2.8640372528054567,13.320925724221308,left,-1.0478230111041529,3.318813721688073,0.3709677419354839,,,,,,,left,False,Anonymized,"[150, 244]",2,0,275fde30303357cce50ed68037c24287829772ab
2.25.12798473087614376830819854616447908612,/home/user/workspace/dataset_extracted/Датасет/НД_для_обучения/Исследования/2.25.12798473087614376830819854616447908612/series_002_2_CR/A2507538847 DXA/CR DXA/CR000002.dcm,1.2.643.5.1.13.13.12.2.77.8252.07050602130910101513020700010509,4,405,248,right_hip,False,,,,,,,,,,0,0.0,0,0.0,False,0.0,,,,,,,,0.7825691462451769,0.7825691462451769,27.0,206.85,6.544216682519807,-1.0788318280704032,51.0,13.908090748989965,105.0,24.6,425.25,148.79999999999998,405.0,0.4516129032258064,0.2159597769812823,1.0,0.2137096774193548,0.1814516129032258,0.5602349427250854,0.1364381495322603,0.9830796386211056,-1.4584085964796545,2.5821251989489835,-1.5262311292768118,3.2290404302007003,-1.5770980288746757,3.2642268536394794,-1.6449205616718243,3.911142084891179,-1.112743094468982,3.958057316142896,-1.180565627266131,4.004972547394595,-1.2483881600632798,4.651887778646295,-1.2992550596611436,5.887074202085091,-1.3670775924583012,6.533989433336791,-3.23490012525545,7.78090466458849,-3.9027226580526073,8.427819895840207,-3.970545190849757,9.074735127091914,-4.638367723646906,9.121650358343624,-4.6892346232447775,8.556836781782403,-4.757057156041927,1.4037520130341108,-4.824879688839076,1.4506672442858104,-4.892702221636233,2.0975824755375183,-4.960524754433382,2.7444977067892267,-5.011391654031246,3.9796841302280055,-5.079214186828403,4.626599361479713,right,0.4129337944769847,0.7825691462451769,0.342741935483871,,,,,,,right,False,Anonymized,"[150, 246]",2,1,6110c729a0185b5c658920f9a59bc237878b2ab0
2.25.128990540359421489042453547244535073735,/home/user/workspace/dataset_extracted/Датасет/НД_для_обучения/Исследования/2.25.128990540359421489042453547244535073735/series_002_2_CR/A2507388698 DXA/CR DXA/CR000002.dcm,1.2.643.5.1.13.13.12.2.77.8252.09060004140611120111091509030603,3,266,280,left_hip,True,1.0,Нарушение позиционирования/ротации левого бедра,,,,,,1.0,0.0,0,0.0,0,0.0,False,0.0,,,,,,,,2.681922594961017,2.681922594961017,30.0,101.85,7.932093414685458,3.750725857353248,66.6,10.95495476541132,61.95,3.6,279.3,168.0,156.0,0.5339285714285714,0.2414205155746509,0.5864661654135338,0.3,0.1714285714285714,0.5873433594752001,0.1857862348829266,0.9630571142651668,0.7543867031348668,2.424237323795495,1.574668630338732,3.0379970544919104,1.889880075741644,3.648316852514205,2.110162002945509,3.662076583210603,2.9304439301493828,4.275836313907001,3.750725857353248,5.489596044603417,-14.028992215442878,6.103355775299815,-14.313780770039974,7.313675573322109,-15.2934988428361,7.927435304018524,-16.273216915632236,9.741195034714922,-17.25293498842836,10.95495476541132,-17.632653061224495,-11.23128550389228,-18.012371134020622,-11.217525773195865,-17.69715968861772,-11.20720597517357,-18.076877761413844,-16.59344624447717,-18.266736797811912,-18.986566379128963,-18.266736797811912,-18.986566379128963,-18.266736797811912,-18.986566379128963,-18.266736797811912,-18.986566379128963,-18.266736797811912,-18.986566379128963,left,-0.7859370044703731,2.681922594961017,0.3964285714285714,,,1.0,0.0,1.0,0.0,left,False,Anonymized,"[170, 162]",2,0,768832eaf0aa3bf8e309406abe879a5b1525788c
2.25.128990540359421489042453547244535073735,/home/user/workspace/dataset_extracted/Датасет/НД_для_обучения/Исследования/2.25.128990540359421489042453547244535073735/series_002_2_CR/A2507388698 DXA/CR DXA/CR000005.dcm,1.2.643.5.1.13.13.12.2.77.8252.12120911020011140507050515090906,5,268,280,right_hip,True,1.0,Нарушение позиционирования/ротации правого бедра,,,,1.0,0.0,,,0,0.0,0,0.0,False,0.0,,,,,,,,4.326978937807832,4.326978937807832,31.2,103.95,14.877254174397034,2.270268398268396,75.6,45.686030921459526,177.45000000000002,36.0,281.40000000000003,168.0,268.0,0.6160714285714286,0.2302638592750533,1.0,0.3071428571428571,0.1714285714285714,0.5568217808456802,0.1633765149897668,0.96259140460923,2.0973481756338885,2.627834260977141,-14.072091527520104,3.2939715522573008,-18.099171304885594,3.943574520717408,-21.06861100803958,4.60971181199755,-21.63805071119357,5.27584910327771,-22.207490414347564,6.541986394557853,-22.776930117501543,8.408123685837994,-23.20400989486704,9.657726654298118,-30.0,10.923863945578262,-30.0,13.390001236858405,-30.0,38.05613852813856,-30.0,41.72227581941871,-30.0,42.98841311069885,-30.0,44.83801607915896,-30.0,45.50415337043911,-30.0,45.570290661719255,-30.0,45.6364279529994,-30.0,45.10256524427956,-30.0,44.55216821273967,-30.0,44.61830550401981,right,0.9584605145973316,4.326978937807832,0.4499999999999999,1.0,0.0,,,1.0,0.0,right,False,Anonymized,"[170, 163]",2,1,c0cce1076dd3899cbec2c831ec635cf2a2159b20
2.25.128990540359421489042453547244535073735,/home/user/workspace/dataset_extracted/Датасет/НД_для_обучения/Исследования/2.25.128990540359421489042453547244535073735/series_002_2_CR/A2507388698 DXA/CR DXA/CR000003.dcm,1.2.643.5.1.13.13.12.2.77.8252.02111507100612121000021204080801,9,268,280,right_hip,True,1.0,Нарушение позиционирования/ротации правого бедра,,,,1.0,0.0,,,0,0.0,0,0.0,False,0.0,,,,,,,,4.326978937807832,4.326978937807832,31.2,103.95,14.877254174397034,2.270268398268396,75.6,45.686030921459526,177.45000000000002,36.0,281.40000000000003,168.0,268.0,0.6160714285714286,0.2302638592750533,1.0,0.3071428571428571,0.1714285714285714,0.5568217808456802,0.1633765149897668,0.96259140460923,2.0973481756338885,2.627834260977141,-14.072091527520104,3.2939715522573008,-18.099171304885594,3.943574520717408,-21.06861100803958,4.60971181199755,-21.63805071119357,5.27584910327771,-22.207490414347564,6.541986394557853,-22.776930117501543,8.408123685837994,-23.20400989486704,9.657726654298118,-30.0,10.923863945578262,-30.0,13.390001236858405,-30.0,38.05613852813856,-30.0,41.72227581941871,-30.0,42.98841311069885,-30.0,44.83801607915896,-30.0,45.50415337043911,-30.0,45.570290661719255,-30.0,45.6364279529994,-30.0,45.10256524427956,-30.0,44.55216821273967,-30.0,44.61830550401981,right,0.9584605145973316,4.326978937807832,0.4499999999999999,1.0,0.0,,,1.0,0.0,right,False,Anonymized,"[180, 194]",2,2,c0cce1076dd3899cbec2c831ec635cf2a2159b20
2.25.128990540359421489042453547244535073735,/home/user/workspace/dataset_extracted/Датасет/НД_для_обучения/Исследования/2.25.128990540359421489042453547244535073735/series_002_2_CR/A2507388698 DXA/CR DXA/CR000000.dcm,1.2.643.5.1.13.13.12.2.77.8252.09150805131402040209060509150410,10,266,280,left_hip,True,1.0,Нарушение позиционирования/ротации левого бедра,,,,,,1.0,0.0,0,0.0,0,0.0,False,0.0,,,,,,,,2.681922594961017,2.681922594961017,30.0,101.85,7.932093414685458,3.750725857353248,66.6,10.95495476541132,61.95,3.6,279.3,168.0,156.0,0.5339285714285714,0.2414205155746509,0.5864661654135338,0.3,0.1714285714285714,0.5873433594752001,0.1857862348829266,0.9630571142651668,0.7543867031348668,2.424237323795495,1.574668630338732,3.0379970544919104,1.889880075741644,3.648316852514205,2.110162002945509,3.662076583210603,2.9304439301493828,4.275836313907001,3.750725857353248,5.489596044603417,-14.028992215442878,6.103355775299815,-14.313780770039974,7.313675573322109,-15.2934988428361,7.927435304018524,-16.273216915632236,9.741195034714922,-17.25293498842836,10.95495476541132,-17.632653061224495,-11.23128550389228,-18.012371134020622,-11.217525773195865,-17.69715968861772,-11.20720597517357,-18.076877761413844,-16.59344624447717,-18.266736797811912,-18.986566379128963,-18.266736797811912,-18.986566379128963,-18.266736797811912,-18.986566379128963,-18.266736797811912,-18.986566379128963,-18.266736797811912,-18.986566379128963,left,-0.7859370044703731,2.681922594961017,0.3964285714285714,,,1.0,0.0,1.0,0.0,left,False,Anonymized,"[180, 194]",2,3,768832eaf0aa3bf8e309406abe879a5b1525788c
2.25.129239680100193368599713239115902740628,/home/user/workspace/dataset_extracted/Датасет/НД_для_обучения/Исследования/2.25.129239680100193368599713239115902740628/series_003_3_CR/A250757345 DXA/CR DXA/CR000000.dcm,1.2.643.5.1.13.13.12.2.77.8252.00131503020212110600101502020700,1,320,280,left_hip,True,1.0,Нарушение позиционирования/ротации левого бедра,,,,,,1.0,0.0,0,0.0,0,0.0,False,0.0,,,,,,,,-6.766022334748239,6.766022334748239,27.0,113.4,0.0,3.944109100955524,47.4,-16.085358255451716,82.95,3.6,336.0,168.0,187.0,0.3589285714285714,0.2101450892857143,0.584375,0.2928571428571428,0.1571428571428571,0.4913298792557705,0.1096923637635194,0.9723024750279856,-0.4103908847542755,-16.491891737403176,-0.5558480284280051,-17.033936380005137,-0.8149408861832939,-17.440469861956615,-0.9603980298570236,-17.38251450455856,-1.1058551735307447,-17.92455914716054,-0.6513123172044742,-18.466603789762484,-0.796769460878204,-19.00864843236445,-1.0558623186334926,-19.415181914315923,-0.6013194623072223,-19.957226556917885,-0.7467766059809434,-19.89927119951985,-0.2922337496546731,-19.84131584212181,-0.4376908933284028,-19.783360484723755,0.016851962997876,-19.12540512732573,0.3577591052425788,-18.9319386092772,0.8123019615688577,-18.87398325187916,1.266844817895128,-19.41602789448112,2.3213876742213984,-17.55807253708308,3.375930530547677,-18.100117179685043,3.71683767279238,-18.506650661636503,-4.828619470881341,-19.048695304238464,left,-0.583901216462164,6.766022334748239,0.2821428571428571,,,1.0,0.0,1.0,0.0,left,False,Anonymized,"[0, 0]",3,0,cb4cb871d31e198b905d2839b56430cb26e8d581
2.25.13069823278093578548407087310307113784,/home/user/workspace/dataset_extracted/Датасет/НД_для_обучения/Исследования/2.25.13069823278093578548407087310307113784/series_003_2_CR/A2507242667 DXA/CR DXA/CR000000.dcm,1.2.643.5.1.13.13.12.2.77.8252.12051101030200021506031210090702,3,206,280,left_hip,True,1.0,Нарушение корректности области интереса левого бедра,,,,,,0.0,1.0,0,0.0,0,0.0,False,0.0,,,,,,,,-9.025336608778057,9.025336608778057,13.2,63.0,0.0,-5.099322033898344,59.4,10.510647402056128,42.0,8.4,216.3,168.0,201.0,0.4017857142857143,0.2384361997226075,0.9757281553398058,0.2642857142857143,0.1642857142857142,0.6155731334530861,0.2223607265485262,0.9628327582248892,-6.919911086412927,2.965851625451535,-6.747363156432374,4.204162267296487,-6.767952208946957,4.982895248680211,-7.1954042789664125,6.821205890525164,-7.622856348985851,8.059516532370116,-9.250308419005307,7.497827174215069,-9.677760489024744,7.536137816060022,-9.698349541539343,8.914870797443745,-8.925801611558784,8.953181439288699,-8.153253681578223,10.191492081133651,-7.166979716587951,10.510647402056128,-7.166979716587951,10.510647402056128,-7.166979716587951,10.510647402056128,-7.166979716587951,10.510647402056128,-7.166979716587951,10.510647402056128,-7.166979716587951,10.510647402056128,-7.166979716587951,10.510647402056128,-7.166979716587951,10.510647402056128,-7.166979716587951,10.510647402056128,-7.166979716587951,10.510647402056128,left,-0.4180280076499821,9.025336608778057,0.3535714285714285,,,0.0,1.0,0.0,1.0,left,False,Anonymized,"[170, 125]",2,0,6a8042ba2f6d5c894680257edd18c180c58f1d05
2.25.13069823278093578548407087310307113784,/home/user/workspace/dataset_extracted/Датасет/НД_для_обучения/Исследования/2.25.13069823278093578548407087310307113784/series_003_2_CR/A2507242667 DXA/CR DXA/CR000002.dcm,1.2.643.5.1.13.13.12.2.77.8252.06081211090913150712130913130401,5,180,280,right_hip,True,1.0,Нарушение корректности области интереса правого бедра,,,,0.0,1.0,,,387,243.81,387,243.81,True,4.130862232025168,,,,,,,,-12.416375640681164,12.416375640681164,15.0,56.7,0.0,-3.0806708595388046,72.6,8.102001143510586,32.550000000000004,10.2,189.0,168.0,180.0,0.4857142857142857,0.2374801587301587,1.0,0.2464285714285714,0.175,0.6565413378168898,0.2403826932954981,0.9437153784768124,-4.451740041928735,3.6245397369925794,-4.472368972746346,4.154534019439688,-4.187840670859555,6.052029731275025,-3.608469601677166,7.182024013722133,-3.6290985324947767,6.512018296169242,-4.249727463312388,6.442012578616351,-3.670356394129999,6.97200686106346,-3.385828092243208,7.669502572898796,-3.6909853249476097,8.102001143510586,-3.6909853249476097,8.102001143510586,-3.6909853249476097,8.102001143510586,-3.6909853249476097,8.102001143510586,-3.6909853249476097,8.102001143510586,-3.6909853249476097,8.102001143510586,-3.6909853249476097,8.102001143510586,-3.6909853249476097,8.102001143510586,-3.6909853249476097,8.102001143510586,-3.6909853249476097,8.102001143510586,-3.6909853249476097,8.102001143510586,-3.6909853249476097,8.102001143510586,right,0.7408253684602493,12.416375640681164,0.4321428571428571,0.0,1.0,,,0.0,1.0,right,False,Anonymized,"[170, 109]",2,1,706c2e521f2576c9c404ecfee6b2c788521c1379
2.25.132083163398091874662674590622589534350,/home/user/workspace/dataset_extracted/Датасет/НД_для_обучения/Исследования/2.25.132083163398091874662674590622589534350/series_003_2_CR/A2507386583 DXA Exam/CR DXA Images/CR000000.dcm,1.2.643.5.1.13.13.12.2.77.8252.13151303131009131214000609090104,2,346,280,left_hip,True,0.0,,,,,,,0.0,0.0,0,0.0,0,0.0,False,0.0,,,,,,,,-9.615026740130626,9.615026740130626,33.6,108.15,0.0,-12.582076176250943,45.0,21.94762333611564,73.5,12.0,363.3,168.0,346.0,0.3625,0.2806461601981833,1.0,0.1357142857142857,0.1928571428571428,0.5169115111648915,0.1010472890453143,0.9566820161827816,-13.845811184817489,5.273103281641284,-14.103123489873932,6.59277116373064,-13.996107718666268,7.432522075297641,-13.053420023722722,8.752189957386998,-12.710732328779176,9.471857839476352,-14.76804463383562,8.99152572156571,-14.425356938892072,9.111193603655067,-13.718341167684413,9.350944515222084,-13.975653472740865,9.470612397311442,-16.632965777797317,10.190280279400795,-18.69027808285376,10.909948161490156,-19.547590387910216,12.229616043579494,-20.40490269296667,13.54928392566885,-20.897886921759007,14.989034837235884,-21.15519922681546,16.908702719325223,-21.412511531871903,19.42837060141458,-20.469823836928366,20.748038483503937,-19.52713614198481,21.46770636559329,-19.29146421824893,21.94762333611564,-19.29146421824893,21.94762333611564,left,-1.0906977555131976,9.615026740130626,0.2678571428571428,,,0.0,0.0,0.0,0.0,left,False,Anonymized,"[520, 615]",2,0,33123aa502601aa62116bff0f0fce4990d6c1ba7
2.25.132083163398091874662674590622589534350,/home/user/workspace/dataset_extracted/Датасет/НД_для_обучения/Исследования/2.25.132083163398091874662674590622589534350/series_003_2_CR/A2507386583 DXA Exam/CR DXA Images/CR000002.dcm,1.2.643.5.1.13.13.12.2.77.8252.06120903051105150112061201080014,3,346,280,right_hip,True,0.0,,,,,0.0,0.0,,,0,0.0,0,0.0,False,0.0,,,,,,,,6.515935893086084,6.515935893086084,34.2,58.8,7.210925495557078,9.47294600136705,48.0,37.68252221462748,139.65,5.4,363.3,168.0,189.0,0.3839285714285714,0.2891308835672997,0.546242774566474,0.075,0.2,0.4948425481970193,0.0962191385172683,0.9466627867214604,0.2874709501025307,-8.217764866712212,0.3933629528366396,-7.152447026657534,0.472781954887219,-6.353458646616522,0.5786739576213279,-5.888140806561836,0.6845659603554367,-4.822822966507158,0.7904579630895455,-3.75750512645248,0.8963499658236543,-3.8921872863977938,0.9757689678742336,-3.693198906356781,1.0816609706083429,-2.627881066302104,1.1875529733424517,-1.5625632262474254,1.2934449760765605,-0.4972453861927391,1.399336978810669,2.3680724538619384,2.1052289815447693,5.233390293916625,2.184647983595357,7.232378673957629,2.290539986329457,10.097696514012314,2.9964319890635664,12.963014354066994,3.702323991797675,16.42833219412168,5.608215994531784,18.69365003417636,8.087634996582363,20.69263841421737,9.393526999316473,23.55795625427205,right,1.1653414033570677,6.515935893086084,0.2857142857142857,0.0,0.0,,,0.0,0.0,right,False,Anonymized,"[520, 615]",2,1,7f408067ef66783f4b7dbb237fda5d508bb2e55e
2.25.132272637351979990811754009849547633391,/home/user/workspace/dataset_extracted/Датасет/НД_для_обучения/Исследования/2.25.132272637351979990811754009849547633391/series_003_3_CR/A2504141080 DXA/CR DXA/CR000000.dcm,1.2.643.5.1.13.13.12.2.77.8252.05020106091400040809110708040301,3,261,280,left_hip,True,0.0,,,,,,,0.0,0.0,0,0.0,0,0.0,False,0.0,,,,,,,,-13.52853207343456,13.52853207343456,16.2,99.75,0.0,7.374062150055977,48.0,12.87083986562148,31.5,11.4,274.05,168.0,261.0,0.3660714285714285,0.2098932676518883,1.0,0.2785714285714286,0.1642857142857142,0.4963782875166025,0.1046778425646744,0.9469994596146348,3.7289613661814087,2.1306382978723093,5.187001679731236,3.367592385218347,6.280531914893606,4.145307950727863,2.3385722284434336,5.382262038073884,0.196612541993278,6.6192161254199045,-2.5453471444568945,9.056170212765926,-3.4873068309070505,10.893124300111964,-3.59377659574468,12.87083986562148,-3.59377659574468,12.87083986562148,-3.59377659574468,12.87083986562148,-3.59377659574468,12.87083986562148,-3.59377659574468,12.87083986562148,-3.59377659574468,12.87083986562148,-3.59377659574468,12.87083986562148,-3.59377659574468,12.87083986562148,-3.59377659574468,12.87083986562148,-3.59377659574468,12.87083986562148,-3.59377659574468,12.87083986562148,-3.59377659574468,12.87083986562148,-3.59377659574468,12.87083986562148,left,-0.8422637931972436,13.52853207343456,0.2857142857142857,,,0.0,0.0,0.0,0.0,left,False,Anonymized,"[170, 159]",3,0,d5d8470fafcbd9abd93084cc7722ef72138495dd
2.25.132272637351979990811754009849547633391,/home/user/workspace/dataset_extracted/Датасет/НД_для_обучения/Исследования/2.25.132272637351979990811754009849547633391/series_003_3_CR/A2504141080 DXA/CR DXA/CR000001.dcm,1.2.643.5.1.13.13.12.2.77.8252.15140601101305061400021505010802,5,261,280,right_hip,True,0.0,,,,,0.0,0.0,,,0,0.0,0,0.0,False,0.0,,,,,,,,-13.813503674582204,13.813503674582204,14.4,81.9,0.0,11.327163975265227,70.2,31.121268604812933,57.75,9.6,274.05,168.0,261.0,0.4982142857142857,0.1909003831417624,1.0,0.3071428571428571,0.1642857142857142,0.5083538790558615,0.1330463707862408,0.9604218708610472,3.169959154769288,1.5795976175723123,4.222878387435344,1.167179655787271,4.862567811934895,1.457866184448477,6.515487044600968,1.6454482226634355,8.168406277267025,2.4330302608783767,9.221325509933097,3.220612299093335,10.274244742599173,4.6081943373082765,10.913934167098704,4.8988808659695,6.566853399764779,6.28646290418444,5.819772632430852,7.674044942399399,6.272691865096908,10.26162698061434,6.725611097762965,12.2492090188293,7.778530330429055,29.23679105704424,9.01821975492859,30.12747758570545,9.844679371261634,31.121268604812933,9.844679371261634,31.121268604812933,9.844679371261634,31.121268604812933,9.844679371261634,31.121268604812933,9.844679371261634,31.121268604812933,9.844679371261634,31.121268604812933,right,1.028933320005206,13.813503674582204,0.4178571428571428,0.0,0.0,,,0.0,0.0,right,False,Anonymized,"[170, 159]",3,1,55542598f9d4cb1c9a6c9b3f7b40f2e02aa532ee
2.25.13325817932854000792938662637654885530,/home/user/workspace/dataset_extracted/Датасет/НД_для_обучения/Исследования/2.25.13325817932854000792938662637654885530/series_002_2_CR/A2507365486 DXA/CR DXA/CR000011.dcm,1.2.643.5.1.13.13.12.2.77.8252.07031408150101110505001201030207,2,233,280,right_hip,True,0.0,,,,,0.0,0.0,,,0,0.0,0,0.0,False,0.0,,,,,,,,-15.354142034755863,15.354142034755863,25.5,86.10000000000001,0.0,21.0850622000196,42.0,5.235321774904463,40.95,13.2,244.65,168.0,233.0,0.3339285714285714,0.246014714898835,1.0,0.2285714285714285,0.1714285714285714,0.5745672341097068,0.1168918116616989,0.9347869190132868,3.859496522676068,-1.663884807522811,5.430424135566653,-1.1994710549515388,6.608619845234597,-1.1511607405231017,9.979547458125182,-0.6867469879518466,15.150475071015777,0.3776667646194255,17.321402683906353,1.4420805171906803,20.69233029679696,2.506494269761936,2.0705260064649,3.75480458419039,1.2414536193554853,4.819218336761645,1.0123812322460708,4.6836320893329,1.4051131354687298,4.499735527475719,1.4051131354687298,4.499735527475719,1.4051131354687298,4.499735527475719,1.4051131354687298,4.499735527475719,1.4051131354687298,4.499735527475719,1.4051131354687298,4.499735527475719,1.4051131354687298,4.499735527475719,1.4051131354687298,4.499735527475719,1.4051131354687298,4.499735527475719,1.4051131354687298,4.499735527475719,right,0.3344827702697875,15.354142034755863,0.25,0.0,0.0,,,0.0,0.0,right,False,Anonymized,"[180, 192]",2,0,8e0446df687c0d1bcec18883b2db112f7dd7fceb
2.25.13325817932854000792938662637654885530,/home/user/workspace/dataset_extracted/Датасет/НД_для_обучения/Исследования/2.25.13325817932854000792938662637654885530/series_002_2_CR/A2507365486 DXA/CR DXA/CR000004.dcm,1.2.643.5.1.13.13.12.2.77.8252.13150808100913111314080101030008,3,235,280,right_hip,True,0.0,,,,,0.0,0.0,,,0,0.0,0,0.0,False,0.0,,,,,,,,-14.396726003198436,14.396726003198436,28.2,73.5,0.0,23.647946811302585,33.0,10.916073834310208,61.95,12.6,246.75,168.0,235.0,0.2803571428571428,0.2302127659574468,1.0,0.2107142857142857,0.1642857142857142,0.5588196085140277,0.1087006522133973,0.9412065541675736,0.8934441431195665,3.968188259994761,2.5865663546496136,4.105068672907021,3.856408013297155,3.757728982591209,4.949530224827202,3.29460939550346,6.642652436357258,2.831489808415719,8.335774647887305,2.3683702213279787,10.028896859417353,2.505250634240229,11.898738518064894,2.7579109439244176,14.19186072959494,2.894791356836677,17.084982941124995,3.631671769748937,21.178105152655043,4.968552182661187,9.0712273641851,6.305432595573438,8.364349575715147,7.642313008485697,8.434191234362697,9.094973318169886,7.727313445892736,10.431853731082144,7.973874551657763,10.800293937538273,7.973874551657763,10.800293937538273,7.973874551657763,10.800293937538273,7.973874551657763,10.800293937538273,7.973874551657763,10.800293937538273,left,-0.1319906651014747,14.396726003198436,0.1964285714285714,,,0.0,1.0,0.0,1.0,right,True,Anonymized,"[180, 192]",2,1,c37e6460b5a93e692af576526f3955eaca467746
2.25.13325817932854000792938662637654885530,/home/user/workspace/dataset_extracted/Датасет/НД_для_обучения/Исследования/2.25.13325817932854000792938662637654885530/series_002_2_CR/A2507365486 DXA/CR DXA/CR000009.dcm,1.2.643.5.1.13.13.12.2.77.8252.06150706081207041203070111090707,5,233,280,right_hip,True,0.0,,,,,0.0,0.0,,,0,0.0,0,0.0,False,0.0,,,,,,,,-15.354142034755863,15.354142034755863,25.5,86.10000000000001,0.0,21.0850622000196,42.0,5.235321774904463,40.95,13.2,244.65,168.0,233.0,0.3339285714285714,0.246014714898835,1.0,0.2285714285714285,0.1714285714285714,0.5745672341097068,0.1168918116616989,0.9347869190132868,3.859496522676068,-1.663884807522811,5.430424135566653,-1.1994710549515388,6.608619845234597,-1.1511607405231017,9.979547458125182,-0.6867469879518466,15.150475071015777,0.3776667646194255,17.321402683906353,1.4420805171906803,20.69233029679696,2.506494269761936,2.0705260064649,3.75480458419039,1.2414536193554853,4.819218336761645,1.0123812322460708,4.6836320893329,1.4051131354687298,4.499735527475719,1.4051131354687298,4.499735527475719,1.4051131354687298,4.499735527475719,1.4051131354687298,4.499735527475719,1.4051131354687298,4.499735527475719,1.4051131354687298,4.499735527475719,1.4051131354687298,4.499735527475719,1.4051131354687298,4.499735527475719,1.4051131354687298,4.499735527475719,1.4051131354687298,4.499735527475719,right,0.3344827702697875,15.354142034755863,0.25,0.0,0.0,,,0.0,0.0,right,False,Anonymized,"[0, 0]",2,2,8e0446df687c0d1bcec18883b2db112f7dd7fceb
2.25.13325817932854000792938662637654885530,/home/user/workspace/dataset_extracted/Датасет/НД_для_обучения/Исследования/2.25.13325817932854000792938662637654885530/series_002_2_CR/A2507365486 DXA/CR DXA/CR000002.dcm,1.2.643.5.1.13.13.12.2.77.8252.11150104101400000200001411070008,6,235,280,right_hip,True,0.0,,,,,0.0,0.0,,,0,0.0,0,0.0,False,0.0,,,,,,,,-14.396726003198436,14.396726003198436,28.2,73.5,0.0,23.647946811302585,33.0,10.916073834310208,61.95,12.6,246.75,168.0,235.0,0.2803571428571428,0.2302127659574468,1.0,0.2107142857142857,0.1642857142857142,0.5588196085140277,0.1087006522133973,0.9412065541675736,0.8934441431195665,3.968188259994761,2.5865663546496136,4.105068672907021,3.856408013297155,3.757728982591209,4.949530224827202,3.29460939550346,6.642652436357258,2.831489808415719,8.335774647887305,2.3683702213279787,10.028896859417353,2.505250634240229,11.898738518064894,2.7579109439244176,14.19186072959494,2.894791356836677,17.084982941124995,3.631671769748937,21.178105152655043,4.968552182661187,9.0712273641851,6.305432595573438,8.364349575715147,7.642313008485697,8.434191234362697,9.094973318169886,7.727313445892736,10.431853731082144,7.973874551657763,10.800293937538273,7.973874551657763,10.800293937538273,7.973874551657763,10.800293937538273,7.973874551657763,10.800293937538273,7.973874551657763,10.800293937538273,left,-0.1319906651014747,14.396726003198436,0.1964285714285714,,,0.0,1.0,0.0,1.0,right,True,Anonymized,"[0, 0]",2,3,c37e6460b5a93e692af576526f3955eaca467746
2.25.13325817932854000792938662637654885530,/home/user/workspace/dataset_extracted/Датасет/НД_для_обучения/Исследования/2.25.13325817932854000792938662637654885530/series_002_2_CR/A2507365486 DXA/CR DXA/CR000008.dcm,1.2.643.5.1.13.13.12.2.77.8252.02031303080313100507120501150506,7,233,280,right_hip,True,0.0,,,,,0.0,0.0,,,0,0.0,0,0.0,False,0.0,,,,,,,,-15.354142034755863,15.354142034755863,25.5,86.10000000000001,0.0,21.0850622000196,42.0,5.235321774904463,40.95,13.2,244.65,168.0,233.0,0.3339285714285714,0.246014714898835,1.0,0.2285714285714285,0.1714285714285714,0.5745672341097068,0.1168918116616989,0.9347869190132868,3.859496522676068,-1.663884807522811,5.430424135566653,-1.1994710549515388,6.608619845234597,-1.1511607405231017,9.979547458125182,-0.6867469879518466,15.150475071015777,0.3776667646194255,17.321402683906353,1.4420805171906803,20.69233029679696,2.506494269761936,2.0705260064649,3.75480458419039,1.2414536193554853,4.819218336761645,1.0123812322460708,4.6836320893329,1.4051131354687298,4.499735527475719,1.4051131354687298,4.499735527475719,1.4051131354687298,4.499735527475719,1.4051131354687298,4.499735527475719,1.4051131354687298,4.499735527475719,1.4051131354687298,4.499735527475719,1.4051131354687298,4.499735527475719,1.4051131354687298,4.499735527475719,1.4051131354687298,4.499735527475719,1.4051131354687298,4.499735527475719,right,0.3344827702697875,15.354142034755863,0.25,0.0,0.0,,,0.0,0.0,right,False,Anonymized,"[0, 0]",2,4,8e0446df687c0d1bcec18883b2db112f7dd7fceb
2.25.13325817932854000792938662637654885530,/home/user/workspace/dataset_extracted/Датасет/НД_для_обучения/Исследования/2.25.13325817932854000792938662637654885530/series_002_2_CR/A2507365486 DXA/CR DXA/CR000007.dcm,1.2.643.5.1.13.13.12.2.77.8252.12151114030903000211100702060009,8,235,280,right_hip,True,0.0,,,,,0.0,0.0,,,0,0.0,0,0.0,False,0.0,,,,,,,,-14.396726003198436,14.396726003198436,28.2,73.5,0.0,23.647946811302585,33.0,10.916073834310208,61.95,12.6,246.75,168.0,235.0,0.2803571428571428,0.2302127659574468,1.0,0.2107142857142857,0.1642857142857142,0.5588196085140277,0.1087006522133973,0.9412065541675736,0.8934441431195665,3.968188259994761,2.5865663546496136,4.105068672907021,3.856408013297155,3.757728982591209,4.949530224827202,3.29460939550346,6.642652436357258,2.831489808415719,8.335774647887305,2.3683702213279787,10.028896859417353,2.505250634240229,11.898738518064894,2.7579109439244176,14.19186072959494,2.894791356836677,17.084982941124995,3.631671769748937,21.178105152655043,4.968552182661187,9.0712273641851,6.305432595573438,8.364349575715147,7.642313008485697,8.434191234362697,9.094973318169886,7.727313445892736,10.431853731082144,7.973874551657763,10.800293937538273,7.973874551657763,10.800293937538273,7.973874551657763,10.800293937538273,7.973874551657763,10.800293937538273,7.973874551657763,10.800293937538273,left,-0.1319906651014747,14.396726003198436,0.1964285714285714,,,0.0,1.0,0.0,1.0,right,True,Anonymized,"[0, 0]",2,5,c37e6460b5a93e692af576526f3955eaca467746
2.25.13325817932854000792938662637654885530,/home/user/workspace/dataset_extracted/Датасет/НД_для_обучения/Исследования/2.25.13325817932854000792938662637654885530/series_002_2_CR/A2507365486 DXA/CR DXA/CR000001.dcm,1.2.643.5.1.13.13.12.2.77.8252.04080409110008071309041404000111,9,235,280,right_hip,True,0.0,,,,,0.0,0.0,,,0,0.0,0,0.0,False,0.0,,,,,,,,-14.396726003198436,14.396726003198436,28.2,73.5,0.0,23.647946811302585,33.0,10.916073834310208,61.95,12.6,246.75,168.0,235.0,0.2803571428571428,0.2302127659574468,1.0,0.2107142857142857,0.1642857142857142,0.5588196085140277,0.1087006522133973,0.9412065541675736,0.8934441431195665,3.968188259994761,2.5865663546496136,4.105068672907021,3.856408013297155,3.757728982591209,4.949530224827202,3.29460939550346,6.642652436357258,2.831489808415719,8.335774647887305,2.3683702213279787,10.028896859417353,2.505250634240229,11.898738518064894,2.7579109439244176,14.19186072959494,2.894791356836677,17.084982941124995,3.631671769748937,21.178105152655043,4.968552182661187,9.0712273641851,6.305432595573438,8.364349575715147,7.642313008485697,8.434191234362697,9.094973318169886,7.727313445892736,10.431853731082144,7.973874551657763,10.800293937538273,7.973874551657763,10.800293937538273,7.973874551657763,10.800293937538273,7.973874551657763,10.800293937538273,7.973874551657763,10.800293937538273,left,-0.1319906651014747,14.396726003198436,0.1964285714285714,,,0.0,1.0,0.0,1.0,right,True,Anonymized,"[170, 143]",2,6,c37e6460b5a93e692af576526f3955eaca467746
2.25.13325817932854000792938662637654885530,/home/user/workspace/dataset_extracted/Датасет/НД_для_обучения/Исследования/2.25.13325817932854000792938662637654885530/series_002_2_CR/A2507365486 DXA/CR DXA/CR000006.dcm,1.2.643.5.1.13.13.12.2.77.8252.10001304041304060303041004101403,10,233,280,right_hip,True,0.0,,,,,0.0,0.0,,,0,0.0,0,0.0,False,0.0,,,,,,,,-15.354142034755863,15.354142034755863,25.5,86.10000000000001,0.0,21.0850622000196,42.0,5.235321774904463,40.95,13.2,244.65,168.0,233.0,0.3339285714285714,0.246014714898835,1.0,0.2285714285714285,0.1714285714285714,0.5745672341097068,0.1168918116616989,0.9347869190132868,3.859496522676068,-1.663884807522811,5.430424135566653,-1.1994710549515388,6.608619845234597,-1.1511607405231017,9.979547458125182,-0.6867469879518466,15.150475071015777,0.3776667646194255,17.321402683906353,1.4420805171906803,20.69233029679696,2.506494269761936,2.0705260064649,3.75480458419039,1.2414536193554853,4.819218336761645,1.0123812322460708,4.6836320893329,1.4051131354687298,4.499735527475719,1.4051131354687298,4.499735527475719,1.4051131354687298,4.499735527475719,1.4051131354687298,4.499735527475719,1.4051131354687298,4.499735527475719,1.4051131354687298,4.499735527475719,1.4051131354687298,4.499735527475719,1.4051131354687298,4.499735527475719,1.4051131354687298,4.499735527475719,1.4051131354687298,4.499735527475719,right,0.3344827702697875,15.354142034755863,0.25,0.0,0.0,,,0.0,0.0,right,False,Anonymized,"[170, 142]",2,7,8e0446df687c0d1bcec18883b2db112f7dd7fceb
2.25.13325817932854000792938662637654885530,/home/user/workspace/dataset_extracted/Датасет/НД_для_обучения/Исследования/2.25.13325817932854000792938662637654885530/series_002_2_CR/A2507365486 DXA/CR DXA/CR000005.dcm,1.2.643.5.1.13.13.12.2.77.8252.11020707081006150000011408140609,14,233,280,right_hip,True,0.0,,,,,0.0,0.0,,,0,0.0,0,0.0,False,0.0,,,,,,,,-15.354142034755863,15.354142034755863,25.5,86.10000000000001,0.0,21.0850622000196,42.0,5.235321774904463,40.95,13.2,244.65,168.0,233.0,0.3339285714285714,0.246014714898835,1.0,0.2285714285714285,0.1714285714285714,0.5745672341097068,0.1168918116616989,0.9347869190132868,3.859496522676068,-1.663884807522811,5.430424135566653,-1.1994710549515388,6.608619845234597,-1.1511607405231017,9.979547458125182,-0.6867469879518466,15.150475071015777,0.3776667646194255,17.321402683906353,1.4420805171906803,20.69233029679696,2.506494269761936,2.0705260064649,3.75480458419039,1.2414536193554853,4.819218336761645,1.0123812322460708,4.6836320893329,1.4051131354687298,4.499735527475719,1.4051131354687298,4.499735527475719,1.4051131354687298,4.499735527475719,1.4051131354687298,4.499735527475719,1.4051131354687298,4.499735527475719,1.4051131354687298,4.499735527475719,1.4051131354687298,4.499735527475719,1.4051131354687298,4.499735527475719,1.4051131354687298,4.499735527475719,1.4051131354687298,4.499735527475719,right,0.3344827702697875,15.354142034755863,0.25,0.0,0.0,,,0.0,0.0,right,False,Anonymized,"[180, 192]",2,8,8e0446df687c0d1bcec18883b2db112f7dd7fceb
2.25.13325817932854000792938662637654885530,/home/user/workspace/dataset_extracted/Датасет/НД_для_обучения/Исследования/2.25.13325817932854000792938662637654885530/series_002_2_CR/A2507365486 DXA/CR DXA/CR000003.dcm,1.2.643.5.1.13.13.12.2.77.8252.00090714091003060206031503010409,15,235,280,right_hip,True,0.0,,,,,0.0,0.0,,,0,0.0,0,0.0,False,0.0,,,,,,,,-14.396726003198436,14.396726003198436,28.2,73.5,0.0,23.647946811302585,33.0,10.916073834310208,61.95,12.6,246.75,168.0,235.0,0.2803571428571428,0.2302127659574468,1.0,0.2107142857142857,0.1642857142857142,0.5588196085140277,0.1087006522133973,0.9412065541675736,0.8934441431195665,3.968188259994761,2.5865663546496136,4.105068672907021,3.856408013297155,3.757728982591209,4.949530224827202,3.29460939550346,6.642652436357258,2.831489808415719,8.335774647887305,2.3683702213279787,10.028896859417353,2.505250634240229,11.898738518064894,2.7579109439244176,14.19186072959494,2.894791356836677,17.084982941124995,3.631671769748937,21.178105152655043,4.968552182661187,9.0712273641851,6.305432595573438,8.364349575715147,7.642313008485697,8.434191234362697,9.094973318169886,7.727313445892736,10.431853731082144,7.973874551657763,10.800293937538273,7.973874551657763,10.800293937538273,7.973874551657763,10.800293937538273,7.973874551657763,10.800293937538273,7.973874551657763,10.800293937538273,left,-0.1319906651014747,14.396726003198436,0.1964285714285714,,,0.0,1.0,0.0,1.0,right,True,Anonymized,"[180, 192]",2,9,c37e6460b5a93e692af576526f3955eaca467746
2.25.134456506307367483341018281460841912845,/home/user/workspace/dataset_extracted/Датасет/НД_для_обучения/Исследования/2.25.134456506307367483341018281460841912845/series_002_2_CR/A2507120612 DXA/CR DXA/CR000000.dcm,1.2.643.5.1.13.13.12.2.77.8252.04040803080402061202041005000304,3,292,280,right_hip,True,0.0,,,,,0.0,0.0,,,0,0.0,0,0.0,False,0.0,,,,,,,,4.289660871890593,4.289660871890593,28.2,117.6,3.719519253767038,6.178867837496159,35.4,6.9505936720538495,93.45,6.0,306.6,168.0,201.0,0.3660714285714285,0.2429182974559686,0.6883561643835616,0.2392857142857143,0.1571428571428571,0.6040918335651242,0.144452128685762,0.9620874434549616,0.9695211330167154,2.6490270611952043,1.718972733795752,2.8285534902791567,1.9810614343800248,2.9631983120921235,2.7305130351590576,3.1427247411760675,3.4799646359380945,3.32225117026002,4.229416236717126,4.101777599343973,6.178867837496159,4.881304028427925,5.8409565380804365,6.215948850240892,5.390408138859473,-14.004524720675164,-8.860140260361499,-13.82499829159121,-10.510688659582462,-13.64547186250726,-10.961237058803423,-13.465945433423306,-11.411785458024392,-13.286419004339352,-11.14969675744012,-13.151774182526395,-11.000245156661082,-13.572247753442442,-10.850793555882053,-14.59272132435849,-9.501341955103015,-15.013194895274538,-9.95189035432398,-20.233668466190583,-10.289801653739705,-21.299023644377627,0.059649947039324,-22.31949721529368,left,-0.3244845349931854,4.289660871890593,0.2107142857142857,,,0.0,0.0,0.0,0.0,right,True,Anonymized,"[170, 178]",2,0,ad3ad2cf9453aca9b292470d0831ac8b458b921e
2.25.134456506307367483341018281460841912845,/home/user/workspace/dataset_extracted/Датасет/НД_для_обучения/Исследования/2.25.134456506307367483341018281460841912845/series_002_2_CR/A2507120612 DXA/CR DXA/CR000002.dcm,1.2.643.5.1.13.13.12.2.77.8252.14121200111500000012151207021305,5,291,280,right_hip,True,0.0,,,,,0.0,0.0,,,0,0.0,0,0.0,False,0.0,,,,,,,,-0.9916216286493104,0.9916216286493104,27.6,108.15,0.0,-17.502455739577382,37.8,21.969046259280425,82.95,12.0,305.55,168.0,291.0,0.3071428571428571,0.2188021600392734,1.0,0.2678571428571428,0.1535714285714285,0.4975484844997825,0.1263921070648577,0.9579550377349668,-19.33357202477705,2.0730879058120704,-19.375060405043275,2.4862056846637186,-19.406176690242937,2.9460440188024504,-20.04766507050916,3.3591617976540986,-20.08915345077538,3.772279576505747,-20.7306418310416,4.185397355357386,-23.172130211307824,3.9985151342090335,-23.80324649650749,4.458353468347767,-25.644734876773715,4.871471247199414,-25.68622325703993,5.284589026051063,-25.72771163730616,6.897706804902702,-25.76920001757238,7.9108245837543505,-26.4106883978386,9.523942362605998,-26.441804683038267,10.58378069674473,-26.48329306330449,12.79689847559638,-26.52478144357072,15.010016254448018,-30.0,17.223134033299665,-30.0,18.83625181215132,-30.0,19.89609014629005,-30.0,20.30920792514169,right,0.3893759404332502,0.9916216286493104,0.2249999999999999,0.0,0.0,,,0.0,0.0,right,False,Anonymized,"[170, 177]",2,1,d5e02be44fd632cf79f6cf10218ddb0aef5195d8
2.25.135241889065705954191821710363605596815,/home/user/workspace/dataset_extracted/Датасет/НД_для_обучения/Исследования/2.25.135241889065705954191821710363605596815/series_003_3_CR/A250715060 DXA/CR DXA/CR000000.dcm,1.2.643.5.1.13.13.12.2.77.8252.04060811050000140014040410080212,3,263,280,left_hip,True,0.0,,,,,,,0.0,0.0,0,0.0,0,0.0,False,0.0,,,,,,,,1.0915046843493723,1.0915046843493723,34.2,64.05,0.0,3.091285034373348,47.4,-19.08209413008988,66.15,6.0,276.15000000000003,168.0,124.0,0.3910714285714285,0.2552417164584465,0.4714828897338403,0.1857142857142857,0.1964285714285714,0.5112676253792543,0.0995496847905655,0.9388871183753624,-0.2423479640402007,-19.19346377578,0.2273083024854486,-19.163765203595965,0.1295505023796835,-19.14149127445793,-0.0007932310946671,-19.111792702273902,0.4688630354309822,-19.08209413008988,0.3385193019566315,-20.25239555790584,0.8081755684822809,-23.82269698572181,0.7104177683765158,-25.0004230565838,1.1800740349021652,-25.57072448439977,1.6497303014278144,-25.54102591221573,2.119386567953464,-25.511327340031706,2.589042834479113,-25.48162876784768,3.058699101004754,-25.451930195663653,2.9609413008989973,-25.42965626652562,2.8305975674246384,-23.5999576943416,2.1002538339502874,-23.57025912215757,-5.164918032786884,-25.355409836065547,-5.164918032786884,-25.355409836065547,-5.164918032786884,-25.355409836065547,-5.164918032786884,-25.355409836065547,left,-0.5566803040385062,1.0915046843493723,0.2821428571428571,,,0.0,0.0,0.0,0.0,left,False,Anonymized,"[170, 160]",3,0,54745fe5b9c61efad8a1e78b1e52c17aad8c679d
2.25.137344827330550141320158285144101816664,/home/user/workspace/dataset_extracted/Датасет/НД_для_обучения/Исследования/2.25.137344827330550141320158285144101816664/series_003_3_CR/A2507146630 DXA/CR DXA/CR000001.dcm,1.2.643.5.1.13.13.12.2.77.8252.14140312010015010504081306061203,3,263,280,right_hip,True,0.0,,,,,0.0,0.0,,,30,18.9,30,18.9,True,3.466292360843515,,,,,,,,-7.818761577107447,7.818761577107447,26.4,81.9,0.0,-0.8557467848607132,41.4,11.974681015187358,47.25,9.0,276.15000000000003,168.0,263.0,0.3285714285714285,0.1886203150461705,1.0,0.2678571428571428,0.1535714285714285,0.5413777117937322,0.1549839290951968,0.9688317556842312,-6.268668040819944,2.106597200268095,-5.981737250091683,2.440068791967533,-5.316539157045495,2.2401724857421184,-4.429608366317233,2.573644077441557,-1.7426775755889736,2.907115669140995,-0.8557467848607132,3.8405872608404334,-1.7688159941324528,4.774058852539872,-6.503617901086256,5.174162546314457,-6.216687110358003,6.707634138013895,-10.129756319629736,8.841105729713334,-12.842825528901482,10.374577321412772,-12.777627435855283,11.974681015187358,-12.777627435855283,11.974681015187358,-12.777627435855283,11.974681015187358,-12.777627435855283,11.974681015187358,-12.777627435855283,11.974681015187358,-12.777627435855283,11.974681015187358,-12.777627435855283,11.974681015187358,-12.777627435855283,11.974681015187358,-12.777627435855283,11.974681015187358,left,-0.2690013548001925,7.818761577107447,0.2464285714285714,,,0.0,0.0,0.0,0.0,right,True,Anonymized,"[170, 160]",3,0,2e579e7596e82c21ce5dba29535c000c9b05b8a3
2.25.137344827330550141320158285144101816664,/home/user/workspace/dataset_extracted/Датасет/НД_для_обучения/Исследования/2.25.137344827330550141320158285144101816664/series_003_3_CR/A2507146630 DXA/CR DXA/CR000002.dcm,1.2.643.5.1.13.13.12.2.77.8252.03131510081105080011060404010511,5,235,280,right_hip,True,0.0,,,,,0.0,0.0,,,0,0.0,0,0.0,False,0.0,,,,,,,,-11.214108172882952,11.214108172882952,25.8,82.95,0.0,-0.3169717624148034,53.4,7.166991236611483,39.9,10.2,246.75,168.0,235.0,0.4,0.2051367781155015,1.0,0.25,0.1535714285714285,0.5307202502096077,0.1566027996006663,0.9516094627564456,-2.5975559883154915,-0.0321908471275719,-1.4572638753651432,0.0427069133398163,-0.6020447906523884,0.8488802336903575,-0.6617526777020487,1.5237779941577287,-4.921460564751709,2.1986757546251168,-4.381168451801369,3.473573515092488,-6.240876338851029,4.748471275559877,-8.385657254138266,6.154644595910417,-7.845365141187926,6.829542356377789,-7.305073028237587,6.904440116845177,-7.305073028237587,6.904440116845177,-7.305073028237587,6.904440116845177,-7.305073028237587,6.904440116845177,-7.305073028237587,6.904440116845177,-7.305073028237587,6.904440116845177,-7.305073028237587,6.904440116845177,-7.305073028237587,6.904440116845177,-7.305073028237587,6.904440116845177,-7.305073028237587,6.904440116845177,-7.305073028237587,6.904440116845177,right,0.5004450678965466,11.214108172882952,0.3178571428571428,0.0,0.0,,,0.0,0.0,right,False,Anonymized,"[170, 143]",3,1,496391e0ac83a8cd61c8041239e1b65fa808d6be
2.25.13983650679559142983913935144968795415,/home/user/workspace/dataset_extracted/Датасет/НД_для_обучения/Исследования/2.25.13983650679559142983913935144968795415/series_003_2_CR/A2504335111 DXA/CR DXA/CR000004.dcm,1.2.643.5.1.13.13.12.2.77.8252.04081012050615111107130109120010,4,289,280,right_hip,True,0.0,,,,,0.0,0.0,,,0,0.0,0,0.0,False,0.0,,,,,,,,-5.612061315489458,5.612061315489458,25.8,90.3,0.0,-9.911788291900558,28.8,20.1311873201566,80.85000000000001,11.4,303.45,168.0,289.0,0.2571428571428571,0.1941547207118141,1.0,0.2357142857142857,0.1464285714285714,0.4973716157461624,0.1320104017944677,0.9623266723933008,-11.295674324260576,1.1275097881975311,-11.911156186612574,1.486615406387068,-12.072767583376574,1.9059446200292227,-11.488249445728565,2.8650502382187595,-11.503731308080562,3.224155856408305,-10.91921317043256,4.183261474597842,-10.33469503278456,5.142367092787379,-10.49630642954856,5.561696306429533,-9.911788291900558,5.92080192461907,-9.927270154252556,5.679907542808607,-9.942752016604556,6.039013160998144,-10.558233878956552,6.99811877918768,-10.573715741308552,7.957224397377217,-10.73532713807255,8.976553611019371,-13.75080900042455,9.935659229208907,-15.566290862776547,11.494764847398454,-15.581772725128546,13.053870465587991,-17.997254587480544,14.612976083777529,-18.758865984244544,16.232305297419682,-19.974347846596544,18.99141091560922,left,-0.4189821473375446,5.612061315489458,0.1714285714285714,,,0.0,0.0,0.0,0.0,right,True,Anonymized,"[520, 526]",2,0,1826d2ddc65b3d206151fe1a8fb55aa8d587fcc4
2.25.13983650679559142983913935144968795415,/home/user/workspace/dataset_extracted/Датасет/НД_для_обучения/Исследования/2.25.13983650679559142983913935144968795415/series_003_2_CR/A2504335111 DXA/CR DXA/CR000005.dcm,1.2.643.5.1.13.13.12.2.77.8252.02081511091502140105000012140914,5,289,280,left_hip,True,0.0,,,,,,,0.0,0.0,0,0.0,0,0.0,False,0.0,,,,,,,,-0.8637631251550963,0.8637631251550963,27.0,79.8,0.0,-2.057052631578959,26.4,1.551190704032828,85.05,3.0,303.45,168.0,157.0,0.2392857142857143,0.2007909045971329,0.5432525951557093,0.2321428571428571,0.1071428571428571,0.4854686250735511,0.1257635442382834,0.957956373986639,-2.9071578947368537,0.5315434039644742,-3.8406315789473777,0.6714258373205922,-4.090736842105272,0.9263376623376872,-5.024210526315801,1.0662200956937966,-5.957684210526321,-17.393897470950076,-6.89115789473685,-18.454015037593965,-7.224631578947378,-20.11413260423784,-8.074736842105272,-21.65922077922076,-8.408210526315793,-22.71933834586465,-8.741684210526321,-23.77945591250852,-9.67515789473685,-24.23957347915241,-10.00863157894737,-25.299691045796283,-10.3421052631579,-25.75980861244017,-10.592210526315792,-26.10489678742308,-10.925684210526322,-26.56501435406696,-10.65915789473684,-27.02513192071085,-10.99263157894737,-28.685249487354724,-10.7261052631579,-29.14536705399861,-10.976210526315793,-29.49045522898152,-11.309684210526315,-29.9505727956254,right,0.2956462431947917,0.8637631251550963,0.1571428571428571,0.0,0.0,,,0.0,0.0,left,True,Anonymized,"[520, 526]",2,1,9074ac72bd0dfd6f641779b5e663f4089a490c34
2.25.13983650679559142983913935144968795415,/home/user/workspace/dataset_extracted/Датасет/НД_для_обучения/Исследования/2.25.13983650679559142983913935144968795415/series_003_2_CR/A2504335111 DXA/CR DXA/CR000002.dcm,1.2.643.5.1.13.13.12.2.77.8252.05100908130706051511060907050202,6,289,280,right_hip,True,0.0,,,,,0.0,0.0,,,0,0.0,0,0.0,False,0.0,,,,,,,,-5.612061315489458,5.612061315489458,25.8,90.3,0.0,-9.911788291900558,28.8,20.1311873201566,80.85000000000001,11.4,303.45,168.0,289.0,0.2571428571428571,0.1941547207118141,1.0,0.2357142857142857,0.1464285714285714,0.4973716157461624,0.1320104017944677,0.9623266723933008,-11.295674324260576,1.1275097881975311,-11.911156186612574,1.486615406387068,-12.072767583376574,1.9059446200292227,-11.488249445728565,2.8650502382187595,-11.503731308080562,3.224155856408305,-10.91921317043256,4.183261474597842,-10.33469503278456,5.142367092787379,-10.49630642954856,5.561696306429533,-9.911788291900558,5.92080192461907,-9.927270154252556,5.679907542808607,-9.942752016604556,6.039013160998144,-10.558233878956552,6.99811877918768,-10.573715741308552,7.957224397377217,-10.73532713807255,8.976553611019371,-13.75080900042455,9.935659229208907,-15.566290862776547,11.494764847398454,-15.581772725128546,13.053870465587991,-17.997254587480544,14.612976083777529,-18.758865984244544,16.232305297419682,-19.974347846596544,18.99141091560922,left,-0.4189821473375446,5.612061315489458,0.1714285714285714,,,0.0,0.0,0.0,0.0,right,True,Anonymized,"[170, 175]",2,2,1826d2ddc65b3d206151fe1a8fb55aa8d587fcc4
2.25.13983650679559142983913935144968795415,/home/user/workspace/dataset_extracted/Датасет/НД_для_обучения/Исследования/2.25.13983650679559142983913935144968795415/series_003_2_CR/A2504335111 DXA/CR DXA/CR000001.dcm,1.2.643.5.1.13.13.12.2.77.8252.02030711120805150008090200030710,8,289,280,left_hip,True,0.0,,,,,,,0.0,0.0,0,0.0,0,0.0,False,0.0,,,,,,,,-0.8637631251550963,0.8637631251550963,27.0,79.8,0.0,-2.057052631578959,26.4,1.551190704032828,85.05,3.0,303.45,168.0,157.0,0.2392857142857143,0.2007909045971329,0.5432525951557093,0.2321428571428571,0.1071428571428571,0.4854686250735511,0.1257635442382834,0.957956373986639,-2.9071578947368537,0.5315434039644742,-3.8406315789473777,0.6714258373205922,-4.090736842105272,0.9263376623376872,-5.024210526315801,1.0662200956937966,-5.957684210526321,-17.393897470950076,-6.89115789473685,-18.454015037593965,-7.224631578947378,-20.11413260423784,-8.074736842105272,-21.65922077922076,-8.408210526315793,-22.71933834586465,-8.741684210526321,-23.77945591250852,-9.67515789473685,-24.23957347915241,-10.00863157894737,-25.299691045796283,-10.3421052631579,-25.75980861244017,-10.592210526315792,-26.10489678742308,-10.925684210526322,-26.56501435406696,-10.65915789473684,-27.02513192071085,-10.99263157894737,-28.685249487354724,-10.7261052631579,-29.14536705399861,-10.976210526315793,-29.49045522898152,-11.309684210526315,-29.9505727956254,right,0.2956462431947917,0.8637631251550963,0.1571428571428571,0.0,0.0,,,0.0,0.0,left,True,Anonymized,"[170, 175]",2,3,9074ac72bd0dfd6f641779b5e663f4089a490c34
2.25.144941557565802351596730914409170713112,/home/user/workspace/dataset_extracted/Датасет/НД_для_обучения/Исследования/2.25.144941557565802351596730914409170713112/series_001_2_CR/A250728979 DXA/CR DXA/CR000002.dcm,1.2.643.5.1.13.13.12.2.77.8252.14070202101304120203120502100808,2,268,280,right_hip,True,1.0,Нарушение позиционирования/ротации правого бедра,,,,1.0,0.0,,,0,0.0,0,0.0,False,0.0,,,,,,,,-12.166281463850176,12.166281463850176,28.2,84.0,0.0,8.726976090014107,38.4,11.40834036568211,53.55,7.8,281.40000000000003,168.0,268.0,0.3107142857142857,0.2160847547974413,1.0,0.3321428571428571,0.1678571428571428,0.4920787165734041,0.1015457175174148,0.95392387976937,-2.1970464135020817,1.958649789029522,-0.7563150492264071,2.188410689170169,0.9242334739803424,2.510731364275657,4.164964838256009,3.340492264416304,6.205696202531684,3.570253164556942,7.64642756680735,3.800014064697589,7.887158931083024,4.029774964838237,0.5677074542897742,4.952095639943724,0.8084388185654404,5.181856540084362,-1.3508298171588848,6.611617440225018,-1.7100984528832186,8.041378340365656,-0.8693670886075437,9.471139240506304,0.5713642756681224,10.90090014064695,0.9315471167370388,11.40834036568211,0.9315471167370388,11.40834036568211,0.9315471167370388,11.40834036568211,0.9315471167370388,11.40834036568211,0.9315471167370388,11.40834036568211,0.9315471167370388,11.40834036568211,0.9315471167370388,11.40834036568211,right,0.3039971136118309,12.166281463850176,0.2285714285714285,1.0,0.0,,,1.0,0.0,right,False,Anonymized,"[180, 195]",2,0,a2203ce8c48ccc2fae581721f2aac971277c5ae0
2.25.144941557565802351596730914409170713112,/home/user/workspace/dataset_extracted/Датасет/НД_для_обучения/Исследования/2.25.144941557565802351596730914409170713112/series_001_2_CR/A250728979 DXA/CR DXA/CR000010.dcm,1.2.643.5.1.13.13.12.2.77.8252.08060612000510000609001512070103,3,268,280,left_hip,True,0.0,,,,,,,0.0,0.0,0,0.0,0,0.0,False,0.0,,,,,,,,-9.597427252769998,9.597427252769998,28.2,84.0,0.0,5.029796061884704,43.2,9.696891701828372,50.400000000000006,12.6,281.40000000000003,168.0,268.0,0.3464285714285714,0.2264259061833688,1.0,0.3321428571428571,0.1678571428571428,0.5320824746434017,0.151892233617617,0.9601140403601238,-2.2860970464134707,2.397426160337528,0.0705836849508045,2.733741209563968,1.5380942334740069,3.1359774964837954,3.2947749648382825,3.4722925457102347,4.451455696202566,3.208607594936683,4.408136427566842,3.544922644163114,0.7648171589311176,4.481237693389562,0.4323277074543199,4.88347398030939,-0.810991561181396,5.819789029535838,-1.4543108298171206,6.756104078762268,-1.497630098452845,8.292419127988717,-1.5409493670885694,9.228734177215149,-1.5626090014064318,9.696891701828372,-1.5626090014064318,9.696891701828372,-1.5626090014064318,9.696891701828372,-1.5626090014064318,9.696891701828372,-1.5626090014064318,9.696891701828372,-1.5626090014064318,9.696891701828372,-1.5626090014064318,9.696891701828372,-1.5626090014064318,9.696891701828372,left,-0.4169345193007976,9.597427252769998,0.2571428571428571,,,0.0,0.0,0.0,0.0,left,False,Anonymized,"[180, 195]",2,1,970b95624b9d3e9a80cfbd493b720ce25305d540
2.25.144941557565802351596730914409170713112,/home/user/workspace/dataset_extracted/Датасет/НД_для_обучения/Исследования/2.25.144941557565802351596730914409170713112/series_001_2_CR/A250728979 DXA/CR DXA/CR000005.dcm,1.2.643.5.1.13.13.12.2.77.8252.13110302070015120304051003100511,5,268,280,right_hip,True,1.0,Нарушение позиционирования/ротации правого бедра,,,,1.0,0.0,,,0,0.0,0,0.0,False,0.0,,,,,,,,-12.166281463850176,12.166281463850176,28.2,84.0,0.0,8.726976090014107,38.4,11.40834036568211,53.55,7.8,281.40000000000003,168.0,268.0,0.3107142857142857,0.2160847547974413,1.0,0.3321428571428571,0.1678571428571428,0.4920787165734041,0.1015457175174148,0.95392387976937,-2.1970464135020817,1.958649789029522,-0.7563150492264071,2.188410689170169,0.9242334739803424,2.510731364275657,4.164964838256009,3.340492264416304,6.205696202531684,3.570253164556942,7.64642756680735,3.800014064697589,7.887158931083024,4.029774964838237,0.5677074542897742,4.952095639943724,0.8084388185654404,5.181856540084362,-1.3508298171588848,6.611617440225018,-1.7100984528832186,8.041378340365656,-0.8693670886075437,9.471139240506304,0.5713642756681224,10.90090014064695,0.9315471167370388,11.40834036568211,0.9315471167370388,11.40834036568211,0.9315471167370388,11.40834036568211,0.9315471167370388,11.40834036568211,0.9315471167370388,11.40834036568211,0.9315471167370388,11.40834036568211,0.9315471167370388,11.40834036568211,right,0.3039971136118309,12.166281463850176,0.2285714285714285,1.0,0.0,,,1.0,0.0,right,False,Anonymized,"[0, 0]",2,2,a2203ce8c48ccc2fae581721f2aac971277c5ae0
2.25.144941557565802351596730914409170713112,/home/user/workspace/dataset_extracted/Датасет/НД_для_обучения/Исследования/2.25.144941557565802351596730914409170713112/series_001_2_CR/A250728979 DXA/CR DXA/CR000007.dcm,1.2.643.5.1.13.13.12.2.77.8252.02000707141211070603071400111001,6,268,280,left_hip,True,0.0,,,,,,,0.0,0.0,0,0.0,0,0.0,False,0.0,,,,,,,,-9.597427252769998,9.597427252769998,28.2,84.0,0.0,5.029796061884704,43.2,9.696891701828372,50.400000000000006,12.6,281.40000000000003,168.0,268.0,0.3464285714285714,0.2264259061833688,1.0,0.3321428571428571,0.1678571428571428,0.5320824746434017,0.151892233617617,0.9601140403601238,-2.2860970464134707,2.397426160337528,0.0705836849508045,2.733741209563968,1.5380942334740069,3.1359774964837954,3.2947749648382825,3.4722925457102347,4.451455696202566,3.208607594936683,4.408136427566842,3.544922644163114,0.7648171589311176,4.481237693389562,0.4323277074543199,4.88347398030939,-0.810991561181396,5.819789029535838,-1.4543108298171206,6.756104078762268,-1.497630098452845,8.292419127988717,-1.5409493670885694,9.228734177215149,-1.5626090014064318,9.696891701828372,-1.5626090014064318,9.696891701828372,-1.5626090014064318,9.696891701828372,-1.5626090014064318,9.696891701828372,-1.5626090014064318,9.696891701828372,-1.5626090014064318,9.696891701828372,-1.5626090014064318,9.696891701828372,-1.5626090014064318,9.696891701828372,left,-0.4169345193007976,9.597427252769998,0.2571428571428571,,,0.0,0.0,0.0,0.0,left,False,Anonymized,"[0, 0]",2,3,970b95624b9d3e9a80cfbd493b720ce25305d540
2.25.144941557565802351596730914409170713112,/home/user/workspace/dataset_extracted/Датасет/НД_для_обучения/Исследования/2.25.144941557565802351596730914409170713112/series_001_2_CR/A250728979 DXA/CR DXA/CR000000.dcm,1.2.643.5.1.13.13.12.2.77.8252.01100715050305071000110707040014,10,268,280,left_hip,True,0.0,,,,,,,0.0,0.0,0,0.0,0,0.0,False,0.0,,,,,,,,-9.597427252769998,9.597427252769998,28.2,84.0,0.0,5.029796061884704,43.2,9.696891701828372,50.400000000000006,12.6,281.40000000000003,168.0,268.0,0.3464285714285714,0.2264259061833688,1.0,0.3321428571428571,0.1678571428571428,0.5320824746434017,0.151892233617617,0.9601140403601238,-2.2860970464134707,2.397426160337528,0.0705836849508045,2.733741209563968,1.5380942334740069,3.1359774964837954,3.2947749648382825,3.4722925457102347,4.451455696202566,3.208607594936683,4.408136427566842,3.544922644163114,0.7648171589311176,4.481237693389562,0.4323277074543199,4.88347398030939,-0.810991561181396,5.819789029535838,-1.4543108298171206,6.756104078762268,-1.497630098452845,8.292419127988717,-1.5409493670885694,9.228734177215149,-1.5626090014064318,9.696891701828372,-1.5626090014064318,9.696891701828372,-1.5626090014064318,9.696891701828372,-1.5626090014064318,9.696891701828372,-1.5626090014064318,9.696891701828372,-1.5626090014064318,9.696891701828372,-1.5626090014064318,9.696891701828372,-1.5626090014064318,9.696891701828372,left,-0.4169345193007976,9.597427252769998,0.2571428571428571,,,0.0,0.0,0.0,0.0,left,False,Anonymized,"[520, 521]",2,4,970b95624b9d3e9a80cfbd493b720ce25305d540
2.25.144941557565802351596730914409170713112,/home/user/workspace/dataset_extracted/Датасет/НД_для_обучения/Исследования/2.25.144941557565802351596730914409170713112/series_001_2_CR/A250728979 DXA/CR DXA/CR000003.dcm,1.2.643.5.1.13.13.12.2.77.8252.03000804151513141409051310151514,11,268,280,right_hip,True,1.0,Нарушение позиционирования/ротации правого бедра,,,,1.0,0.0,,,0,0.0,0,0.0,False,0.0,,,,,,,,-12.166281463850176,12.166281463850176,28.2,84.0,0.0,8.726976090014107,38.4,11.40834036568211,53.55,7.8,281.40000000000003,168.0,268.0,0.3107142857142857,0.2160847547974413,1.0,0.3321428571428571,0.1678571428571428,0.4920787165734041,0.1015457175174148,0.95392387976937,-2.1970464135020817,1.958649789029522,-0.7563150492264071,2.188410689170169,0.9242334739803424,2.510731364275657,4.164964838256009,3.340492264416304,6.205696202531684,3.570253164556942,7.64642756680735,3.800014064697589,7.887158931083024,4.029774964838237,0.5677074542897742,4.952095639943724,0.8084388185654404,5.181856540084362,-1.3508298171588848,6.611617440225018,-1.7100984528832186,8.041378340365656,-0.8693670886075437,9.471139240506304,0.5713642756681224,10.90090014064695,0.9315471167370388,11.40834036568211,0.9315471167370388,11.40834036568211,0.9315471167370388,11.40834036568211,0.9315471167370388,11.40834036568211,0.9315471167370388,11.40834036568211,0.9315471167370388,11.40834036568211,0.9315471167370388,11.40834036568211,right,0.3039971136118309,12.166281463850176,0.2285714285714285,1.0,0.0,,,1.0,0.0,right,False,Anonymized,"[520, 521]",2,5,a2203ce8c48ccc2fae581721f2aac971277c5ae0
2.25.144941557565802351596730914409170713112,/home/user/workspace/dataset_extracted/Датасет/НД_для_обучения/Исследования/2.25.144941557565802351596730914409170713112/series_001_2_CR/A250728979 DXA/CR DXA/CR000001.dcm,1.2.643.5.1.13.13.12.2.77.8252.05030004000114011306070703000900,12,268,280,left_hip,True,0.0,,,,,,,0.0,0.0,0,0.0,0,0.0,False,0.0,,,,,,,,-9.597427252769998,9.597427252769998,28.2,84.0,0.0,5.029796061884704,43.2,9.696891701828372,50.400000000000006,12.6,281.40000000000003,168.0,268.0,0.3464285714285714,0.2264259061833688,1.0,0.3321428571428571,0.1678571428571428,0.5320824746434017,0.151892233617617,0.9601140403601238,-2.2860970464134707,2.397426160337528,0.0705836849508045,2.733741209563968,1.5380942334740069,3.1359774964837954,3.2947749648382825,3.4722925457102347,4.451455696202566,3.208607594936683,4.408136427566842,3.544922644163114,0.7648171589311176,4.481237693389562,0.4323277074543199,4.88347398030939,-0.810991561181396,5.819789029535838,-1.4543108298171206,6.756104078762268,-1.497630098452845,8.292419127988717,-1.5409493670885694,9.228734177215149,-1.5626090014064318,9.696891701828372,-1.5626090014064318,9.696891701828372,-1.5626090014064318,9.696891701828372,-1.5626090014064318,9.696891701828372,-1.5626090014064318,9.696891701828372,-1.5626090014064318,9.696891701828372,-1.5626090014064318,9.696891701828372,-1.5626090014064318,9.696891701828372,left,-0.4169345193007976,9.597427252769998,0.2571428571428571,,,0.0,0.0,0.0,0.0,left,False,Anonymized,"[170, 163]",2,6,970b95624b9d3e9a80cfbd493b720ce25305d540
2.25.144941557565802351596730914409170713112,/home/user/workspace/dataset_extracted/Датасет/НД_для_обучения/Исследования/2.25.144941557565802351596730914409170713112/series_001_2_CR/A250728979 DXA/CR DXA/CR000004.dcm,1.2.643.5.1.13.13.12.2.77.8252.10050606131001041108060208080404,13,268,280,right_hip,True,1.0,Нарушение позиционирования/ротации правого бедра,,,,1.0,0.0,,,0,0.0,0,0.0,False,0.0,,,,,,,,-12.166281463850176,12.166281463850176,28.2,84.0,0.0,8.726976090014107,38.4,11.40834036568211,53.55,7.8,281.40000000000003,168.0,268.0,0.3107142857142857,0.2160847547974413,1.0,0.3321428571428571,0.1678571428571428,0.4920787165734041,0.1015457175174148,0.95392387976937,-2.1970464135020817,1.958649789029522,-0.7563150492264071,2.188410689170169,0.9242334739803424,2.510731364275657,4.164964838256009,3.340492264416304,6.205696202531684,3.570253164556942,7.64642756680735,3.800014064697589,7.887158931083024,4.029774964838237,0.5677074542897742,4.952095639943724,0.8084388185654404,5.181856540084362,-1.3508298171588848,6.611617440225018,-1.7100984528832186,8.041378340365656,-0.8693670886075437,9.471139240506304,0.5713642756681224,10.90090014064695,0.9315471167370388,11.40834036568211,0.9315471167370388,11.40834036568211,0.9315471167370388,11.40834036568211,0.9315471167370388,11.40834036568211,0.9315471167370388,11.40834036568211,0.9315471167370388,11.40834036568211,0.9315471167370388,11.40834036568211,right,0.3039971136118309,12.166281463850176,0.2285714285714285,1.0,0.0,,,1.0,0.0,right,False,Anonymized,"[170, 163]",2,7,a2203ce8c48ccc2fae581721f2aac971277c5ae0
2.25.145848300160680194368420189079847088556,/home/user/workspace/dataset_extracted/Датасет/НД_для_обучения/Исследования/2.25.145848300160680194368420189079847088556/series_002_2_CR/A2504248615 DXA Exam/CR DXA Images/CR000001.dcm,1.2.643.5.1.13.13.12.2.77.8252.09091111090903031309150614110215,2,344,280,left_hip,True,1.0,Нарушение позиционирования/ротации левого бедра,,,,,,1.0,0.0,313,197.19,313,197.19,True,3.804627137977869,,,,,,,,-7.927125626580588,7.927125626580588,12.0,96.6,0.0,2.2021978021977984,44.4,14.542895673751213,46.2,10.2,361.2,168.0,308.0,0.35,0.1883305647840531,0.8953488372093024,0.0,0.1678571428571428,0.4342282878687475,0.0907019383872388,0.955393637315948,1.0369819521292214,3.375606861581616,0.6833608187044348,3.652335742798584,0.118144968635849,4.009882403711293,0.3645238352110709,4.286611284928261,0.0109027017862928,4.563340166145212,0.8572815683615147,6.040069047362181,1.103660434936728,7.516797928579131,0.5384445848681594,8.474344589491858,-0.4151765485566443,9.951073470708808,-1.968797681981414,12.027802351925777,-2.322418815406184,14.104531233142728,-2.4992293821185854,14.542895673751213,-2.4992293821185854,14.542895673751213,-2.4992293821185854,14.542895673751213,-2.4992293821185854,14.542895673751213,-2.4992293821185854,14.542895673751213,-2.4992293821185854,14.542895673751213,-2.4992293821185854,14.542895673751213,-2.4992293821185854,14.542895673751213,-2.4992293821185854,14.542895673751213,left,-0.5528481163340422,7.927125626580588,0.2642857142857143,,,1.0,0.0,1.0,0.0,left,False,Anonymized,"[520, 595]",2,0,79c82a1798aa2dc8e19f74428fe3037000d7b43e
2.25.145848300160680194368420189079847088556,/home/user/workspace/dataset_extracted/Датасет/НД_для_обучения/Исследования/2.25.145848300160680194368420189079847088556/series_002_2_CR/A2504248615 DXA Exam/CR DXA Images/CR000000.dcm,1.2.643.5.1.13.13.12.2.77.8252.06130104100900080002100912090901,3,346,280,right_hip,True,0.0,,,,,0.0,0.0,,,392,246.96,392,246.96,True,3.7922337977187377,,,,,,,,-13.731340737795506,13.731340737795506,29.4,108.15,0.0,-0.1544282388086003,38.4,11.769678864824517,35.7,11.4,363.3,168.0,346.0,0.3142857142857143,0.2199731626754748,1.0,0.0464285714285714,0.175,0.4599414844742994,0.0895808502447386,0.9587457080761976,-3.000467864516997,2.6912884944866846,-1.577448051662799,2.661740543865062,-0.5101831920221457,2.7895795808988453,-2.087163379167964,3.360031630277222,-2.4641435663137656,4.5304836796556005,-2.241123753459567,5.7009357290339775,-2.018103940605368,7.471387778412355,-2.150839080964732,9.399226815446138,-3.7278192681105335,11.769678864824517,-3.7278192681105335,11.769678864824517,-3.7278192681105335,11.769678864824517,-3.7278192681105335,11.769678864824517,-3.7278192681105335,11.769678864824517,-3.7278192681105335,11.769678864824517,-3.7278192681105335,11.769678864824517,-3.7278192681105335,11.769678864824517,-3.7278192681105335,11.769678864824517,-3.7278192681105335,11.769678864824517,-3.7278192681105335,11.769678864824517,-3.7278192681105335,11.769678864824517,right,0.5837086627299782,13.731340737795506,0.2285714285714285,0.0,0.0,,,0.0,0.0,right,False,Anonymized,"[520, 595]",2,1,b6640b62454ca0d59980c7aa049f11ab5b359d79
2.25.151186844055172005615813066162721550889,/home/user/workspace/dataset_extracted/Датасет/НД_для_обучения/Исследования/2.25.151186844055172005615813066162721550889/series_002_2_CR/A250436130 DXA/CR DXA/CR000002.dcm,1.2.643.5.1.13.13.12.2.77.8252.07071507091013150605060411110414,2,261,280,right_hip,True,0.0,,,,,0.0,0.0,,,0,0.0,0,0.0,False,0.0,,,,,,,,-15.47252390196268,15.47252390196268,13.2,81.9,0.0,22.09393391418705,40.2,12.355315570505434,86.10000000000001,8.4,274.05,168.0,261.0,0.3232142857142857,0.1864258347016967,1.0,0.25,0.1714285714285714,0.4601647570970157,0.1171877447508744,0.949643074301157,7.513628144007896,1.1161901389749345,8.707489978376065,1.7848632380277876,9.452886354152184,1.986368062317428,10.646748188520336,2.0550411613702635,11.840610022888509,2.7237142604231166,13.034471857256676,2.7923873594759696,13.028333691624828,2.2610604585288057,11.373730067400947,2.4625652828184457,11.367591901769115,2.5312383818712987,11.961453736137267,3.199911480924135,12.555315570505424,3.868584579976988,13.749177404873592,5.137257679029823,14.343039239241762,5.8059307780826765,14.488435615017863,6.607435602372299,15.082297449386031,7.276108701425152,15.676159283754204,8.544781800478006,16.87002111812237,9.81345489953084,17.463882952490525,11.082127998583696,18.809279328266644,11.283632822873336,20.00314116263481,11.95230592192617,right,0.7035043412743912,15.47252390196268,0.2392857142857142,0.0,0.0,,,0.0,0.0,right,False,Anonymized,"[180, 209]",2,0,f3d2a549e9be32cce3f4eb142ab4ab1c793fc4db
2.25.151186844055172005615813066162721550889,/home/user/workspace/dataset_extracted/Датасет/НД_для_обучения/Исследования/2.25.151186844055172005615813066162721550889/series_002_2_CR/A250436130 DXA/CR DXA/CR000001.dcm,1.2.643.5.1.13.13.12.2.77.8252.06120514140811101106020900110711,3,289,280,left_hip,True,0.0,,,,,,,0.0,0.0,0,0.0,0,0.0,False,0.0,,,,,,,,-4.129906639566381,4.129906639566381,27.6,90.3,0.0,-5.402026510684436,64.2,22.93510825982358,124.95,7.199999999999999,303.45,168.0,289.0,0.4767857142857143,0.1841077607513593,1.0,0.2535714285714285,0.1571428571428571,0.4910031886254626,0.1250195648034446,0.9675307599391378,-8.330623142601041,0.9789688192839092,-8.3743176564932,0.9287475824331296,-7.95708854191233,1.4910816547950276,-7.400783055804498,2.0408604179442307,-7.444477569696659,2.590639181093433,-6.888172083588835,3.1404179442426368,-6.331866597480996,3.690196707391857,-5.914637482900116,4.252530779753755,-5.958331996792276,4.202309542902958,-5.402026510684436,5.352088306052161,-6.645721024576614,5.901867069201364,-7.889415538468773,7.051645832350585,-8.53311005236095,7.601424595499787,-8.115880937780071,7.563758667861685,-7.559575451672231,8.113537431010888,-9.403269965564393,8.063316194160109,-9.446964479456568,8.013094957309312,-11.290658993348728,9.162873720458515,-11.473429878767847,9.725207792820411,-13.317124392660023,10.274986555969615,left,-0.962092064552306,4.129906639566381,0.3821428571428572,,,0.0,0.0,0.0,0.0,left,False,Anonymized,"[180, 209]",2,1,a17fa0ff21dc4d5f9f193b9f42f7d37a69e132c6
2.25.156021661584944120526934974594604520993,/home/user/workspace/dataset_extracted/Датасет/НД_для_обучения/Исследования/2.25.156021661584944120526934974594604520993/series_003_2_CR/A2507142228 DXA/CR DXA/CR000010.dcm,1.2.643.5.1.13.13.12.2.77.8252.11001008080504080903151311021305,2,261,280,left_hip,True,0.0,,,,,,,0.0,0.0,0,0.0,0,0.0,False,0.0,,,,,,,,0.1088916004511592,0.1088916004511592,30.6,88.2,0.0,-14.306024096385553,30.6,18.53172623266177,78.75,10.2,274.05,168.0,261.0,0.2946428571428571,0.2111247947454844,1.0,0.2964285714285714,0.1714285714285714,0.512079767623658,0.1658793268048553,0.952294762833604,-24.68695352839932,1.530355371064107,-25.528192771084345,1.905080490027356,-26.90912220309811,1.7361243292497932,-27.75036144578313,2.7108494482130423,-27.991600688468164,3.0855745671762915,-28.23283993115319,3.460299686139541,-26.67407917383821,4.43502480510279,-26.85500860585198,4.866068644325227,-30.0,6.440793763288476,-30.0,7.415518882251725,-30.0,8.990244001214975,-30.0,10.564969120178224,-30.0,12.739694239141471,-30.0,14.37073807836391,-30.0,15.34546319732716,-30.0,15.72018831629041,-30.0,16.09491343525366,-30.0,17.06963855421691,-30.0,17.500682393439337,-30.0,18.53172623266177,right,0.1719580989185154,0.1088916004511592,0.1821428571428571,0.0,0.0,,,0.0,0.0,left,True,Anonymized,"[180, 191]",2,0,363f7a8760a8f03794d7ad2262df3b51910874da
2.25.156021661584944120526934974594604520993,/home/user/workspace/dataset_extracted/Датасет/НД_для_обучения/Исследования/2.25.156021661584944120526934974594604520993/series_003_2_CR/A2507142228 DXA/CR DXA/CR000007.dcm,1.2.643.5.1.13.13.12.2.77.8252.05041404051513101304111210060012,3,261,280,right_hip,True,0.0,,,,,0.0,0.0,,,0,0.0,0,0.0,False,0.0,,,,,,,,2.837656024303365,2.837656024303365,31.8,80.85000000000001,0.0,4.734838845365155,42.6,-18.20997949418998,67.2,3.0,274.05,168.0,141.0,0.3839285714285714,0.2154214559386973,0.5402298850574713,0.3071428571428571,0.1785714285714285,0.4758788216220568,0.1377078107905389,0.938455652416128,-0.0916451969083567,-25.415941952784028,0.0840422735159563,-27.823891897576065,0.3658078763341848,-29.029854356170112,0.5414953467584979,-30.0,0.7171828171828111,-30.0,1.492870287607124,-30.0,1.6685577580314372,-30.0,2.5503233608496743,-30.0,2.7260108312739875,-30.0,3.5016983016982963,-30.0,4.277385772122609,-30.0,4.453073242546918,-30.0,4.628760712971231,-30.0,4.310526315789468,-30.0,3.886213786213781,-30.0,3.46190125663809,-30.0,3.143666859456323,-30.0,3.143666859456323,-30.0,3.143666859456323,-30.0,3.143666859456323,-30.0,left,-0.3769526361401192,2.837656024303365,0.2535714285714285,,,0.0,0.0,0.0,0.0,right,True,Anonymized,"[180, 191]",2,1,778d3d72ce9994ab0869bb9aca2bf3e00d9bccec
2.25.156021661584944120526934974594604520993,/home/user/workspace/dataset_extracted/Датасет/НД_для_обучения/Исследования/2.25.156021661584944120526934974594604520993/series_003_2_CR/A2507142228 DXA/CR DXA/CR000005.dcm,1.2.643.5.1.13.13.12.2.77.8252.04130713101511140710050408091506,5,261,280,left_hip,True,0.0,,,,,,,0.0,0.0,0,0.0,0,0.0,False,0.0,,,,,,,,0.1088916004511592,0.1088916004511592,30.6,88.2,0.0,-14.306024096385553,30.6,18.53172623266177,78.75,10.2,274.05,168.0,261.0,0.2946428571428571,0.2111247947454844,1.0,0.2964285714285714,0.1714285714285714,0.512079767623658,0.1658793268048553,0.952294762833604,-24.68695352839932,1.530355371064107,-25.528192771084345,1.905080490027356,-26.90912220309811,1.7361243292497932,-27.75036144578313,2.7108494482130423,-27.991600688468164,3.0855745671762915,-28.23283993115319,3.460299686139541,-26.67407917383821,4.43502480510279,-26.85500860585198,4.866068644325227,-30.0,6.440793763288476,-30.0,7.415518882251725,-30.0,8.990244001214975,-30.0,10.564969120178224,-30.0,12.739694239141471,-30.0,14.37073807836391,-30.0,15.34546319732716,-30.0,15.72018831629041,-30.0,16.09491343525366,-30.0,17.06963855421691,-30.0,17.500682393439337,-30.0,18.53172623266177,right,0.1719580989185154,0.1088916004511592,0.1821428571428571,0.0,0.0,,,0.0,0.0,left,True,Anonymized,"[0, 0]",2,2,363f7a8760a8f03794d7ad2262df3b51910874da
2.25.156021661584944120526934974594604520993,/home/user/workspace/dataset_extracted/Датасет/НД_для_обучения/Исследования/2.25.156021661584944120526934974594604520993/series_003_2_CR/A2507142228 DXA/CR DXA/CR000006.dcm,1.2.643.5.1.13.13.12.2.77.8252.11080103090607140209131008021505,6,261,280,right_hip,True,0.0,,,,,0.0,0.0,,,0,0.0,0,0.0,False,0.0,,,,,,,,2.837656024303365,2.837656024303365,31.8,80.85000000000001,0.0,4.734838845365155,42.6,-18.20997949418998,67.2,3.0,274.05,168.0,141.0,0.3839285714285714,0.2154214559386973,0.5402298850574713,0.3071428571428571,0.1785714285714285,0.4758788216220568,0.1377078107905389,0.938455652416128,-0.0916451969083567,-25.415941952784028,0.0840422735159563,-27.823891897576065,0.3658078763341848,-29.029854356170112,0.5414953467584979,-30.0,0.7171828171828111,-30.0,1.492870287607124,-30.0,1.6685577580314372,-30.0,2.5503233608496743,-30.0,2.7260108312739875,-30.0,3.5016983016982963,-30.0,4.277385772122609,-30.0,4.453073242546918,-30.0,4.628760712971231,-30.0,4.310526315789468,-30.0,3.886213786213781,-30.0,3.46190125663809,-30.0,3.143666859456323,-30.0,3.143666859456323,-30.0,3.143666859456323,-30.0,3.143666859456323,-30.0,left,-0.3769526361401192,2.837656024303365,0.2535714285714285,,,0.0,0.0,0.0,0.0,right,True,Anonymized,"[0, 0]",2,3,778d3d72ce9994ab0869bb9aca2bf3e00d9bccec
2.25.156021661584944120526934974594604520993,/home/user/workspace/dataset_extracted/Датасет/НД_для_обучения/Исследования/2.25.156021661584944120526934974594604520993/series_003_2_CR/A2507142228 DXA/CR DXA/CR000003.dcm,1.2.643.5.1.13.13.12.2.77.8252.12020806150405080200131300151004,7,261,280,left_hip,True,0.0,,,,,,,0.0,0.0,0,0.0,0,0.0,False,0.0,,,,,,,,0.1088916004511592,0.1088916004511592,30.6,88.2,0.0,-14.306024096385553,30.6,18.53172623266177,78.75,10.2,274.05,168.0,261.0,0.2946428571428571,0.2111247947454844,1.0,0.2964285714285714,0.1714285714285714,0.512079767623658,0.1658793268048553,0.952294762833604,-24.68695352839932,1.530355371064107,-25.528192771084345,1.905080490027356,-26.90912220309811,1.7361243292497932,-27.75036144578313,2.7108494482130423,-27.991600688468164,3.0855745671762915,-28.23283993115319,3.460299686139541,-26.67407917383821,4.43502480510279,-26.85500860585198,4.866068644325227,-30.0,6.440793763288476,-30.0,7.415518882251725,-30.0,8.990244001214975,-30.0,10.564969120178224,-30.0,12.739694239141471,-30.0,14.37073807836391,-30.0,15.34546319732716,-30.0,15.72018831629041,-30.0,16.09491343525366,-30.0,17.06963855421691,-30.0,17.500682393439337,-30.0,18.53172623266177,right,0.1719580989185154,0.1088916004511592,0.1821428571428571,0.0,0.0,,,0.0,0.0,left,True,Anonymized,"[0, 0]",2,4,363f7a8760a8f03794d7ad2262df3b51910874da
2.25.156021661584944120526934974594604520993,/home/user/workspace/dataset_extracted/Датасет/НД_для_обучения/Исследования/2.25.156021661584944120526934974594604520993/series_003_2_CR/A2507142228 DXA/CR DXA/CR000001.dcm,1.2.643.5.1.13.13.12.2.77.8252.09091502110711081102050610090100,8,261,280,right_hip,True,0.0,,,,,0.0,0.0,,,0,0.0,0,0.0,False,0.0,,,,,,,,2.837656024303365,2.837656024303365,31.8,80.85000000000001,0.0,4.734838845365155,42.6,-18.20997949418998,67.2,3.0,274.05,168.0,141.0,0.3839285714285714,0.2154214559386973,0.5402298850574713,0.3071428571428571,0.1785714285714285,0.4758788216220568,0.1377078107905389,0.938455652416128,-0.0916451969083567,-25.415941952784028,0.0840422735159563,-27.823891897576065,0.3658078763341848,-29.029854356170112,0.5414953467584979,-30.0,0.7171828171828111,-30.0,1.492870287607124,-30.0,1.6685577580314372,-30.0,2.5503233608496743,-30.0,2.7260108312739875,-30.0,3.5016983016982963,-30.0,4.277385772122609,-30.0,4.453073242546918,-30.0,4.628760712971231,-30.0,4.310526315789468,-30.0,3.886213786213781,-30.0,3.46190125663809,-30.0,3.143666859456323,-30.0,3.143666859456323,-30.0,3.143666859456323,-30.0,3.143666859456323,-30.0,left,-0.3769526361401192,2.837656024303365,0.2535714285714285,,,0.0,0.0,0.0,0.0,right,True,Anonymized,"[170, 159]",2,5,778d3d72ce9994ab0869bb9aca2bf3e00d9bccec
2.25.156021661584944120526934974594604520993,/home/user/workspace/dataset_extracted/Датасет/НД_для_обучения/Исследования/2.25.156021661584944120526934974594604520993/series_003_2_CR/A2507142228 DXA/CR DXA/CR000004.dcm,1.2.643.5.1.13.13.12.2.77.8252.04040506120312070613131201100500,9,261,280,left_hip,True,0.0,,,,,,,0.0,0.0,0,0.0,0,0.0,False,0.0,,,,,,,,0.1088916004511592,0.1088916004511592,30.6,88.2,0.0,-14.306024096385553,30.6,18.53172623266177,78.75,10.2,274.05,168.0,261.0,0.2946428571428571,0.2111247947454844,1.0,0.2964285714285714,0.1714285714285714,0.512079767623658,0.1658793268048553,0.952294762833604,-24.68695352839932,1.530355371064107,-25.528192771084345,1.905080490027356,-26.90912220309811,1.7361243292497932,-27.75036144578313,2.7108494482130423,-27.991600688468164,3.0855745671762915,-28.23283993115319,3.460299686139541,-26.67407917383821,4.43502480510279,-26.85500860585198,4.866068644325227,-30.0,6.440793763288476,-30.0,7.415518882251725,-30.0,8.990244001214975,-30.0,10.564969120178224,-30.0,12.739694239141471,-30.0,14.37073807836391,-30.0,15.34546319732716,-30.0,15.72018831629041,-30.0,16.09491343525366,-30.0,17.06963855421691,-30.0,17.500682393439337,-30.0,18.53172623266177,right,0.1719580989185154,0.1088916004511592,0.1821428571428571,0.0,0.0,,,0.0,0.0,left,True,Anonymized,"[170, 159]",2,6,363f7a8760a8f03794d7ad2262df3b51910874da
2.25.156021661584944120526934974594604520993,/home/user/workspace/dataset_extracted/Датасет/НД_для_обучения/Исследования/2.25.156021661584944120526934974594604520993/series_003_2_CR/A2507142228 DXA/CR DXA/CR000009.dcm,1.2.643.5.1.13.13.12.2.77.8252.01020015070311140900060907010202,13,261,280,left_hip,True,0.0,,,,,,,0.0,0.0,0,0.0,0,0.0,False,0.0,,,,,,,,0.1088916004511592,0.1088916004511592,30.6,88.2,0.0,-14.306024096385553,30.6,18.53172623266177,78.75,10.2,274.05,168.0,261.0,0.2946428571428571,0.2111247947454844,1.0,0.2964285714285714,0.1714285714285714,0.512079767623658,0.1658793268048553,0.952294762833604,-24.68695352839932,1.530355371064107,-25.528192771084345,1.905080490027356,-26.90912220309811,1.7361243292497932,-27.75036144578313,2.7108494482130423,-27.991600688468164,3.0855745671762915,-28.23283993115319,3.460299686139541,-26.67407917383821,4.43502480510279,-26.85500860585198,4.866068644325227,-30.0,6.440793763288476,-30.0,7.415518882251725,-30.0,8.990244001214975,-30.0,10.564969120178224,-30.0,12.739694239141471,-30.0,14.37073807836391,-30.0,15.34546319732716,-30.0,15.72018831629041,-30.0,16.09491343525366,-30.0,17.06963855421691,-30.0,17.500682393439337,-30.0,18.53172623266177,right,0.1719580989185154,0.1088916004511592,0.1821428571428571,0.0,0.0,,,0.0,0.0,left,True,Anonymized,"[180, 191]",2,7,363f7a8760a8f03794d7ad2262df3b51910874da
2.25.156021661584944120526934974594604520993,/home/user/workspace/dataset_extracted/Датасет/НД_для_обучения/Исследования/2.25.156021661584944120526934974594604520993/series_003_2_CR/A2507142228 DXA/CR DXA/CR000002.dcm,1.2.643.5.1.13.13.12.2.77.8252.02061505000012091414020201140711,14,261,280,right_hip,True,0.0,,,,,0.0,0.0,,,0,0.0,0,0.0,False,0.0,,,,,,,,2.837656024303365,2.837656024303365,31.8,80.85000000000001,0.0,4.734838845365155,42.6,-18.20997949418998,67.2,3.0,274.05,168.0,141.0,0.3839285714285714,0.2154214559386973,0.5402298850574713,0.3071428571428571,0.1785714285714285,0.4758788216220568,0.1377078107905389,0.938455652416128,-0.0916451969083567,-25.415941952784028,0.0840422735159563,-27.823891897576065,0.3658078763341848,-29.029854356170112,0.5414953467584979,-30.0,0.7171828171828111,-30.0,1.492870287607124,-30.0,1.6685577580314372,-30.0,2.5503233608496743,-30.0,2.7260108312739875,-30.0,3.5016983016982963,-30.0,4.277385772122609,-30.0,4.453073242546918,-30.0,4.628760712971231,-30.0,4.310526315789468,-30.0,3.886213786213781,-30.0,3.46190125663809,-30.0,3.143666859456323,-30.0,3.143666859456323,-30.0,3.143666859456323,-30.0,3.143666859456323,-30.0,left,-0.3769526361401192,2.837656024303365,0.2535714285714285,,,0.0,0.0,0.0,0.0,right,True,Anonymized,"[180, 191]",2,8,778d3d72ce9994ab0869bb9aca2bf3e00d9bccec
2.25.156375884487675936513403083218009333856,/home/user/workspace/dataset_extracted/Датасет/НД_для_обучения/Исследования/2.25.156375884487675936513403083218009333856/series_003_2_CR/A250727121 DXA/CR DXA/CR000004.dcm,1.2.643.5.1.13.13.12.2.77.8252.00010208150107110206110212130810,2,291,280,right_hip,True,0.0,,,,,0.0,0.0,,,0,0.0,0,0.0,False,0.0,,,,,,,,-4.038986557940336,4.038986557940336,30.0,96.6,0.0,0.722657706949434,61.8,24.45649399688669,55.650000000000006,39.0,305.55,168.0,291.0,0.45,0.2738831615120275,1.0,0.3607142857142857,0.1678571428571428,0.5836309636828831,0.1824903553400093,0.9577482359210652,0.1349937579951614,2.9037159194241835,-0.3165482483855555,3.659044742074184,-0.2052047531710911,3.92554135906168,-0.0567467595518081,4.08087018171168,0.0917112340674748,4.83619900436168,0.2401692276867578,5.59152782701168,0.3886272213060408,6.946856649661697,0.4999707165205052,8.413353266649192,0.6484287101397882,9.768682089299192,0.1968867037590712,11.724010911949192,-0.2546553026216457,14.879339734599192,-2.5061973090023626,18.034668557249194,-4.757739315383071,21.1899973798992,-11.246395820168615,24.45649399688669,-11.246395820168615,24.45649399688669,-11.246395820168615,24.45649399688669,-11.246395820168615,24.45649399688669,-11.246395820168615,24.45649399688669,-11.246395820168615,24.45649399688669,-11.246395820168615,24.45649399688669,right,1.0204358456067018,4.038986557940336,0.3678571428571428,0.0,0.0,,,0.0,0.0,right,False,Anonymized,"[180, 192]",2,0,ddbf8b3402d2d55bf4540080179a3e3625995beb
2.25.156375884487675936513403083218009333856,/home/user/workspace/dataset_extracted/Датасет/НД_для_обучения/Исследования/2.25.156375884487675936513403083218009333856/series_003_2_CR/A250727121 DXA/CR DXA/CR000000.dcm,1.2.643.5.1.13.13.12.2.77.8252.04001402031200081204010009090110,3,291,280,left_hip,True,0.0,,,,,,,0.0,0.0,0,0.0,0,0.0,False,0.0,,,,,,,,-3.689337577741102,3.689337577741102,30.0,117.6,0.0,1.3855203813168429,31.2,27.12975279324837,54.6,20.4,305.55,168.0,291.0,0.2678571428571428,0.2510800196367206,1.0,0.3428571428571428,0.1678571428571428,0.5613190552429007,0.1559568296652348,0.9651873766509595,0.001860457170197,3.034341579253077,-0.4485546861652977,3.2422925137526817,-0.3363660436669221,3.5482557146273934,-0.1867811870024212,4.956206649126997,-0.0371963303379203,5.76415758362661,0.1123885263265805,7.172108518126214,0.2619733829910856,8.580059452625827,0.3741620254894613,10.08602265350053,0.5237468821539665,12.09397358800014,1.2733317388184673,14.701924522499745,-10.577083404517031,17.30987545699935,-11.62749854785253,20.51782639149896,-30.0,25.52577732599857,-30.0,27.12975279324837,-30.0,27.12975279324837,-30.0,27.12975279324837,-30.0,27.12975279324837,-30.0,27.12975279324837,-30.0,27.12975279324837,-30.0,27.12975279324837,left,-0.5022799132352349,3.689337577741102,0.1857142857142857,,,0.0,0.0,0.0,0.0,left,False,Anonymized,"[180, 192]",2,1,1a37c4ad307b02218b9c65229bf2a43d03c68509
2.25.156375884487675936513403083218009333856,/home/user/workspace/dataset_extracted/Датасет/НД_для_обучения/Исследования/2.25.156375884487675936513403083218009333856/series_003_2_CR/A250727121 DXA/CR DXA/CR000008.dcm,1.2.643.5.1.13.13.12.2.77.8252.02120313110611140813031405011300,5,291,280,right_hip,True,0.0,,,,,0.0,0.0,,,0,0.0,0,0.0,False,0.0,,,,,,,,-4.038986557940336,4.038986557940336,30.0,96.6,0.0,0.722657706949434,61.8,24.45649399688669,55.650000000000006,39.0,305.55,168.0,291.0,0.45,0.2738831615120275,1.0,0.3607142857142857,0.1678571428571428,0.5836309636828831,0.1824903553400093,0.9577482359210652,0.1349937579951614,2.9037159194241835,-0.3165482483855555,3.659044742074184,-0.2052047531710911,3.92554135906168,-0.0567467595518081,4.08087018171168,0.0917112340674748,4.83619900436168,0.2401692276867578,5.59152782701168,0.3886272213060408,6.946856649661697,0.4999707165205052,8.413353266649192,0.6484287101397882,9.768682089299192,0.1968867037590712,11.724010911949192,-0.2546553026216457,14.879339734599192,-2.5061973090023626,18.034668557249194,-4.757739315383071,21.1899973798992,-11.246395820168615,24.45649399688669,-11.246395820168615,24.45649399688669,-11.246395820168615,24.45649399688669,-11.246395820168615,24.45649399688669,-11.246395820168615,24.45649399688669,-11.246395820168615,24.45649399688669,-11.246395820168615,24.45649399688669,right,1.0204358456067018,4.038986557940336,0.3678571428571428,0.0,0.0,,,0.0,0.0,right,False,Anonymized,"[0, 0]",2,2,ddbf8b3402d2d55bf4540080179a3e3625995beb
2.25.156375884487675936513403083218009333856,/home/user/workspace/dataset_extracted/Датасет/НД_для_обучения/Исследования/2.25.156375884487675936513403083218009333856/series_003_2_CR/A250727121 DXA/CR DXA/CR000002.dcm,1.2.643.5.1.13.13.12.2.77.8252.14151108130201081305130506031009,6,291,280,left_hip,True,0.0,,,,,,,0.0,0.0,0,0.0,0,0.0,False,0.0,,,,,,,,-3.689337577741102,3.689337577741102,30.0,117.6,0.0,1.3855203813168429,31.2,27.12975279324837,54.6,20.4,305.55,168.0,291.0,0.2678571428571428,0.2510800196367206,1.0,0.3428571428571428,0.1678571428571428,0.5613190552429007,0.1559568296652348,0.9651873766509595,0.001860457170197,3.034341579253077,-0.4485546861652977,3.2422925137526817,-0.3363660436669221,3.5482557146273934,-0.1867811870024212,4.956206649126997,-0.0371963303379203,5.76415758362661,0.1123885263265805,7.172108518126214,0.2619733829910856,8.580059452625827,0.3741620254894613,10.08602265350053,0.5237468821539665,12.09397358800014,1.2733317388184673,14.701924522499745,-10.577083404517031,17.30987545699935,-11.62749854785253,20.51782639149896,-30.0,25.52577732599857,-30.0,27.12975279324837,-30.0,27.12975279324837,-30.0,27.12975279324837,-30.0,27.12975279324837,-30.0,27.12975279324837,-30.0,27.12975279324837,-30.0,27.12975279324837,left,-0.5022799132352349,3.689337577741102,0.1857142857142857,,,0.0,0.0,0.0,0.0,left,False,Anonymized,"[0, 0]",2,3,1a37c4ad307b02218b9c65229bf2a43d03c68509
2.25.156375884487675936513403083218009333856,/home/user/workspace/dataset_extracted/Датасет/НД_для_обучения/Исследования/2.25.156375884487675936513403083218009333856/series_003_2_CR/A250727121 DXA/CR DXA/CR000006.dcm,1.2.643.5.1.13.13.12.2.77.8252.08030713030704060311150311011102,7,291,280,left_hip,True,0.0,,,,,,,0.0,0.0,0,0.0,0,0.0,False,0.0,,,,,,,,-3.689337577741102,3.689337577741102,30.0,117.6,0.0,1.3855203813168429,31.2,27.12975279324837,54.6,20.4,305.55,168.0,291.0,0.2678571428571428,0.2510800196367206,1.0,0.3428571428571428,0.1678571428571428,0.5613190552429007,0.1559568296652348,0.9651873766509595,0.001860457170197,3.034341579253077,-0.4485546861652977,3.2422925137526817,-0.3363660436669221,3.5482557146273934,-0.1867811870024212,4.956206649126997,-0.0371963303379203,5.76415758362661,0.1123885263265805,7.172108518126214,0.2619733829910856,8.580059452625827,0.3741620254894613,10.08602265350053,0.5237468821539665,12.09397358800014,1.2733317388184673,14.701924522499745,-10.577083404517031,17.30987545699935,-11.62749854785253,20.51782639149896,-30.0,25.52577732599857,-30.0,27.12975279324837,-30.0,27.12975279324837,-30.0,27.12975279324837,-30.0,27.12975279324837,-30.0,27.12975279324837,-30.0,27.12975279324837,-30.0,27.12975279324837,left,-0.5022799132352349,3.689337577741102,0.1857142857142857,,,0.0,0.0,0.0,0.0,left,False,Anonymized,"[0, 0]",2,4,1a37c4ad307b02218b9c65229bf2a43d03c68509
2.25.156375884487675936513403083218009333856,/home/user/workspace/dataset_extracted/Датасет/НД_для_обучения/Исследования/2.25.156375884487675936513403083218009333856/series_003_2_CR/A250727121 DXA/CR DXA/CR000010.dcm,1.2.643.5.1.13.13.12.2.77.8252.02031105000207140511130815071303,10,291,280,left_hip,True,0.0,,,,,,,0.0,0.0,0,0.0,0,0.0,False,0.0,,,,,,,,-3.689337577741102,3.689337577741102,30.0,117.6,0.0,1.3855203813168429,31.2,27.12975279324837,54.6,20.4,305.55,168.0,291.0,0.2678571428571428,0.2510800196367206,1.0,0.3428571428571428,0.1678571428571428,0.5613190552429007,0.1559568296652348,0.9651873766509595,0.001860457170197,3.034341579253077,-0.4485546861652977,3.2422925137526817,-0.3363660436669221,3.5482557146273934,-0.1867811870024212,4.956206649126997,-0.0371963303379203,5.76415758362661,0.1123885263265805,7.172108518126214,0.2619733829910856,8.580059452625827,0.3741620254894613,10.08602265350053,0.5237468821539665,12.09397358800014,1.2733317388184673,14.701924522499745,-10.577083404517031,17.30987545699935,-11.62749854785253,20.51782639149896,-30.0,25.52577732599857,-30.0,27.12975279324837,-30.0,27.12975279324837,-30.0,27.12975279324837,-30.0,27.12975279324837,-30.0,27.12975279324837,-30.0,27.12975279324837,-30.0,27.12975279324837,left,-0.5022799132352349,3.689337577741102,0.1857142857142857,,,0.0,0.0,0.0,0.0,left,False,Anonymized,"[520, 545]",2,5,1a37c4ad307b02218b9c65229bf2a43d03c68509
2.25.156375884487675936513403083218009333856,/home/user/workspace/dataset_extracted/Датасет/НД_для_обучения/Исследования/2.25.156375884487675936513403083218009333856/series_003_2_CR/A250727121 DXA/CR DXA/CR000007.dcm,1.2.643.5.1.13.13.12.2.77.8252.05051104100602100505120514140315,11,291,280,right_hip,True,0.0,,,,,0.0,0.0,,,0,0.0,0,0.0,False,0.0,,,,,,,,-4.038986557940336,4.038986557940336,30.0,96.6,0.0,0.722657706949434,61.8,24.45649399688669,55.650000000000006,39.0,305.55,168.0,291.0,0.45,0.2738831615120275,1.0,0.3607142857142857,0.1678571428571428,0.5836309636828831,0.1824903553400093,0.9577482359210652,0.1349937579951614,2.9037159194241835,-0.3165482483855555,3.659044742074184,-0.2052047531710911,3.92554135906168,-0.0567467595518081,4.08087018171168,0.0917112340674748,4.83619900436168,0.2401692276867578,5.59152782701168,0.3886272213060408,6.946856649661697,0.4999707165205052,8.413353266649192,0.6484287101397882,9.768682089299192,0.1968867037590712,11.724010911949192,-0.2546553026216457,14.879339734599192,-2.5061973090023626,18.034668557249194,-4.757739315383071,21.1899973798992,-11.246395820168615,24.45649399688669,-11.246395820168615,24.45649399688669,-11.246395820168615,24.45649399688669,-11.246395820168615,24.45649399688669,-11.246395820168615,24.45649399688669,-11.246395820168615,24.45649399688669,-11.246395820168615,24.45649399688669,right,1.0204358456067018,4.038986557940336,0.3678571428571428,0.0,0.0,,,0.0,0.0,right,False,Anonymized,"[520, 545]",2,6,ddbf8b3402d2d55bf4540080179a3e3625995beb
2.25.156375884487675936513403083218009333856,/home/user/workspace/dataset_extracted/Датасет/НД_для_обучения/Исследования/2.25.156375884487675936513403083218009333856/series_003_2_CR/A250727121 DXA/CR DXA/CR000005.dcm,1.2.643.5.1.13.13.12.2.77.8252.09011413060403000011030100010009,12,291,280,left_hip,True,0.0,,,,,,,0.0,0.0,0,0.0,0,0.0,False,0.0,,,,,,,,-3.689337577741102,3.689337577741102,30.0,117.6,0.0,1.3855203813168429,31.2,27.12975279324837,54.6,20.4,305.55,168.0,291.0,0.2678571428571428,0.2510800196367206,1.0,0.3428571428571428,0.1678571428571428,0.5613190552429007,0.1559568296652348,0.9651873766509595,0.001860457170197,3.034341579253077,-0.4485546861652977,3.2422925137526817,-0.3363660436669221,3.5482557146273934,-0.1867811870024212,4.956206649126997,-0.0371963303379203,5.76415758362661,0.1123885263265805,7.172108518126214,0.2619733829910856,8.580059452625827,0.3741620254894613,10.08602265350053,0.5237468821539665,12.09397358800014,1.2733317388184673,14.701924522499745,-10.577083404517031,17.30987545699935,-11.62749854785253,20.51782639149896,-30.0,25.52577732599857,-30.0,27.12975279324837,-30.0,27.12975279324837,-30.0,27.12975279324837,-30.0,27.12975279324837,-30.0,27.12975279324837,-30.0,27.12975279324837,-30.0,27.12975279324837,left,-0.5022799132352349,3.689337577741102,0.1857142857142857,,,0.0,0.0,0.0,0.0,left,False,Anonymized,"[170, 177]",2,7,1a37c4ad307b02218b9c65229bf2a43d03c68509
2.25.156389075510671877606923458507011517218,/home/user/workspace/dataset_extracted/Датасет/НД_для_обучения/Исследования/2.25.156389075510671877606923458507011517218/series_001_2_CR/A2507389755 DXA/CR DXA/CR000001.dcm,1.2.643.5.1.13.13.12.2.77.8252.05051100060005040907000403081502,4,292,280,left_hip,True,0.0,,,,,,,0.0,0.0,0,0.0,0,0.0,False,0.0,,,,,,,,-2.253058617890333,2.253058617890333,32.4,101.85,0.0,-18.23002577319589,42.6,14.890498106459091,72.45,10.2,306.6,168.0,292.0,0.3428571428571428,0.2368639921722113,1.0,0.3428571428571428,0.175,0.5643558460258912,0.1327149276924827,0.9685086565688285,-18.24032190195668,1.8839785398695763,-18.25405007363772,2.739764359352012,-18.8643462023985,3.0816037239638376,-24.87807437407954,3.3373895434462555,-24.891802545760587,2.99317536292869,-24.905530717441632,3.248961182411125,-23.71925888912267,3.50474700189356,-23.72955501788345,3.246586366505386,-23.743283189564497,4.102372185987804,-23.75701136124553,4.958158005470239,-23.770739532926584,5.813943824952673,-30.0,6.669729644435108,-30.0,7.525515463917543,-30.0,9.06735482852937,-30.0,10.523140648011786,-30.0,12.578926467494222,-30.0,13.434712286976657,-30.0,14.890498106459091,-30.0,14.890498106459091,-30.0,14.890498106459091,left,-0.4339671554415739,2.253058617890333,0.2535714285714285,,,0.0,0.0,0.0,0.0,left,False,Anonymized,"[520, 531]",2,0,da094495fcaaa576b892a733c37c90494b62b153
2.25.156389075510671877606923458507011517218,/home/user/workspace/dataset_extracted/Датасет/НД_для_обучения/Исследования/2.25.156389075510671877606923458507011517218/series_001_2_CR/A2507389755 DXA/CR DXA/CR000000.dcm,1.2.643.5.1.13.13.12.2.77.8252.12101514000107101207120412120213,5,292,280,right_hip,True,0.0,,,,,0.0,0.0,,,51,32.13,51,32.13,True,3.50732476527712,,,,,,,,0.5656551069254987,0.5656551069254987,33.6,88.2,0.0,-0.3437035537106197,63.0,-19.512220309810704,50.400000000000006,3.0,306.6,168.0,132.0,0.4892857142857142,0.2218811154598826,0.4520547945205479,0.3321428571428571,0.1821428571428571,0.5365709202057475,0.1492458548226961,0.9646140069168966,-0.9866032196010734,-22.03610812999901,-1.234719044244181,-22.8012918902501,-0.8208059127265187,-24.725179710438425,-1.0689217373696265,-26.09036347068951,-1.3170375620127344,-26.2555472309406,-1.565153386655851,-29.42073099119168,-1.2132692112989587,-29.585914751442765,-1.3993560797812876,-30.0,-1.0474719044243954,-30.0,-0.6955877290675119,-30.0,-0.3437035537106197,-30.0,-0.5918193783537277,-30.0,-0.7158772906752858,-30.0,-0.7158772906752858,-30.0,-0.7158772906752858,-30.0,-0.7158772906752858,-30.0,-0.7158772906752858,-30.0,-0.7158772906752858,-30.0,-0.7158772906752858,-30.0,-0.7158772906752858,-30.0,right,0.8253979501031644,0.5656551069254987,0.375,0.0,0.0,,,0.0,0.0,right,False,Anonymized,"[520, 531]",2,1,f894d8d435d548689605fb39a2b2d13a631772ad
2.25.156389075510671877606923458507011517218,/home/user/workspace/dataset_extracted/Датасет/НД_для_обучения/Исследования/2.25.156389075510671877606923458507011517218/series_001_2_CR/A2507389755 DXA/CR DXA/CR000004.dcm,1.2.643.5.1.13.13.12.2.77.8252.05071102020515091408100612011404,6,292,280,left_hip,True,0.0,,,,,,,0.0,0.0,0,0.0,0,0.0,False,0.0,,,,,,,,-2.253058617890333,2.253058617890333,32.4,101.85,0.0,-18.23002577319589,42.6,14.890498106459091,72.45,10.2,306.6,168.0,292.0,0.3428571428571428,0.2368639921722113,1.0,0.3428571428571428,0.175,0.5643558460258912,0.1327149276924827,0.9685086565688285,-18.24032190195668,1.8839785398695763,-18.25405007363772,2.739764359352012,-18.8643462023985,3.0816037239638376,-24.87807437407954,3.3373895434462555,-24.891802545760587,2.99317536292869,-24.905530717441632,3.248961182411125,-23.71925888912267,3.50474700189356,-23.72955501788345,3.246586366505386,-23.743283189564497,4.102372185987804,-23.75701136124553,4.958158005470239,-23.770739532926584,5.813943824952673,-30.0,6.669729644435108,-30.0,7.525515463917543,-30.0,9.06735482852937,-30.0,10.523140648011786,-30.0,12.578926467494222,-30.0,13.434712286976657,-30.0,14.890498106459091,-30.0,14.890498106459091,-30.0,14.890498106459091,left,-0.4339671554415739,2.253058617890333,0.2535714285714285,,,0.0,0.0,0.0,0.0,left,False,Anonymized,"[170, 178]",2,2,da094495fcaaa576b892a733c37c90494b62b153
2.25.156389075510671877606923458507011517218,/home/user/workspace/dataset_extracted/Датасет/НД_для_обучения/Исследования/2.25.156389075510671877606923458507011517218/series_001_2_CR/A2507389755 DXA/CR DXA/CR000005.dcm,1.2.643.5.1.13.13.12.2.77.8252.06010215090214010805091400020206,8,292,280,right_hip,True,0.0,,,,,0.0,0.0,,,51,32.13,51,32.13,True,3.50732476527712,,,,,,,,0.5656551069254987,0.5656551069254987,33.6,88.2,0.0,-0.3437035537106197,63.0,-19.512220309810704,50.400000000000006,3.0,306.6,168.0,132.0,0.4892857142857142,0.2218811154598826,0.4520547945205479,0.3321428571428571,0.1821428571428571,0.5365709202057475,0.1492458548226961,0.9646140069168966,-0.9866032196010734,-22.03610812999901,-1.234719044244181,-22.8012918902501,-0.8208059127265187,-24.725179710438425,-1.0689217373696265,-26.09036347068951,-1.3170375620127344,-26.2555472309406,-1.565153386655851,-29.42073099119168,-1.2132692112989587,-29.585914751442765,-1.3993560797812876,-30.0,-1.0474719044243954,-30.0,-0.6955877290675119,-30.0,-0.3437035537106197,-30.0,-0.5918193783537277,-30.0,-0.7158772906752858,-30.0,-0.7158772906752858,-30.0,-0.7158772906752858,-30.0,-0.7158772906752858,-30.0,-0.7158772906752858,-30.0,-0.7158772906752858,-30.0,-0.7158772906752858,-30.0,-0.7158772906752858,-30.0,right,0.8253979501031644,0.5656551069254987,0.375,0.0,0.0,,,0.0,0.0,right,False,Anonymized,"[170, 178]",2,3,f894d8d435d548689605fb39a2b2d13a631772ad
2.25.157462338378550185821790046400986801350,/home/user/workspace/dataset_extracted/Датасет/НД_для_обучения/Исследования/2.25.157462338378550185821790046400986801350/series_001_2_CR/A2507498707 DXA/CR DXA/CR000005.dcm,1.2.643.5.1.13.13.12.2.77.8252.04150901080711131310091006050208,4,235,280,left_hip,True,1.0,Нарушение позиционирования/ротации левого бедра,,,,,,1.0,0.0,0,0.0,0,0.0,False,0.0,,,,,,,,-8.913468959941651,8.913468959941651,24.6,73.5,0.0,-0.5011110139095365,59.4,5.493871052401357,55.650000000000006,12.0,246.75,168.0,235.0,0.4214285714285714,0.1859878419452887,1.0,0.2357142857142857,0.1392857142857143,0.5658149035591403,0.1479191272078017,0.9657246555464556,-8.09435744904207,1.99111188872364,-7.33503280552882,2.03300848569678,-7.96553932289388,1.6144309334266438,-9.006214679380621,1.056327530399784,-8.246890035867372,1.0982241273729243,-6.887565392354122,1.1401207243460647,-5.528240748840863,0.582017321319222,-4.358747266205924,0.7634397690490686,-2.999422622692674,0.8053363660222089,-2.240097979179416,1.447232962995349,-0.8807733356661572,2.0891295599684896,-10.3214486921529,2.73102615694163,-11.962124048639655,4.572922753914787,-11.992630566004708,5.354345201644634,-11.992630566004708,5.354345201644634,-11.992630566004708,5.354345201644634,-11.992630566004708,5.354345201644634,-11.992630566004708,5.354345201644634,-11.992630566004708,5.354345201644634,-11.992630566004708,5.354345201644634,left,-0.4693351561438921,8.913468959941651,0.3535714285714285,,,1.0,0.0,1.0,0.0,left,False,Anonymized,"[520, 461]",2,0,29e4743f8b35754fdba714468ef7d15eabbb7dd7
2.25.157462338378550185821790046400986801350,/home/user/workspace/dataset_extracted/Датасет/НД_для_обучения/Исследования/2.25.157462338378550185821790046400986801350/series_001_2_CR/A2507498707 DXA/CR DXA/CR000001.dcm,1.2.643.5.1.13.13.12.2.77.8252.14100604010411121207140303140506,5,235,280,right_hip,True,1.0,Нарушение позиционирования/ротации правого бедра,,,,1.0,0.0,,,0,0.0,0,0.0,False,0.0,,,,,,,,-9.755956736754984,9.755956736754984,24.3,73.5,0.0,-2.0392546583850844,61.2,0.8158026419386033,44.1,8.4,246.75,168.0,235.0,0.4428571428571428,0.1811398176291793,1.0,0.2214285714285714,0.1392857142857143,0.5607651598528791,0.1563627118284366,0.9638967985037163,-4.715031055900627,-0.5048272242148301,-4.441490683229824,-1.0755699413874424,-3.786335403726707,-1.5036269792668977,-2.912795031055896,-2.0743696964394926,-2.0392546583850844,-2.045112413612105,-7.16571428571429,-2.015855130784701,-7.492173913043478,-1.986597847957296,-8.637018633540379,-1.214654885836751,-8.963478260869566,-0.5853976030093463,-9.289937888198756,0.0438596798180412,-9.616397515527945,0.673116962645446,-9.616397515527945,0.673116962645446,-9.616397515527945,0.673116962645446,-9.616397515527945,0.673116962645446,-9.616397515527945,0.673116962645446,-9.616397515527945,0.673116962645446,-9.616397515527945,0.673116962645446,-9.616397515527945,0.673116962645446,-9.616397515527945,0.673116962645446,-9.616397515527945,0.673116962645446,right,0.4359841689312489,9.755956736754984,0.3642857142857142,1.0,0.0,,,1.0,0.0,right,False,Anonymized,"[520, 461]",2,1,6d57d56fceaff59425fe688aa23bb32fedffc80e
2.25.157462338378550185821790046400986801350,/home/user/workspace/dataset_extracted/Датасет/НД_для_обучения/Исследования/2.25.157462338378550185821790046400986801350/series_001_2_CR/A2507498707 DXA/CR DXA/CR000003.dcm,1.2.643.5.1.13.13.12.2.77.8252.01041213150709070704090905040703,6,235,280,left_hip,True,1.0,Нарушение позиционирования/ротации левого бедра,,,,,,1.0,0.0,0,0.0,0,0.0,False,0.0,,,,,,,,-8.913468959941651,8.913468959941651,24.6,73.5,0.0,-0.5011110139095365,59.4,5.493871052401357,55.650000000000006,12.0,246.75,168.0,235.0,0.4214285714285714,0.1859878419452887,1.0,0.2357142857142857,0.1392857142857143,0.5658149035591403,0.1479191272078017,0.9657246555464556,-8.09435744904207,1.99111188872364,-7.33503280552882,2.03300848569678,-7.96553932289388,1.6144309334266438,-9.006214679380621,1.056327530399784,-8.246890035867372,1.0982241273729243,-6.887565392354122,1.1401207243460647,-5.528240748840863,0.582017321319222,-4.358747266205924,0.7634397690490686,-2.999422622692674,0.8053363660222089,-2.240097979179416,1.447232962995349,-0.8807733356661572,2.0891295599684896,-10.3214486921529,2.73102615694163,-11.962124048639655,4.572922753914787,-11.992630566004708,5.354345201644634,-11.992630566004708,5.354345201644634,-11.992630566004708,5.354345201644634,-11.992630566004708,5.354345201644634,-11.992630566004708,5.354345201644634,-11.992630566004708,5.354345201644634,-11.992630566004708,5.354345201644634,left,-0.4693351561438921,8.913468959941651,0.3535714285714285,,,1.0,0.0,1.0,0.0,left,False,Anonymized,"[170, 143]",2,2,29e4743f8b35754fdba714468ef7d15eabbb7dd7
2.25.157462338378550185821790046400986801350,/home/user/workspace/dataset_extracted/Датасет/НД_для_обучения/Исследования/2.25.157462338378550185821790046400986801350/series_001_2_CR/A2507498707 DXA/CR DXA/CR000004.dcm,1.2.643.5.1.13.13.12.2.77.8252.01050311070609101401120201090506,8,235,280,right_hip,True,1.0,Нарушение позиционирования/ротации правого бедра,,,,1.0,0.0,,,0,0.0,0,0.0,False,0.0,,,,,,,,-9.755956736754984,9.755956736754984,24.3,73.5,0.0,-2.0392546583850844,61.2,0.8158026419386033,44.1,8.4,246.75,168.0,235.0,0.4428571428571428,0.1811398176291793,1.0,0.2214285714285714,0.1392857142857143,0.5607651598528791,0.1563627118284366,0.9638967985037163,-4.715031055900627,-0.5048272242148301,-4.441490683229824,-1.0755699413874424,-3.786335403726707,-1.5036269792668977,-2.912795031055896,-2.0743696964394926,-2.0392546583850844,-2.045112413612105,-7.16571428571429,-2.015855130784701,-7.492173913043478,-1.986597847957296,-8.637018633540379,-1.214654885836751,-8.963478260869566,-0.5853976030093463,-9.289937888198756,0.0438596798180412,-9.616397515527945,0.673116962645446,-9.616397515527945,0.673116962645446,-9.616397515527945,0.673116962645446,-9.616397515527945,0.673116962645446,-9.616397515527945,0.673116962645446,-9.616397515527945,0.673116962645446,-9.616397515527945,0.673116962645446,-9.616397515527945,0.673116962645446,-9.616397515527945,0.673116962645446,-9.616397515527945,0.673116962645446,right,0.4359841689312489,9.755956736754984,0.3642857142857142,1.0,0.0,,,1.0,0.0,right,False,Anonymized,"[170, 143]",2,3,6d57d56fceaff59425fe688aa23bb32fedffc80e
2.25.158646777318759504110695916200521633609,/home/user/workspace/dataset_extracted/Датасет/НД_для_обучения/Исследования/2.25.158646777318759504110695916200521633609/series_003_6_CR/A2507266260 DXA/CR DXA/CR000010.dcm,1.2.643.5.1.13.13.12.2.77.8252.13040700151412120600060201031309,4,289,280,left_hip,True,0.0,,,,,,,0.0,0.0,0,0.0,0,0.0,False,0.0,,,,,,,,-1.6540063076409943,1.6540063076409943,24.6,111.3,13.012414640904856,0.0479401466105883,42.0,17.152016525178233,106.05,3.0,303.45,168.0,207.0,0.3178571428571428,0.211344537815126,0.7162629757785467,0.3321428571428571,0.1392857142857143,0.5208932378731321,0.1204759216125276,0.9679246265334864,0.0286782376502088,3.1572723379600487,0.0479401466105883,3.5339768748268168,-15.537613421669136,3.966505277476888,-16.118351512708756,3.743209814343656,-16.099089603748386,4.119914351210423,-16.079827694788012,3.896618888077191,-17.860565785827635,4.873323424943959,-19.04611935410735,4.705851827594029,-19.62685744514697,5.682556364460797,-19.607595536186608,6.059260901327565,-19.588333627226227,7.035965438194332,-18.96907171826585,8.612669975061092,-17.74980980930548,10.18937451192786,-16.535363377585202,11.22190291457794,-16.51610146862482,12.798607451444706,-16.49683955966445,14.375311988311466,-15.277577650704073,17.152016525178233,-12.8583157417437,-4.671278937954997,-11.643869310023415,-9.038750535304928,-12.224607401063045,-9.26204599843816,left,-0.5257809034487235,1.6540063076409943,0.25,,,0.0,0.0,0.0,0.0,left,False,Anonymized,"[520, 526]",6,0,b24502d65e20225ea884ca0aa4e832804d1d7f52
2.25.158646777318759504110695916200521633609,/home/user/workspace/dataset_extracted/Датасет/НД_для_обучения/Исследования/2.25.158646777318759504110695916200521633609/series_004_2_CR/A2507266260 DXA/CR DXA/CR000003.dcm,1.2.643.5.1.13.13.12.2.77.8252.07071202031002110807120405030608,4,289,280,left_hip,True,0.0,,,,,,,0.0,0.0,0,0.0,0,0.0,False,0.0,,,,,,,,-1.6540063076409943,1.6540063076409943,24.6,111.3,13.012414640904856,0.0479401466105883,42.0,17.152016525178233,106.05,3.0,303.45,168.0,207.0,0.3178571428571428,0.211344537815126,0.7162629757785467,0.3321428571428571,0.1392857142857143,0.5208932378731321,0.1204759216125276,0.9679246265334864,0.0286782376502088,3.1572723379600487,0.0479401466105883,3.5339768748268168,-15.537613421669136,3.966505277476888,-16.118351512708756,3.743209814343656,-16.099089603748386,4.119914351210423,-16.079827694788012,3.896618888077191,-17.860565785827635,4.873323424943959,-19.04611935410735,4.705851827594029,-19.62685744514697,5.682556364460797,-19.607595536186608,6.059260901327565,-19.588333627226227,7.035965438194332,-18.96907171826585,8.612669975061092,-17.74980980930548,10.18937451192786,-16.535363377585202,11.22190291457794,-16.51610146862482,12.798607451444706,-16.49683955966445,14.375311988311466,-15.277577650704073,17.152016525178233,-12.8583157417437,-4.671278937954997,-11.643869310023415,-9.038750535304928,-12.224607401063045,-9.26204599843816,left,-0.5257809034487235,1.6540063076409943,0.25,,,0.0,0.0,0.0,0.0,left,False,Anonymized,"[520, 526]",2,1,b24502d65e20225ea884ca0aa4e832804d1d7f52
2.25.158646777318759504110695916200521633609,/home/user/workspace/dataset_extracted/Датасет/НД_для_обучения/Исследования/2.25.158646777318759504110695916200521633609/series_003_6_CR/A2507266260 DXA/CR DXA/CR000006.dcm,1.2.643.5.1.13.13.12.2.77.8252.04030712110411040711120105080700,5,291,280,right_hip,True,0.0,,,,,0.0,0.0,,,0,0.0,0,0.0,False,0.0,,,,,,,,-1.9840909678934755,1.9840909678934755,24.0,115.5,0.0,2.6974478732276936,46.2,26.38379730856793,79.8,16.8,305.55,168.0,291.0,0.3428571428571428,0.2186057928325969,1.0,0.35,0.1392857142857143,0.5313868732096814,0.1339511382892043,0.965979099814012,0.2022685571309438,3.5336771634019186,-0.3372810675562931,4.503128282577808,-0.2919432860717251,4.930216621959727,-0.231492910758962,5.299667741135616,-0.1710425354461989,5.069118860311505,0.4894078398665641,5.4385699794873945,0.5498582151793187,5.808021098663283,0.5951959966638952,6.235109438045202,1.2556463719766495,7.2045605572210825,1.3160967472894127,7.574011676396981,1.976547122602176,8.54346279557286,2.636997497914939,10.11291391474876,2.6974478732276936,11.68236503392464,-11.05721434528773,13.30945337330656,-17.596763969974976,14.878904492482455,-17.53631359466221,17.648355611658335,-16.875863219349448,21.017806730834234,-16.815412844036693,25.587257850010115,-30.0,26.014346189392032,-30.0,26.38379730856793,right,0.6317724336330264,1.9840909678934755,0.2749999999999999,0.0,0.0,,,0.0,0.0,right,False,Anonymized,"[520, 526]",6,2,a4d7d22cee183face3e65915e0a014c166c16e4a
2.25.158646777318759504110695916200521633609,/home/user/workspace/dataset_extracted/Датасет/НД_для_обучения/Исследования/2.25.158646777318759504110695916200521633609/series_004_2_CR/A2507266260 DXA/CR DXA/CR000004.dcm,1.2.643.5.1.13.13.12.2.77.8252.02070215040314000714060301121012,5,291,280,right_hip,True,0.0,,,,,0.0,0.0,,,0,0.0,0,0.0,False,0.0,,,,,,,,-1.9840909678934755,1.9840909678934755,24.0,115.5,0.0,2.6974478732276936,46.2,26.38379730856793,79.8,16.8,305.55,168.0,291.0,0.3428571428571428,0.2186057928325969,1.0,0.35,0.1392857142857143,0.5313868732096814,0.1339511382892043,0.965979099814012,0.2022685571309438,3.5336771634019186,-0.3372810675562931,4.503128282577808,-0.2919432860717251,4.930216621959727,-0.231492910758962,5.299667741135616,-0.1710425354461989,5.069118860311505,0.4894078398665641,5.4385699794873945,0.5498582151793187,5.808021098663283,0.5951959966638952,6.235109438045202,1.2556463719766495,7.2045605572210825,1.3160967472894127,7.574011676396981,1.976547122602176,8.54346279557286,2.636997497914939,10.11291391474876,2.6974478732276936,11.68236503392464,-11.05721434528773,13.30945337330656,-17.596763969974976,14.878904492482455,-17.53631359466221,17.648355611658335,-16.875863219349448,21.017806730834234,-16.815412844036693,25.587257850010115,-30.0,26.014346189392032,-30.0,26.38379730856793,right,0.6317724336330264,1.9840909678934755,0.2749999999999999,0.0,0.0,,,0.0,0.0,right,False,Anonymized,"[520, 526]",2,3,a4d7d22cee183face3e65915e0a014c166c16e4a
2.25.158646777318759504110695916200521633609,/home/user/workspace/dataset_extracted/Датасет/НД_для_обучения/Исследования/2.25.158646777318759504110695916200521633609/series_003_6_CR/A2507266260 DXA/CR DXA/CR000007.dcm,1.2.643.5.1.13.13.12.2.77.8252.14150106081013050013050511140613,6,289,280,left_hip,True,0.0,,,,,,,0.0,0.0,0,0.0,0,0.0,False,0.0,,,,,,,,-1.6540063076409943,1.6540063076409943,24.6,111.3,13.012414640904856,0.0479401466105883,42.0,17.152016525178233,106.05,3.0,303.45,168.0,207.0,0.3178571428571428,0.211344537815126,0.7162629757785467,0.3321428571428571,0.1392857142857143,0.5208932378731321,0.1204759216125276,0.9679246265334864,0.0286782376502088,3.1572723379600487,0.0479401466105883,3.5339768748268168,-15.537613421669136,3.966505277476888,-16.118351512708756,3.743209814343656,-16.099089603748386,4.119914351210423,-16.079827694788012,3.896618888077191,-17.860565785827635,4.873323424943959,-19.04611935410735,4.705851827594029,-19.62685744514697,5.682556364460797,-19.607595536186608,6.059260901327565,-19.588333627226227,7.035965438194332,-18.96907171826585,8.612669975061092,-17.74980980930548,10.18937451192786,-16.535363377585202,11.22190291457794,-16.51610146862482,12.798607451444706,-16.49683955966445,14.375311988311466,-15.277577650704073,17.152016525178233,-12.8583157417437,-4.671278937954997,-11.643869310023415,-9.038750535304928,-12.224607401063045,-9.26204599843816,left,-0.5257809034487235,1.6540063076409943,0.25,,,0.0,0.0,0.0,0.0,left,False,Anonymized,"[170, 175]",6,4,b24502d65e20225ea884ca0aa4e832804d1d7f52
2.25.158646777318759504110695916200521633609,/home/user/workspace/dataset_extracted/Датасет/НД_для_обучения/Исследования/2.25.158646777318759504110695916200521633609/series_004_2_CR/A2507266260 DXA/CR DXA/CR000014.dcm,1.2.643.5.1.13.13.12.2.77.8252.08031403081214020202010408050515,6,289,280,left_hip,True,0.0,,,,,,,0.0,0.0,0,0.0,0,0.0,False,0.0,,,,,,,,-1.6540063076409943,1.6540063076409943,24.6,111.3,13.012414640904856,0.0479401466105883,42.0,17.152016525178233,106.05,3.0,303.45,168.0,207.0,0.3178571428571428,0.211344537815126,0.7162629757785467,0.3321428571428571,0.1392857142857143,0.5208932378731321,0.1204759216125276,0.9679246265334864,0.0286782376502088,3.1572723379600487,0.0479401466105883,3.5339768748268168,-15.537613421669136,3.966505277476888,-16.118351512708756,3.743209814343656,-16.099089603748386,4.119914351210423,-16.079827694788012,3.896618888077191,-17.860565785827635,4.873323424943959,-19.04611935410735,4.705851827594029,-19.62685744514697,5.682556364460797,-19.607595536186608,6.059260901327565,-19.588333627226227,7.035965438194332,-18.96907171826585,8.612669975061092,-17.74980980930548,10.18937451192786,-16.535363377585202,11.22190291457794,-16.51610146862482,12.798607451444706,-16.49683955966445,14.375311988311466,-15.277577650704073,17.152016525178233,-12.8583157417437,-4.671278937954997,-11.643869310023415,-9.038750535304928,-12.224607401063045,-9.26204599843816,left,-0.5257809034487235,1.6540063076409943,0.25,,,0.0,0.0,0.0,0.0,left,False,Anonymized,"[170, 175]",2,5,b24502d65e20225ea884ca0aa4e832804d1d7f52
2.25.158646777318759504110695916200521633609,/home/user/workspace/dataset_extracted/Датасет/НД_для_обучения/Исследования/2.25.158646777318759504110695916200521633609/series_003_6_CR/A2507266260 DXA/CR DXA/CR000005.dcm,1.2.643.5.1.13.13.12.2.77.8252.15131010101502051307000500101007,8,291,280,right_hip,True,0.0,,,,,0.0,0.0,,,0,0.0,0,0.0,False,0.0,,,,,,,,-1.9840909678934755,1.9840909678934755,24.0,115.5,0.0,2.6974478732276936,46.2,26.38379730856793,79.8,16.8,305.55,168.0,291.0,0.3428571428571428,0.2186057928325969,1.0,0.35,0.1392857142857143,0.5313868732096814,0.1339511382892043,0.965979099814012,0.2022685571309438,3.5336771634019186,-0.3372810675562931,4.503128282577808,-0.2919432860717251,4.930216621959727,-0.231492910758962,5.299667741135616,-0.1710425354461989,5.069118860311505,0.4894078398665641,5.4385699794873945,0.5498582151793187,5.808021098663283,0.5951959966638952,6.235109438045202,1.2556463719766495,7.2045605572210825,1.3160967472894127,7.574011676396981,1.976547122602176,8.54346279557286,2.636997497914939,10.11291391474876,2.6974478732276936,11.68236503392464,-11.05721434528773,13.30945337330656,-17.596763969974976,14.878904492482455,-17.53631359466221,17.648355611658335,-16.875863219349448,21.017806730834234,-16.815412844036693,25.587257850010115,-30.0,26.014346189392032,-30.0,26.38379730856793,right,0.6317724336330264,1.9840909678934755,0.2749999999999999,0.0,0.0,,,0.0,0.0,right,False,Anonymized,"[170, 177]",6,6,a4d7d22cee183face3e65915e0a014c166c16e4a
2.25.158646777318759504110695916200521633609,/home/user/workspace/dataset_extracted/Датасет/НД_для_обучения/Исследования/2.25.158646777318759504110695916200521633609/series_004_2_CR/A2507266260 DXA/CR DXA/CR000010.dcm,1.2.643.5.1.13.13.12.2.77.8252.14070407100802110204090510100607,8,291,280,right_hip,True,0.0,,,,,0.0,0.0,,,0,0.0,0,0.0,False,0.0,,,,,,,,-1.9840909678934755,1.9840909678934755,24.0,115.5,0.0,2.6974478732276936,46.2,26.38379730856793,79.8,16.8,305.55,168.0,291.0,0.3428571428571428,0.2186057928325969,1.0,0.35,0.1392857142857143,0.5313868732096814,0.1339511382892043,0.965979099814012,0.2022685571309438,3.5336771634019186,-0.3372810675562931,4.503128282577808,-0.2919432860717251,4.930216621959727,-0.231492910758962,5.299667741135616,-0.1710425354461989,5.069118860311505,0.4894078398665641,5.4385699794873945,0.5498582151793187,5.808021098663283,0.5951959966638952,6.235109438045202,1.2556463719766495,7.2045605572210825,1.3160967472894127,7.574011676396981,1.976547122602176,8.54346279557286,2.636997497914939,10.11291391474876,2.6974478732276936,11.68236503392464,-11.05721434528773,13.30945337330656,-17.596763969974976,14.878904492482455,-17.53631359466221,17.648355611658335,-16.875863219349448,21.017806730834234,-16.815412844036693,25.587257850010115,-30.0,26.014346189392032,-30.0,26.38379730856793,right,0.6317724336330264,1.9840909678934755,0.2749999999999999,0.0,0.0,,,0.0,0.0,right,False,Anonymized,"[170, 177]",2,7,a4d7d22cee183face3e65915e0a014c166c16e4a
2.25.158646777318759504110695916200521633609,/home/user/workspace/dataset_extracted/Датасет/НД_для_обучения/Исследования/2.25.158646777318759504110695916200521633609/series_003_6_CR/A2507266260 DXA/CR DXA/CR000003.dcm,1.2.643.5.1.13.13.12.2.77.8252.03110108081008000413081502071511,14,289,280,left_hip,True,0.0,,,,,,,0.0,0.0,0,0.0,0,0.0,False,0.0,,,,,,,,-1.6540063076409943,1.6540063076409943,24.6,111.3,13.012414640904856,0.0479401466105883,42.0,17.152016525178233,106.05,3.0,303.45,168.0,207.0,0.3178571428571428,0.211344537815126,0.7162629757785467,0.3321428571428571,0.1392857142857143,0.5208932378731321,0.1204759216125276,0.9679246265334864,0.0286782376502088,3.1572723379600487,0.0479401466105883,3.5339768748268168,-15.537613421669136,3.966505277476888,-16.118351512708756,3.743209814343656,-16.099089603748386,4.119914351210423,-16.079827694788012,3.896618888077191,-17.860565785827635,4.873323424943959,-19.04611935410735,4.705851827594029,-19.62685744514697,5.682556364460797,-19.607595536186608,6.059260901327565,-19.588333627226227,7.035965438194332,-18.96907171826585,8.612669975061092,-17.74980980930548,10.18937451192786,-16.535363377585202,11.22190291457794,-16.51610146862482,12.798607451444706,-16.49683955966445,14.375311988311466,-15.277577650704073,17.152016525178233,-12.8583157417437,-4.671278937954997,-11.643869310023415,-9.038750535304928,-12.224607401063045,-9.26204599843816,left,-0.5257809034487235,1.6540063076409943,0.25,,,0.0,0.0,0.0,0.0,left,False,Anonymized,"[520, 526]",6,8,b24502d65e20225ea884ca0aa4e832804d1d7f52
2.25.158646777318759504110695916200521633609,/home/user/workspace/dataset_extracted/Датасет/НД_для_обучения/Исследования/2.25.158646777318759504110695916200521633609/series_004_2_CR/A2507266260 DXA/CR DXA/CR000015.dcm,1.2.643.5.1.13.13.12.2.77.8252.12010614051405051206130410050708,14,289,280,left_hip,True,0.0,,,,,,,0.0,0.0,0,0.0,0,0.0,False,0.0,,,,,,,,-1.6540063076409943,1.6540063076409943,24.6,111.3,13.012414640904856,0.0479401466105883,42.0,17.152016525178233,106.05,3.0,303.45,168.0,207.0,0.3178571428571428,0.211344537815126,0.7162629757785467,0.3321428571428571,0.1392857142857143,0.5208932378731321,0.1204759216125276,0.9679246265334864,0.0286782376502088,3.1572723379600487,0.0479401466105883,3.5339768748268168,-15.537613421669136,3.966505277476888,-16.118351512708756,3.743209814343656,-16.099089603748386,4.119914351210423,-16.079827694788012,3.896618888077191,-17.860565785827635,4.873323424943959,-19.04611935410735,4.705851827594029,-19.62685744514697,5.682556364460797,-19.607595536186608,6.059260901327565,-19.588333627226227,7.035965438194332,-18.96907171826585,8.612669975061092,-17.74980980930548,10.18937451192786,-16.535363377585202,11.22190291457794,-16.51610146862482,12.798607451444706,-16.49683955966445,14.375311988311466,-15.277577650704073,17.152016525178233,-12.8583157417437,-4.671278937954997,-11.643869310023415,-9.038750535304928,-12.224607401063045,-9.26204599843816,left,-0.5257809034487235,1.6540063076409943,0.25,,,0.0,0.0,0.0,0.0,left,False,Anonymized,"[520, 526]",2,9,b24502d65e20225ea884ca0aa4e832804d1d7f52
2.25.158646777318759504110695916200521633609,/home/user/workspace/dataset_extracted/Датасет/НД_для_обучения/Исследования/2.25.158646777318759504110695916200521633609/series_003_6_CR/A2507266260 DXA/CR DXA/CR000000.dcm,1.2.643.5.1.13.13.12.2.77.8252.11050703151212091005010115120315,15,291,280,right_hip,True,0.0,,,,,0.0,0.0,,,0,0.0,0,0.0,False,0.0,,,,,,,,-1.9840909678934755,1.9840909678934755,24.0,115.5,0.0,2.6974478732276936,46.2,26.38379730856793,79.8,16.8,305.55,168.0,291.0,0.3428571428571428,0.2186057928325969,1.0,0.35,0.1392857142857143,0.5313868732096814,0.1339511382892043,0.965979099814012,0.2022685571309438,3.5336771634019186,-0.3372810675562931,4.503128282577808,-0.2919432860717251,4.930216621959727,-0.231492910758962,5.299667741135616,-0.1710425354461989,5.069118860311505,0.4894078398665641,5.4385699794873945,0.5498582151793187,5.808021098663283,0.5951959966638952,6.235109438045202,1.2556463719766495,7.2045605572210825,1.3160967472894127,7.574011676396981,1.976547122602176,8.54346279557286,2.636997497914939,10.11291391474876,2.6974478732276936,11.68236503392464,-11.05721434528773,13.30945337330656,-17.596763969974976,14.878904492482455,-17.53631359466221,17.648355611658335,-16.875863219349448,21.017806730834234,-16.815412844036693,25.587257850010115,-30.0,26.014346189392032,-30.0,26.38379730856793,right,0.6317724336330264,1.9840909678934755,0.2749999999999999,0.0,0.0,,,0.0,0.0,right,False,Anonymized,"[520, 526]",6,10,a4d7d22cee183face3e65915e0a014c166c16e4a
2.25.158646777318759504110695916200521633609,/home/user/workspace/dataset_extracted/Датасет/НД_для_обучения/Исследования/2.25.158646777318759504110695916200521633609/series_004_2_CR/A2507266260 DXA/CR DXA/CR000001.dcm,1.2.643.5.1.13.13.12.2.77.8252.07040712050005061000030214131300,15,291,280,right_hip,True,0.0,,,,,0.0,0.0,,,0,0.0,0,0.0,False,0.0,,,,,,,,-1.9840909678934755,1.9840909678934755,24.0,115.5,0.0,2.6974478732276936,46.2,26.38379730856793,79.8,16.8,305.55,168.0,291.0,0.3428571428571428,0.2186057928325969,1.0,0.35,0.1392857142857143,0.5313868732096814,0.1339511382892043,0.965979099814012,0.2022685571309438,3.5336771634019186,-0.3372810675562931,4.503128282577808,-0.2919432860717251,4.930216621959727,-0.231492910758962,5.299667741135616,-0.1710425354461989,5.069118860311505,0.4894078398665641,5.4385699794873945,0.5498582151793187,5.808021098663283,0.5951959966638952,6.235109438045202,1.2556463719766495,7.2045605572210825,1.3160967472894127,7.574011676396981,1.976547122602176,8.54346279557286,2.636997497914939,10.11291391474876,2.6974478732276936,11.68236503392464,-11.05721434528773,13.30945337330656,-17.596763969974976,14.878904492482455,-17.53631359466221,17.648355611658335,-16.875863219349448,21.017806730834234,-16.815412844036693,25.587257850010115,-30.0,26.014346189392032,-30.0,26.38379730856793,right,0.6317724336330264,1.9840909678934755,0.2749999999999999,0.0,0.0,,,0.0,0.0,right,False,Anonymized,"[520, 526]",2,11,a4d7d22cee183face3e65915e0a014c166c16e4a
2.25.158646777318759504110695916200521633609,/home/user/workspace/dataset_extracted/Датасет/НД_для_обучения/Исследования/2.25.158646777318759504110695916200521633609/series_003_6_CR/A2507266260 DXA/CR DXA/CR000004.dcm,1.2.643.5.1.13.13.12.2.77.8252.12001515051514100814070205030801,16,289,280,left_hip,True,0.0,,,,,,,0.0,0.0,0,0.0,0,0.0,False,0.0,,,,,,,,-1.6540063076409943,1.6540063076409943,24.6,111.3,13.012414640904856,0.0479401466105883,42.0,17.152016525178233,106.05,3.0,303.45,168.0,207.0,0.3178571428571428,0.211344537815126,0.7162629757785467,0.3321428571428571,0.1392857142857143,0.5208932378731321,0.1204759216125276,0.9679246265334864,0.0286782376502088,3.1572723379600487,0.0479401466105883,3.5339768748268168,-15.537613421669136,3.966505277476888,-16.118351512708756,3.743209814343656,-16.099089603748386,4.119914351210423,-16.079827694788012,3.896618888077191,-17.860565785827635,4.873323424943959,-19.04611935410735,4.705851827594029,-19.62685744514697,5.682556364460797,-19.607595536186608,6.059260901327565,-19.588333627226227,7.035965438194332,-18.96907171826585,8.612669975061092,-17.74980980930548,10.18937451192786,-16.535363377585202,11.22190291457794,-16.51610146862482,12.798607451444706,-16.49683955966445,14.375311988311466,-15.277577650704073,17.152016525178233,-12.8583157417437,-4.671278937954997,-11.643869310023415,-9.038750535304928,-12.224607401063045,-9.26204599843816,left,-0.5257809034487235,1.6540063076409943,0.25,,,0.0,0.0,0.0,0.0,left,False,Anonymized,"[170, 175]",6,12,b24502d65e20225ea884ca0aa4e832804d1d7f52
2.25.158646777318759504110695916200521633609,/home/user/workspace/dataset_extracted/Датасет/НД_для_обучения/Исследования/2.25.158646777318759504110695916200521633609/series_004_2_CR/A2507266260 DXA/CR DXA/CR000006.dcm,1.2.643.5.1.13.13.12.2.77.8252.10080501080902141107071310080400,16,289,280,left_hip,True,0.0,,,,,,,0.0,0.0,0,0.0,0,0.0,False,0.0,,,,,,,,-1.6540063076409943,1.6540063076409943,24.6,111.3,13.012414640904856,0.0479401466105883,42.0,17.152016525178233,106.05,3.0,303.45,168.0,207.0,0.3178571428571428,0.211344537815126,0.7162629757785467,0.3321428571428571,0.1392857142857143,0.5208932378731321,0.1204759216125276,0.9679246265334864,0.0286782376502088,3.1572723379600487,0.0479401466105883,3.5339768748268168,-15.537613421669136,3.966505277476888,-16.118351512708756,3.743209814343656,-16.099089603748386,4.119914351210423,-16.079827694788012,3.896618888077191,-17.860565785827635,4.873323424943959,-19.04611935410735,4.705851827594029,-19.62685744514697,5.682556364460797,-19.607595536186608,6.059260901327565,-19.588333627226227,7.035965438194332,-18.96907171826585,8.612669975061092,-17.74980980930548,10.18937451192786,-16.535363377585202,11.22190291457794,-16.51610146862482,12.798607451444706,-16.49683955966445,14.375311988311466,-15.277577650704073,17.152016525178233,-12.8583157417437,-4.671278937954997,-11.643869310023415,-9.038750535304928,-12.224607401063045,-9.26204599843816,left,-0.5257809034487235,1.6540063076409943,0.25,,,0.0,0.0,0.0,0.0,left,False,Anonymized,"[170, 175]",2,13,b24502d65e20225ea884ca0aa4e832804d1d7f52
2.25.158646777318759504110695916200521633609,/home/user/workspace/dataset_extracted/Датасет/НД_для_обучения/Исследования/2.25.158646777318759504110695916200521633609/series_004_2_CR/A2507266260 DXA/CR DXA/CR000017.dcm,1.2.643.5.1.13.13.12.2.77.8252.11030505061512110108000404010908,18,291,280,right_hip,True,0.0,,,,,0.0,0.0,,,0,0.0,0,0.0,False,0.0,,,,,,,,-1.9840909678934755,1.9840909678934755,24.0,115.5,0.0,2.6974478732276936,46.2,26.38379730856793,79.8,16.8,305.55,168.0,291.0,0.3428571428571428,0.2186057928325969,1.0,0.35,0.1392857142857143,0.5313868732096814,0.1339511382892043,0.965979099814012,0.2022685571309438,3.5336771634019186,-0.3372810675562931,4.503128282577808,-0.2919432860717251,4.930216621959727,-0.231492910758962,5.299667741135616,-0.1710425354461989,5.069118860311505,0.4894078398665641,5.4385699794873945,0.5498582151793187,5.808021098663283,0.5951959966638952,6.235109438045202,1.2556463719766495,7.2045605572210825,1.3160967472894127,7.574011676396981,1.976547122602176,8.54346279557286,2.636997497914939,10.11291391474876,2.6974478732276936,11.68236503392464,-11.05721434528773,13.30945337330656,-17.596763969974976,14.878904492482455,-17.53631359466221,17.648355611658335,-16.875863219349448,21.017806730834234,-16.815412844036693,25.587257850010115,-30.0,26.014346189392032,-30.0,26.38379730856793,right,0.6317724336330264,1.9840909678934755,0.2749999999999999,0.0,0.0,,,0.0,0.0,right,False,Anonymized,"[170, 177]",2,14,a4d7d22cee183face3e65915e0a014c166c16e4a
2.25.158646777318759504110695916200521633609,/home/user/workspace/dataset_extracted/Датасет/НД_для_обучения/Исследования/2.25.158646777318759504110695916200521633609/series_004_2_CR/A2507266260 DXA/CR DXA/CR000011.dcm,1.2.643.5.1.13.13.12.2.77.8252.02001101060409110302091107020305,24,289,280,left_hip,True,0.0,,,,,,,0.0,0.0,0,0.0,0,0.0,False,0.0,,,,,,,,-1.6540063076409943,1.6540063076409943,24.6,111.3,13.012414640904856,0.0479401466105883,42.0,17.152016525178233,106.05,3.0,303.45,168.0,207.0,0.3178571428571428,0.211344537815126,0.7162629757785467,0.3321428571428571,0.1392857142857143,0.5208932378731321,0.1204759216125276,0.9679246265334864,0.0286782376502088,3.1572723379600487,0.0479401466105883,3.5339768748268168,-15.537613421669136,3.966505277476888,-16.118351512708756,3.743209814343656,-16.099089603748386,4.119914351210423,-16.079827694788012,3.896618888077191,-17.860565785827635,4.873323424943959,-19.04611935410735,4.705851827594029,-19.62685744514697,5.682556364460797,-19.607595536186608,6.059260901327565,-19.588333627226227,7.035965438194332,-18.96907171826585,8.612669975061092,-17.74980980930548,10.18937451192786,-16.535363377585202,11.22190291457794,-16.51610146862482,12.798607451444706,-16.49683955966445,14.375311988311466,-15.277577650704073,17.152016525178233,-12.8583157417437,-4.671278937954997,-11.643869310023415,-9.038750535304928,-12.224607401063045,-9.26204599843816,left,-0.5257809034487235,1.6540063076409943,0.25,,,0.0,0.0,0.0,0.0,left,False,Anonymized,"[520, 526]",2,15,b24502d65e20225ea884ca0aa4e832804d1d7f52
2.25.158646777318759504110695916200521633609,/home/user/workspace/dataset_extracted/Датасет/НД_для_обучения/Исследования/2.25.158646777318759504110695916200521633609/series_004_2_CR/A2507266260 DXA/CR DXA/CR000016.dcm,1.2.643.5.1.13.13.12.2.77.8252.05131012021403090403150713091114,25,291,280,right_hip,True,0.0,,,,,0.0,0.0,,,0,0.0,0,0.0,False,0.0,,,,,,,,-1.9840909678934755,1.9840909678934755,24.0,115.5,0.0,2.6974478732276936,46.2,26.38379730856793,79.8,16.8,305.55,168.0,291.0,0.3428571428571428,0.2186057928325969,1.0,0.35,0.1392857142857143,0.5313868732096814,0.1339511382892043,0.965979099814012,0.2022685571309438,3.5336771634019186,-0.3372810675562931,4.503128282577808,-0.2919432860717251,4.930216621959727,-0.231492910758962,5.299667741135616,-0.1710425354461989,5.069118860311505,0.4894078398665641,5.4385699794873945,0.5498582151793187,5.808021098663283,0.5951959966638952,6.235109438045202,1.2556463719766495,7.2045605572210825,1.3160967472894127,7.574011676396981,1.976547122602176,8.54346279557286,2.636997497914939,10.11291391474876,2.6974478732276936,11.68236503392464,-11.05721434528773,13.30945337330656,-17.596763969974976,14.878904492482455,-17.53631359466221,17.648355611658335,-16.875863219349448,21.017806730834234,-16.815412844036693,25.587257850010115,-30.0,26.014346189392032,-30.0,26.38379730856793,right,0.6317724336330264,1.9840909678934755,0.2749999999999999,0.0,0.0,,,0.0,0.0,right,False,Anonymized,"[520, 526]",2,16,a4d7d22cee183face3e65915e0a014c166c16e4a
2.25.158646777318759504110695916200521633609,/home/user/workspace/dataset_extracted/Датасет/НД_для_обучения/Исследования/2.25.158646777318759504110695916200521633609/series_004_2_CR/A2507266260 DXA/CR DXA/CR000009.dcm,1.2.643.5.1.13.13.12.2.77.8252.09030907130311001200011206051201,26,289,280,left_hip,True,0.0,,,,,,,0.0,0.0,0,0.0,0,0.0,False,0.0,,,,,,,,-1.6540063076409943,1.6540063076409943,24.6,111.3,13.012414640904856,0.0479401466105883,42.0,17.152016525178233,106.05,3.0,303.45,168.0,207.0,0.3178571428571428,0.211344537815126,0.7162629757785467,0.3321428571428571,0.1392857142857143,0.5208932378731321,0.1204759216125276,0.9679246265334864,0.0286782376502088,3.1572723379600487,0.0479401466105883,3.5339768748268168,-15.537613421669136,3.966505277476888,-16.118351512708756,3.743209814343656,-16.099089603748386,4.119914351210423,-16.079827694788012,3.896618888077191,-17.860565785827635,4.873323424943959,-19.04611935410735,4.705851827594029,-19.62685744514697,5.682556364460797,-19.607595536186608,6.059260901327565,-19.588333627226227,7.035965438194332,-18.96907171826585,8.612669975061092,-17.74980980930548,10.18937451192786,-16.535363377585202,11.22190291457794,-16.51610146862482,12.798607451444706,-16.49683955966445,14.375311988311466,-15.277577650704073,17.152016525178233,-12.8583157417437,-4.671278937954997,-11.643869310023415,-9.038750535304928,-12.224607401063045,-9.26204599843816,left,-0.5257809034487235,1.6540063076409943,0.25,,,0.0,0.0,0.0,0.0,left,False,Anonymized,"[170, 175]",2,17,b24502d65e20225ea884ca0aa4e832804d1d7f52
2.25.158646777318759504110695916200521633609,/home/user/workspace/dataset_extracted/Датасет/НД_для_обучения/Исследования/2.25.158646777318759504110695916200521633609/series_004_2_CR/A2507266260 DXA/CR DXA/CR000007.dcm,1.2.643.5.1.13.13.12.2.77.8252.05110305041311030310151512080811,28,291,280,right_hip,True,0.0,,,,,0.0,0.0,,,0,0.0,0,0.0,False,0.0,,,,,,,,-1.9840909678934755,1.9840909678934755,24.0,115.5,0.0,2.6974478732276936,46.2,26.38379730856793,79.8,16.8,305.55,168.0,291.0,0.3428571428571428,0.2186057928325969,1.0,0.35,0.1392857142857143,0.5313868732096814,0.1339511382892043,0.965979099814012,0.2022685571309438,3.5336771634019186,-0.3372810675562931,4.503128282577808,-0.2919432860717251,4.930216621959727,-0.231492910758962,5.299667741135616,-0.1710425354461989,5.069118860311505,0.4894078398665641,5.4385699794873945,0.5498582151793187,5.808021098663283,0.5951959966638952,6.235109438045202,1.2556463719766495,7.2045605572210825,1.3160967472894127,7.574011676396981,1.976547122602176,8.54346279557286,2.636997497914939,10.11291391474876,2.6974478732276936,11.68236503392464,-11.05721434528773,13.30945337330656,-17.596763969974976,14.878904492482455,-17.53631359466221,17.648355611658335,-16.875863219349448,21.017806730834234,-16.815412844036693,25.587257850010115,-30.0,26.014346189392032,-30.0,26.38379730856793,right,0.6317724336330264,1.9840909678934755,0.2749999999999999,0.0,0.0,,,0.0,0.0,right,False,Anonymized,"[170, 177]",2,18,a4d7d22cee183face3e65915e0a014c166c16e4a
2.25.164566280810634620154538016595892212884,/home/user/workspace/dataset_extracted/Датасет/НД_для_обучения/Исследования/2.25.164566280810634620154538016595892212884/series_001_2_CR/A2504291878 DXA Exam/CR DXA Images/CR000002.dcm,1.2.643.5.1.13.13.12.2.77.8252.00071210060602011311010906021407,2,346,280,left_hip,True,0.0,,,,,,,0.0,0.0,0,0.0,0,0.0,False,0.0,,,,,,,,-0.6050525515313454,0.6050525515313454,32.4,112.35,0.0,6.232046082407583,35.4,7.325004408393578,29.4,49.8,363.3,168.0,346.0,0.3446428571428571,0.380429397192403,1.0,0.4,0.1714285714285714,0.5238199023564625,0.1276803843602303,0.9207835626806744,2.9647328513489866,-0.0208605184270993,5.077752307059323,0.2034503027096832,5.462516898842076,1.1216834185622702,5.775536354552417,1.9459942396990355,6.088555810262754,2.770305060835818,5.80157526597309,4.794615881972601,5.514594721683431,6.818926703109367,5.442849585611015,7.325004408393578,5.442849585611015,7.325004408393578,5.442849585611015,7.325004408393578,5.442849585611015,7.325004408393578,5.442849585611015,7.325004408393578,5.442849585611015,7.325004408393578,5.442849585611015,7.325004408393578,5.442849585611015,7.325004408393578,5.442849585611015,7.325004408393578,5.442849585611015,7.325004408393578,5.442849585611015,7.325004408393578,5.442849585611015,7.325004408393578,5.442849585611015,7.325004408393578,left,-1.0881811283568148,0.6050525515313454,0.2107142857142857,,,0.0,0.0,0.0,0.0,left,False,Anonymized,"[520, 595]",2,0,fc3dbb475c06b0b5b9f99d89227ac2f28cc9bbc0
2.25.164566280810634620154538016595892212884,/home/user/workspace/dataset_extracted/Датасет/НД_для_обучения/Исследования/2.25.164566280810634620154538016595892212884/series_001_2_CR/A2504291878 DXA Exam/CR DXA Images/CR000000.dcm,1.2.643.5.1.13.13.12.2.77.8252.05080909100510090906081209130901,3,346,280,right_hip,True,1.0,Нарушение позиционирования/ротации правого бедра,,,,1.0,0.0,,,0,0.0,0,0.0,False,0.0,,,,,,,,-5.811271759935146,5.811271759935146,30.0,116.55,0.0,7.894478764478762,39.0,6.693994383994385,24.15,44.4,363.3,168.0,346.0,0.3089285714285714,0.3934351775392238,1.0,0.3678571428571429,0.1571428571428571,0.5574632690242702,0.1442594077527795,0.9280069901412652,2.642220077220074,-1.6974394524394596,3.937432432432433,-1.2571375921375931,4.608841698841701,-0.6269111969111975,6.504054054054052,0.413390663390669,7.199266409266403,2.0536925236925185,7.894478764478762,6.693994383994385,7.894478764478762,6.693994383994385,7.894478764478762,6.693994383994385,7.894478764478762,6.693994383994385,7.894478764478762,6.693994383994385,7.894478764478762,6.693994383994385,7.894478764478762,6.693994383994385,7.894478764478762,6.693994383994385,7.894478764478762,6.693994383994385,7.894478764478762,6.693994383994385,7.894478764478762,6.693994383994385,7.894478764478762,6.693994383994385,7.894478764478762,6.693994383994385,7.894478764478762,6.693994383994385,7.894478764478762,6.693994383994385,right,1.063400725628424,5.811271759935146,0.2321428571428571,1.0,0.0,,,1.0,0.0,right,False,Anonymized,"[520, 595]",2,1,4b9b0ef2841633da234b564121f8237cc20e31fa
2.25.165091430504580219034019815337441064349,/home/user/workspace/dataset_extracted/Датасет/НД_для_обучения/Исследования/2.25.165091430504580219034019815337441064349/series_001_2_CR/A2504415443 DXA/CR DXA/CR000005.dcm,1.2.643.5.1.13.13.12.2.77.8252.02080910050503150405130310031107,3,261,280,left_hip,True,1.0,Нарушение позиционирования/ротации левого бедра,,,,,,1.0,0.0,0,0.0,0,0.0,False,0.0,,,,,,,,-0.932398724854236,0.932398724854236,28.2,82.95,0.0,-18.40370009737102,74.39999999999999,17.104849074975675,57.75,10.8,274.05,168.0,261.0,0.5267857142857143,0.2023946360153256,1.0,0.2892857142857143,0.1571428571428571,0.5047624294690701,0.1236273554929461,0.9537636384394784,-18.443661148977643,1.527224926971803,-18.496942551119805,2.5372346640701435,-19.73690360272642,2.994741966893912,-21.59018500486858,3.404751703992253,-22.243466407010747,4.414761441090593,-22.896747809152902,4.824771178188933,-23.550029211295065,5.234780915287274,-23.589990262901683,5.692288218111043,-23.04327166504385,6.702297955209382,-24.29655306718601,7.712307692307723,-27.94983446932817,9.322317429406064,-29.203115871470327,10.932327166504404,-30.0,13.142336903602745,-30.0,14.799844206426512,-30.0,17.104849074975675,-30.0,17.104849074975675,-30.0,17.104849074975675,-30.0,17.104849074975675,-30.0,17.104849074975675,-30.0,17.104849074975675,left,-1.0324132339997647,0.932398724854236,0.4428571428571428,,,1.0,0.0,1.0,0.0,left,False,Anonymized,"[170, 159]",2,0,c62cc28d849e6201f6cecca0d5033e78863ed540
2.25.165091430504580219034019815337441064349,/home/user/workspace/dataset_extracted/Датасет/НД_для_обучения/Исследования/2.25.165091430504580219034019815337441064349/series_001_2_CR/A2504415443 DXA/CR DXA/CR000000.dcm,1.2.643.5.1.13.13.12.2.77.8252.14100208080000030010140812001111,5,235,280,right_hip,True,0.0,,,,,0.0,0.0,,,0,0.0,0,0.0,False,0.0,,,,,,,,-0.0896356890464791,0.0896356890464791,29.7,81.9,0.0,-14.708691308691307,48.0,12.478286270691342,44.1,12.0,246.75,168.0,235.0,0.3892857142857143,0.2088753799392097,1.0,0.225,0.1607142857142857,0.5349829862527636,0.1320189694535115,0.943490103602276,-15.465339723567569,1.9873417721519049,-22.27420427673592,1.765335929892899,-24.23085269161219,2.198831548198649,-24.43971724478053,2.576825705939643,-24.64858179794888,2.9548198636806373,-25.45744635111724,3.932814021421632,-26.866310904285587,4.910808179162626,-27.02295931916185,5.944303797468376,-27.2318238723302,8.122297955209353,-25.64068842549856,9.700292112950365,-30.0,12.478286270691342,-30.0,12.478286270691342,-30.0,12.478286270691342,-30.0,12.478286270691342,-30.0,12.478286270691342,-30.0,12.478286270691342,-30.0,12.478286270691342,-30.0,12.478286270691342,-30.0,12.478286270691342,-30.0,12.478286270691342,right,0.378137366020604,0.0896356890464791,0.2857142857142857,0.0,0.0,,,0.0,0.0,right,False,Anonymized,"[170, 143]",2,1,413de1f6f90eb350d2b531b40982adb58aad3ca0
2.25.165091430504580219034019815337441064349,/home/user/workspace/dataset_extracted/Датасет/НД_для_обучения/Исследования/2.25.165091430504580219034019815337441064349/series_001_2_CR/A2504415443 DXA/CR DXA/CR000004.dcm,1.2.643.5.1.13.13.12.2.77.8252.12050607100307101401110010080508,8,235,280,right_hip,True,0.0,,,,,0.0,0.0,,,0,0.0,0,0.0,False,0.0,,,,,,,,-0.0896356890464791,0.0896356890464791,29.7,81.9,0.0,-14.708691308691307,48.0,12.478286270691342,44.1,12.0,246.75,168.0,235.0,0.3892857142857143,0.2088753799392097,1.0,0.225,0.1607142857142857,0.5349829862527636,0.1320189694535115,0.943490103602276,-15.465339723567569,1.9873417721519049,-22.27420427673592,1.765335929892899,-24.23085269161219,2.198831548198649,-24.43971724478053,2.576825705939643,-24.64858179794888,2.9548198636806373,-25.45744635111724,3.932814021421632,-26.866310904285587,4.910808179162626,-27.02295931916185,5.944303797468376,-27.2318238723302,8.122297955209353,-25.64068842549856,9.700292112950365,-30.0,12.478286270691342,-30.0,12.478286270691342,-30.0,12.478286270691342,-30.0,12.478286270691342,-30.0,12.478286270691342,-30.0,12.478286270691342,-30.0,12.478286270691342,-30.0,12.478286270691342,-30.0,12.478286270691342,-30.0,12.478286270691342,right,0.378137366020604,0.0896356890464791,0.2857142857142857,0.0,0.0,,,0.0,0.0,right,False,Anonymized,"[180, 174]",2,2,413de1f6f90eb350d2b531b40982adb58aad3ca0
2.25.165091430504580219034019815337441064349,/home/user/workspace/dataset_extracted/Датасет/НД_для_обучения/Исследования/2.25.165091430504580219034019815337441064349/series_001_2_CR/A2504415443 DXA/CR DXA/CR000001.dcm,1.2.643.5.1.13.13.12.2.77.8252.12140710150813060013011403140807,9,261,280,left_hip,True,1.0,Нарушение позиционирования/ротации левого бедра,,,,,,1.0,0.0,0,0.0,0,0.0,False,0.0,,,,,,,,-0.932398724854236,0.932398724854236,28.2,82.95,0.0,-18.40370009737102,74.39999999999999,17.104849074975675,57.75,10.8,274.05,168.0,261.0,0.5267857142857143,0.2023946360153256,1.0,0.2892857142857143,0.1571428571428571,0.5047624294690701,0.1236273554929461,0.9537636384394784,-18.443661148977643,1.527224926971803,-18.496942551119805,2.5372346640701435,-19.73690360272642,2.994741966893912,-21.59018500486858,3.404751703992253,-22.243466407010747,4.414761441090593,-22.896747809152902,4.824771178188933,-23.550029211295065,5.234780915287274,-23.589990262901683,5.692288218111043,-23.04327166504385,6.702297955209382,-24.29655306718601,7.712307692307723,-27.94983446932817,9.322317429406064,-29.203115871470327,10.932327166504404,-30.0,13.142336903602745,-30.0,14.799844206426512,-30.0,17.104849074975675,-30.0,17.104849074975675,-30.0,17.104849074975675,-30.0,17.104849074975675,-30.0,17.104849074975675,-30.0,17.104849074975675,left,-1.0324132339997647,0.932398724854236,0.4428571428571428,,,1.0,0.0,1.0,0.0,left,False,Anonymized,"[180, 174]",2,3,c62cc28d849e6201f6cecca0d5033e78863ed540
2.25.165355673991587715046346525964554729786,/home/user/workspace/dataset_extracted/Датасет/НД_для_обучения/Исследования/2.25.165355673991587715046346525964554729786/series_003_3_CR/A2506448267 DXA/CR DXA/CR000000.dcm,1.2.643.5.1.13.13.12.2.77.8252.03030806061309020808141008071213,3,261,280,right_hip,False,,,,,,,,,,71,44.73,71,44.73,True,3.843542058133271,,,,,,,,-5.3029186473907455,5.3029186473907455,27.0,81.9,0.0,1.6728891361802651,46.2,15.79683354620063,74.55,13.2,274.05,168.0,261.0,0.3767857142857143,0.1969211822660098,1.0,0.25,0.1571428571428571,0.5490573911522493,0.1544335323363165,0.967003922575658,-3.211656697732656,1.9658240493683337,-3.030129364306589,2.5676753626120528,-2.443983864237043,3.1690638475448423,-1.6624565308109764,3.7709151607885616,-0.2809291973849099,3.772766474032281,0.5005981360411568,3.774617787276,1.2821254694672233,3.7764691005197193,1.2682709695367775,3.7778575854525087,-0.9502016970371556,4.379708898696228,-0.168674363611089,4.981560211939947,0.0128529698149776,6.183411525183666,0.1943803032410443,6.785262838427386,-0.824092363332889,7.987114151671104,-0.8379468632633348,9.188502636603896,-1.256419529837268,10.390353949847611,-1.6748921964112014,12.192205263091331,-1.4933648629851348,14.594056576335053,-2.511837529559068,15.795907889578771,-2.721073862846043,15.79683354620063,-2.721073862846043,15.79683354620063,left,-0.3118614807664508,5.3029186473907455,0.2749999999999999,,,0.0,0.0,0.0,0.0,right,True,Anonymized,"[170, 159]",3,0,1463e0b0ea863aaa611aded4a83e4c08c2046a39
2.25.167344201679287285499405412654740659745,/home/user/workspace/dataset_extracted/Датасет/НД_для_обучения/Исследования/2.25.167344201679287285499405412654740659745/series_003_2_CR/A2504249537 DXA/CR DXA/CR000001.dcm,1.2.643.5.1.13.13.12.2.77.8252.03020203090713120707041512070302,4,263,280,right_hip,True,0.0,,,,,0.0,0.0,,,0,0.0,0,0.0,False,0.0,,,,,,,,-3.0230366308302754,3.0230366308302754,25.8,95.55,0.0,1.6994362159579453,36.6,23.13964644051601,70.35000000000001,9.6,276.15000000000003,168.0,263.0,0.2892857142857143,0.1983432916892993,1.0,0.2464285714285714,0.1464285714285714,0.5129354826933629,0.1649272168329396,0.9554914596408716,0.36910654562827,3.5260678451982925,0.4961204013377795,5.009469660774021,1.1913807931199158,5.372021022455823,1.3183946488294167,5.655422838031552,1.4454085045389262,6.538824653607281,1.5724223602484355,6.8222264691830015,1.6994362159579453,7.105628284758731,-22.80530339225993,7.4681796464405235,-23.87828953655041,8.351581462016252,-24.351275680840907,9.23498327759198,-24.2242618251314,10.718385093167711,-30.0,12.80178690874344,-30.0,14.28518872431917,-30.0,16.44774008600097,-30.0,19.13114190157669,-30.0,20.61454371715242,-30.0,22.09794553272815,-30.0,23.13964644051601,-30.0,23.13964644051601,-30.0,23.13964644051601,left,-0.2458524684863845,3.0230366308302754,0.2178571428571428,,,0.0,0.0,0.0,0.0,right,True,Anonymized,"[170, 160]",2,0,a69d5e7c25ef22c77f4ac6b2b6d4bf98882a0ad5
2.25.167344201679287285499405412654740659745,/home/user/workspace/dataset_extracted/Датасет/НД_для_обучения/Исследования/2.25.167344201679287285499405412654740659745/series_003_2_CR/A2504249537 DXA/CR DXA/CR000000.dcm,1.2.643.5.1.13.13.12.2.77.8252.05050004021105041108010100020012,5,265,280,left_hip,True,0.0,,,,,,,0.0,0.0,0,0.0,0,0.0,False,0.0,,,,,,,,-3.193425403612334,3.193425403612334,26.4,82.95,0.0,1.944654333008748,44.4,19.22430379746837,69.3,12.0,278.25,168.0,265.0,0.3375,0.2168867924528301,1.0,0.2892857142857143,0.15,0.549007947314292,0.1744704959348259,0.9568649193130488,-0.0826095423563884,3.6893573515092575,0.0276923076922969,4.530993184031169,0.1104186952288046,4.262220058422593,0.2207205452774985,5.103855890944504,0.9310223953261754,5.345491723466415,1.0413242453748608,5.587127555988325,1.1516260954235462,5.828763388510237,1.8343524829600624,6.15999026290167,1.944654333008748,6.40162609542358,-20.74504381694257,7.243261927945491,-20.63474196689388,8.684897760467384,-20.524440116845195,10.126533592989295,-30.0,11.568169425511206,-30.0,13.099396299902638,-30.0,15.141032132424549,-30.0,17.78266796494646,-30.0,19.22430379746837,-30.0,19.134712755598848,-30.0,19.134712755598848,-30.0,19.134712755598848,right,0.2821025889374524,3.193425403612334,0.2642857142857143,0.0,0.0,,,0.0,0.0,left,True,Anonymized,"[170, 161]",2,1,cd6cb68fea2ea05e362701e462b265cbbca03ccc
2.25.167344201679287285499405412654740659745,/home/user/workspace/dataset_extracted/Датасет/НД_для_обучения/Исследования/2.25.167344201679287285499405412654740659745/series_003_2_CR/A2504249537 DXA/CR DXA/CR000005.dcm,1.2.643.5.1.13.13.12.2.77.8252.10110808050405011511051303070302,7,265,280,left_hip,True,0.0,,,,,,,0.0,0.0,0,0.0,0,0.0,False,0.0,,,,,,,,-3.193425403612334,3.193425403612334,26.4,82.95,0.0,1.944654333008748,44.4,19.22430379746837,69.3,12.0,278.25,168.0,265.0,0.3375,0.2168867924528301,1.0,0.2892857142857143,0.15,0.549007947314292,0.1744704959348259,0.9568649193130488,-0.0826095423563884,3.6893573515092575,0.0276923076922969,4.530993184031169,0.1104186952288046,4.262220058422593,0.2207205452774985,5.103855890944504,0.9310223953261754,5.345491723466415,1.0413242453748608,5.587127555988325,1.1516260954235462,5.828763388510237,1.8343524829600624,6.15999026290167,1.944654333008748,6.40162609542358,-20.74504381694257,7.243261927945491,-20.63474196689388,8.684897760467384,-20.524440116845195,10.126533592989295,-30.0,11.568169425511206,-30.0,13.099396299902638,-30.0,15.141032132424549,-30.0,17.78266796494646,-30.0,19.22430379746837,-30.0,19.134712755598848,-30.0,19.134712755598848,-30.0,19.134712755598848,right,0.2821025889374524,3.193425403612334,0.2642857142857143,0.0,0.0,,,0.0,0.0,left,True,Anonymized,"[180, 178]",2,2,cd6cb68fea2ea05e362701e462b265cbbca03ccc
2.25.167344201679287285499405412654740659745,/home/user/workspace/dataset_extracted/Датасет/НД_для_обучения/Исследования/2.25.167344201679287285499405412654740659745/series_003_2_CR/A2504249537 DXA/CR DXA/CR000003.dcm,1.2.643.5.1.13.13.12.2.77.8252.03110714040901011514120512140506,8,263,280,right_hip,True,0.0,,,,,0.0,0.0,,,0,0.0,0,0.0,False,0.0,,,,,,,,-3.0230366308302754,3.0230366308302754,25.8,95.55,0.0,1.6994362159579453,36.6,23.13964644051601,70.35000000000001,9.6,276.15000000000003,168.0,263.0,0.2892857142857143,0.1983432916892993,1.0,0.2464285714285714,0.1464285714285714,0.5129354826933629,0.1649272168329396,0.9554914596408716,0.36910654562827,3.5260678451982925,0.4961204013377795,5.009469660774021,1.1913807931199158,5.372021022455823,1.3183946488294167,5.655422838031552,1.4454085045389262,6.538824653607281,1.5724223602484355,6.8222264691830015,1.6994362159579453,7.105628284758731,-22.80530339225993,7.4681796464405235,-23.87828953655041,8.351581462016252,-24.351275680840907,9.23498327759198,-24.2242618251314,10.718385093167711,-30.0,12.80178690874344,-30.0,14.28518872431917,-30.0,16.44774008600097,-30.0,19.13114190157669,-30.0,20.61454371715242,-30.0,22.09794553272815,-30.0,23.13964644051601,-30.0,23.13964644051601,-30.0,23.13964644051601,left,-0.2458524684863845,3.0230366308302754,0.2178571428571428,,,0.0,0.0,0.0,0.0,right,True,Anonymized,"[180, 178]",2,3,a69d5e7c25ef22c77f4ac6b2b6d4bf98882a0ad5
2.25.16773626720107440979805052259711419763,/home/user/workspace/dataset_extracted/Датасет/НД_для_обучения/Исследования/2.25.16773626720107440979805052259711419763/series_004_2_CR/A2507537392 DXA/CR DXA/CR000002.dcm,1.2.643.5.1.13.13.12.2.77.8252.07111109140703130315001513000701,4,261,280,right_hip,True,0.0,,,,,0.0,0.0,,,0,0.0,0,0.0,False,0.0,,,,,,,,-8.462429666858126,8.462429666858126,27.9,81.9,0.0,-1.5182741309323715,40.2,22.98261232438449,69.3,12.0,274.05,168.0,261.0,0.3196428571428571,0.2328680897646415,1.0,0.3535714285714286,0.1642857142857142,0.4777987785311019,0.1341682697551864,0.9389203954772196,-2.7031828930563107,1.7181400877603463,-2.384749427787409,1.9868157159296456,-1.6959243288357242,2.3383224370566182,-1.9774908635668225,3.2069980652259176,-1.6590573982979122,4.075673693395217,-2.540623933029002,5.544349321564516,-2.2221904677601003,6.413024949733815,-6.333365368808416,7.364531670860788,-6.014931903539513,9.433207299030096,-6.296498438270604,10.901882927199386,-7.778064973001693,12.970558555368694,-16.45963150773279,15.039234183537992,-17.94119804246389,18.30790981170729,-19.052372943512204,20.459416532834265,-19.33393947824329,21.328092161003564,-19.615506012974382,21.59676778917288,-19.89707254770548,22.46544341734216,-19.66746418138825,22.98261232438449,-19.66746418138825,22.98261232438449,-19.66746418138825,22.98261232438449,right,0.4665041390539875,8.462429666858126,0.2392857142857142,0.0,0.0,,,0.0,0.0,right,False,Anonymized,"[181, 175]",2,0,de2ae68ddafdb70d198fdc47ddddc61509fe07ce
2.25.16773626720107440979805052259711419763,/home/user/workspace/dataset_extracted/Датасет/НД_для_обучения/Исследования/2.25.16773626720107440979805052259711419763/series_004_2_CR/A2507537392 DXA/CR DXA/CR000008.dcm,1.2.643.5.1.13.13.12.2.77.8252.13060012130706071508131506061110,5,261,280,left_hip,True,0.0,,,,,,,0.0,0.0,0,0.0,0,0.0,False,0.0,,,,,,,,-7.237080479408777,7.237080479408777,27.0,81.9,0.0,-2.275312029742412,44.4,20.795538638576623,79.8,12.6,274.05,168.0,261.0,0.3446428571428571,0.2137110016420361,1.0,0.3071428571428571,0.1571428571428571,0.4812767183851245,0.1393380192065307,0.945147781991438,-5.013419491900504,1.552996370717895,-3.0443657608214494,1.855359830043386,-2.467575462512167,1.6321324245374935,-3.4985217314331294,1.9344958838629849,-3.9294680003540745,2.236859343188468,-3.760414269275029,2.53922280251395,-2.9913605381959827,3.441586261839433,-4.2145702398867,4.4183588563335485,-3.445516508807654,5.320722315659031,-5.676462777728608,6.223085774984514,-6.707409046649562,7.125449234309997,-5.938355315570516,8.627812693635496,-5.169301584491469,10.73017615296098,-4.592511286182178,11.706948747455096,-8.02345755510314,14.409312206780577,-17.454403824024087,17.11167566610606,-18.485350092945048,18.614039125431542,-18.916296361865992,18.916402584757027,-18.93950606355671,19.89317517925114,-19.370452332477665,20.795538638576623,left,-0.4051652798233643,7.237080479408777,0.2642857142857143,,,0.0,0.0,0.0,0.0,left,False,Anonymized,"[181, 175]",2,1,58188159d507180ca6d52dee39503be7000117d3
2.25.16773626720107440979805052259711419763,/home/user/workspace/dataset_extracted/Датасет/НД_для_обучения/Исследования/2.25.16773626720107440979805052259711419763/series_004_2_CR/A2507537392 DXA/CR DXA/CR000006.dcm,1.2.643.5.1.13.13.12.2.77.8252.11120907150103150102101200080104,6,261,280,right_hip,True,0.0,,,,,0.0,0.0,,,0,0.0,0,0.0,False,0.0,,,,,,,,-8.462429666858126,8.462429666858126,27.9,81.9,0.0,-1.5182741309323715,40.2,22.98261232438449,69.3,12.0,274.05,168.0,261.0,0.3196428571428571,0.2328680897646415,1.0,0.3535714285714286,0.1642857142857142,0.4777987785311019,0.1341682697551864,0.9389203954772196,-2.7031828930563107,1.7181400877603463,-2.384749427787409,1.9868157159296456,-1.6959243288357242,2.3383224370566182,-1.9774908635668225,3.2069980652259176,-1.6590573982979122,4.075673693395217,-2.540623933029002,5.544349321564516,-2.2221904677601003,6.413024949733815,-6.333365368808416,7.364531670860788,-6.014931903539513,9.433207299030096,-6.296498438270604,10.901882927199386,-7.778064973001693,12.970558555368694,-16.45963150773279,15.039234183537992,-17.94119804246389,18.30790981170729,-19.052372943512204,20.459416532834265,-19.33393947824329,21.328092161003564,-19.615506012974382,21.59676778917288,-19.89707254770548,22.46544341734216,-19.66746418138825,22.98261232438449,-19.66746418138825,22.98261232438449,-19.66746418138825,22.98261232438449,right,0.4665041390539875,8.462429666858126,0.2392857142857142,0.0,0.0,,,0.0,0.0,right,False,Anonymized,"[0, 0]",2,2,de2ae68ddafdb70d198fdc47ddddc61509fe07ce
2.25.16773626720107440979805052259711419763,/home/user/workspace/dataset_extracted/Датасет/НД_для_обучения/Исследования/2.25.16773626720107440979805052259711419763/series_004_2_CR/A2507537392 DXA/CR DXA/CR000007.dcm,1.2.643.5.1.13.13.12.2.77.8252.00120605081302140615061408051413,7,261,280,left_hip,True,0.0,,,,,,,0.0,0.0,0,0.0,0,0.0,False,0.0,,,,,,,,-7.237080479408777,7.237080479408777,27.0,81.9,0.0,-2.275312029742412,44.4,20.795538638576623,79.8,12.6,274.05,168.0,261.0,0.3446428571428571,0.2137110016420361,1.0,0.3071428571428571,0.1571428571428571,0.4812767183851245,0.1393380192065307,0.945147781991438,-5.013419491900504,1.552996370717895,-3.0443657608214494,1.855359830043386,-2.467575462512167,1.6321324245374935,-3.4985217314331294,1.9344958838629849,-3.9294680003540745,2.236859343188468,-3.760414269275029,2.53922280251395,-2.9913605381959827,3.441586261839433,-4.2145702398867,4.4183588563335485,-3.445516508807654,5.320722315659031,-5.676462777728608,6.223085774984514,-6.707409046649562,7.125449234309997,-5.938355315570516,8.627812693635496,-5.169301584491469,10.73017615296098,-4.592511286182178,11.706948747455096,-8.02345755510314,14.409312206780577,-17.454403824024087,17.11167566610606,-18.485350092945048,18.614039125431542,-18.916296361865992,18.916402584757027,-18.93950606355671,19.89317517925114,-19.370452332477665,20.795538638576623,left,-0.4051652798233643,7.237080479408777,0.2642857142857143,,,0.0,0.0,0.0,0.0,left,False,Anonymized,"[0, 0]",2,3,58188159d507180ca6d52dee39503be7000117d3
2.25.16773626720107440979805052259711419763,/home/user/workspace/dataset_extracted/Датасет/НД_для_обучения/Исследования/2.25.16773626720107440979805052259711419763/series_004_2_CR/A2507537392 DXA/CR DXA/CR000001.dcm,1.2.643.5.1.13.13.12.2.77.8252.15000110101510080415120006131402,9,261,280,right_hip,True,0.0,,,,,0.0,0.0,,,0,0.0,0,0.0,False,0.0,,,,,,,,-8.462429666858126,8.462429666858126,27.9,81.9,0.0,-1.5182741309323715,40.2,22.98261232438449,69.3,12.0,274.05,168.0,261.0,0.3196428571428571,0.2328680897646415,1.0,0.3535714285714286,0.1642857142857142,0.4777987785311019,0.1341682697551864,0.9389203954772196,-2.7031828930563107,1.7181400877603463,-2.384749427787409,1.9868157159296456,-1.6959243288357242,2.3383224370566182,-1.9774908635668225,3.2069980652259176,-1.6590573982979122,4.075673693395217,-2.540623933029002,5.544349321564516,-2.2221904677601003,6.413024949733815,-6.333365368808416,7.364531670860788,-6.014931903539513,9.433207299030096,-6.296498438270604,10.901882927199386,-7.778064973001693,12.970558555368694,-16.45963150773279,15.039234183537992,-17.94119804246389,18.30790981170729,-19.052372943512204,20.459416532834265,-19.33393947824329,21.328092161003564,-19.615506012974382,21.59676778917288,-19.89707254770548,22.46544341734216,-19.66746418138825,22.98261232438449,-19.66746418138825,22.98261232438449,-19.66746418138825,22.98261232438449,right,0.4665041390539875,8.462429666858126,0.2392857142857142,0.0,0.0,,,0.0,0.0,right,False,Anonymized,"[0, 0]",2,4,de2ae68ddafdb70d198fdc47ddddc61509fe07ce
2.25.16773626720107440979805052259711419763,/home/user/workspace/dataset_extracted/Датасет/НД_для_обучения/Исследования/2.25.16773626720107440979805052259711419763/series_004_2_CR/A2507537392 DXA/CR DXA/CR000009.dcm,1.2.643.5.1.13.13.12.2.77.8252.09020303070910070711011409031209,10,261,280,left_hip,True,0.0,,,,,,,0.0,0.0,0,0.0,0,0.0,False,0.0,,,,,,,,-7.237080479408777,7.237080479408777,27.0,81.9,0.0,-2.275312029742412,44.4,20.795538638576623,79.8,12.6,274.05,168.0,261.0,0.3446428571428571,0.2137110016420361,1.0,0.3071428571428571,0.1571428571428571,0.4812767183851245,0.1393380192065307,0.945147781991438,-5.013419491900504,1.552996370717895,-3.0443657608214494,1.855359830043386,-2.467575462512167,1.6321324245374935,-3.4985217314331294,1.9344958838629849,-3.9294680003540745,2.236859343188468,-3.760414269275029,2.53922280251395,-2.9913605381959827,3.441586261839433,-4.2145702398867,4.4183588563335485,-3.445516508807654,5.320722315659031,-5.676462777728608,6.223085774984514,-6.707409046649562,7.125449234309997,-5.938355315570516,8.627812693635496,-5.169301584491469,10.73017615296098,-4.592511286182178,11.706948747455096,-8.02345755510314,14.409312206780577,-17.454403824024087,17.11167566610606,-18.485350092945048,18.614039125431542,-18.916296361865992,18.916402584757027,-18.93950606355671,19.89317517925114,-19.370452332477665,20.795538638576623,left,-0.4051652798233643,7.237080479408777,0.2642857142857143,,,0.0,0.0,0.0,0.0,left,False,Anonymized,"[170, 159]",2,5,58188159d507180ca6d52dee39503be7000117d3
2.25.16773626720107440979805052259711419763,/home/user/workspace/dataset_extracted/Датасет/НД_для_обучения/Исследования/2.25.16773626720107440979805052259711419763/series_004_2_CR/A2507537392 DXA/CR DXA/CR000010.dcm,1.2.643.5.1.13.13.12.2.77.8252.04101314021103041302071314011203,12,261,280,right_hip,True,0.0,,,,,0.0,0.0,,,0,0.0,0,0.0,False,0.0,,,,,,,,-8.462429666858126,8.462429666858126,27.9,81.9,0.0,-1.5182741309323715,40.2,22.98261232438449,69.3,12.0,274.05,168.0,261.0,0.3196428571428571,0.2328680897646415,1.0,0.3535714285714286,0.1642857142857142,0.4777987785311019,0.1341682697551864,0.9389203954772196,-2.7031828930563107,1.7181400877603463,-2.384749427787409,1.9868157159296456,-1.6959243288357242,2.3383224370566182,-1.9774908635668225,3.2069980652259176,-1.6590573982979122,4.075673693395217,-2.540623933029002,5.544349321564516,-2.2221904677601003,6.413024949733815,-6.333365368808416,7.364531670860788,-6.014931903539513,9.433207299030096,-6.296498438270604,10.901882927199386,-7.778064973001693,12.970558555368694,-16.45963150773279,15.039234183537992,-17.94119804246389,18.30790981170729,-19.052372943512204,20.459416532834265,-19.33393947824329,21.328092161003564,-19.615506012974382,21.59676778917288,-19.89707254770548,22.46544341734216,-19.66746418138825,22.98261232438449,-19.66746418138825,22.98261232438449,-19.66746418138825,22.98261232438449,right,0.4665041390539875,8.462429666858126,0.2392857142857142,0.0,0.0,,,0.0,0.0,right,False,Anonymized,"[170, 159]",2,6,de2ae68ddafdb70d198fdc47ddddc61509fe07ce
2.25.16773626720107440979805052259711419763,/home/user/workspace/dataset_extracted/Датасет/НД_для_обучения/Исследования/2.25.16773626720107440979805052259711419763/series_004_2_CR/A2507537392 DXA/CR DXA/CR000005.dcm,1.2.643.5.1.13.13.12.2.77.8252.02071412140202140114070213030205,17,261,280,right_hip,True,0.0,,,,,0.0,0.0,,,0,0.0,0,0.0,False,0.0,,,,,,,,-8.462429666858126,8.462429666858126,27.9,81.9,0.0,-1.5182741309323715,40.2,22.98261232438449,69.3,12.0,274.05,168.0,261.0,0.3196428571428571,0.2328680897646415,1.0,0.3535714285714286,0.1642857142857142,0.4777987785311019,0.1341682697551864,0.9389203954772196,-2.7031828930563107,1.7181400877603463,-2.384749427787409,1.9868157159296456,-1.6959243288357242,2.3383224370566182,-1.9774908635668225,3.2069980652259176,-1.6590573982979122,4.075673693395217,-2.540623933029002,5.544349321564516,-2.2221904677601003,6.413024949733815,-6.333365368808416,7.364531670860788,-6.014931903539513,9.433207299030096,-6.296498438270604,10.901882927199386,-7.778064973001693,12.970558555368694,-16.45963150773279,15.039234183537992,-17.94119804246389,18.30790981170729,-19.052372943512204,20.459416532834265,-19.33393947824329,21.328092161003564,-19.615506012974382,21.59676778917288,-19.89707254770548,22.46544341734216,-19.66746418138825,22.98261232438449,-19.66746418138825,22.98261232438449,-19.66746418138825,22.98261232438449,right,0.4665041390539875,8.462429666858126,0.2392857142857142,0.0,0.0,,,0.0,0.0,right,False,Anonymized,"[181, 175]",2,7,de2ae68ddafdb70d198fdc47ddddc61509fe07ce
2.25.16773626720107440979805052259711419763,/home/user/workspace/dataset_extracted/Датасет/НД_для_обучения/Исследования/2.25.16773626720107440979805052259711419763/series_004_2_CR/A2507537392 DXA/CR DXA/CR000004.dcm,1.2.643.5.1.13.13.12.2.77.8252.13040605040810031203041510031012,18,261,280,left_hip,True,0.0,,,,,,,0.0,0.0,0,0.0,0,0.0,False,0.0,,,,,,,,-7.237080479408777,7.237080479408777,27.0,81.9,0.0,-2.275312029742412,44.4,20.795538638576623,79.8,12.6,274.05,168.0,261.0,0.3446428571428571,0.2137110016420361,1.0,0.3071428571428571,0.1571428571428571,0.4812767183851245,0.1393380192065307,0.945147781991438,-5.013419491900504,1.552996370717895,-3.0443657608214494,1.855359830043386,-2.467575462512167,1.6321324245374935,-3.4985217314331294,1.9344958838629849,-3.9294680003540745,2.236859343188468,-3.760414269275029,2.53922280251395,-2.9913605381959827,3.441586261839433,-4.2145702398867,4.4183588563335485,-3.445516508807654,5.320722315659031,-5.676462777728608,6.223085774984514,-6.707409046649562,7.125449234309997,-5.938355315570516,8.627812693635496,-5.169301584491469,10.73017615296098,-4.592511286182178,11.706948747455096,-8.02345755510314,14.409312206780577,-17.454403824024087,17.11167566610606,-18.485350092945048,18.614039125431542,-18.916296361865992,18.916402584757027,-18.93950606355671,19.89317517925114,-19.370452332477665,20.795538638576623,left,-0.4051652798233643,7.237080479408777,0.2642857142857143,,,0.0,0.0,0.0,0.0,left,False,Anonymized,"[181, 175]",2,8,58188159d507180ca6d52dee39503be7000117d3
2.25.168317503020329569414190677927680518621,/home/user/workspace/dataset_extracted/Датасет/НД_для_обучения/Исследования/2.25.168317503020329569414190677927680518621/series_004_2_CR/A2507557128 DXA/CR DXA/CR000008.dcm,1.2.643.5.1.13.13.12.2.77.8252.14040413080712030012001414011512,4,289,280,right_hip,True,0.0,,,,,0.0,0.0,,,0,0.0,0,0.0,False,0.0,,,,,,,,-2.516116786251966,2.516116786251966,25.8,90.3,0.0,-12.421559507523934,46.8,20.696532855323344,78.75,9.6,303.45,168.0,289.0,0.3642857142857142,0.2045600593178448,1.0,0.2892857142857143,0.1464285714285714,0.4644342565570361,0.1101461024512733,0.9631105389062912,-12.81534789376857,1.3680588707014236,-13.140399075428077,1.2738883909618124,-13.534187461672715,1.8032605311571104,-13.259238643332225,2.909090051417499,-12.98428982499174,4.014919571677887,-13.309341006651254,4.520749091938276,-14.23439218831076,5.026578612198665,-14.028180574555403,5.555950752393962,-14.95323175621491,6.061780272654351,-15.878282937874424,6.56760979291474,-16.203334119533938,7.073439313175129,-16.528385301193445,8.779268833435518,-16.253436482852962,10.485098353695903,-21.4472248690976,11.614470493891204,-24.77227605075711,13.920300014151591,-26.297327232416624,16.22612953441198,-27.82237841407613,17.93195905467237,-28.147429595735648,18.437788574932767,-28.54121798198028,19.567160715128058,-28.935006368224915,20.696532855323344,right,0.4031077008300376,2.516116786251966,0.2785714285714286,0.0,0.0,,,0.0,0.0,right,False,Anonymized,"[181, 158]",2,0,85e4709eeda85af610b06f7b442a5b04f0255411
2.25.168317503020329569414190677927680518621,/home/user/workspace/dataset_extracted/Датасет/НД_для_обучения/Исследования/2.25.168317503020329569414190677927680518621/series_004_2_CR/A2507557128 DXA/CR DXA/CR000010.dcm,1.2.643.5.1.13.13.12.2.77.8252.06080402070700011103140402140007,5,261,280,right_hip,True,0.0,,,,,0.0,0.0,,,0,0.0,0,0.0,False,0.0,,,,,,,,-1.175036672735584,1.175036672735584,25.8,81.9,0.0,-12.551860797430418,33.6,21.80881144172284,78.75,9.0,274.05,168.0,261.0,0.2892857142857143,0.1946770662287903,1.0,0.3071428571428571,0.1464285714285714,0.4874265035724791,0.1293552578174462,0.954947166168185,-14.035786997812307,1.3566711769243454,-13.894358805751208,1.9258058397298925,-13.788287661705375,3.1026568368340546,-13.646859469644276,4.271791499639602,-13.505431277583172,4.840926162445157,-12.764003085522072,5.410060825250704,-12.62257489346097,5.979195488056251,-13.11650374941514,6.556046485160413,-14.175075557354036,7.125181147965961,-17.633647365292934,7.694315810771516,-18.092219173231832,8.863450473577062,-18.550790981170724,10.03258513638261,-22.60936278910962,11.801719799188158,-26.7032916450638,13.57857079629232,-29.561863453002697,15.947705459097875,-30.0,18.31684012190342,-30.0,19.48597478470897,-30.0,20.05510944751452,-30.0,20.63196044461868,-30.0,21.80881144172284,left,-0.0858253388125242,1.175036672735584,0.2,,,0.0,0.0,0.0,0.0,right,True,Anonymized,"[181, 158]",2,1,0b8a01ae7b6f7bc1052d358d7a8c5dfb981f5e28
2.25.168317503020329569414190677927680518621,/home/user/workspace/dataset_extracted/Датасет/НД_для_обучения/Исследования/2.25.168317503020329569414190677927680518621/series_004_2_CR/A2507557128 DXA/CR DXA/CR000007.dcm,1.2.643.5.1.13.13.12.2.77.8252.02031311110004131100010706000003,6,289,280,right_hip,True,0.0,,,,,0.0,0.0,,,0,0.0,0,0.0,False,0.0,,,,,,,,-2.516116786251966,2.516116786251966,25.8,90.3,0.0,-12.421559507523934,46.8,20.696532855323344,78.75,9.6,303.45,168.0,289.0,0.3642857142857142,0.2045600593178448,1.0,0.2892857142857143,0.1464285714285714,0.4644342565570361,0.1101461024512733,0.9631105389062912,-12.81534789376857,1.3680588707014236,-13.140399075428077,1.2738883909618124,-13.534187461672715,1.8032605311571104,-13.259238643332225,2.909090051417499,-12.98428982499174,4.014919571677887,-13.309341006651254,4.520749091938276,-14.23439218831076,5.026578612198665,-14.028180574555403,5.555950752393962,-14.95323175621491,6.061780272654351,-15.878282937874424,6.56760979291474,-16.203334119533938,7.073439313175129,-16.528385301193445,8.779268833435518,-16.253436482852962,10.485098353695903,-21.4472248690976,11.614470493891204,-24.77227605075711,13.920300014151591,-26.297327232416624,16.22612953441198,-27.82237841407613,17.93195905467237,-28.147429595735648,18.437788574932767,-28.54121798198028,19.567160715128058,-28.935006368224915,20.696532855323344,right,0.4031077008300376,2.516116786251966,0.2785714285714286,0.0,0.0,,,0.0,0.0,right,False,Anonymized,"[0, 0]",2,2,85e4709eeda85af610b06f7b442a5b04f0255411
2.25.168317503020329569414190677927680518621,/home/user/workspace/dataset_extracted/Датасет/НД_для_обучения/Исследования/2.25.168317503020329569414190677927680518621/series_004_2_CR/A2507557128 DXA/CR DXA/CR000001.dcm,1.2.643.5.1.13.13.12.2.77.8252.04081410150705000907120005030306,7,261,280,right_hip,True,0.0,,,,,0.0,0.0,,,0,0.0,0,0.0,False,0.0,,,,,,,,-1.175036672735584,1.175036672735584,25.8,81.9,0.0,-12.551860797430418,33.6,21.80881144172284,78.75,9.0,274.05,168.0,261.0,0.2892857142857143,0.1946770662287903,1.0,0.3071428571428571,0.1464285714285714,0.4874265035724791,0.1293552578174462,0.954947166168185,-14.035786997812307,1.3566711769243454,-13.894358805751208,1.9258058397298925,-13.788287661705375,3.1026568368340546,-13.646859469644276,4.271791499639602,-13.505431277583172,4.840926162445157,-12.764003085522072,5.410060825250704,-12.62257489346097,5.979195488056251,-13.11650374941514,6.556046485160413,-14.175075557354036,7.125181147965961,-17.633647365292934,7.694315810771516,-18.092219173231832,8.863450473577062,-18.550790981170724,10.03258513638261,-22.60936278910962,11.801719799188158,-26.7032916450638,13.57857079629232,-29.561863453002697,15.947705459097875,-30.0,18.31684012190342,-30.0,19.48597478470897,-30.0,20.05510944751452,-30.0,20.63196044461868,-30.0,21.80881144172284,left,-0.0858253388125242,1.175036672735584,0.2,,,0.0,0.0,0.0,0.0,right,True,Anonymized,"[0, 0]",2,3,0b8a01ae7b6f7bc1052d358d7a8c5dfb981f5e28
2.25.168317503020329569414190677927680518621,/home/user/workspace/dataset_extracted/Датасет/НД_для_обучения/Исследования/2.25.168317503020329569414190677927680518621/series_004_2_CR/A2507557128 DXA/CR DXA/CR000002.dcm,1.2.643.5.1.13.13.12.2.77.8252.10010207001309070508110212031008,9,261,280,right_hip,True,0.0,,,,,0.0,0.0,,,0,0.0,0,0.0,False,0.0,,,,,,,,-1.175036672735584,1.175036672735584,25.8,81.9,0.0,-12.551860797430418,33.6,21.80881144172284,78.75,9.0,274.05,168.0,261.0,0.2892857142857143,0.1946770662287903,1.0,0.3071428571428571,0.1464285714285714,0.4874265035724791,0.1293552578174462,0.954947166168185,-14.035786997812307,1.3566711769243454,-13.894358805751208,1.9258058397298925,-13.788287661705375,3.1026568368340546,-13.646859469644276,4.271791499639602,-13.505431277583172,4.840926162445157,-12.764003085522072,5.410060825250704,-12.62257489346097,5.979195488056251,-13.11650374941514,6.556046485160413,-14.175075557354036,7.125181147965961,-17.633647365292934,7.694315810771516,-18.092219173231832,8.863450473577062,-18.550790981170724,10.03258513638261,-22.60936278910962,11.801719799188158,-26.7032916450638,13.57857079629232,-29.561863453002697,15.947705459097875,-30.0,18.31684012190342,-30.0,19.48597478470897,-30.0,20.05510944751452,-30.0,20.63196044461868,-30.0,21.80881144172284,left,-0.0858253388125242,1.175036672735584,0.2,,,0.0,0.0,0.0,0.0,right,True,Anonymized,"[0, 0]",2,4,0b8a01ae7b6f7bc1052d358d7a8c5dfb981f5e28
2.25.168317503020329569414190677927680518621,/home/user/workspace/dataset_extracted/Датасет/НД_для_обучения/Исследования/2.25.168317503020329569414190677927680518621/series_004_2_CR/A2507557128 DXA/CR DXA/CR000005.dcm,1.2.643.5.1.13.13.12.2.77.8252.01130115100005150714080303151110,10,261,280,right_hip,True,0.0,,,,,0.0,0.0,,,0,0.0,0,0.0,False,0.0,,,,,,,,-1.175036672735584,1.175036672735584,25.8,81.9,0.0,-12.551860797430418,33.6,21.80881144172284,78.75,9.0,274.05,168.0,261.0,0.2892857142857143,0.1946770662287903,1.0,0.3071428571428571,0.1464285714285714,0.4874265035724791,0.1293552578174462,0.954947166168185,-14.035786997812307,1.3566711769243454,-13.894358805751208,1.9258058397298925,-13.788287661705375,3.1026568368340546,-13.646859469644276,4.271791499639602,-13.505431277583172,4.840926162445157,-12.764003085522072,5.410060825250704,-12.62257489346097,5.979195488056251,-13.11650374941514,6.556046485160413,-14.175075557354036,7.125181147965961,-17.633647365292934,7.694315810771516,-18.092219173231832,8.863450473577062,-18.550790981170724,10.03258513638261,-22.60936278910962,11.801719799188158,-26.7032916450638,13.57857079629232,-29.561863453002697,15.947705459097875,-30.0,18.31684012190342,-30.0,19.48597478470897,-30.0,20.05510944751452,-30.0,20.63196044461868,-30.0,21.80881144172284,left,-0.0858253388125242,1.175036672735584,0.2,,,0.0,0.0,0.0,0.0,right,True,Anonymized,"[170, 159]",2,5,0b8a01ae7b6f7bc1052d358d7a8c5dfb981f5e28
2.25.168317503020329569414190677927680518621,/home/user/workspace/dataset_extracted/Датасет/НД_для_обучения/Исследования/2.25.168317503020329569414190677927680518621/series_004_2_CR/A2507557128 DXA/CR DXA/CR000011.dcm,1.2.643.5.1.13.13.12.2.77.8252.05090510080809140209120604081002,12,289,280,right_hip,True,0.0,,,,,0.0,0.0,,,0,0.0,0,0.0,False,0.0,,,,,,,,-2.516116786251966,2.516116786251966,25.8,90.3,0.0,-12.421559507523934,46.8,20.696532855323344,78.75,9.6,303.45,168.0,289.0,0.3642857142857142,0.2045600593178448,1.0,0.2892857142857143,0.1464285714285714,0.4644342565570361,0.1101461024512733,0.9631105389062912,-12.81534789376857,1.3680588707014236,-13.140399075428077,1.2738883909618124,-13.534187461672715,1.8032605311571104,-13.259238643332225,2.909090051417499,-12.98428982499174,4.014919571677887,-13.309341006651254,4.520749091938276,-14.23439218831076,5.026578612198665,-14.028180574555403,5.555950752393962,-14.95323175621491,6.061780272654351,-15.878282937874424,6.56760979291474,-16.203334119533938,7.073439313175129,-16.528385301193445,8.779268833435518,-16.253436482852962,10.485098353695903,-21.4472248690976,11.614470493891204,-24.77227605075711,13.920300014151591,-26.297327232416624,16.22612953441198,-27.82237841407613,17.93195905467237,-28.147429595735648,18.437788574932767,-28.54121798198028,19.567160715128058,-28.935006368224915,20.696532855323344,right,0.4031077008300376,2.516116786251966,0.2785714285714286,0.0,0.0,,,0.0,0.0,right,False,Anonymized,"[170, 175]",2,6,85e4709eeda85af610b06f7b442a5b04f0255411
2.25.168317503020329569414190677927680518621,/home/user/workspace/dataset_extracted/Датасет/НД_для_обучения/Исследования/2.25.168317503020329569414190677927680518621/series_004_2_CR/A2507557128 DXA/CR DXA/CR000004.dcm,1.2.643.5.1.13.13.12.2.77.8252.03110002011112060400010906040109,17,289,280,right_hip,True,0.0,,,,,0.0,0.0,,,0,0.0,0,0.0,False,0.0,,,,,,,,-2.516116786251966,2.516116786251966,25.8,90.3,0.0,-12.421559507523934,46.8,20.696532855323344,78.75,9.6,303.45,168.0,289.0,0.3642857142857142,0.2045600593178448,1.0,0.2892857142857143,0.1464285714285714,0.4644342565570361,0.1101461024512733,0.9631105389062912,-12.81534789376857,1.3680588707014236,-13.140399075428077,1.2738883909618124,-13.534187461672715,1.8032605311571104,-13.259238643332225,2.909090051417499,-12.98428982499174,4.014919571677887,-13.309341006651254,4.520749091938276,-14.23439218831076,5.026578612198665,-14.028180574555403,5.555950752393962,-14.95323175621491,6.061780272654351,-15.878282937874424,6.56760979291474,-16.203334119533938,7.073439313175129,-16.528385301193445,8.779268833435518,-16.253436482852962,10.485098353695903,-21.4472248690976,11.614470493891204,-24.77227605075711,13.920300014151591,-26.297327232416624,16.22612953441198,-27.82237841407613,17.93195905467237,-28.147429595735648,18.437788574932767,-28.54121798198028,19.567160715128058,-28.935006368224915,20.696532855323344,right,0.4031077008300376,2.516116786251966,0.2785714285714286,0.0,0.0,,,0.0,0.0,right,False,Anonymized,"[181, 158]",2,7,85e4709eeda85af610b06f7b442a5b04f0255411
2.25.168317503020329569414190677927680518621,/home/user/workspace/dataset_extracted/Датасет/НД_для_обучения/Исследования/2.25.168317503020329569414190677927680518621/series_004_2_CR/A2507557128 DXA/CR DXA/CR000000.dcm,1.2.643.5.1.13.13.12.2.77.8252.10050700041001040614050614130103,18,261,280,right_hip,True,0.0,,,,,0.0,0.0,,,0,0.0,0,0.0,False,0.0,,,,,,,,-1.175036672735584,1.175036672735584,25.8,81.9,0.0,-12.551860797430418,33.6,21.80881144172284,78.75,9.0,274.05,168.0,261.0,0.2892857142857143,0.1946770662287903,1.0,0.3071428571428571,0.1464285714285714,0.4874265035724791,0.1293552578174462,0.954947166168185,-14.035786997812307,1.3566711769243454,-13.894358805751208,1.9258058397298925,-13.788287661705375,3.1026568368340546,-13.646859469644276,4.271791499639602,-13.505431277583172,4.840926162445157,-12.764003085522072,5.410060825250704,-12.62257489346097,5.979195488056251,-13.11650374941514,6.556046485160413,-14.175075557354036,7.125181147965961,-17.633647365292934,7.694315810771516,-18.092219173231832,8.863450473577062,-18.550790981170724,10.03258513638261,-22.60936278910962,11.801719799188158,-26.7032916450638,13.57857079629232,-29.561863453002697,15.947705459097875,-30.0,18.31684012190342,-30.0,19.48597478470897,-30.0,20.05510944751452,-30.0,20.63196044461868,-30.0,21.80881144172284,left,-0.0858253388125242,1.175036672735584,0.2,,,0.0,0.0,0.0,0.0,right,True,Anonymized,"[181, 158]",2,8,0b8a01ae7b6f7bc1052d358d7a8c5dfb981f5e28
2.25.172445998420765569384934552191547932566,/home/user/workspace/dataset_extracted/Датасет/НД_для_обучения/Исследования/2.25.172445998420765569384934552191547932566/series_004_2_CR/A2507368766 DXA/CR DXA/CR000002.dcm,1.2.643.5.1.13.13.12.2.77.8252.15151313120000020410110702050700,3,317,280,left_hip,True,0.0,,,,,,,0.0,0.0,104,65.52,104,65.52,True,3.682965367320799,,,,,,,,-3.787229827480624,3.787229827480624,27.0,126.0,1.3565629557608174,-18.32125633724562,46.8,16.72803597472045,84.0,10.8,332.85,168.0,317.0,0.3464285714285714,0.2060049571879225,1.0,0.3357142857142857,0.1392857142857143,0.5195982278388309,0.1213275259327413,0.9768830151900448,-19.56904298909645,3.058711716091364,-19.430400027779687,4.44130772970343,-19.326417806792115,5.328254739912472,-19.187774845475364,6.110850753524522,-19.0491318841586,6.293446767136589,-20.11048892284185,6.47604278074864,-19.971845961525084,6.058638794360706,-19.867863740537523,5.745585804569748,-18.52922077922076,5.328181818181798,-18.390577817904,4.910777831793848,-18.85193485658725,5.693373845405915,-22.913291895270493,6.475969859017965,-22.77464893395373,7.258565872630032,-22.67066671296616,7.545512882839073,-22.532023751649408,8.928108896451123,-28.39338079033265,10.31070491006319,-30.0,12.293300923675242,-30.0,14.27589693728729,-30.0,15.162843947496333,-30.0,15.3454399611084,left,-0.5468693745956642,3.787229827480624,0.2785714285714286,,,0.0,0.0,0.0,0.0,left,False,Anonymized,"[170, 192]",2,0,510a21a77654108c77cec6aead55aa07880bedbd
2.25.172445998420765569384934552191547932566,/home/user/workspace/dataset_extracted/Датасет/НД_для_обучения/Исследования/2.25.172445998420765569384934552191547932566/series_004_2_CR/A2507368766 DXA/CR DXA/CR000001.dcm,1.2.643.5.1.13.13.12.2.77.8252.05030907080814020708000711150507,5,291,280,right_hip,True,0.0,,,,,0.0,0.0,,,143,90.09,143,90.09,True,3.7110452021495455,,,,,,,,-6.12184535313687,6.12184535313687,25.8,91.35,0.0,-12.55188452285485,54.6,17.692155719180565,94.5,8.4,305.55,168.0,291.0,0.3946428571428571,0.1757731958762886,1.0,0.2464285714285714,0.1428571428571428,0.4781729911008599,0.11654452116071,0.9676561745485344,-13.374779470729749,0.8529634759786973,-14.671972734562944,1.0548297732740195,-14.89486768243784,1.3562294962455157,-16.192060946271038,1.5580957935408375,-15.689254210104243,2.359962090836177,-15.78644747393744,3.1618283881314992,-15.283640737770645,3.3636946854268217,-15.506535685645542,4.265094408398317,-16.203728949478737,5.066960705693639,-15.700922213311934,5.868827002988979,-15.19811547714513,7.270693300284301,-15.895308740978336,7.472559597579623,-15.39250200481154,7.074425894874963,-16.215396952686437,7.375825617846459,-17.512590216519634,8.777691915141782,-18.80978348035283,10.179558212437104,-22.506976744186023,11.581424509732424,-24.404170008019232,12.983290807027766,-26.427064955894128,14.48469052999926,-28.92425821972733,15.886556827294584,right,0.6491984318602424,6.12184535313687,0.325,0.0,0.0,,,0.0,0.0,right,False,Anonymized,"[170, 177]",2,1,88e5532d9978d0625d9761e8ace416cf4bfaa14d
2.25.173731186748227489808861376513577450951,/home/user/workspace/dataset_extracted/Датасет/НД_для_обучения/Исследования/2.25.173731186748227489808861376513577450951/series_002_2_CR/A2507188958 DXA/CR DXA/CR000001.dcm,1.2.643.5.1.13.13.12.2.77.8252.04070212140009090002060410031413,3,263,280,left_hip,True,0.0,,,,,,,0.0,0.0,0,0.0,0,0.0,False,0.0,,,,,,,,-4.54798099530349,4.54798099530349,27.0,89.25,0.0,-17.000672268907564,66.6,12.093734610123123,66.15,8.4,276.15000000000003,168.0,263.0,0.4678571428571428,0.1913226507332971,1.0,0.2678571428571428,0.1464285714285714,0.4851573286309699,0.1332889871125548,0.957394457479591,-18.07333203048661,2.520328317373469,-19.103545045925348,2.6219425444596536,-20.1762048075044,2.848153214774288,-21.806417822943136,2.349767441860473,-21.636630838381866,2.451381668946658,-22.0668438538206,2.5529958960328427,-23.097056869259333,2.654610123119028,-23.569716630838386,3.480820793433662,-24.59992964627712,4.182435020519847,-25.63014266171585,5.484049247606015,-28.46035567715458,6.7856634746922,-30.0,8.087277701778385,-30.0,9.98889192886457,-30.0,10.815102599179204,-30.0,11.51671682626539,-30.0,11.618331053351572,-30.0,11.969138166894677,-30.0,11.969138166894677,-30.0,11.969138166894677,-30.0,11.969138166894677,left,-0.7651788050070623,4.54798099530349,0.3964285714285714,,,0.0,0.0,0.0,0.0,left,False,Anonymized,"[170, 160]",2,0,eae5c6a25820b4c4188e57d4f73432165862f182
2.25.173753313169335820519632380691065649420,/home/user/workspace/dataset_extracted/Датасет/НД_для_обучения/Исследования/2.25.173753313169335820519632380691065649420/series_003_2_CR/A2504265499 DXA/CR DXA/CR000006.dcm,1.2.643.5.1.13.13.12.2.77.8252.05130004120107120511100914090711,2,207,280,right_hip,True,1.0,Нарушение корректности области интереса правого бедра,,,,0.0,1.0,,,12,7.56,12,7.56,True,3.451165436307348,,,,,,,,-19.285648326751303,19.285648326751303,15.0,65.10000000000001,0.0,26.26367001586457,40.2,10.126221953614902,44.1,12.0,217.35,168.0,207.0,0.3339285714285714,0.2326949620427881,1.0,0.2964285714285714,0.1928571428571428,0.4968715163482043,0.1262090862476829,0.912009354887336,9.586809700083029,0.7452292815593068,12.323849814912682,1.1429931253305483,14.526629901034914,1.141316008158992,26.26367001586457,2.1390798519302336,8.600710130694187,3.136843695701475,7.737750245523841,4.734607539472734,5.674790360353495,6.332371383243975,6.077570446475726,7.530694266072419,6.414610561305364,9.72845810984366,6.751650676135,10.126221953614902,7.0886907909646535,9.32398579738616,7.0886907909646535,9.32398579738616,7.0886907909646535,9.32398579738616,7.0886907909646535,9.32398579738616,7.0886907909646535,9.32398579738616,7.0886907909646535,9.32398579738616,7.0886907909646535,9.32398579738616,7.0886907909646535,9.32398579738616,7.0886907909646535,9.32398579738616,7.0886907909646535,9.32398579738616,right,0.3526302847435303,19.285648326751303,0.2392857142857142,0.0,1.0,,,0.0,1.0,right,False,Anonymized,"[180, 193]",2,0,7f7cb991123459a0a1e4a2f994f4efb58a8f2814
2.25.173753313169335820519632380691065649420,/home/user/workspace/dataset_extracted/Датасет/НД_для_обучения/Исследования/2.25.173753313169335820519632380691065649420/series_003_2_CR/A2504265499 DXA/CR DXA/CR000003.dcm,1.2.643.5.1.13.13.12.2.77.8252.04111300031205120703050100121209,3,237,280,left_hip,True,0.0,,,,,,,0.0,0.0,23,14.49,23,14.49,True,3.503107031485831,,,,,,,,-2.9297182465827523,2.9297182465827523,31.8,39.9,0.0,3.8733121785752975,74.39999999999999,-19.228165007112374,73.5,5.4,248.85,168.0,108.0,0.5339285714285714,0.2223930078360458,0.4556962025316455,0.2821428571428571,0.1857142857142857,0.5168821564338565,0.1333429601860279,0.936849500207358,0.2467884888937419,-20.029259218732907,0.4085567348725135,-20.29738483422695,-0.0701170806434078,-21.698479045847467,0.0916511653353637,-23.166604661341506,0.2534194113141353,-24.634730276835544,0.4151876572929069,-24.90285589232957,0.5769559032716784,-25.17098150782361,0.6982820877557572,-25.37207571944413,0.8600503337345288,-25.640201334938165,1.0218185797133004,-25.308326950432207,1.183586825692072,-25.57645256592625,1.3453550716708431,-25.844578181420268,2.107123317649615,-26.112703796914307,2.228449502133685,-27.51379800853484,2.9902177481124568,-27.781923624028867,3.751985994091228,-28.050049239522902,1.51375424007,-27.718174855016944,1.0755224860487715,-28.586300470510984,-0.0840354524565441,-28.65333187438449,-0.0840354524565441,-28.65333187438449,left,-1.475697560438332,2.9297182465827523,0.4428571428571428,,,0.0,0.0,0.0,0.0,left,False,Anonymized,"[180, 193]",2,1,9d440ca80a2b395e235fb355b0a6b1cdcc1cb2a9
2.25.173753313169335820519632380691065649420,/home/user/workspace/dataset_extracted/Датасет/НД_для_обучения/Исследования/2.25.173753313169335820519632380691065649420/series_003_2_CR/A2504265499 DXA/CR DXA/CR000000.dcm,1.2.643.5.1.13.13.12.2.77.8252.10100404000008120405081411021306,5,207,280,right_hip,True,1.0,Нарушение корректности области интереса правого бедра,,,,0.0,1.0,,,12,7.56,12,7.56,True,3.451165436307348,,,,,,,,-19.285648326751303,19.285648326751303,15.0,65.10000000000001,0.0,26.26367001586457,40.2,10.126221953614902,44.1,12.0,217.35,168.0,207.0,0.3339285714285714,0.2326949620427881,1.0,0.2964285714285714,0.1928571428571428,0.4968715163482043,0.1262090862476829,0.912009354887336,9.586809700083029,0.7452292815593068,12.323849814912682,1.1429931253305483,14.526629901034914,1.141316008158992,26.26367001586457,2.1390798519302336,8.600710130694187,3.136843695701475,7.737750245523841,4.734607539472734,5.674790360353495,6.332371383243975,6.077570446475726,7.530694266072419,6.414610561305364,9.72845810984366,6.751650676135,10.126221953614902,7.0886907909646535,9.32398579738616,7.0886907909646535,9.32398579738616,7.0886907909646535,9.32398579738616,7.0886907909646535,9.32398579738616,7.0886907909646535,9.32398579738616,7.0886907909646535,9.32398579738616,7.0886907909646535,9.32398579738616,7.0886907909646535,9.32398579738616,7.0886907909646535,9.32398579738616,7.0886907909646535,9.32398579738616,right,0.3526302847435303,19.285648326751303,0.2392857142857142,0.0,1.0,,,0.0,1.0,right,False,Anonymized,"[0, 0]",2,2,7f7cb991123459a0a1e4a2f994f4efb58a8f2814
2.25.173753313169335820519632380691065649420,/home/user/workspace/dataset_extracted/Датасет/НД_для_обучения/Исследования/2.25.173753313169335820519632380691065649420/series_003_2_CR/A2504265499 DXA/CR DXA/CR000010.dcm,1.2.643.5.1.13.13.12.2.77.8252.13141514150708151311080810050711,6,237,280,left_hip,True,0.0,,,,,,,0.0,0.0,23,14.49,23,14.49,True,3.503107031485831,,,,,,,,-2.9297182465827523,2.9297182465827523,31.8,39.9,0.0,3.8733121785752975,74.39999999999999,-19.228165007112374,73.5,5.4,248.85,168.0,108.0,0.5339285714285714,0.2223930078360458,0.4556962025316455,0.2821428571428571,0.1857142857142857,0.5168821564338565,0.1333429601860279,0.936849500207358,0.2467884888937419,-20.029259218732907,0.4085567348725135,-20.29738483422695,-0.0701170806434078,-21.698479045847467,0.0916511653353637,-23.166604661341506,0.2534194113141353,-24.634730276835544,0.4151876572929069,-24.90285589232957,0.5769559032716784,-25.17098150782361,0.6982820877557572,-25.37207571944413,0.8600503337345288,-25.640201334938165,1.0218185797133004,-25.308326950432207,1.183586825692072,-25.57645256592625,1.3453550716708431,-25.844578181420268,2.107123317649615,-26.112703796914307,2.228449502133685,-27.51379800853484,2.9902177481124568,-27.781923624028867,3.751985994091228,-28.050049239522902,1.51375424007,-27.718174855016944,1.0755224860487715,-28.586300470510984,-0.0840354524565441,-28.65333187438449,-0.0840354524565441,-28.65333187438449,left,-1.475697560438332,2.9297182465827523,0.4428571428571428,,,0.0,0.0,0.0,0.0,left,False,Anonymized,"[0, 0]",2,3,9d440ca80a2b395e235fb355b0a6b1cdcc1cb2a9
2.25.173753313169335820519632380691065649420,/home/user/workspace/dataset_extracted/Датасет/НД_для_обучения/Исследования/2.25.173753313169335820519632380691065649420/series_003_2_CR/A2504265499 DXA/CR DXA/CR000007.dcm,1.2.643.5.1.13.13.12.2.77.8252.14100508051012080011140911030615,10,237,280,left_hip,True,0.0,,,,,,,0.0,0.0,23,14.49,23,14.49,True,3.503107031485831,,,,,,,,-2.9297182465827523,2.9297182465827523,31.8,39.9,0.0,3.8733121785752975,74.39999999999999,-19.228165007112374,73.5,5.4,248.85,168.0,108.0,0.5339285714285714,0.2223930078360458,0.4556962025316455,0.2821428571428571,0.1857142857142857,0.5168821564338565,0.1333429601860279,0.936849500207358,0.2467884888937419,-20.029259218732907,0.4085567348725135,-20.29738483422695,-0.0701170806434078,-21.698479045847467,0.0916511653353637,-23.166604661341506,0.2534194113141353,-24.634730276835544,0.4151876572929069,-24.90285589232957,0.5769559032716784,-25.17098150782361,0.6982820877557572,-25.37207571944413,0.8600503337345288,-25.640201334938165,1.0218185797133004,-25.308326950432207,1.183586825692072,-25.57645256592625,1.3453550716708431,-25.844578181420268,2.107123317649615,-26.112703796914307,2.228449502133685,-27.51379800853484,2.9902177481124568,-27.781923624028867,3.751985994091228,-28.050049239522902,1.51375424007,-27.718174855016944,1.0755224860487715,-28.586300470510984,-0.0840354524565441,-28.65333187438449,-0.0840354524565441,-28.65333187438449,left,-1.475697560438332,2.9297182465827523,0.4428571428571428,,,0.0,0.0,0.0,0.0,left,False,Anonymized,"[520, 463]",2,4,9d440ca80a2b395e235fb355b0a6b1cdcc1cb2a9
2.25.173753313169335820519632380691065649420,/home/user/workspace/dataset_extracted/Датасет/НД_для_обучения/Исследования/2.25.173753313169335820519632380691065649420/series_003_2_CR/A2504265499 DXA/CR DXA/CR000001.dcm,1.2.643.5.1.13.13.12.2.77.8252.04131502110204030305140811061103,11,207,280,right_hip,True,1.0,Нарушение корректности области интереса правого бедра,,,,0.0,1.0,,,12,7.56,12,7.56,True,3.451165436307348,,,,,,,,-19.285648326751303,19.285648326751303,15.0,65.10000000000001,0.0,26.26367001586457,40.2,10.126221953614902,44.1,12.0,217.35,168.0,207.0,0.3339285714285714,0.2326949620427881,1.0,0.2964285714285714,0.1928571428571428,0.4968715163482043,0.1262090862476829,0.912009354887336,9.586809700083029,0.7452292815593068,12.323849814912682,1.1429931253305483,14.526629901034914,1.141316008158992,26.26367001586457,2.1390798519302336,8.600710130694187,3.136843695701475,7.737750245523841,4.734607539472734,5.674790360353495,6.332371383243975,6.077570446475726,7.530694266072419,6.414610561305364,9.72845810984366,6.751650676135,10.126221953614902,7.0886907909646535,9.32398579738616,7.0886907909646535,9.32398579738616,7.0886907909646535,9.32398579738616,7.0886907909646535,9.32398579738616,7.0886907909646535,9.32398579738616,7.0886907909646535,9.32398579738616,7.0886907909646535,9.32398579738616,7.0886907909646535,9.32398579738616,7.0886907909646535,9.32398579738616,7.0886907909646535,9.32398579738616,right,0.3526302847435303,19.285648326751303,0.2392857142857142,0.0,1.0,,,0.0,1.0,right,False,Anonymized,"[520, 463]",2,5,7f7cb991123459a0a1e4a2f994f4efb58a8f2814
2.25.173753313169335820519632380691065649420,/home/user/workspace/dataset_extracted/Датасет/НД_для_обучения/Исследования/2.25.173753313169335820519632380691065649420/series_003_2_CR/A2504265499 DXA/CR DXA/CR000009.dcm,1.2.643.5.1.13.13.12.2.77.8252.03020200150014080308080615120500,12,237,280,left_hip,True,0.0,,,,,,,0.0,0.0,23,14.49,23,14.49,True,3.503107031485831,,,,,,,,-2.9297182465827523,2.9297182465827523,31.8,39.9,0.0,3.8733121785752975,74.39999999999999,-19.228165007112374,73.5,5.4,248.85,168.0,108.0,0.5339285714285714,0.2223930078360458,0.4556962025316455,0.2821428571428571,0.1857142857142857,0.5168821564338565,0.1333429601860279,0.936849500207358,0.2467884888937419,-20.029259218732907,0.4085567348725135,-20.29738483422695,-0.0701170806434078,-21.698479045847467,0.0916511653353637,-23.166604661341506,0.2534194113141353,-24.634730276835544,0.4151876572929069,-24.90285589232957,0.5769559032716784,-25.17098150782361,0.6982820877557572,-25.37207571944413,0.8600503337345288,-25.640201334938165,1.0218185797133004,-25.308326950432207,1.183586825692072,-25.57645256592625,1.3453550716708431,-25.844578181420268,2.107123317649615,-26.112703796914307,2.228449502133685,-27.51379800853484,2.9902177481124568,-27.781923624028867,3.751985994091228,-28.050049239522902,1.51375424007,-27.718174855016944,1.0755224860487715,-28.586300470510984,-0.0840354524565441,-28.65333187438449,-0.0840354524565441,-28.65333187438449,left,-1.475697560438332,2.9297182465827523,0.4428571428571428,,,0.0,0.0,0.0,0.0,left,False,Anonymized,"[170, 144]",2,6,9d440ca80a2b395e235fb355b0a6b1cdcc1cb2a9
2.25.173753313169335820519632380691065649420,/home/user/workspace/dataset_extracted/Датасет/НД_для_обучения/Исследования/2.25.173753313169335820519632380691065649420/series_003_2_CR/A2504265499 DXA/CR DXA/CR000004.dcm,1.2.643.5.1.13.13.12.2.77.8252.14060111140409011305070812141414,13,207,280,right_hip,True,1.0,Нарушение корректности области интереса правого бедра,,,,0.0,1.0,,,12,7.56,12,7.56,True,3.451165436307348,,,,,,,,-19.285648326751303,19.285648326751303,15.0,65.10000000000001,0.0,26.26367001586457,40.2,10.126221953614902,44.1,12.0,217.35,168.0,207.0,0.3339285714285714,0.2326949620427881,1.0,0.2964285714285714,0.1928571428571428,0.4968715163482043,0.1262090862476829,0.912009354887336,9.586809700083029,0.7452292815593068,12.323849814912682,1.1429931253305483,14.526629901034914,1.141316008158992,26.26367001586457,2.1390798519302336,8.600710130694187,3.136843695701475,7.737750245523841,4.734607539472734,5.674790360353495,6.332371383243975,6.077570446475726,7.530694266072419,6.414610561305364,9.72845810984366,6.751650676135,10.126221953614902,7.0886907909646535,9.32398579738616,7.0886907909646535,9.32398579738616,7.0886907909646535,9.32398579738616,7.0886907909646535,9.32398579738616,7.0886907909646535,9.32398579738616,7.0886907909646535,9.32398579738616,7.0886907909646535,9.32398579738616,7.0886907909646535,9.32398579738616,7.0886907909646535,9.32398579738616,7.0886907909646535,9.32398579738616,right,0.3526302847435303,19.285648326751303,0.2392857142857142,0.0,1.0,,,0.0,1.0,right,False,Anonymized,"[170, 126]",2,7,7f7cb991123459a0a1e4a2f994f4efb58a8f2814
2.25.175881661753775295785039265792986971602,/home/user/workspace/dataset_extracted/Датасет/НД_для_обучения/Исследования/2.25.175881661753775295785039265792986971602/series_003_2_CR/A2507266462 DXA/CR DXA/CR000000.dcm,1.2.643.5.1.13.13.12.2.77.8252.06070803110509120507010310141201,1,235,280,right_hip,True,0.0,,,,,0.0,0.0,,,0,0.0,0,0.0,False,0.0,,,,,,,,-5.373432173767804,5.373432173767804,24.0,73.5,0.0,-2.04175312746043,61.8,14.002974367946823,68.25,6.6,246.75,168.0,235.0,0.4642857142857143,0.1625075987841945,1.0,0.175,0.1392857142857143,0.5034504612865282,0.1492879958208354,0.9599203801733404,-2.8276266293412733,2.23619280902808,-2.7346898784008515,2.1390254570903777,-2.214987315195537,2.066149943137088,-2.7220505642551074,1.9689825911993688,-3.829113813314677,1.8718152392616672,-5.536177062374248,2.374647887323948,-7.2432403114338335,2.877480535386229,-7.323537748228511,3.404605021432957,-8.430600997288082,4.507437669495237,-8.937664246347651,5.610270317557519,-10.04472749540724,6.713102965619816,-11.151790744466808,7.815935613682097,-11.658853993526378,8.918768261744377,-11.739151430321057,10.045892747791106,-11.646214679380645,11.748725395853386,-10.953277928440212,13.451558043915668,-10.860341177499782,13.954390691977965,-10.860341177499782,13.954390691977965,-10.860341177499782,13.954390691977965,-10.860341177499782,13.954390691977965,right,0.5021220179073153,5.373432173767804,0.3678571428571428,0.0,0.0,,,0.0,0.0,right,False,Anonymized,"[0, 0]",2,0,8743d48295e424327815081c5b67270e97c78120
2.25.175881661753775295785039265792986971602,/home/user/workspace/dataset_extracted/Датасет/НД_для_обучения/Исследования/2.25.175881661753775295785039265792986971602/series_003_2_CR/A2507266462 DXA/CR DXA/CR000002.dcm,1.2.643.5.1.13.13.12.2.77.8252.10000603030913050503020611051415,3,233,280,left_hip,True,0.0,,,,,,,0.0,0.0,0,0.0,0,0.0,False,0.0,,,,,,,,-10.571365651600468,10.571365651600468,24.0,72.45,0.0,-2.6754256485203483,66.0,10.992400438436317,76.65,7.199999999999999,244.65,168.0,233.0,0.4625,0.1808706315144083,1.0,0.2357142857142857,0.1428571428571428,0.4643665176995032,0.1358233691075984,0.9396786673507184,-4.593189623675602,0.948702959444688,-4.19109974424557,0.383120204603631,-4.03953233467306,-0.0410668615271788,-4.837442455243012,-0.6066496163682359,-5.035352575812999,-0.5722323712092929,-5.833262696382951,-0.5378151260503671,-5.431172816952937,0.0966021191085587,-4.67960540738041,0.2724150529777659,-3.677515527950379,0.9068322981367088,-2.6754256485203483,1.5412495432956348,-7.073335769090318,2.1756667884545777,-9.671245889660286,2.810084033613504,-9.869156010230256,4.644501278772446,-9.717588600657743,5.420314212641654,-9.915498721227696,6.65473145780058,-9.513408841797684,7.889148702959505,-8.511318962367636,8.523565948118447,-7.5092290829376225,9.757983193277392,-7.357661673365095,10.533796127146582,-7.107139203507591,10.992400438436317,left,-0.7455487710421826,10.571365651600468,0.3928571428571428,,,0.0,0.0,0.0,0.0,left,False,Anonymized,"[520, 476]",2,1,d19003b4f34cfaa1ff264f291bd700d6a9eb127d
2.25.175881661753775295785039265792986971602,/home/user/workspace/dataset_extracted/Датасет/НД_для_обучения/Исследования/2.25.175881661753775295785039265792986971602/series_003_2_CR/A2507266462 DXA/CR DXA/CR000003.dcm,1.2.643.5.1.13.13.12.2.77.8252.06110514030914051115040913030103,4,235,280,right_hip,True,0.0,,,,,0.0,0.0,,,0,0.0,0,0.0,False,0.0,,,,,,,,-5.373432173767804,5.373432173767804,24.0,73.5,0.0,-2.04175312746043,61.8,14.002974367946823,68.25,6.6,246.75,168.0,235.0,0.4642857142857143,0.1625075987841945,1.0,0.175,0.1392857142857143,0.5034504612865282,0.1492879958208354,0.9599203801733404,-2.8276266293412733,2.23619280902808,-2.7346898784008515,2.1390254570903777,-2.214987315195537,2.066149943137088,-2.7220505642551074,1.9689825911993688,-3.829113813314677,1.8718152392616672,-5.536177062374248,2.374647887323948,-7.2432403114338335,2.877480535386229,-7.323537748228511,3.404605021432957,-8.430600997288082,4.507437669495237,-8.937664246347651,5.610270317557519,-10.04472749540724,6.713102965619816,-11.151790744466808,7.815935613682097,-11.658853993526378,8.918768261744377,-11.739151430321057,10.045892747791106,-11.646214679380645,11.748725395853386,-10.953277928440212,13.451558043915668,-10.860341177499782,13.954390691977965,-10.860341177499782,13.954390691977965,-10.860341177499782,13.954390691977965,-10.860341177499782,13.954390691977965,right,0.5021220179073153,5.373432173767804,0.3678571428571428,0.0,0.0,,,0.0,0.0,right,False,Anonymized,"[520, 476]",2,2,8743d48295e424327815081c5b67270e97c78120
2.25.175903805423871105435148927871625232853,/home/user/workspace/dataset_extracted/Датасет/НД_для_обучения/Исследования/2.25.175903805423871105435148927871625232853/series_001_2_CR/A2507159447 DXA/CR DXA/CR000002.dcm,1.2.643.5.1.13.13.12.2.77.8252.15100208060002090813060606131404,3,289,280,left_hip,True,0.0,,,,,,,0.0,0.0,0,0.0,0,0.0,False,0.0,,,,,,,,-2.33033842076596,2.33033842076596,25.2,100.8,0.0,-16.586116386326648,49.8,16.085946825827452,91.35,9.0,303.45,168.0,289.0,0.3660714285714285,0.2034602076124567,1.0,0.3107142857142857,0.1428571428571428,0.50166264576697,0.1427262862070692,0.9630901854082476,-16.607196147585466,2.504191535539871,-17.165036625067838,3.4045170916983123,-17.733416983179612,3.779761258817143,-18.29125746066197,4.0800868149755845,-18.24909793814433,4.980412371134025,-18.806938415626703,5.280737927292449,-18.764778893109067,5.58106348345089,-18.73315925122084,5.356307650569721,-20.49099972870321,5.056633206728162,-21.048840206185577,4.756958762886586,-24.00668068366794,5.057284319045027,-26.964521161150305,5.957609875203468,-28.722361638632663,6.857935431361909,-29.89074199674444,7.233179598480739,-30.0,8.73350515463918,-30.0,9.633830710797604,-30.0,11.134156266956046,-30.0,12.034481823114486,-30.0,11.809725990233318,-30.0,12.71005154639174,left,-0.4106958003313421,2.33033842076596,0.2964285714285714,,,0.0,0.0,0.0,0.0,left,False,Anonymized,"[170, 175]",2,0,5c87eda086535b87bdbe62b07b2b00d9aa23571a
2.25.175903805423871105435148927871625232853,/home/user/workspace/dataset_extracted/Датасет/НД_для_обучения/Исследования/2.25.175903805423871105435148927871625232853/series_001_2_CR/A2507159447 DXA/CR DXA/CR000001.dcm,1.2.643.5.1.13.13.12.2.77.8252.13151105000600070510031109011109,5,289,280,left_hip,True,0.0,,,,,,,0.0,0.0,0,0.0,0,0.0,False,0.0,,,,,,,,-1.945685724142949,1.945685724142949,25.2,115.5,0.0,-17.700750625521266,30.0,16.782101300633407,90.3,9.6,303.45,168.0,289.0,0.2482142857142857,0.1946737518536826,1.0,0.2464285714285714,0.1285714285714285,0.5179902281107547,0.1424072636240231,0.9669568620283486,-18.917597096679664,2.599890900074393,-18.9400590582242,3.492066812433793,-18.956905529382592,4.461198746703337,-18.97936749092712,5.353374659062737,-19.00182945247165,6.245550571422137,-19.62429141401618,6.537726483781538,-20.24675337556071,6.229902396140937,-20.863599846719108,6.599034330410481,-21.48606180826364,6.291210242769881,-21.508523769808168,5.983386155129272,-21.5309857313527,6.875562067488673,-20.95344769289723,7.167737979848073,-30.0,8.059913892207472,-30.0,9.029045826477017,-30.0,9.921221738836415,-30.0,11.413397651195815,-30.0,12.905573563555215,-30.0,14.397749475914608,-30.0,14.76688141018416,-30.0,16.25905732254356,right,0.1283660729070795,1.945685724142949,0.1785714285714285,0.0,0.0,,,0.0,0.0,left,True,Anonymized,"[170, 175]",2,1,7cec91cd20c89647576b8c15822fc9f6e3bef296
2.25.17706555930735581384953296958427669848,/home/user/workspace/dataset_extracted/Датасет/НД_для_обучения/Исследования/2.25.17706555930735581384953296958427669848/series_004_3_CR/A2504146513 DXA/CR DXA/CR000000.dcm,1.2.643.5.1.13.13.12.2.77.8252.11051514070611150905020505061111,3,261,280,left_hip,True,0.0,,,,,,,0.0,0.0,0,0.0,0,0.0,False,0.0,,,,,,,,-5.552229841621085,5.552229841621085,27.6,119.7,0.0,2.3477888256617008,39.0,15.805325935076246,43.05,13.2,274.05,168.0,261.0,0.3035714285714285,0.2219896004378763,1.0,0.2821428571428571,0.1464285714285714,0.5447077354757522,0.1674015796893903,0.9553172116333872,1.5573188068285475,3.348999817743663,2.30969482189507,5.084818857455304,-28.77602316680504,6.386683137239021,-30.0,7.522502176950644,-30.0,10.458321216662284,-30.0,12.794140256373908,-30.0,13.92995929608553,-30.0,14.031823575869264,-30.0,15.167642615580888,-30.0,15.103461655292527,-30.0,15.805325935076246,-30.0,15.805325935076246,-30.0,15.805325935076246,-30.0,15.805325935076246,-30.0,15.805325935076246,-30.0,15.805325935076246,-30.0,15.805325935076246,-30.0,15.805325935076246,-30.0,15.805325935076246,-30.0,15.805325935076246,left,-0.3509547441067677,5.552229841621085,0.2321428571428571,,,0.0,0.0,0.0,0.0,left,False,Anonymized,"[170, 159]",3,0,2216ac12b9f849909dd61ff019fb27ca093a0cc5
2.25.17706555930735581384953296958427669848,/home/user/workspace/dataset_extracted/Датасет/НД_для_обучения/Исследования/2.25.17706555930735581384953296958427669848/series_004_3_CR/A2504146513 DXA/CR DXA/CR000004.dcm,1.2.643.5.1.13.13.12.2.77.8252.04041511061006011303010701020104,5,261,280,left_hip,True,0.0,,,,,,,0.0,0.0,0,0.0,0,0.0,False,0.0,,,,,,,,1.9399864063055776,1.9399864063055776,27.6,81.9,0.0,-4.557242757242757,19.2,21.23062760024786,85.05,15.0,274.05,168.0,261.0,0.2214285714285714,0.2187739463601532,1.0,0.2964285714285714,0.075,0.5302636963421397,0.1459055899280201,0.9461892521801882,-5.127705206186218,2.195379304240077,-6.4883218047775,2.319288306630091,-7.058784253720961,2.5622200584225965,-7.819400852312243,2.086129060812618,-8.580017450903526,2.2100380632026315,-9.340634049494808,2.333947065592645,-10.10125064808609,2.4578560679826578,-10.671713097029553,2.700787819775172,-11.432329695620831,3.424696822165185,-12.192946294212115,4.148605824555198,-12.353562892803398,5.47251482694522,-13.11417949139468,7.396423829335234,-13.27479608998596,8.720332831725246,-13.245258538929424,10.16326458351776,-28.405875137520702,12.687173585907772,-30.0,15.811082588297795,-30.0,17.134991590687807,-30.0,20.258900593077826,-30.0,20.501832344870337,-30.0,20.625741347260348,right,0.0513554836188281,1.9399864063055776,0.1142857142857142,0.0,0.0,,,0.0,0.0,left,True,Anonymized,"[170, 159]",3,1,98917fd5a0eb8f7fc69b7e335a71d51545275b40
2.25.17706555930735581384953296958427669848,/home/user/workspace/dataset_extracted/Датасет/НД_для_обучения/Исследования/2.25.17706555930735581384953296958427669848/series_004_3_CR/A2504146513 DXA/CR DXA/CR000003.dcm,1.2.643.5.1.13.13.12.2.77.8252.08081313070715151208110603030015,8,261,280,left_hip,True,0.0,,,,,,,0.0,0.0,0,0.0,0,0.0,False,0.0,,,,,,,,1.9399864063055776,1.9399864063055776,27.6,81.9,0.0,-4.557242757242757,19.2,21.23062760024786,85.05,15.0,274.05,168.0,261.0,0.2214285714285714,0.2187739463601532,1.0,0.2964285714285714,0.075,0.5302636963421397,0.1459055899280201,0.9461892521801882,-5.127705206186218,2.195379304240077,-6.4883218047775,2.319288306630091,-7.058784253720961,2.5622200584225965,-7.819400852312243,2.086129060812618,-8.580017450903526,2.2100380632026315,-9.340634049494808,2.333947065592645,-10.10125064808609,2.4578560679826578,-10.671713097029553,2.700787819775172,-11.432329695620831,3.424696822165185,-12.192946294212115,4.148605824555198,-12.353562892803398,5.47251482694522,-13.11417949139468,7.396423829335234,-13.27479608998596,8.720332831725246,-13.245258538929424,10.16326458351776,-28.405875137520702,12.687173585907772,-30.0,15.811082588297795,-30.0,17.134991590687807,-30.0,20.258900593077826,-30.0,20.501832344870337,-30.0,20.625741347260348,right,0.0513554836188281,1.9399864063055776,0.1142857142857142,0.0,0.0,,,0.0,0.0,left,True,Anonymized,"[180, 174]",3,2,98917fd5a0eb8f7fc69b7e335a71d51545275b40
2.25.17706555930735581384953296958427669848,/home/user/workspace/dataset_extracted/Датасет/НД_для_обучения/Исследования/2.25.17706555930735581384953296958427669848/series_004_3_CR/A2504146513 DXA/CR DXA/CR000005.dcm,1.2.643.5.1.13.13.12.2.77.8252.14111104000112000401050109111415,9,261,280,left_hip,True,0.0,,,,,,,0.0,0.0,0,0.0,0,0.0,False,0.0,,,,,,,,-5.552229841621085,5.552229841621085,27.6,119.7,0.0,2.3477888256617008,39.0,15.805325935076246,43.05,13.2,274.05,168.0,261.0,0.3035714285714285,0.2219896004378763,1.0,0.2821428571428571,0.1464285714285714,0.5447077354757522,0.1674015796893903,0.9553172116333872,1.5573188068285475,3.348999817743663,2.30969482189507,5.084818857455304,-28.77602316680504,6.386683137239021,-30.0,7.522502176950644,-30.0,10.458321216662284,-30.0,12.794140256373908,-30.0,13.92995929608553,-30.0,14.031823575869264,-30.0,15.167642615580888,-30.0,15.103461655292527,-30.0,15.805325935076246,-30.0,15.805325935076246,-30.0,15.805325935076246,-30.0,15.805325935076246,-30.0,15.805325935076246,-30.0,15.805325935076246,-30.0,15.805325935076246,-30.0,15.805325935076246,-30.0,15.805325935076246,-30.0,15.805325935076246,left,-0.3509547441067677,5.552229841621085,0.2321428571428571,,,0.0,0.0,0.0,0.0,left,False,Anonymized,"[180, 174]",3,3,2216ac12b9f849909dd61ff019fb27ca093a0cc5
2.25.177745077805190810016231350557005569203,/home/user/workspace/dataset_extracted/Датасет/НД_для_обучения/Исследования/2.25.177745077805190810016231350557005569203/series_002_2_CR/A2504273759 DXA/CR DXA/CR000000.dcm,1.2.643.5.1.13.13.12.2.77.8252.04150214121314031409051312111410,3,233,280,left_hip,True,0.0,,,,,,,0.0,0.0,762,480.06,762,480.06,True,6.674243437653766,,,,,,,,-11.711095017389765,11.711095017389765,9.0,71.4,0.0,0.8415276558384619,80.39999999999999,6.203966102988903,65.10000000000001,7.199999999999999,244.65,168.0,228.0,0.5035714285714286,0.1830472103004292,0.9785407725321889,0.3,0.0964285714285714,0.5031872414795787,0.1576086354357302,0.9698865363680436,-0.3812039546512892,3.491609726304523,-1.411512768637624,3.1200480971103386,-1.4342443791273751,2.3913768752147178,-1.26455319311371,2.0198152460205336,-1.6948620071000449,1.6482536168263493,-0.9251708210863796,1.876691987632165,-4.355479635072714,2.105130358437998,-6.778211245562465,2.57645913654236,-7.2085200595488,4.004897507348176,-7.038828873535135,4.833335878153991,-8.06913768752147,5.061774248959807,-9.099446501507805,4.690212619765623,-9.52975531549414,5.518650990571456,-10.15248692598389,5.989979768675817,-11.182795739970226,5.018418139481633,-12.81310455395656,5.8468565102874495,-12.620681757453143,6.203966102988903,-12.620681757453143,6.203966102988903,-12.620681757453143,6.203966102988903,-12.620681757453143,6.203966102988903,left,-0.99545220497485,11.711095017389765,0.4785714285714285,,,0.0,0.0,0.0,0.0,left,False,Anonymized,"[170, 142]",2,0,cf84f321bac9162a44038092b91c2603844c8a50
2.25.177745077805190810016231350557005569203,/home/user/workspace/dataset_extracted/Датасет/НД_для_обучения/Исследования/2.25.177745077805190810016231350557005569203/series_002_2_CR/A2504273759 DXA/CR DXA/CR000005.dcm,1.2.643.5.1.13.13.12.2.77.8252.01001108050505090405071008120805,5,233,280,right_hip,True,0.0,,,,,0.0,0.0,,,701,441.63,701,441.63,True,5.564139424800581,,,,,,,,-11.52543325735274,11.52543325735274,9.0,72.45,0.0,1.6087687248812244,71.39999999999999,8.17172086225798,63.0,10.8,244.65,168.0,233.0,0.4571428571428571,0.1948344573881054,1.0,0.2892857142857143,0.1178571428571428,0.5272878900854872,0.1726563637806022,0.9708045216381804,0.5630544391669445,3.699364267446129,1.3738107416879586,2.797237851662408,0.7818779685787148,2.7206430398246426,0.3926342710997289,2.418516624040939,1.203390573620726,2.116390208257235,1.41414687614174,1.814263792473531,1.024903178662737,2.112137376689827,-0.1670295944465067,2.635542564852062,-3.5562732919254927,4.133416149068341,-4.545516989404495,5.031289733284655,-6.134760686883482,7.129163317500933,-6.524004384362468,7.427036901717247,-7.51324808184147,7.724910485933543,-8.105180854950714,7.648315674095761,-8.4944245524297,7.946189258312057,-8.486357325538943,7.269594446474275,-8.486357325538943,7.269594446474275,-8.486357325538943,7.269594446474275,-8.486357325538943,7.269594446474275,-8.486357325538943,7.269594446474275,right,0.830705979049291,11.52543325735274,0.4249999999999999,0.0,0.0,,,0.0,0.0,right,False,Anonymized,"[170, 142]",2,1,9becd7c2a18a3617bafc08979f58ac858b05a5cf
2.25.177745077805190810016231350557005569203,/home/user/workspace/dataset_extracted/Датасет/НД_для_обучения/Исследования/2.25.177745077805190810016231350557005569203/series_002_2_CR/A2504273759 DXA/CR DXA/CR000004.dcm,1.2.643.5.1.13.13.12.2.77.8252.06130700140211110505051411010711,8,233,280,right_hip,True,0.0,,,,,0.0,0.0,,,701,441.63,701,441.63,True,5.564139424800581,,,,,,,,-11.52543325735274,11.52543325735274,9.0,72.45,0.0,1.6087687248812244,71.39999999999999,8.17172086225798,63.0,10.8,244.65,168.0,233.0,0.4571428571428571,0.1948344573881054,1.0,0.2892857142857143,0.1178571428571428,0.5272878900854872,0.1726563637806022,0.9708045216381804,0.5630544391669445,3.699364267446129,1.3738107416879586,2.797237851662408,0.7818779685787148,2.7206430398246426,0.3926342710997289,2.418516624040939,1.203390573620726,2.116390208257235,1.41414687614174,1.814263792473531,1.024903178662737,2.112137376689827,-0.1670295944465067,2.635542564852062,-3.5562732919254927,4.133416149068341,-4.545516989404495,5.031289733284655,-6.134760686883482,7.129163317500933,-6.524004384362468,7.427036901717247,-7.51324808184147,7.724910485933543,-8.105180854950714,7.648315674095761,-8.4944245524297,7.946189258312057,-8.486357325538943,7.269594446474275,-8.486357325538943,7.269594446474275,-8.486357325538943,7.269594446474275,-8.486357325538943,7.269594446474275,-8.486357325538943,7.269594446474275,right,0.830705979049291,11.52543325735274,0.4249999999999999,0.0,0.0,,,0.0,0.0,right,False,Anonymized,"[180, 193]",2,2,9becd7c2a18a3617bafc08979f58ac858b05a5cf
2.25.177745077805190810016231350557005569203,/home/user/workspace/dataset_extracted/Датасет/НД_для_обучения/Исследования/2.25.177745077805190810016231350557005569203/series_002_2_CR/A2504273759 DXA/CR DXA/CR000003.dcm,1.2.643.5.1.13.13.12.2.77.8252.00141000101506010405040508081209,9,233,280,left_hip,True,0.0,,,,,,,0.0,0.0,762,480.06,762,480.06,True,6.674243437653766,,,,,,,,-11.711095017389765,11.711095017389765,9.0,71.4,0.0,0.8415276558384619,80.39999999999999,6.203966102988903,65.10000000000001,7.199999999999999,244.65,168.0,228.0,0.5035714285714286,0.1830472103004292,0.9785407725321889,0.3,0.0964285714285714,0.5031872414795787,0.1576086354357302,0.9698865363680436,-0.3812039546512892,3.491609726304523,-1.411512768637624,3.1200480971103386,-1.4342443791273751,2.3913768752147178,-1.26455319311371,2.0198152460205336,-1.6948620071000449,1.6482536168263493,-0.9251708210863796,1.876691987632165,-4.355479635072714,2.105130358437998,-6.778211245562465,2.57645913654236,-7.2085200595488,4.004897507348176,-7.038828873535135,4.833335878153991,-8.06913768752147,5.061774248959807,-9.099446501507805,4.690212619765623,-9.52975531549414,5.518650990571456,-10.15248692598389,5.989979768675817,-11.182795739970226,5.018418139481633,-12.81310455395656,5.8468565102874495,-12.620681757453143,6.203966102988903,-12.620681757453143,6.203966102988903,-12.620681757453143,6.203966102988903,-12.620681757453143,6.203966102988903,left,-0.99545220497485,11.711095017389765,0.4785714285714285,,,0.0,0.0,0.0,0.0,left,False,Anonymized,"[180, 193]",2,3,cf84f321bac9162a44038092b91c2603844c8a50
2.25.181196659018348153828200695057897449628,/home/user/workspace/dataset_extracted/Датасет/НД_для_обучения/Исследования/2.25.181196659018348153828200695057897449628/series_004_2_CR/A2507370620 DXA/CR DXA/CR000004.dcm,1.2.643.5.1.13.13.12.2.77.8252.07070209131108100009081313101204,2,265,280,left_hip,True,0.0,,,,,,,0.0,0.0,0,0.0,0,0.0,False,0.0,,,,,,,,-2.766579773943538,2.766579773943538,30.0,106.05,0.0,1.7896563774024543,39.0,20.43743273150843,46.2,13.2,278.25,168.0,265.0,0.3214285714285714,0.2458894878706199,1.0,0.3142857142857143,0.1607142857142857,0.5379013503514157,0.1366795147961243,0.9420562261987854,1.2050739662201606,2.913309260337797,-18.65659638905065,4.245721607454862,-19.30284915550377,5.095030867792661,-19.364519510774592,6.427443214909727,-19.42618986604542,7.759855562026791,-30.0,9.692267909143856,-30.0,11.624680256260904,-30.0,14.873989516598703,-30.0,17.406401863715768,-30.0,17.538814210832832,-30.0,19.471226557949898,-30.0,20.43743273150843,-30.0,20.43743273150843,-30.0,20.43743273150843,-30.0,20.43743273150843,-30.0,20.43743273150843,-30.0,20.43743273150843,-30.0,20.43743273150843,-30.0,20.43743273150843,-30.0,20.43743273150843,right,0.3336715349370329,2.766579773943538,0.2321428571428571,0.0,0.0,,,0.0,0.0,left,True,Anonymized,"[180, 192]",2,0,ef919d3ba65420c886a4cb7cfdccda3d0a95da35
2.25.181196659018348153828200695057897449628,/home/user/workspace/dataset_extracted/Датасет/НД_для_обучения/Исследования/2.25.181196659018348153828200695057897449628/series_004_2_CR/A2507370620 DXA/CR DXA/CR000006.dcm,1.2.643.5.1.13.13.12.2.77.8252.11080509070315011108060003120408,3,291,280,right_hip,True,0.0,,,,,0.0,0.0,,,0,0.0,0,0.0,False,0.0,,,,,,,,-0.6781567732453808,0.6781567732453808,14.4,63.0,0.0,6.004067796610173,21.6,8.242672964712426,70.35000000000001,30.0,305.55,168.0,201.0,0.2196428571428571,0.2336524300441826,0.6907216494845361,0.3964285714285714,0.0678571428571428,0.5378568722373167,0.1398147326783804,0.959513067384978,5.744795776604619,0.7420894692970365,5.39909974993054,0.8969658238399717,5.13982772992498,1.163123089747171,4.794131703250909,0.7179994442900977,4.448435676576829,0.8728757988330244,3.5027396499027543,1.027752153375951,3.15704362322868,1.182628507918878,2.89777160322312,2.0487857738260686,2.552075576549045,2.803662128368995,2.2063795498749696,3.5585384829119304,1.8606835232008905,4.913414837454857,1.5149874965268153,5.668291191997784,1.1692914698527404,5.82316754654071,0.9100194498471808,6.08932481244791,0.5643234231731099,6.844201166990836,0.2186273964990306,6.999077521533764,-0.1270686301750444,7.7539538760766895,0.3000833564879158,8.131392053348153,0.3000833564879158,8.131392053348153,0.3000833564879158,8.131392053348153,left,-0.0209894446709248,0.6781567732453808,0.1285714285714285,,,0.0,0.0,0.0,0.0,right,True,Anonymized,"[180, 192]",2,1,c279b0937436576e713c6de87da830f4bd27b94b
2.25.181196659018348153828200695057897449628,/home/user/workspace/dataset_extracted/Датасет/НД_для_обучения/Исследования/2.25.181196659018348153828200695057897449628/series_004_2_CR/A2507370620 DXA/CR DXA/CR000012.dcm,1.2.643.5.1.13.13.12.2.77.8252.00110402080602151505051001010810,5,265,280,left_hip,True,0.0,,,,,,,0.0,0.0,0,0.0,0,0.0,False,0.0,,,,,,,,-2.766579773943538,2.766579773943538,30.0,106.05,0.0,1.7896563774024543,39.0,20.43743273150843,46.2,13.2,278.25,168.0,265.0,0.3214285714285714,0.2458894878706199,1.0,0.3142857142857143,0.1607142857142857,0.5379013503514157,0.1366795147961243,0.9420562261987854,1.2050739662201606,2.913309260337797,-18.65659638905065,4.245721607454862,-19.30284915550377,5.095030867792661,-19.364519510774592,6.427443214909727,-19.42618986604542,7.759855562026791,-30.0,9.692267909143856,-30.0,11.624680256260904,-30.0,14.873989516598703,-30.0,17.406401863715768,-30.0,17.538814210832832,-30.0,19.471226557949898,-30.0,20.43743273150843,-30.0,20.43743273150843,-30.0,20.43743273150843,-30.0,20.43743273150843,-30.0,20.43743273150843,-30.0,20.43743273150843,-30.0,20.43743273150843,-30.0,20.43743273150843,-30.0,20.43743273150843,right,0.3336715349370329,2.766579773943538,0.2321428571428571,0.0,0.0,,,0.0,0.0,left,True,Anonymized,"[0, 0]",2,2,ef919d3ba65420c886a4cb7cfdccda3d0a95da35
2.25.181196659018348153828200695057897449628,/home/user/workspace/dataset_extracted/Датасет/НД_для_обучения/Исследования/2.25.181196659018348153828200695057897449628/series_004_2_CR/A2507370620 DXA/CR DXA/CR000010.dcm,1.2.643.5.1.13.13.12.2.77.8252.08060613070108000200131403151214,6,291,280,right_hip,True,0.0,,,,,0.0,0.0,,,0,0.0,0,0.0,False,0.0,,,,,,,,-0.6781567732453808,0.6781567732453808,14.4,63.0,0.0,6.004067796610173,21.6,8.242672964712426,70.35000000000001,30.0,305.55,168.0,201.0,0.2196428571428571,0.2336524300441826,0.6907216494845361,0.3964285714285714,0.0678571428571428,0.5378568722373167,0.1398147326783804,0.959513067384978,5.744795776604619,0.7420894692970365,5.39909974993054,0.8969658238399717,5.13982772992498,1.163123089747171,4.794131703250909,0.7179994442900977,4.448435676576829,0.8728757988330244,3.5027396499027543,1.027752153375951,3.15704362322868,1.182628507918878,2.89777160322312,2.0487857738260686,2.552075576549045,2.803662128368995,2.2063795498749696,3.5585384829119304,1.8606835232008905,4.913414837454857,1.5149874965268153,5.668291191997784,1.1692914698527404,5.82316754654071,0.9100194498471808,6.08932481244791,0.5643234231731099,6.844201166990836,0.2186273964990306,6.999077521533764,-0.1270686301750444,7.7539538760766895,0.3000833564879158,8.131392053348153,0.3000833564879158,8.131392053348153,0.3000833564879158,8.131392053348153,left,-0.0209894446709248,0.6781567732453808,0.1285714285714285,,,0.0,0.0,0.0,0.0,right,True,Anonymized,"[0, 0]",2,3,c279b0937436576e713c6de87da830f4bd27b94b
2.25.181196659018348153828200695057897449628,/home/user/workspace/dataset_extracted/Датасет/НД_для_обучения/Исследования/2.25.181196659018348153828200695057897449628/series_004_2_CR/A2507370620 DXA/CR DXA/CR000005.dcm,1.2.643.5.1.13.13.12.2.77.8252.03001212011504090610110601060006,7,265,280,left_hip,True,0.0,,,,,,,0.0,0.0,0,0.0,0,0.0,False,0.0,,,,,,,,-2.766579773943538,2.766579773943538,30.0,106.05,0.0,1.7896563774024543,39.0,20.43743273150843,46.2,13.2,278.25,168.0,265.0,0.3214285714285714,0.2458894878706199,1.0,0.3142857142857143,0.1607142857142857,0.5379013503514157,0.1366795147961243,0.9420562261987854,1.2050739662201606,2.913309260337797,-18.65659638905065,4.245721607454862,-19.30284915550377,5.095030867792661,-19.364519510774592,6.427443214909727,-19.42618986604542,7.759855562026791,-30.0,9.692267909143856,-30.0,11.624680256260904,-30.0,14.873989516598703,-30.0,17.406401863715768,-30.0,17.538814210832832,-30.0,19.471226557949898,-30.0,20.43743273150843,-30.0,20.43743273150843,-30.0,20.43743273150843,-30.0,20.43743273150843,-30.0,20.43743273150843,-30.0,20.43743273150843,-30.0,20.43743273150843,-30.0,20.43743273150843,-30.0,20.43743273150843,right,0.3336715349370329,2.766579773943538,0.2321428571428571,0.0,0.0,,,0.0,0.0,left,True,Anonymized,"[0, 0]",2,4,ef919d3ba65420c886a4cb7cfdccda3d0a95da35
2.25.181196659018348153828200695057897449628,/home/user/workspace/dataset_extracted/Датасет/НД_для_обучения/Исследования/2.25.181196659018348153828200695057897449628/series_004_2_CR/A2507370620 DXA/CR DXA/CR000007.dcm,1.2.643.5.1.13.13.12.2.77.8252.13100414021307020008020611130410,8,291,280,right_hip,True,0.0,,,,,0.0,0.0,,,0,0.0,0,0.0,False,0.0,,,,,,,,-0.6781567732453808,0.6781567732453808,14.4,63.0,0.0,6.004067796610173,21.6,8.242672964712426,70.35000000000001,30.0,305.55,168.0,201.0,0.2196428571428571,0.2336524300441826,0.6907216494845361,0.3964285714285714,0.0678571428571428,0.5378568722373167,0.1398147326783804,0.959513067384978,5.744795776604619,0.7420894692970365,5.39909974993054,0.8969658238399717,5.13982772992498,1.163123089747171,4.794131703250909,0.7179994442900977,4.448435676576829,0.8728757988330244,3.5027396499027543,1.027752153375951,3.15704362322868,1.182628507918878,2.89777160322312,2.0487857738260686,2.552075576549045,2.803662128368995,2.2063795498749696,3.5585384829119304,1.8606835232008905,4.913414837454857,1.5149874965268153,5.668291191997784,1.1692914698527404,5.82316754654071,0.9100194498471808,6.08932481244791,0.5643234231731099,6.844201166990836,0.2186273964990306,6.999077521533764,-0.1270686301750444,7.7539538760766895,0.3000833564879158,8.131392053348153,0.3000833564879158,8.131392053348153,0.3000833564879158,8.131392053348153,left,-0.0209894446709248,0.6781567732453808,0.1285714285714285,,,0.0,0.0,0.0,0.0,right,True,Anonymized,"[0, 0]",2,5,c279b0937436576e713c6de87da830f4bd27b94b
2.25.181196659018348153828200695057897449628,/home/user/workspace/dataset_extracted/Датасет/НД_для_обучения/Исследования/2.25.181196659018348153828200695057897449628/series_004_2_CR/A2507370620 DXA/CR DXA/CR000000.dcm,1.2.643.5.1.13.13.12.2.77.8252.14150808010700150501131415040808,9,291,280,right_hip,True,0.0,,,,,0.0,0.0,,,0,0.0,0,0.0,False,0.0,,,,,,,,-0.6781567732453808,0.6781567732453808,14.4,63.0,0.0,6.004067796610173,21.6,8.242672964712426,70.35000000000001,30.0,305.55,168.0,201.0,0.2196428571428571,0.2336524300441826,0.6907216494845361,0.3964285714285714,0.0678571428571428,0.5378568722373167,0.1398147326783804,0.959513067384978,5.744795776604619,0.7420894692970365,5.39909974993054,0.8969658238399717,5.13982772992498,1.163123089747171,4.794131703250909,0.7179994442900977,4.448435676576829,0.8728757988330244,3.5027396499027543,1.027752153375951,3.15704362322868,1.182628507918878,2.89777160322312,2.0487857738260686,2.552075576549045,2.803662128368995,2.2063795498749696,3.5585384829119304,1.8606835232008905,4.913414837454857,1.5149874965268153,5.668291191997784,1.1692914698527404,5.82316754654071,0.9100194498471808,6.08932481244791,0.5643234231731099,6.844201166990836,0.2186273964990306,6.999077521533764,-0.1270686301750444,7.7539538760766895,0.3000833564879158,8.131392053348153,0.3000833564879158,8.131392053348153,0.3000833564879158,8.131392053348153,left,-0.0209894446709248,0.6781567732453808,0.1285714285714285,,,0.0,0.0,0.0,0.0,right,True,Anonymized,"[170, 177]",2,6,c279b0937436576e713c6de87da830f4bd27b94b
2.25.181196659018348153828200695057897449628,/home/user/workspace/dataset_extracted/Датасет/НД_для_обучения/Исследования/2.25.181196659018348153828200695057897449628/series_004_2_CR/A2507370620 DXA/CR DXA/CR000001.dcm,1.2.643.5.1.13.13.12.2.77.8252.07040306041313130904140702020908,10,265,280,left_hip,True,0.0,,,,,,,0.0,0.0,0,0.0,0,0.0,False,0.0,,,,,,,,-2.766579773943538,2.766579773943538,30.0,106.05,0.0,1.7896563774024543,39.0,20.43743273150843,46.2,13.2,278.25,168.0,265.0,0.3214285714285714,0.2458894878706199,1.0,0.3142857142857143,0.1607142857142857,0.5379013503514157,0.1366795147961243,0.9420562261987854,1.2050739662201606,2.913309260337797,-18.65659638905065,4.245721607454862,-19.30284915550377,5.095030867792661,-19.364519510774592,6.427443214909727,-19.42618986604542,7.759855562026791,-30.0,9.692267909143856,-30.0,11.624680256260904,-30.0,14.873989516598703,-30.0,17.406401863715768,-30.0,17.538814210832832,-30.0,19.471226557949898,-30.0,20.43743273150843,-30.0,20.43743273150843,-30.0,20.43743273150843,-30.0,20.43743273150843,-30.0,20.43743273150843,-30.0,20.43743273150843,-30.0,20.43743273150843,-30.0,20.43743273150843,-30.0,20.43743273150843,right,0.3336715349370329,2.766579773943538,0.2321428571428571,0.0,0.0,,,0.0,0.0,left,True,Anonymized,"[170, 161]",2,7,ef919d3ba65420c886a4cb7cfdccda3d0a95da35
2.25.181196659018348153828200695057897449628,/home/user/workspace/dataset_extracted/Датасет/НД_для_обучения/Исследования/2.25.181196659018348153828200695057897449628/series_004_2_CR/A2507370620 DXA/CR DXA/CR000009.dcm,1.2.643.5.1.13.13.12.2.77.8252.08041100070615121300141413020001,14,265,280,left_hip,True,0.0,,,,,,,0.0,0.0,0,0.0,0,0.0,False,0.0,,,,,,,,-2.766579773943538,2.766579773943538,30.0,106.05,0.0,1.7896563774024543,39.0,20.43743273150843,46.2,13.2,278.25,168.0,265.0,0.3214285714285714,0.2458894878706199,1.0,0.3142857142857143,0.1607142857142857,0.5379013503514157,0.1366795147961243,0.9420562261987854,1.2050739662201606,2.913309260337797,-18.65659638905065,4.245721607454862,-19.30284915550377,5.095030867792661,-19.364519510774592,6.427443214909727,-19.42618986604542,7.759855562026791,-30.0,9.692267909143856,-30.0,11.624680256260904,-30.0,14.873989516598703,-30.0,17.406401863715768,-30.0,17.538814210832832,-30.0,19.471226557949898,-30.0,20.43743273150843,-30.0,20.43743273150843,-30.0,20.43743273150843,-30.0,20.43743273150843,-30.0,20.43743273150843,-30.0,20.43743273150843,-30.0,20.43743273150843,-30.0,20.43743273150843,-30.0,20.43743273150843,right,0.3336715349370329,2.766579773943538,0.2321428571428571,0.0,0.0,,,0.0,0.0,left,True,Anonymized,"[180, 192]",2,8,ef919d3ba65420c886a4cb7cfdccda3d0a95da35
2.25.181196659018348153828200695057897449628,/home/user/workspace/dataset_extracted/Датасет/НД_для_обучения/Исследования/2.25.181196659018348153828200695057897449628/series_004_2_CR/A2507370620 DXA/CR DXA/CR000008.dcm,1.2.643.5.1.13.13.12.2.77.8252.00010603011503150401111314061209,15,291,280,right_hip,True,0.0,,,,,0.0,0.0,,,0,0.0,0,0.0,False,0.0,,,,,,,,-0.6781567732453808,0.6781567732453808,14.4,63.0,0.0,6.004067796610173,21.6,8.242672964712426,70.35000000000001,30.0,305.55,168.0,201.0,0.2196428571428571,0.2336524300441826,0.6907216494845361,0.3964285714285714,0.0678571428571428,0.5378568722373167,0.1398147326783804,0.959513067384978,5.744795776604619,0.7420894692970365,5.39909974993054,0.8969658238399717,5.13982772992498,1.163123089747171,4.794131703250909,0.7179994442900977,4.448435676576829,0.8728757988330244,3.5027396499027543,1.027752153375951,3.15704362322868,1.182628507918878,2.89777160322312,2.0487857738260686,2.552075576549045,2.803662128368995,2.2063795498749696,3.5585384829119304,1.8606835232008905,4.913414837454857,1.5149874965268153,5.668291191997784,1.1692914698527404,5.82316754654071,0.9100194498471808,6.08932481244791,0.5643234231731099,6.844201166990836,0.2186273964990306,6.999077521533764,-0.1270686301750444,7.7539538760766895,0.3000833564879158,8.131392053348153,0.3000833564879158,8.131392053348153,0.3000833564879158,8.131392053348153,left,-0.0209894446709248,0.6781567732453808,0.1285714285714285,,,0.0,0.0,0.0,0.0,right,True,Anonymized,"[180, 192]",2,9,c279b0937436576e713c6de87da830f4bd27b94b
2.25.184198356665635336833172191504278054074,/home/user/workspace/dataset_extracted/Датасет/НД_для_обучения/Исследования/2.25.184198356665635336833172191504278054074/series_004_2_CR/A250788286 DXA/CR DXA/CR000001.dcm,1.2.643.5.1.13.13.12.2.77.8252.11141409010404080202090702050104,3,320,280,right_hip,True,0.0,,,,,0.0,0.0,,,0,0.0,0,0.0,False,0.0,,,,,,,,-2.2412655748485104,2.2412655748485104,26.4,123.9,0.0,0.5804410942994976,34.2,18.955978219188605,67.2,10.8,336.0,168.0,320.0,0.275,0.2127901785714285,1.0,0.2928571428571428,0.1464285714285714,0.5180214326255361,0.1025848760785864,0.9695934647809862,-0.3752610300965457,3.671002377482961,-0.3075082444972977,5.210000766930006,-0.256693655297866,6.214249559015289,-0.188940869698618,7.153247948462334,-0.12118808409937,8.09224633790937,-0.0534352985001262,7.831244727356414,-18.58568251290088,7.570243116803459,-20.934867923701447,7.374491908888743,-23.8671151381022,7.713490298335787,-23.79936235250295,8.052488687782823,-23.131609566903705,8.991487077229868,-22.463856781304457,10.530485466676913,-20.596103995705214,12.069483856123956,-30.0,13.07373264820924,-30.0,14.612731037656276,-30.0,17.351729427103322,-30.0,18.955978219188605,-30.0,18.955978219188605,-30.0,18.955978219188605,-30.0,18.955978219188605,left,-0.1519510769417599,2.2412655748485104,0.2035714285714285,,,0.0,0.0,0.0,0.0,right,True,Anonymized,"[170, 194]",2,0,08fa2c409be2359f58d629d1c009eda06fafe15c
2.25.184198356665635336833172191504278054074,/home/user/workspace/dataset_extracted/Датасет/НД_для_обучения/Исследования/2.25.184198356665635336833172191504278054074/series_004_2_CR/A250788286 DXA/CR DXA/CR000002.dcm,1.2.643.5.1.13.13.12.2.77.8252.02150805140008141106110606070801,5,318,280,left_hip,True,0.0,,,,,,,0.0,0.0,18,11.34,18,11.34,True,3.13393561305008,,,,,,,,0.1688860019386654,0.1688860019386654,25.2,126.0,0.0,0.1676776165011517,44.4,21.709486769914577,80.85000000000001,9.0,333.90000000000003,168.0,318.0,0.35,0.1992026055705301,1.0,0.2928571428571428,0.1464285714285714,0.518336654027375,0.1521195236760821,0.9713135592082064,0.066818529064534,3.854884366969944,-0.0382637683172333,5.574562122369621,-0.1170754913535546,6.714320438919378,-0.222157788735322,8.433998194319056,-0.3272400861170808,8.953675949718743,0.1676776165011517,9.473353705118422,0.0625953191193929,9.3930314605181,-0.0162164039169283,8.732789777067856,-18.721298701298696,8.652467532467535,-23.02638099868045,8.57214528786722,-24.33146329606222,9.6918230432669,-28.03654559344398,10.211500798666576,-30.0,11.331178554066256,-30.0,12.47093687061602,-30.0,14.190614626015698,-30.0,15.910292381415376,-30.0,18.22997013681505,-30.0,20.549647892214733,-30.0,21.6894062087645,-30.0,21.60908396416417,right,0.2458482364985627,0.1688860019386654,0.2642857142857143,0.0,0.0,,,0.0,0.0,left,True,Anonymized,"[170, 193]",2,1,60f8450c038f8d555dd211950301098600bf7938
2.25.186201010600484120326273381077449377115,/home/user/workspace/dataset_extracted/Датасет/НД_для_обучения/Исследования/2.25.186201010600484120326273381077449377115/series_004_2_CR/A250777475 DXA/CR DXA/CR000006.dcm,1.2.643.5.1.13.13.12.2.77.8252.01060001050009070514040213010802,2,261,280,right_hip,True,0.0,,,,,0.0,0.0,,,31,19.53,31,19.53,True,3.6360424172866144,,,,,,,,-11.98478368250456,11.98478368250456,16.2,85.05,0.0,16.637841011743415,52.8,14.037651309846432,67.2,11.4,274.05,168.0,261.0,0.4017857142857143,0.1931855500821018,1.0,0.275,0.1642857142857142,0.4997623625676946,0.1370253840618407,0.9554846480752816,3.69803071364048,2.1278952122854435,5.195158084914203,1.8418789521228405,5.718003613369478,1.6273667570008796,7.215130984643184,1.9413504968382769,8.71225835591689,2.2553342366756906,10.809385727190596,2.569317976513088,12.306513098464302,2.8833017163504846,11.629358626919576,3.268789521228541,10.7264859981933,4.182773261065938,11.023613369467006,5.096757000903335,12.520740740740711,6.010740740740732,14.017868112014437,7.524724480578129,15.514995483288123,9.038708220415526,16.637841011743415,10.024196025293582,9.13496838301712,12.13817976513098,8.832095754290828,13.052163504968377,8.754941282746119,14.037651309846432,8.754941282746119,14.037651309846432,8.754941282746119,14.037651309846432,8.754941282746119,14.037651309846432,right,0.4550973692571644,11.98478368250456,0.3142857142857143,0.0,0.0,,,0.0,0.0,right,False,Anonymized,"[180, 191]",2,0,23c08ad57087f18a16b90b00821e77a918878320
2.25.186201010600484120326273381077449377115,/home/user/workspace/dataset_extracted/Датасет/НД_для_обучения/Исследования/2.25.186201010600484120326273381077449377115/series_004_2_CR/A250777475 DXA/CR DXA/CR000009.dcm,1.2.643.5.1.13.13.12.2.77.8252.13020010101411130307011411150509,3,261,280,left_hip,True,0.0,,,,,,,0.0,0.0,53,33.39,53,33.39,True,3.867980474157005,,,,,,,,-6.60814361042608,6.60814361042608,28.2,81.9,0.0,-6.521749136939024,49.8,14.344781800478016,73.5,12.0,274.05,168.0,261.0,0.3857142857142857,0.2033798576902025,1.0,0.275,0.1607142857142857,0.5007211271116284,0.1417790935729456,0.9533990654013524,-11.868797025759056,2.622539485830629,-11.803416836328228,2.914796595809264,-11.904381694255118,3.283989428293228,-11.239001504824287,3.576246538271863,-9.373621315393478,3.268503648250498,-8.70824112596265,2.9607607582291164,-11.642860936531838,2.653017868207752,-11.743825794458711,3.0222107006917325,-11.0784456050279,3.314467810670351,-11.01306541559707,3.606724920648986,-10.947685226166252,4.498982030627621,-10.882305036735431,5.391239140606239,-10.216924847304613,6.283496250584875,-9.717889705231494,7.252689083068838,-9.052509515800674,8.144946193047474,-7.1871293263698535,10.237203303026108,-6.521749136939024,11.729460413004729,-17.25636894750821,13.821717522983365,-17.090023900150502,14.344781800478016,-17.090023900150502,14.344781800478016,left,-0.4616120581876373,6.60814361042608,0.2964285714285714,,,0.0,0.0,0.0,0.0,left,False,Anonymized,"[180, 191]",2,1,c7a23de203788589602114f445f75b89569d7c98
2.25.186201010600484120326273381077449377115,/home/user/workspace/dataset_extracted/Датасет/НД_для_обучения/Исследования/2.25.186201010600484120326273381077449377115/series_004_2_CR/A250777475 DXA/CR DXA/CR000005.dcm,1.2.643.5.1.13.13.12.2.77.8252.07131015031512050310021202060000,5,261,280,right_hip,True,0.0,,,,,0.0,0.0,,,31,19.53,31,19.53,True,3.6360424172866144,,,,,,,,-11.98478368250456,11.98478368250456,16.2,85.05,0.0,16.637841011743415,52.8,14.037651309846432,67.2,11.4,274.05,168.0,261.0,0.4017857142857143,0.1931855500821018,1.0,0.275,0.1642857142857142,0.4997623625676946,0.1370253840618407,0.9554846480752816,3.69803071364048,2.1278952122854435,5.195158084914203,1.8418789521228405,5.718003613369478,1.6273667570008796,7.215130984643184,1.9413504968382769,8.71225835591689,2.2553342366756906,10.809385727190596,2.569317976513088,12.306513098464302,2.8833017163504846,11.629358626919576,3.268789521228541,10.7264859981933,4.182773261065938,11.023613369467006,5.096757000903335,12.520740740740711,6.010740740740732,14.017868112014437,7.524724480578129,15.514995483288123,9.038708220415526,16.637841011743415,10.024196025293582,9.13496838301712,12.13817976513098,8.832095754290828,13.052163504968377,8.754941282746119,14.037651309846432,8.754941282746119,14.037651309846432,8.754941282746119,14.037651309846432,8.754941282746119,14.037651309846432,right,0.4550973692571644,11.98478368250456,0.3142857142857143,0.0,0.0,,,0.0,0.0,right,False,Anonymized,"[0, 0]",2,2,23c08ad57087f18a16b90b00821e77a918878320
2.25.186201010600484120326273381077449377115,/home/user/workspace/dataset_extracted/Датасет/НД_для_обучения/Исследования/2.25.186201010600484120326273381077449377115/series_004_2_CR/A250777475 DXA/CR DXA/CR000000.dcm,1.2.643.5.1.13.13.12.2.77.8252.01110601131107041511021510061211,6,261,280,left_hip,True,0.0,,,,,,,0.0,0.0,53,33.39,53,33.39,True,3.867980474157005,,,,,,,,-6.60814361042608,6.60814361042608,28.2,81.9,0.0,-6.521749136939024,49.8,14.344781800478016,73.5,12.0,274.05,168.0,261.0,0.3857142857142857,0.2033798576902025,1.0,0.275,0.1607142857142857,0.5007211271116284,0.1417790935729456,0.9533990654013524,-11.868797025759056,2.622539485830629,-11.803416836328228,2.914796595809264,-11.904381694255118,3.283989428293228,-11.239001504824287,3.576246538271863,-9.373621315393478,3.268503648250498,-8.70824112596265,2.9607607582291164,-11.642860936531838,2.653017868207752,-11.743825794458711,3.0222107006917325,-11.0784456050279,3.314467810670351,-11.01306541559707,3.606724920648986,-10.947685226166252,4.498982030627621,-10.882305036735431,5.391239140606239,-10.216924847304613,6.283496250584875,-9.717889705231494,7.252689083068838,-9.052509515800674,8.144946193047474,-7.1871293263698535,10.237203303026108,-6.521749136939024,11.729460413004729,-17.25636894750821,13.821717522983365,-17.090023900150502,14.344781800478016,-17.090023900150502,14.344781800478016,left,-0.4616120581876373,6.60814361042608,0.2964285714285714,,,0.0,0.0,0.0,0.0,left,False,Anonymized,"[0, 0]",2,3,c7a23de203788589602114f445f75b89569d7c98
2.25.186201010600484120326273381077449377115,/home/user/workspace/dataset_extracted/Датасет/НД_для_обучения/Исследования/2.25.186201010600484120326273381077449377115/series_004_2_CR/A250777475 DXA/CR DXA/CR000008.dcm,1.2.643.5.1.13.13.12.2.77.8252.05080405071204150306061400051307,7,261,280,left_hip,True,0.0,,,,,,,0.0,0.0,53,33.39,53,33.39,True,3.867980474157005,,,,,,,,-6.60814361042608,6.60814361042608,28.2,81.9,0.0,-6.521749136939024,49.8,14.344781800478016,73.5,12.0,274.05,168.0,261.0,0.3857142857142857,0.2033798576902025,1.0,0.275,0.1607142857142857,0.5007211271116284,0.1417790935729456,0.9533990654013524,-11.868797025759056,2.622539485830629,-11.803416836328228,2.914796595809264,-11.904381694255118,3.283989428293228,-11.239001504824287,3.576246538271863,-9.373621315393478,3.268503648250498,-8.70824112596265,2.9607607582291164,-11.642860936531838,2.653017868207752,-11.743825794458711,3.0222107006917325,-11.0784456050279,3.314467810670351,-11.01306541559707,3.606724920648986,-10.947685226166252,4.498982030627621,-10.882305036735431,5.391239140606239,-10.216924847304613,6.283496250584875,-9.717889705231494,7.252689083068838,-9.052509515800674,8.144946193047474,-7.1871293263698535,10.237203303026108,-6.521749136939024,11.729460413004729,-17.25636894750821,13.821717522983365,-17.090023900150502,14.344781800478016,-17.090023900150502,14.344781800478016,left,-0.4616120581876373,6.60814361042608,0.2964285714285714,,,0.0,0.0,0.0,0.0,left,False,Anonymized,"[0, 0]",2,4,c7a23de203788589602114f445f75b89569d7c98
2.25.186201010600484120326273381077449377115,/home/user/workspace/dataset_extracted/Датасет/НД_для_обучения/Исследования/2.25.186201010600484120326273381077449377115/series_004_2_CR/A250777475 DXA/CR DXA/CR000001.dcm,1.2.643.5.1.13.13.12.2.77.8252.09061504020803021006021501021304,10,261,280,left_hip,True,0.0,,,,,,,0.0,0.0,53,33.39,53,33.39,True,3.867980474157005,,,,,,,,-6.60814361042608,6.60814361042608,28.2,81.9,0.0,-6.521749136939024,49.8,14.344781800478016,73.5,12.0,274.05,168.0,261.0,0.3857142857142857,0.2033798576902025,1.0,0.275,0.1607142857142857,0.5007211271116284,0.1417790935729456,0.9533990654013524,-11.868797025759056,2.622539485830629,-11.803416836328228,2.914796595809264,-11.904381694255118,3.283989428293228,-11.239001504824287,3.576246538271863,-9.373621315393478,3.268503648250498,-8.70824112596265,2.9607607582291164,-11.642860936531838,2.653017868207752,-11.743825794458711,3.0222107006917325,-11.0784456050279,3.314467810670351,-11.01306541559707,3.606724920648986,-10.947685226166252,4.498982030627621,-10.882305036735431,5.391239140606239,-10.216924847304613,6.283496250584875,-9.717889705231494,7.252689083068838,-9.052509515800674,8.144946193047474,-7.1871293263698535,10.237203303026108,-6.521749136939024,11.729460413004729,-17.25636894750821,13.821717522983365,-17.090023900150502,14.344781800478016,-17.090023900150502,14.344781800478016,left,-0.4616120581876373,6.60814361042608,0.2964285714285714,,,0.0,0.0,0.0,0.0,left,False,Anonymized,"[520, 509]",2,5,c7a23de203788589602114f445f75b89569d7c98
2.25.186201010600484120326273381077449377115,/home/user/workspace/dataset_extracted/Датасет/НД_для_обучения/Исследования/2.25.186201010600484120326273381077449377115/series_004_2_CR/A250777475 DXA/CR DXA/CR000002.dcm,1.2.643.5.1.13.13.12.2.77.8252.00091315091215060415120908060402,11,261,280,right_hip,True,0.0,,,,,0.0,0.0,,,31,19.53,31,19.53,True,3.6360424172866144,,,,,,,,-11.98478368250456,11.98478368250456,16.2,85.05,0.0,16.637841011743415,52.8,14.037651309846432,67.2,11.4,274.05,168.0,261.0,0.4017857142857143,0.1931855500821018,1.0,0.275,0.1642857142857142,0.4997623625676946,0.1370253840618407,0.9554846480752816,3.69803071364048,2.1278952122854435,5.195158084914203,1.8418789521228405,5.718003613369478,1.6273667570008796,7.215130984643184,1.9413504968382769,8.71225835591689,2.2553342366756906,10.809385727190596,2.569317976513088,12.306513098464302,2.8833017163504846,11.629358626919576,3.268789521228541,10.7264859981933,4.182773261065938,11.023613369467006,5.096757000903335,12.520740740740711,6.010740740740732,14.017868112014437,7.524724480578129,15.514995483288123,9.038708220415526,16.637841011743415,10.024196025293582,9.13496838301712,12.13817976513098,8.832095754290828,13.052163504968377,8.754941282746119,14.037651309846432,8.754941282746119,14.037651309846432,8.754941282746119,14.037651309846432,8.754941282746119,14.037651309846432,right,0.4550973692571644,11.98478368250456,0.3142857142857143,0.0,0.0,,,0.0,0.0,right,False,Anonymized,"[520, 509]",2,6,23c08ad57087f18a16b90b00821e77a918878320
2.25.186201010600484120326273381077449377115,/home/user/workspace/dataset_extracted/Датасет/НД_для_обучения/Исследования/2.25.186201010600484120326273381077449377115/series_004_2_CR/A250777475 DXA/CR DXA/CR000004.dcm,1.2.643.5.1.13.13.12.2.77.8252.13051209051006081503100907110310,12,261,280,left_hip,True,0.0,,,,,,,0.0,0.0,53,33.39,53,33.39,True,3.867980474157005,,,,,,,,-6.60814361042608,6.60814361042608,28.2,81.9,0.0,-6.521749136939024,49.8,14.344781800478016,73.5,12.0,274.05,168.0,261.0,0.3857142857142857,0.2033798576902025,1.0,0.275,0.1607142857142857,0.5007211271116284,0.1417790935729456,0.9533990654013524,-11.868797025759056,2.622539485830629,-11.803416836328228,2.914796595809264,-11.904381694255118,3.283989428293228,-11.239001504824287,3.576246538271863,-9.373621315393478,3.268503648250498,-8.70824112596265,2.9607607582291164,-11.642860936531838,2.653017868207752,-11.743825794458711,3.0222107006917325,-11.0784456050279,3.314467810670351,-11.01306541559707,3.606724920648986,-10.947685226166252,4.498982030627621,-10.882305036735431,5.391239140606239,-10.216924847304613,6.283496250584875,-9.717889705231494,7.252689083068838,-9.052509515800674,8.144946193047474,-7.1871293263698535,10.237203303026108,-6.521749136939024,11.729460413004729,-17.25636894750821,13.821717522983365,-17.090023900150502,14.344781800478016,-17.090023900150502,14.344781800478016,left,-0.4616120581876373,6.60814361042608,0.2964285714285714,,,0.0,0.0,0.0,0.0,left,False,Anonymized,"[170, 159]",2,7,c7a23de203788589602114f445f75b89569d7c98
2.25.186201010600484120326273381077449377115,/home/user/workspace/dataset_extracted/Датасет/НД_для_обучения/Исследования/2.25.186201010600484120326273381077449377115/series_004_2_CR/A250777475 DXA/CR DXA/CR000003.dcm,1.2.643.5.1.13.13.12.2.77.8252.01141302020713050903060503061314,13,261,280,right_hip,True,0.0,,,,,0.0,0.0,,,31,19.53,31,19.53,True,3.6360424172866144,,,,,,,,-11.98478368250456,11.98478368250456,16.2,85.05,0.0,16.637841011743415,52.8,14.037651309846432,67.2,11.4,274.05,168.0,261.0,0.4017857142857143,0.1931855500821018,1.0,0.275,0.1642857142857142,0.4997623625676946,0.1370253840618407,0.9554846480752816,3.69803071364048,2.1278952122854435,5.195158084914203,1.8418789521228405,5.718003613369478,1.6273667570008796,7.215130984643184,1.9413504968382769,8.71225835591689,2.2553342366756906,10.809385727190596,2.569317976513088,12.306513098464302,2.8833017163504846,11.629358626919576,3.268789521228541,10.7264859981933,4.182773261065938,11.023613369467006,5.096757000903335,12.520740740740711,6.010740740740732,14.017868112014437,7.524724480578129,15.514995483288123,9.038708220415526,16.637841011743415,10.024196025293582,9.13496838301712,12.13817976513098,8.832095754290828,13.052163504968377,8.754941282746119,14.037651309846432,8.754941282746119,14.037651309846432,8.754941282746119,14.037651309846432,8.754941282746119,14.037651309846432,right,0.4550973692571644,11.98478368250456,0.3142857142857143,0.0,0.0,,,0.0,0.0,right,False,Anonymized,"[170, 159]",2,8,23c08ad57087f18a16b90b00821e77a918878320
2.25.190331309633057244929837507901317950031,/home/user/workspace/dataset_extracted/Датасет/НД_для_обучения/Исследования/2.25.190331309633057244929837507901317950031/series_001_2_CR/A250791815 DXA/CR DXA/CR000007.dcm,1.2.643.5.1.13.13.12.2.77.8252.10061312041507151308110106051414,2,235,280,right_hip,True,1.0,Нарушение позиционирования/ротации правого бедра,,,,1.0,0.0,,,0,0.0,0,0.0,False,0.0,,,,,,,,11.946568659340487,11.946568659340487,29.4,28.35,0.0,4.6085470085469975,58.2,13.943467643467576,66.15,3.0,246.75,168.0,90.0,0.4321428571428571,0.2366109422492401,0.3829787234042553,0.3071428571428571,0.175,0.5503513486991967,0.1290031734361482,0.935887516053005,0.3829059829059616,-8.019169719169701,-0.0119658119658339,-6.03675213675213,0.1418803418803236,-4.549938949938939,0.347008547008528,-2.567521367521368,0.5521367521367324,-0.5851037851037972,0.7572649572649368,0.7973137973137909,0.9623931623931412,2.779731379731362,1.1162393162392987,4.266544566544536,1.3213675213675031,6.248962148962124,1.526495726495716,8.231379731379695,2.33162393162392,10.213797313797269,2.5367521367521246,10.996214896214838,3.341880341880329,11.778632478632426,3.495726495726487,12.0654456654456,4.300854700854691,13.44786324786318,4.505982905982895,13.03028083028076,4.6085470085469975,13.421489621489544,4.6085470085469975,13.421489621489544,4.6085470085469975,13.421489621489544,4.6085470085469975,13.421489621489544,right,0.6858193362596432,11.946568659340487,0.3464285714285714,1.0,0.0,,,1.0,0.0,right,False,Anonymized,"[180, 193]",2,0,769b9e38861539c0db44acd3c68cdd39246e1958
2.25.190331309633057244929837507901317950031,/home/user/workspace/dataset_extracted/Датасет/НД_для_обучения/Исследования/2.25.190331309633057244929837507901317950031/series_001_2_CR/A250791815 DXA/CR DXA/CR000000.dcm,1.2.643.5.1.13.13.12.2.77.8252.11050911061500091304001000100608,3,235,280,left_hip,True,0.0,,,,,,,0.0,0.0,29,18.27,29,18.27,True,3.3332848601526908,,,,,,,,-15.776045289945127,15.776045289945127,18.0,73.5,0.0,18.08519989502229,45.0,9.282180036742217,38.85,12.6,246.75,168.0,235.0,0.3482142857142857,0.216580547112462,1.0,0.3035714285714285,0.1642857142857142,0.53203960925945,0.1139131444527919,0.943167913602051,9.086869040328908,1.1937013384655983,9.640458402589433,1.1741229988627708,9.755650424284829,1.3094392441606373,11.509239786545344,1.8898609045578096,13.26282914880586,2.470282564954982,15.016418511066377,3.6507042253521376,16.770007873326893,4.831125885749293,18.08519989502229,5.566442131047176,5.438789257282804,7.346863791444331,4.953981278978199,9.282180036742217,4.953981278978199,9.282180036742217,4.953981278978199,9.282180036742217,4.953981278978199,9.282180036742217,4.953981278978199,9.282180036742217,4.953981278978199,9.282180036742217,4.953981278978199,9.282180036742217,4.953981278978199,9.282180036742217,4.953981278978199,9.282180036742217,4.953981278978199,9.282180036742217,4.953981278978199,9.282180036742217,left,-0.2453422725646233,15.776045289945127,0.2678571428571428,,,0.0,0.0,0.0,0.0,left,False,Anonymized,"[180, 193]",2,1,9e44f6848e96d61057a6939b7c8985b3d212c45a
2.25.190331309633057244929837507901317950031,/home/user/workspace/dataset_extracted/Датасет/НД_для_обучения/Исследования/2.25.190331309633057244929837507901317950031/series_001_2_CR/A250791815 DXA/CR DXA/CR000004.dcm,1.2.643.5.1.13.13.12.2.77.8252.03000010070307110614031003090302,5,235,280,right_hip,True,1.0,Нарушение позиционирования/ротации правого бедра,,,,1.0,0.0,,,0,0.0,0,0.0,False,0.0,,,,,,,,11.946568659340487,11.946568659340487,29.4,28.35,0.0,4.6085470085469975,58.2,13.943467643467576,66.15,3.0,246.75,168.0,90.0,0.4321428571428571,0.2366109422492401,0.3829787234042553,0.3071428571428571,0.175,0.5503513486991967,0.1290031734361482,0.935887516053005,0.3829059829059616,-8.019169719169701,-0.0119658119658339,-6.03675213675213,0.1418803418803236,-4.549938949938939,0.347008547008528,-2.567521367521368,0.5521367521367324,-0.5851037851037972,0.7572649572649368,0.7973137973137909,0.9623931623931412,2.779731379731362,1.1162393162392987,4.266544566544536,1.3213675213675031,6.248962148962124,1.526495726495716,8.231379731379695,2.33162393162392,10.213797313797269,2.5367521367521246,10.996214896214838,3.341880341880329,11.778632478632426,3.495726495726487,12.0654456654456,4.300854700854691,13.44786324786318,4.505982905982895,13.03028083028076,4.6085470085469975,13.421489621489544,4.6085470085469975,13.421489621489544,4.6085470085469975,13.421489621489544,4.6085470085469975,13.421489621489544,right,0.6858193362596432,11.946568659340487,0.3464285714285714,1.0,0.0,,,1.0,0.0,right,False,Anonymized,"[0, 0]",2,2,769b9e38861539c0db44acd3c68cdd39246e1958
2.25.190331309633057244929837507901317950031,/home/user/workspace/dataset_extracted/Датасет/НД_для_обучения/Исследования/2.25.190331309633057244929837507901317950031/series_001_2_CR/A250791815 DXA/CR DXA/CR000001.dcm,1.2.643.5.1.13.13.12.2.77.8252.13070805121401080100090313021511,6,235,280,left_hip,True,0.0,,,,,,,0.0,0.0,29,18.27,29,18.27,True,3.3332848601526908,,,,,,,,-15.776045289945127,15.776045289945127,18.0,73.5,0.0,18.08519989502229,45.0,9.282180036742217,38.85,12.6,246.75,168.0,235.0,0.3482142857142857,0.216580547112462,1.0,0.3035714285714285,0.1642857142857142,0.53203960925945,0.1139131444527919,0.943167913602051,9.086869040328908,1.1937013384655983,9.640458402589433,1.1741229988627708,9.755650424284829,1.3094392441606373,11.509239786545344,1.8898609045578096,13.26282914880586,2.470282564954982,15.016418511066377,3.6507042253521376,16.770007873326893,4.831125885749293,18.08519989502229,5.566442131047176,5.438789257282804,7.346863791444331,4.953981278978199,9.282180036742217,4.953981278978199,9.282180036742217,4.953981278978199,9.282180036742217,4.953981278978199,9.282180036742217,4.953981278978199,9.282180036742217,4.953981278978199,9.282180036742217,4.953981278978199,9.282180036742217,4.953981278978199,9.282180036742217,4.953981278978199,9.282180036742217,4.953981278978199,9.282180036742217,4.953981278978199,9.282180036742217,left,-0.2453422725646233,15.776045289945127,0.2678571428571428,,,0.0,0.0,0.0,0.0,left,False,Anonymized,"[0, 0]",2,3,9e44f6848e96d61057a6939b7c8985b3d212c45a
2.25.190331309633057244929837507901317950031,/home/user/workspace/dataset_extracted/Датасет/НД_для_обучения/Исследования/2.25.190331309633057244929837507901317950031/series_001_2_CR/A250791815 DXA/CR DXA/CR000002.dcm,1.2.643.5.1.13.13.12.2.77.8252.06100709031109071008120605101311,10,235,280,left_hip,True,0.0,,,,,,,0.0,0.0,29,18.27,29,18.27,True,3.3332848601526908,,,,,,,,-15.776045289945127,15.776045289945127,18.0,73.5,0.0,18.08519989502229,45.0,9.282180036742217,38.85,12.6,246.75,168.0,235.0,0.3482142857142857,0.216580547112462,1.0,0.3035714285714285,0.1642857142857142,0.53203960925945,0.1139131444527919,0.943167913602051,9.086869040328908,1.1937013384655983,9.640458402589433,1.1741229988627708,9.755650424284829,1.3094392441606373,11.509239786545344,1.8898609045578096,13.26282914880586,2.470282564954982,15.016418511066377,3.6507042253521376,16.770007873326893,4.831125885749293,18.08519989502229,5.566442131047176,5.438789257282804,7.346863791444331,4.953981278978199,9.282180036742217,4.953981278978199,9.282180036742217,4.953981278978199,9.282180036742217,4.953981278978199,9.282180036742217,4.953981278978199,9.282180036742217,4.953981278978199,9.282180036742217,4.953981278978199,9.282180036742217,4.953981278978199,9.282180036742217,4.953981278978199,9.282180036742217,4.953981278978199,9.282180036742217,4.953981278978199,9.282180036742217,left,-0.2453422725646233,15.776045289945127,0.2678571428571428,,,0.0,0.0,0.0,0.0,left,False,Anonymized,"[520, 479]",2,4,9e44f6848e96d61057a6939b7c8985b3d212c45a
2.25.190331309633057244929837507901317950031,/home/user/workspace/dataset_extracted/Датасет/НД_для_обучения/Исследования/2.25.190331309633057244929837507901317950031/series_001_2_CR/A250791815 DXA/CR DXA/CR000010.dcm,1.2.643.5.1.13.13.12.2.77.8252.09051315030213060214031014080701,11,235,280,right_hip,True,1.0,Нарушение позиционирования/ротации правого бедра,,,,1.0,0.0,,,0,0.0,0,0.0,False,0.0,,,,,,,,11.946568659340487,11.946568659340487,29.4,28.35,0.0,4.6085470085469975,58.2,13.943467643467576,66.15,3.0,246.75,168.0,90.0,0.4321428571428571,0.2366109422492401,0.3829787234042553,0.3071428571428571,0.175,0.5503513486991967,0.1290031734361482,0.935887516053005,0.3829059829059616,-8.019169719169701,-0.0119658119658339,-6.03675213675213,0.1418803418803236,-4.549938949938939,0.347008547008528,-2.567521367521368,0.5521367521367324,-0.5851037851037972,0.7572649572649368,0.7973137973137909,0.9623931623931412,2.779731379731362,1.1162393162392987,4.266544566544536,1.3213675213675031,6.248962148962124,1.526495726495716,8.231379731379695,2.33162393162392,10.213797313797269,2.5367521367521246,10.996214896214838,3.341880341880329,11.778632478632426,3.495726495726487,12.0654456654456,4.300854700854691,13.44786324786318,4.505982905982895,13.03028083028076,4.6085470085469975,13.421489621489544,4.6085470085469975,13.421489621489544,4.6085470085469975,13.421489621489544,4.6085470085469975,13.421489621489544,right,0.6858193362596432,11.946568659340487,0.3464285714285714,1.0,0.0,,,1.0,0.0,right,False,Anonymized,"[520, 479]",2,5,769b9e38861539c0db44acd3c68cdd39246e1958
2.25.190331309633057244929837507901317950031,/home/user/workspace/dataset_extracted/Датасет/НД_для_обучения/Исследования/2.25.190331309633057244929837507901317950031/series_001_2_CR/A250791815 DXA/CR DXA/CR000009.dcm,1.2.643.5.1.13.13.12.2.77.8252.11100404131302060711141306031414,12,235,280,left_hip,True,0.0,,,,,,,0.0,0.0,29,18.27,29,18.27,True,3.3332848601526908,,,,,,,,-15.776045289945127,15.776045289945127,18.0,73.5,0.0,18.08519989502229,45.0,9.282180036742217,38.85,12.6,246.75,168.0,235.0,0.3482142857142857,0.216580547112462,1.0,0.3035714285714285,0.1642857142857142,0.53203960925945,0.1139131444527919,0.943167913602051,9.086869040328908,1.1937013384655983,9.640458402589433,1.1741229988627708,9.755650424284829,1.3094392441606373,11.509239786545344,1.8898609045578096,13.26282914880586,2.470282564954982,15.016418511066377,3.6507042253521376,16.770007873326893,4.831125885749293,18.08519989502229,5.566442131047176,5.438789257282804,7.346863791444331,4.953981278978199,9.282180036742217,4.953981278978199,9.282180036742217,4.953981278978199,9.282180036742217,4.953981278978199,9.282180036742217,4.953981278978199,9.282180036742217,4.953981278978199,9.282180036742217,4.953981278978199,9.282180036742217,4.953981278978199,9.282180036742217,4.953981278978199,9.282180036742217,4.953981278978199,9.282180036742217,4.953981278978199,9.282180036742217,left,-0.2453422725646233,15.776045289945127,0.2678571428571428,,,0.0,0.0,0.0,0.0,left,False,Anonymized,"[170, 143]",2,6,9e44f6848e96d61057a6939b7c8985b3d212c45a
2.25.190331309633057244929837507901317950031,/home/user/workspace/dataset_extracted/Датасет/НД_для_обучения/Исследования/2.25.190331309633057244929837507901317950031/series_001_2_CR/A250791815 DXA/CR DXA/CR000006.dcm,1.2.643.5.1.13.13.12.2.77.8252.03020007121211050710080207000313,13,235,280,right_hip,True,1.0,Нарушение позиционирования/ротации правого бедра,,,,1.0,0.0,,,0,0.0,0,0.0,False,0.0,,,,,,,,11.946568659340487,11.946568659340487,29.4,28.35,0.0,4.6085470085469975,58.2,13.943467643467576,66.15,3.0,246.75,168.0,90.0,0.4321428571428571,0.2366109422492401,0.3829787234042553,0.3071428571428571,0.175,0.5503513486991967,0.1290031734361482,0.935887516053005,0.3829059829059616,-8.019169719169701,-0.0119658119658339,-6.03675213675213,0.1418803418803236,-4.549938949938939,0.347008547008528,-2.567521367521368,0.5521367521367324,-0.5851037851037972,0.7572649572649368,0.7973137973137909,0.9623931623931412,2.779731379731362,1.1162393162392987,4.266544566544536,1.3213675213675031,6.248962148962124,1.526495726495716,8.231379731379695,2.33162393162392,10.213797313797269,2.5367521367521246,10.996214896214838,3.341880341880329,11.778632478632426,3.495726495726487,12.0654456654456,4.300854700854691,13.44786324786318,4.505982905982895,13.03028083028076,4.6085470085469975,13.421489621489544,4.6085470085469975,13.421489621489544,4.6085470085469975,13.421489621489544,4.6085470085469975,13.421489621489544,right,0.6858193362596432,11.946568659340487,0.3464285714285714,1.0,0.0,,,1.0,0.0,right,False,Anonymized,"[170, 143]",2,7,769b9e38861539c0db44acd3c68cdd39246e1958
2.25.190807933410234695931591553323782771995,/home/user/workspace/dataset_extracted/Датасет/НД_для_обучения/Исследования/2.25.190807933410234695931591553323782771995/series_002_3_CR/A250762254 DXA/CR DXA/CR000001.dcm,1.2.643.5.1.13.13.12.2.77.8252.10101410111513000809081215030802,3,292,280,right_hip,False,,,,,,,,,,999,629.37,999,629.37,True,6.446972619722633,,,,,,,,1.801706058861849,1.801706058861849,26.4,115.5,0.0,5.946571692626736,43.8,11.975952933751111,51.45,14.4,306.6,168.0,292.0,0.3892857142857143,0.2437010763209393,1.0,0.3607142857142857,0.1464285714285714,0.5807822925242947,0.1596154974970712,0.9719857729764791,2.3930969501611683,2.542929919076721,3.260690214818652,2.474754187047773,3.61138516331176,2.423622388026075,4.478978427969244,2.3554466559971274,5.946571692626736,2.28727092396818,-12.98583504271578,2.819095191939249,-13.318241778058296,3.950919459910301,-14.167546829565188,4.499787660888586,-15.099953564907697,5.631611928859655,-15.432360300250211,6.763436196830708,-30.0,8.49526046480176,-30.0,10.227084732772829,-30.0,11.975952933751111,-30.0,11.975952933751111,-30.0,11.975952933751111,-30.0,11.975952933751111,-30.0,11.975952933751111,-30.0,11.975952933751111,-30.0,11.975952933751111,-30.0,11.975952933751111,left,-0.3134538073517934,1.801706058861849,0.2607142857142857,,,0.0,0.0,0.0,0.0,right,True,Anonymized,"[170, 178]",3,0,40c0c11951470f1291738f89b7ea9f17706088ad
2.25.215177279960644564778148238928738915103,/home/user/workspace/dataset_extracted/Датасет/НД_для_обучения/Исследования/2.25.215177279960644564778148238928738915103/series_002_2_CR/A2504147013 DXA/CR DXA/CR000000.dcm,1.2.643.5.1.13.13.12.2.77.8252.02120211101306000510080011031411,4,320,280,left_hip,True,1.0,Нарушение позиционирования/ротации левого бедра,,,,,,1.0,0.0,0,0.0,0,0.0,False,0.0,,,,,,,,1.534627921672619,1.534627921672619,25.8,170.1,2.0304616257457,4.569436929212867,58.2,5.34852976666794,52.5,3.0,336.0,168.0,212.0,0.4607142857142857,0.1868638392857143,0.6625,0.175,0.1392857142857143,0.5435618743781009,0.1314698537837264,0.9712932456424264,0.1320631533488324,2.841631419172085,-0.0573460859403809,3.4772642016707094,0.4005969845927154,4.10398878854466,0.2111877453035106,5.339621571043284,0.6217785060142972,-15.024745646458108,1.0323692667250923,-20.38911286395949,1.4429600274358876,-20.95348008146088,1.900903097968976,-25.72675549458691,3.5114938586797706,-28.091122712088303,4.522084619390566,-28.65548992958968,4.332675380101352,-29.21985714709108,3.543266140812148,-30.0,2.753856901522943,-30.0,2.753856901522943,-30.0,2.753856901522943,-30.0,2.753856901522943,-30.0,2.753856901522943,-30.0,2.753856901522943,-30.0,2.753856901522943,-30.0,2.753856901522943,-30.0,left,-0.4761976955336329,1.534627921672619,0.3464285714285714,,,1.0,0.0,1.0,0.0,left,False,Anonymized,"[520, 548]",2,0,8e50bf1fc4be8ed20a118daebedf39100d56ba17
2.25.215177279960644564778148238928738915103,/home/user/workspace/dataset_extracted/Датасет/НД_для_обучения/Исследования/2.25.215177279960644564778148238928738915103/series_002_2_CR/A2504147013 DXA/CR DXA/CR000002.dcm,1.2.643.5.1.13.13.12.2.77.8252.00070615051510041500030210150312,5,292,280,left_hip,True,1.0,Нарушение позиционирования/ротации левого бедра,,,,,,1.0,0.0,0,0.0,0,0.0,False,0.0,,,,,,,,4.153734177142826,4.153734177142826,25.8,159.6,7.326405388227086,0.4047228999651338,43.8,11.064764316322554,38.85,3.6,306.6,168.0,189.0,0.4214285714285714,0.1782045009784735,0.6472602739726028,0.1642857142857142,0.1392857142857143,0.5835443912965949,0.1809913709959113,0.9774176501157644,-0.5075789883747263,3.157722510405358,-6.323981506161206,3.951358333504203,-19.836283394501063,4.696585200828332,-20.252685912287543,5.490221023927177,-20.669088430074027,6.8838568470260215,-21.085490947860507,7.677492670124866,-21.501893465646987,9.07112849322371,-21.81419535398684,10.416355360547849,-22.23059787177332,-4.990008816353307,-23.142899760113178,-6.044781949029169,-23.142899760113178,-6.044781949029169,-23.142899760113178,-6.044781949029169,-23.142899760113178,-6.044781949029169,-23.142899760113178,-6.044781949029169,-23.142899760113178,-6.044781949029169,-23.142899760113178,-6.044781949029169,-23.142899760113178,-6.044781949029169,-23.142899760113178,-6.044781949029169,-23.142899760113178,-6.044781949029169,-23.142899760113178,-6.044781949029169,right,0.1974798634755392,4.153734177142826,0.2607142857142857,1.0,0.0,,,1.0,0.0,left,True,Anonymized,"[520, 548]",2,1,b7a59fef67090d8f65c8a790ccd8b528ec763c46
2.25.215177279960644564778148238928738915103,/home/user/workspace/dataset_extracted/Датасет/НД_для_обучения/Исследования/2.25.215177279960644564778148238928738915103/series_002_2_CR/A2504147013 DXA/CR DXA/CR000003.dcm,1.2.643.5.1.13.13.12.2.77.8252.02080006130815010800091303020804,6,320,280,left_hip,True,1.0,Нарушение позиционирования/ротации левого бедра,,,,,,1.0,0.0,0,0.0,0,0.0,False,0.0,,,,,,,,1.534627921672619,1.534627921672619,25.8,170.1,2.0304616257457,4.569436929212867,58.2,5.34852976666794,52.5,3.0,336.0,168.0,212.0,0.4607142857142857,0.1868638392857143,0.6625,0.175,0.1392857142857143,0.5435618743781009,0.1314698537837264,0.9712932456424264,0.1320631533488324,2.841631419172085,-0.0573460859403809,3.4772642016707094,0.4005969845927154,4.10398878854466,0.2111877453035106,5.339621571043284,0.6217785060142972,-15.024745646458108,1.0323692667250923,-20.38911286395949,1.4429600274358876,-20.95348008146088,1.900903097968976,-25.72675549458691,3.5114938586797706,-28.091122712088303,4.522084619390566,-28.65548992958968,4.332675380101352,-29.21985714709108,3.543266140812148,-30.0,2.753856901522943,-30.0,2.753856901522943,-30.0,2.753856901522943,-30.0,2.753856901522943,-30.0,2.753856901522943,-30.0,2.753856901522943,-30.0,2.753856901522943,-30.0,2.753856901522943,-30.0,left,-0.4761976955336329,1.534627921672619,0.3464285714285714,,,1.0,0.0,1.0,0.0,left,False,Anonymized,"[170, 194]",2,2,8e50bf1fc4be8ed20a118daebedf39100d56ba17
2.25.217397325224876728316360420804118329081,/home/user/workspace/dataset_extracted/Датасет/НД_для_обучения/Исследования/2.25.217397325224876728316360420804118329081/series_002_2_CR/A250474631 DXA/CR DXA/CR000001.dcm,1.2.643.5.1.13.13.12.2.77.8252.10000400041408060608031009090710,2,235,280,right_hip,True,0.0,,,,,0.0,0.0,,,0,0.0,0,0.0,False,0.0,,,,,,,,-13.813194494318273,13.813194494318273,12.0,73.5,0.0,11.324919954509689,60.0,14.030499518852253,52.5,9.0,246.75,168.0,235.0,0.4410714285714285,0.1792857142857143,1.0,0.2571428571428571,0.1571428571428571,0.4817882158313781,0.1479441652807115,0.9450228621031572,4.399688566179696,0.3612807278453431,6.125815764150116,0.6221187997550714,6.820411162627942,1.567747353687355,8.546538360598378,1.8285854255970664,10.272665558568814,3.289423497506794,10.798792756539251,4.1502615694165055,11.324919954509689,5.611099641326234,9.019515352987511,6.5567281952585175,6.54564255095795,8.01756626716823,7.071769748928387,10.078404339077958,7.597896946898822,11.539242410987669,8.12402414486924,13.000080482897395,8.650151342839678,13.860918554807109,8.650151342839678,13.860918554807109,8.650151342839678,13.860918554807109,8.650151342839678,13.860918554807109,8.650151342839678,13.860918554807109,8.650151342839678,13.860918554807109,8.650151342839678,13.860918554807109,8.650151342839678,13.860918554807109,right,0.5348040879606764,13.813194494318273,0.3571428571428571,0.0,0.0,,,0.0,0.0,right,False,Anonymized,"[180, 193]",2,0,99580d00549db5af1a8303b37fe18b2ac30c1d34
2.25.217397325224876728316360420804118329081,/home/user/workspace/dataset_extracted/Датасет/НД_для_обучения/Исследования/2.25.217397325224876728316360420804118329081/series_002_2_CR/A250474631 DXA/CR DXA/CR000000.dcm,1.2.643.5.1.13.13.12.2.77.8252.02091115080411030312040600000701,3,263,280,left_hip,True,0.0,,,,,,,0.0,0.0,0,0.0,0,0.0,False,0.0,,,,,,,,-8.259998781105619,8.259998781105619,26.4,81.9,0.0,-7.086032954387371,67.8,13.057097333046686,61.95,7.8,276.15000000000003,168.0,263.0,0.4767857142857143,0.1942286800651819,1.0,0.2714285714285714,0.15,0.5254185662414832,0.1513171271939855,0.961127324197008,-7.8982587033219716,1.7605887783103071,-8.322710201191187,1.9166984913820384,-9.541048824593105,1.5837807761858411,-9.96550032246232,1.7398904892575728,-9.789951820331538,1.2960002023293211,-10.214403318200754,1.4521099154010528,-9.438854816069988,2.208219628472784,-9.457193439471904,3.075301913276587,-9.281644937341104,3.831411626348336,-9.706096435210338,5.1875213394200665,-11.330547933079554,5.943631052491798,-17.15499943094877,7.299740765563547,-18.779450928817987,9.255850478635278,-19.397789552219905,10.12293276343908,-20.42224105008912,12.07904247651083,-21.23446679902372,13.057097333046686,-21.23446679902372,13.057097333046686,-21.23446679902372,13.057097333046686,-21.23446679902372,13.057097333046686,-21.23446679902372,13.057097333046686,left,-0.8778873970186487,8.259998781105619,0.4035714285714286,,,0.0,0.0,0.0,0.0,left,False,Anonymized,"[180, 193]",2,1,ad533a5587cf27c83d283baea32b1a89f3c8e128
2.25.217397325224876728316360420804118329081,/home/user/workspace/dataset_extracted/Датасет/НД_для_обучения/Исследования/2.25.217397325224876728316360420804118329081/series_002_2_CR/A250474631 DXA/CR DXA/CR000003.dcm,1.2.643.5.1.13.13.12.2.77.8252.01120903030308120114061013030505,5,235,280,right_hip,True,0.0,,,,,0.0,0.0,,,0,0.0,0,0.0,False,0.0,,,,,,,,-13.813194494318273,13.813194494318273,12.0,73.5,0.0,11.324919954509689,60.0,14.030499518852253,52.5,9.0,246.75,168.0,235.0,0.4410714285714285,0.1792857142857143,1.0,0.2571428571428571,0.1571428571428571,0.4817882158313781,0.1479441652807115,0.9450228621031572,4.399688566179696,0.3612807278453431,6.125815764150116,0.6221187997550714,6.820411162627942,1.567747353687355,8.546538360598378,1.8285854255970664,10.272665558568814,3.289423497506794,10.798792756539251,4.1502615694165055,11.324919954509689,5.611099641326234,9.019515352987511,6.5567281952585175,6.54564255095795,8.01756626716823,7.071769748928387,10.078404339077958,7.597896946898822,11.539242410987669,8.12402414486924,13.000080482897395,8.650151342839678,13.860918554807109,8.650151342839678,13.860918554807109,8.650151342839678,13.860918554807109,8.650151342839678,13.860918554807109,8.650151342839678,13.860918554807109,8.650151342839678,13.860918554807109,8.650151342839678,13.860918554807109,8.650151342839678,13.860918554807109,right,0.5348040879606764,13.813194494318273,0.3571428571428571,0.0,0.0,,,0.0,0.0,right,False,Anonymized,"[0, 0]",2,2,99580d00549db5af1a8303b37fe18b2ac30c1d34
2.25.217397325224876728316360420804118329081,/home/user/workspace/dataset_extracted/Датасет/НД_для_обучения/Исследования/2.25.217397325224876728316360420804118329081/series_002_2_CR/A250474631 DXA/CR DXA/CR000009.dcm,1.2.643.5.1.13.13.12.2.77.8252.07081006110204030410140712110010,6,263,280,left_hip,True,0.0,,,,,,,0.0,0.0,0,0.0,0,0.0,False,0.0,,,,,,,,-8.259998781105619,8.259998781105619,26.4,81.9,0.0,-7.086032954387371,67.8,13.057097333046686,61.95,7.8,276.15000000000003,168.0,263.0,0.4767857142857143,0.1942286800651819,1.0,0.2714285714285714,0.15,0.5254185662414832,0.1513171271939855,0.961127324197008,-7.8982587033219716,1.7605887783103071,-8.322710201191187,1.9166984913820384,-9.541048824593105,1.5837807761858411,-9.96550032246232,1.7398904892575728,-9.789951820331538,1.2960002023293211,-10.214403318200754,1.4521099154010528,-9.438854816069988,2.208219628472784,-9.457193439471904,3.075301913276587,-9.281644937341104,3.831411626348336,-9.706096435210338,5.1875213394200665,-11.330547933079554,5.943631052491798,-17.15499943094877,7.299740765563547,-18.779450928817987,9.255850478635278,-19.397789552219905,10.12293276343908,-20.42224105008912,12.07904247651083,-21.23446679902372,13.057097333046686,-21.23446679902372,13.057097333046686,-21.23446679902372,13.057097333046686,-21.23446679902372,13.057097333046686,-21.23446679902372,13.057097333046686,left,-0.8778873970186487,8.259998781105619,0.4035714285714286,,,0.0,0.0,0.0,0.0,left,False,Anonymized,"[0, 0]",2,3,ad533a5587cf27c83d283baea32b1a89f3c8e128
2.25.217397325224876728316360420804118329081,/home/user/workspace/dataset_extracted/Датасет/НД_для_обучения/Исследования/2.25.217397325224876728316360420804118329081/series_002_2_CR/A250474631 DXA/CR DXA/CR000007.dcm,1.2.643.5.1.13.13.12.2.77.8252.15101108070415081206070914081510,10,263,280,left_hip,True,0.0,,,,,,,0.0,0.0,0,0.0,0,0.0,False,0.0,,,,,,,,-8.259998781105619,8.259998781105619,26.4,81.9,0.0,-7.086032954387371,67.8,13.057097333046686,61.95,7.8,276.15000000000003,168.0,263.0,0.4767857142857143,0.1942286800651819,1.0,0.2714285714285714,0.15,0.5254185662414832,0.1513171271939855,0.961127324197008,-7.8982587033219716,1.7605887783103071,-8.322710201191187,1.9166984913820384,-9.541048824593105,1.5837807761858411,-9.96550032246232,1.7398904892575728,-9.789951820331538,1.2960002023293211,-10.214403318200754,1.4521099154010528,-9.438854816069988,2.208219628472784,-9.457193439471904,3.075301913276587,-9.281644937341104,3.831411626348336,-9.706096435210338,5.1875213394200665,-11.330547933079554,5.943631052491798,-17.15499943094877,7.299740765563547,-18.779450928817987,9.255850478635278,-19.397789552219905,10.12293276343908,-20.42224105008912,12.07904247651083,-21.23446679902372,13.057097333046686,-21.23446679902372,13.057097333046686,-21.23446679902372,13.057097333046686,-21.23446679902372,13.057097333046686,-21.23446679902372,13.057097333046686,left,-0.8778873970186487,8.259998781105619,0.4035714285714286,,,0.0,0.0,0.0,0.0,left,False,Anonymized,"[520, 496]",2,4,ad533a5587cf27c83d283baea32b1a89f3c8e128
2.25.217397325224876728316360420804118329081,/home/user/workspace/dataset_extracted/Датасет/НД_для_обучения/Исследования/2.25.217397325224876728316360420804118329081/series_002_2_CR/A250474631 DXA/CR DXA/CR000008.dcm,1.2.643.5.1.13.13.12.2.77.8252.14010614131006141014100714050813,11,235,280,right_hip,True,0.0,,,,,0.0,0.0,,,0,0.0,0,0.0,False,0.0,,,,,,,,-13.813194494318273,13.813194494318273,12.0,73.5,0.0,11.324919954509689,60.0,14.030499518852253,52.5,9.0,246.75,168.0,235.0,0.4410714285714285,0.1792857142857143,1.0,0.2571428571428571,0.1571428571428571,0.4817882158313781,0.1479441652807115,0.9450228621031572,4.399688566179696,0.3612807278453431,6.125815764150116,0.6221187997550714,6.820411162627942,1.567747353687355,8.546538360598378,1.8285854255970664,10.272665558568814,3.289423497506794,10.798792756539251,4.1502615694165055,11.324919954509689,5.611099641326234,9.019515352987511,6.5567281952585175,6.54564255095795,8.01756626716823,7.071769748928387,10.078404339077958,7.597896946898822,11.539242410987669,8.12402414486924,13.000080482897395,8.650151342839678,13.860918554807109,8.650151342839678,13.860918554807109,8.650151342839678,13.860918554807109,8.650151342839678,13.860918554807109,8.650151342839678,13.860918554807109,8.650151342839678,13.860918554807109,8.650151342839678,13.860918554807109,8.650151342839678,13.860918554807109,right,0.5348040879606764,13.813194494318273,0.3571428571428571,0.0,0.0,,,0.0,0.0,right,False,Anonymized,"[520, 496]",2,5,99580d00549db5af1a8303b37fe18b2ac30c1d34
2.25.217397325224876728316360420804118329081,/home/user/workspace/dataset_extracted/Датасет/НД_для_обучения/Исследования/2.25.217397325224876728316360420804118329081/series_002_2_CR/A250474631 DXA/CR DXA/CR000006.dcm,1.2.643.5.1.13.13.12.2.77.8252.08100408121001020706011402110914,12,263,280,left_hip,True,0.0,,,,,,,0.0,0.0,0,0.0,0,0.0,False,0.0,,,,,,,,-8.259998781105619,8.259998781105619,26.4,81.9,0.0,-7.086032954387371,67.8,13.057097333046686,61.95,7.8,276.15000000000003,168.0,263.0,0.4767857142857143,0.1942286800651819,1.0,0.2714285714285714,0.15,0.5254185662414832,0.1513171271939855,0.961127324197008,-7.8982587033219716,1.7605887783103071,-8.322710201191187,1.9166984913820384,-9.541048824593105,1.5837807761858411,-9.96550032246232,1.7398904892575728,-9.789951820331538,1.2960002023293211,-10.214403318200754,1.4521099154010528,-9.438854816069988,2.208219628472784,-9.457193439471904,3.075301913276587,-9.281644937341104,3.831411626348336,-9.706096435210338,5.1875213394200665,-11.330547933079554,5.943631052491798,-17.15499943094877,7.299740765563547,-18.779450928817987,9.255850478635278,-19.397789552219905,10.12293276343908,-20.42224105008912,12.07904247651083,-21.23446679902372,13.057097333046686,-21.23446679902372,13.057097333046686,-21.23446679902372,13.057097333046686,-21.23446679902372,13.057097333046686,-21.23446679902372,13.057097333046686,left,-0.8778873970186487,8.259998781105619,0.4035714285714286,,,0.0,0.0,0.0,0.0,left,False,Anonymized,"[170, 160]",2,6,ad533a5587cf27c83d283baea32b1a89f3c8e128
2.25.217397325224876728316360420804118329081,/home/user/workspace/dataset_extracted/Датасет/НД_для_обучения/Исследования/2.25.217397325224876728316360420804118329081/series_002_2_CR/A250474631 DXA/CR DXA/CR000010.dcm,1.2.643.5.1.13.13.12.2.77.8252.03030902090804040112070613130312,13,235,280,right_hip,True,0.0,,,,,0.0,0.0,,,0,0.0,0,0.0,False,0.0,,,,,,,,-13.813194494318273,13.813194494318273,12.0,73.5,0.0,11.324919954509689,60.0,14.030499518852253,52.5,9.0,246.75,168.0,235.0,0.4410714285714285,0.1792857142857143,1.0,0.2571428571428571,0.1571428571428571,0.4817882158313781,0.1479441652807115,0.9450228621031572,4.399688566179696,0.3612807278453431,6.125815764150116,0.6221187997550714,6.820411162627942,1.567747353687355,8.546538360598378,1.8285854255970664,10.272665558568814,3.289423497506794,10.798792756539251,4.1502615694165055,11.324919954509689,5.611099641326234,9.019515352987511,6.5567281952585175,6.54564255095795,8.01756626716823,7.071769748928387,10.078404339077958,7.597896946898822,11.539242410987669,8.12402414486924,13.000080482897395,8.650151342839678,13.860918554807109,8.650151342839678,13.860918554807109,8.650151342839678,13.860918554807109,8.650151342839678,13.860918554807109,8.650151342839678,13.860918554807109,8.650151342839678,13.860918554807109,8.650151342839678,13.860918554807109,8.650151342839678,13.860918554807109,right,0.5348040879606764,13.813194494318273,0.3571428571428571,0.0,0.0,,,0.0,0.0,right,False,Anonymized,"[170, 143]",2,7,99580d00549db5af1a8303b37fe18b2ac30c1d34
2.25.234651502352368356456298825489565282446,/home/user/workspace/dataset_extracted/Датасет/НД_для_обучения/Исследования/2.25.234651502352368356456298825489565282446/series_002_2_CR/A2504307193 DXA/CR DXA/CR000001.dcm,1.2.643.5.1.13.13.12.2.77.8252.05090510140315010003130007000910,2,233,280,right_hip,True,1.0,Нарушение позиционирования/ротации правого бедра,,,,1.0,0.0,,,0,0.0,0,0.0,False,0.0,,,,,,,,-10.167372890538203,10.167372890538203,31.2,89.25,0.0,5.062419386359181,31.2,4.591952315810067,67.2,3.0,244.65,168.0,149.0,0.2607142857142857,0.2891937461679951,0.6394849785407726,0.3892857142857143,0.1535714285714285,0.6545309229834239,0.2052773401370015,0.941944520290748,3.269314051201866,4.283838186437379,4.808231385577477,-16.0837052960719,5.062419386359181,-16.959362907953867,4.201336720734792,-18.126906390463148,3.940254055110404,-19.294449872972425,3.679171389486015,-21.061993355481707,2.2180887238616265,-22.829536837990982,0.6722767246433307,-23.705194449872952,1.011194059018942,-24.87273793238224,0.7501113933945532,-24.84028141489151,-0.1109712722298354,-24.807824897400792,-1.5720539378542242,-27.77536837991007,-4.233136603478613,-30.0,-5.1789486026969085,-30.0,-5.440031268321297,-30.0,-5.7011139339456856,-30.0,-7.246925933163982,-30.0,-7.246925933163982,-30.0,-7.246925933163982,-30.0,-7.246925933163982,-30.0,right,0.2392460634787497,10.167372890538203,0.1857142857142857,1.0,0.0,,,1.0,0.0,right,False,Anonymized,"[180, 177]",2,0,23e49404c3805da30892ba7212ebce7832427fc8
2.25.234651502352368356456298825489565282446,/home/user/workspace/dataset_extracted/Датасет/НД_для_обучения/Исследования/2.25.234651502352368356456298825489565282446/series_002_2_CR/A2504307193 DXA/CR DXA/CR000003.dcm,1.2.643.5.1.13.13.12.2.77.8252.09140613011500120102030800080807,3,207,280,left_hip,True,1.0,Нарушение позиционирования/ротации левого бедра,,,,,,1.0,0.0,12,7.56,12,7.56,True,3.2507740356987687,,,,,,,,-4.790454854680803,4.790454854680803,35.4,71.4,0.0,3.92640760392411,40.8,4.980936748482668,26.25,46.8,217.35,168.0,207.0,0.3410714285714286,0.2860938578329882,1.0,0.3,0.1642857142857142,0.7319431941304212,0.2914956453344799,0.9387556729589324,3.902473565675461,-0.4206664885291957,3.80673741268084,-0.0203611100507373,3.734935297934877,1.1798679238080978,2.439199144940264,3.380173302286539,-1.8565370080543573,4.380478680764997,-1.9522731610489696,4.780784059243438,-2.0001412375462846,4.980936748482668,-2.0001412375462846,4.980936748482668,-2.0001412375462846,4.980936748482668,-2.0001412375462846,4.980936748482668,-2.0001412375462846,4.980936748482668,-2.0001412375462846,4.980936748482668,-2.0001412375462846,4.980936748482668,-2.0001412375462846,4.980936748482668,-2.0001412375462846,4.980936748482668,-2.0001412375462846,4.980936748482668,-2.0001412375462846,4.980936748482668,-2.0001412375462846,4.980936748482668,-2.0001412375462846,4.980936748482668,-2.0001412375462846,4.980936748482668,left,-0.351906263171564,4.790454854680803,0.2428571428571428,,,1.0,0.0,1.0,0.0,left,False,Anonymized,"[180, 177]",2,1,0a21a29b1faa98323639d4fbcbf0a92a8a496c69
2.25.234651502352368356456298825489565282446,/home/user/workspace/dataset_extracted/Датасет/НД_для_обучения/Исследования/2.25.234651502352368356456298825489565282446/series_002_2_CR/A2504307193 DXA/CR DXA/CR000000.dcm,1.2.643.5.1.13.13.12.2.77.8252.02051208030605070510050510081213,5,233,280,right_hip,True,1.0,Нарушение позиционирования/ротации правого бедра,,,,1.0,0.0,,,0,0.0,0,0.0,False,0.0,,,,,,,,-10.167372890538203,10.167372890538203,31.2,89.25,0.0,5.062419386359181,31.2,4.591952315810067,67.2,3.0,244.65,168.0,149.0,0.2607142857142857,0.2891937461679951,0.6394849785407726,0.3892857142857143,0.1535714285714285,0.6545309229834239,0.2052773401370015,0.941944520290748,3.269314051201866,4.283838186437379,4.808231385577477,-16.0837052960719,5.062419386359181,-16.959362907953867,4.201336720734792,-18.126906390463148,3.940254055110404,-19.294449872972425,3.679171389486015,-21.061993355481707,2.2180887238616265,-22.829536837990982,0.6722767246433307,-23.705194449872952,1.011194059018942,-24.87273793238224,0.7501113933945532,-24.84028141489151,-0.1109712722298354,-24.807824897400792,-1.5720539378542242,-27.77536837991007,-4.233136603478613,-30.0,-5.1789486026969085,-30.0,-5.440031268321297,-30.0,-5.7011139339456856,-30.0,-7.246925933163982,-30.0,-7.246925933163982,-30.0,-7.246925933163982,-30.0,-7.246925933163982,-30.0,right,0.2392460634787497,10.167372890538203,0.1857142857142857,1.0,0.0,,,1.0,0.0,right,False,Anonymized,"[0, 0]",2,2,23e49404c3805da30892ba7212ebce7832427fc8
2.25.234651502352368356456298825489565282446,/home/user/workspace/dataset_extracted/Датасет/НД_для_обучения/Исследования/2.25.234651502352368356456298825489565282446/series_002_2_CR/A2504307193 DXA/CR DXA/CR000009.dcm,1.2.643.5.1.13.13.12.2.77.8252.09110410141103030507060004110108,6,207,280,left_hip,True,1.0,Нарушение позиционирования/ротации левого бедра,,,,,,1.0,0.0,12,7.56,12,7.56,True,3.2507740356987687,,,,,,,,-4.790454854680803,4.790454854680803,35.4,71.4,0.0,3.92640760392411,40.8,4.980936748482668,26.25,46.8,217.35,168.0,207.0,0.3410714285714286,0.2860938578329882,1.0,0.3,0.1642857142857142,0.7319431941304212,0.2914956453344799,0.9387556729589324,3.902473565675461,-0.4206664885291957,3.80673741268084,-0.0203611100507373,3.734935297934877,1.1798679238080978,2.439199144940264,3.380173302286539,-1.8565370080543573,4.380478680764997,-1.9522731610489696,4.780784059243438,-2.0001412375462846,4.980936748482668,-2.0001412375462846,4.980936748482668,-2.0001412375462846,4.980936748482668,-2.0001412375462846,4.980936748482668,-2.0001412375462846,4.980936748482668,-2.0001412375462846,4.980936748482668,-2.0001412375462846,4.980936748482668,-2.0001412375462846,4.980936748482668,-2.0001412375462846,4.980936748482668,-2.0001412375462846,4.980936748482668,-2.0001412375462846,4.980936748482668,-2.0001412375462846,4.980936748482668,-2.0001412375462846,4.980936748482668,-2.0001412375462846,4.980936748482668,left,-0.351906263171564,4.790454854680803,0.2428571428571428,,,1.0,0.0,1.0,0.0,left,False,Anonymized,"[0, 0]",2,3,0a21a29b1faa98323639d4fbcbf0a92a8a496c69
2.25.234651502352368356456298825489565282446,/home/user/workspace/dataset_extracted/Датасет/НД_для_обучения/Исследования/2.25.234651502352368356456298825489565282446/series_002_2_CR/A2504307193 DXA/CR DXA/CR000004.dcm,1.2.643.5.1.13.13.12.2.77.8252.09061112071413071402070608030006,10,207,280,left_hip,True,1.0,Нарушение позиционирования/ротации левого бедра,,,,,,1.0,0.0,12,7.56,12,7.56,True,3.2507740356987687,,,,,,,,-4.790454854680803,4.790454854680803,35.4,71.4,0.0,3.92640760392411,40.8,4.980936748482668,26.25,46.8,217.35,168.0,207.0,0.3410714285714286,0.2860938578329882,1.0,0.3,0.1642857142857142,0.7319431941304212,0.2914956453344799,0.9387556729589324,3.902473565675461,-0.4206664885291957,3.80673741268084,-0.0203611100507373,3.734935297934877,1.1798679238080978,2.439199144940264,3.380173302286539,-1.8565370080543573,4.380478680764997,-1.9522731610489696,4.780784059243438,-2.0001412375462846,4.980936748482668,-2.0001412375462846,4.980936748482668,-2.0001412375462846,4.980936748482668,-2.0001412375462846,4.980936748482668,-2.0001412375462846,4.980936748482668,-2.0001412375462846,4.980936748482668,-2.0001412375462846,4.980936748482668,-2.0001412375462846,4.980936748482668,-2.0001412375462846,4.980936748482668,-2.0001412375462846,4.980936748482668,-2.0001412375462846,4.980936748482668,-2.0001412375462846,4.980936748482668,-2.0001412375462846,4.980936748482668,-2.0001412375462846,4.980936748482668,left,-0.351906263171564,4.790454854680803,0.2428571428571428,,,1.0,0.0,1.0,0.0,left,False,Anonymized,"[520, 444]",2,4,0a21a29b1faa98323639d4fbcbf0a92a8a496c69
2.25.234651502352368356456298825489565282446,/home/user/workspace/dataset_extracted/Датасет/НД_для_обучения/Исследования/2.25.234651502352368356456298825489565282446/series_002_2_CR/A2504307193 DXA/CR DXA/CR000007.dcm,1.2.643.5.1.13.13.12.2.77.8252.15100402090103120615100706141310,11,233,280,right_hip,True,1.0,Нарушение позиционирования/ротации правого бедра,,,,1.0,0.0,,,0,0.0,0,0.0,False,0.0,,,,,,,,-10.167372890538203,10.167372890538203,31.2,89.25,0.0,5.062419386359181,31.2,4.591952315810067,67.2,3.0,244.65,168.0,149.0,0.2607142857142857,0.2891937461679951,0.6394849785407726,0.3892857142857143,0.1535714285714285,0.6545309229834239,0.2052773401370015,0.941944520290748,3.269314051201866,4.283838186437379,4.808231385577477,-16.0837052960719,5.062419386359181,-16.959362907953867,4.201336720734792,-18.126906390463148,3.940254055110404,-19.294449872972425,3.679171389486015,-21.061993355481707,2.2180887238616265,-22.829536837990982,0.6722767246433307,-23.705194449872952,1.011194059018942,-24.87273793238224,0.7501113933945532,-24.84028141489151,-0.1109712722298354,-24.807824897400792,-1.5720539378542242,-27.77536837991007,-4.233136603478613,-30.0,-5.1789486026969085,-30.0,-5.440031268321297,-30.0,-5.7011139339456856,-30.0,-7.246925933163982,-30.0,-7.246925933163982,-30.0,-7.246925933163982,-30.0,-7.246925933163982,-30.0,right,0.2392460634787497,10.167372890538203,0.1857142857142857,1.0,0.0,,,1.0,0.0,right,False,Anonymized,"[520, 444]",2,5,23e49404c3805da30892ba7212ebce7832427fc8
2.25.234651502352368356456298825489565282446,/home/user/workspace/dataset_extracted/Датасет/НД_для_обучения/Исследования/2.25.234651502352368356456298825489565282446/series_002_2_CR/A2504307193 DXA/CR DXA/CR000005.dcm,1.2.643.5.1.13.13.12.2.77.8252.14111506040710041211031511080401,12,207,280,left_hip,True,1.0,Нарушение позиционирования/ротации левого бедра,,,,,,1.0,0.0,12,7.56,12,7.56,True,3.2507740356987687,,,,,,,,-4.790454854680803,4.790454854680803,35.4,71.4,0.0,3.92640760392411,40.8,4.980936748482668,26.25,46.8,217.35,168.0,207.0,0.3410714285714286,0.2860938578329882,1.0,0.3,0.1642857142857142,0.7319431941304212,0.2914956453344799,0.9387556729589324,3.902473565675461,-0.4206664885291957,3.80673741268084,-0.0203611100507373,3.734935297934877,1.1798679238080978,2.439199144940264,3.380173302286539,-1.8565370080543573,4.380478680764997,-1.9522731610489696,4.780784059243438,-2.0001412375462846,4.980936748482668,-2.0001412375462846,4.980936748482668,-2.0001412375462846,4.980936748482668,-2.0001412375462846,4.980936748482668,-2.0001412375462846,4.980936748482668,-2.0001412375462846,4.980936748482668,-2.0001412375462846,4.980936748482668,-2.0001412375462846,4.980936748482668,-2.0001412375462846,4.980936748482668,-2.0001412375462846,4.980936748482668,-2.0001412375462846,4.980936748482668,-2.0001412375462846,4.980936748482668,-2.0001412375462846,4.980936748482668,-2.0001412375462846,4.980936748482668,left,-0.351906263171564,4.790454854680803,0.2428571428571428,,,1.0,0.0,1.0,0.0,left,False,Anonymized,"[170, 126]",2,6,0a21a29b1faa98323639d4fbcbf0a92a8a496c69
2.25.234651502352368356456298825489565282446,/home/user/workspace/dataset_extracted/Датасет/НД_для_обучения/Исследования/2.25.234651502352368356456298825489565282446/series_002_2_CR/A2504307193 DXA/CR DXA/CR000010.dcm,1.2.643.5.1.13.13.12.2.77.8252.15060200100906151411000112060511,13,233,280,right_hip,True,1.0,Нарушение позиционирования/ротации правого бедра,,,,1.0,0.0,,,0,0.0,0,0.0,False,0.0,,,,,,,,-10.167372890538203,10.167372890538203,31.2,89.25,0.0,5.062419386359181,31.2,4.591952315810067,67.2,3.0,244.65,168.0,149.0,0.2607142857142857,0.2891937461679951,0.6394849785407726,0.3892857142857143,0.1535714285714285,0.6545309229834239,0.2052773401370015,0.941944520290748,3.269314051201866,4.283838186437379,4.808231385577477,-16.0837052960719,5.062419386359181,-16.959362907953867,4.201336720734792,-18.126906390463148,3.940254055110404,-19.294449872972425,3.679171389486015,-21.061993355481707,2.2180887238616265,-22.829536837990982,0.6722767246433307,-23.705194449872952,1.011194059018942,-24.87273793238224,0.7501113933945532,-24.84028141489151,-0.1109712722298354,-24.807824897400792,-1.5720539378542242,-27.77536837991007,-4.233136603478613,-30.0,-5.1789486026969085,-30.0,-5.440031268321297,-30.0,-5.7011139339456856,-30.0,-7.246925933163982,-30.0,-7.246925933163982,-30.0,-7.246925933163982,-30.0,-7.246925933163982,-30.0,right,0.2392460634787497,10.167372890538203,0.1857142857142857,1.0,0.0,,,1.0,0.0,right,False,Anonymized,"[170, 142]",2,7,23e49404c3805da30892ba7212ebce7832427fc8
2.25.247714038039430659432048101646401574824,/home/user/workspace/dataset_extracted/Датасет/НД_для_обучения/Исследования/2.25.247714038039430659432048101646401574824/series_002_2_CR/A2504238024 DXA Exam/CR DXA Images/CR000000.dcm,1.2.643.5.1.13.13.12.2.77.8252.06051510010614000404080600020603,2,346,280,left_hip,True,0.0,,,,,,,0.0,0.0,0,0.0,0,0.0,False,0.0,,,,,,,,-0.8988742879474348,0.8988742879474348,30.0,91.35,10.50744696362177,6.162076255741039,39.0,14.587723263104223,94.5,4.2,363.3,168.0,177.0,0.3303571428571428,0.2808009909165978,0.5115606936416185,0.175,0.1642857142857142,0.5468490071171719,0.1484330391211905,0.9660470608689422,0.8090763286432775,2.853615951009746,1.2742655099511435,3.187012466282769,1.7731573959320457,2.987059852737528,1.638346577239912,3.3204563680105506,2.7035357585477784,3.053852883283565,3.1687249398556445,3.387249398556588,3.633914121163511,4.320645913829602,4.732806007144409,4.72069330028437,5.197995188452275,5.654089815557384,5.063184369760141,7.187486330830399,6.128373551068007,8.720882846103422,5.993562732375874,10.254279361376437,5.858751913683736,12.38767587664945,5.157643799664638,14.587723263104223,3.222832980972504,-15.078880221622768,1.88802216228037,-16.545483706349746,1.7532113435882366,-22.212087191076723,1.0184005248961028,-23.07869067580372,0.3172924108770004,-23.27864328934894,-1.0175184078151331,-23.54524677407592,left,-0.7345189006907955,0.8988742879474348,0.2321428571428571,,,0.0,0.0,0.0,0.0,left,False,Anonymized,"[520, 610]",2,0,7cf7cd22bdc060c49930e19b47b8f63fbbc231ec
2.25.247714038039430659432048101646401574824,/home/user/workspace/dataset_extracted/Датасет/НД_для_обучения/Исследования/2.25.247714038039430659432048101646401574824/series_002_2_CR/A2504238024 DXA Exam/CR DXA Images/CR000001.dcm,1.2.643.5.1.13.13.12.2.77.8252.13110800060502010303101404091303,3,344,280,right_hip,True,0.0,,,,,0.0,0.0,,,0,0.0,0,0.0,False,0.0,,,,,,,,-4.040816342574928,4.040816342574928,30.6,129.15,0.0,1.6055177928828257,26.4,15.97516993202725,33.6,39.6,361.2,168.0,344.0,0.2428571428571428,0.2903343023255814,1.0,0.3,0.1607142857142857,0.5204883171998382,0.1388574844116325,0.9650899543972966,-5.000588151836061,3.385950136074666,-5.008729411461244,5.184410106925034,-9.81483535618013,6.533255085062808,-10.422976615805313,8.331715055913184,-10.431117875430497,10.730175026763543,-7.439259135055677,13.72863499761392,-6.847400394680859,14.92709496846428,-6.853506339399746,15.075939946602062,-6.857576969212337,15.97516993202725,-6.857576969212337,15.97516993202725,-6.857576969212337,15.97516993202725,-6.857576969212337,15.97516993202725,-6.857576969212337,15.97516993202725,-6.857576969212337,15.97516993202725,-6.857576969212337,15.97516993202725,-6.857576969212337,15.97516993202725,-6.857576969212337,15.97516993202725,-6.857576969212337,15.97516993202725,-6.857576969212337,15.97516993202725,-6.857576969212337,15.97516993202725,right,0.6972333523013742,4.040816342574928,0.1571428571428571,0.0,0.0,,,0.0,0.0,right,False,Anonymized,"[520, 610]",2,1,a518c0b9c52d4496f4d77a18c08d858d2c1d8ed5
2.25.269648774413746842548908998641183395622,/home/user/workspace/dataset_extracted/Датасет/НД_для_обучения/Исследования/2.25.269648774413746842548908998641183395622/series_001_2_CR/A2504393664 DXA/CR DXA/CR000000.dcm,1.2.643.5.1.13.13.12.2.77.8252.12031014110715041000030602140501,2,263,280,right_hip,True,0.0,,,,,0.0,0.0,,,0,0.0,0,0.0,False,0.0,,,,,,,,-7.45435016995786,7.45435016995786,27.6,81.9,0.0,-4.6299497970384005,58.8,17.564728941944104,65.10000000000001,10.8,276.15000000000003,168.0,263.0,0.4303571428571429,0.2092748506246605,1.0,0.2821428571428571,0.1571428571428571,0.5047618864826315,0.1378469899264773,0.950766549163427,-7.792303898633002,2.191583100443836,-7.003887251988513,2.480926668268421,-5.812574767005139,2.84793434413686,-5.024158120360641,3.137277911961428,-7.835741473716151,3.426621479786013,-10.647324827071662,4.3159650476105975,-11.658908180427163,4.605308615435166,-11.66759569544379,5.572316291303605,-11.4791790487993,6.46165985912819,-10.690762402154803,7.351003426952775,-9.902345755510304,8.840346994777343,-9.713929108865807,10.329690562601929,-10.725512462221308,11.819034130426513,-16.734199977237942,13.386041806294951,-17.745783330593444,16.07538537411952,-18.157366683948965,17.564728941944104,-17.96026252228783,17.487064833900252,-17.96026252228783,17.487064833900252,-17.96026252228783,17.487064833900252,-17.96026252228783,17.487064833900252,right,0.5901689796470182,7.45435016995786,0.35,0.0,0.0,,,0.0,0.0,right,False,Anonymized,"[180, 192]",2,0,eca518c4eb8877332135a51629899a06e013bfaf
2.25.269648774413746842548908998641183395622,/home/user/workspace/dataset_extracted/Датасет/НД_для_обучения/Исследования/2.25.269648774413746842548908998641183395622/series_001_2_CR/A2504393664 DXA/CR DXA/CR000002.dcm,1.2.643.5.1.13.13.12.2.77.8252.12130902030702050210110604020115,3,261,280,left_hip,True,0.0,,,,,,,0.0,0.0,22,13.86,22,13.86,True,3.460870443510613,,,,,,,,-4.428721880934722,4.428721880934722,28.2,63.0,0.0,5.296198944151155,58.8,-17.748474576271196,91.35,3.0,274.05,168.0,147.0,0.4285714285714285,0.2010810071154898,0.5632183908045977,0.2607142857142857,0.1571428571428571,0.4849548744924112,0.1263869310722707,0.949895905029888,-0.2961044734648567,-18.6847179772159,-0.0938482911920004,-19.73304251180885,0.0578438455126416,-21.26928591275356,-0.3398999722145021,-22.317610447346485,-0.1376437899416544,-23.36593498193944,0.0646123923312018,-24.414259516532383,0.266868574604058,-25.46258405112532,0.4185607113086916,-25.798827452070025,0.6208168935815479,-26.847151986662976,0.8230730758544041,-27.29547652125591,1.0253292581272604,-28.34380105584886,1.227585440400108,-28.792125590441792,1.4298416226729642,-29.840450125034742,2.1815337593776065,-30.0,2.3837899416504627,-30.0,2.5860461239233103,-30.0,3.3883023061961666,-30.0,4.190558488469014,-30.0,4.342250625173656,-30.0,5.144506807446512,-30.0,left,-0.8568048757268834,4.428721880934722,0.35,,,0.0,0.0,0.0,0.0,left,False,Anonymized,"[180, 192]",2,1,b0dc2c51d6564eafb54df5a808ace01566f034aa
2.25.272690031744216183651627058502316132741,/home/user/workspace/dataset_extracted/Датасет/НД_для_обучения/Исследования/2.25.272690031744216183651627058502316132741/series_002_2_CR/A2504373414 DXA/CR DXA/CR000007.dcm,1.2.643.5.1.13.13.12.2.77.8252.10090104061310110414150206150115,2,349,280,left_hip,True,1.0,Нарушение позиционирования/ротации левого бедра,,,,,,1.0,0.0,0,0.0,0,0.0,False,0.0,,,,,,,,-0.449755860625142,0.449755860625142,24.9,182.7,10.883315584156726,1.3445991058971003,34.8,15.01499473219624,54.6,3.6,366.45,168.0,226.0,0.2875,0.2044105607859189,0.6475644699140402,0.3,0.1428571428571428,0.5456113068162812,0.1507389257906783,0.9774497401245604,0.259198268743421,3.4018109855064123,0.8264556507873294,5.10312936017539,0.8018986873202607,5.629118141177128,0.769156069364169,7.330436515846113,1.3364134514080774,7.831754890515091,1.3036708334519858,8.933073265184078,1.270928215495894,9.434391639853056,1.246371252028821,9.9603804208548,-2.9863713659272704,11.061698795523778,-3.019113983883362,12.163017170192765,-3.0518566018394537,13.864335544861742,-1.8845992197955448,-6.034346080469271,-16.317341837751638,-10.333027705800292,-16.333713146729682,-10.382368518465796,-16.333713146729682,-10.382368518465796,-16.333713146729682,-10.382368518465796,-16.333713146729682,-10.382368518465796,-16.333713146729682,-10.382368518465796,-16.333713146729682,-10.382368518465796,-16.333713146729682,-10.382368518465796,right,0.1798220507715282,0.449755860625142,0.2071428571428571,0.0,0.0,,,0.0,0.0,left,True,Anonymized,"[180, 195]",2,0,021ebd6a89781af681dfb192df6f78eb8bdbf20a
2.25.272690031744216183651627058502316132741,/home/user/workspace/dataset_extracted/Датасет/НД_для_обучения/Исследования/2.25.272690031744216183651627058502316132741/series_002_2_CR/A2504373414 DXA/CR DXA/CR000003.dcm,1.2.643.5.1.13.13.12.2.77.8252.12111114061412150313141006121511,3,320,280,left_hip,True,1.0,Нарушение позиционирования/ротации левого бедра,,,,,,1.0,0.0,0,0.0,0,0.0,False,0.0,,,,,,,,2.4870834213160844,2.4870834213160844,27.0,148.05,11.807371719679796,2.691110064643172,57.0,15.806105569587745,67.2,5.4,336.0,168.0,205.0,0.4767857142857143,0.233359375,0.640625,0.3535714285714286,0.15,0.5639341781407313,0.1630952498705355,0.9709959795228116,1.2826114131598043,3.406890705937752,1.5993253135836312,4.688459266235708,1.9868607389014925,5.949635686459175,2.3035746393253107,6.63120424675713,2.6202885397491285,7.912772807055085,2.3370024401729466,7.994341367353041,2.0537163405967647,8.075909927651013,1.8412517659146344,8.137086347874481,-3.8420343336615472,8.218654908172436,-4.725320433237729,9.500223468470391,-7.408606532813911,10.181792028768347,-7.691892632390084,12.063360589066304,-7.975178731966267,13.944929149364276,-8.787643306648405,15.806105569587745,-13.870929406224588,-3.9123258701143016,-14.154215505800767,-5.030757309816345,-14.3666800804829,-14.569580889592878,-14.3666800804829,-14.569580889592878,-14.3666800804829,-14.569580889592878,-14.3666800804829,-14.569580889592878,left,-0.4686884077010365,2.4870834213160844,0.3392857142857143,,,1.0,0.0,1.0,0.0,left,False,Anonymized,"[180, 195]",2,1,f41971287cf874277229f51d74f20abbeeb81d2e
2.25.272690031744216183651627058502316132741,/home/user/workspace/dataset_extracted/Датасет/НД_для_обучения/Исследования/2.25.272690031744216183651627058502316132741/series_002_2_CR/A2504373414 DXA/CR DXA/CR000000.dcm,1.2.643.5.1.13.13.12.2.77.8252.01011201030601080312040805131303,5,349,280,left_hip,True,1.0,Нарушение позиционирования/ротации левого бедра,,,,,,1.0,0.0,0,0.0,0,0.0,False,0.0,,,,,,,,-0.449755860625142,0.449755860625142,24.9,182.7,10.883315584156726,1.3445991058971003,34.8,15.01499473219624,54.6,3.6,366.45,168.0,226.0,0.2875,0.2044105607859189,0.6475644699140402,0.3,0.1428571428571428,0.5456113068162812,0.1507389257906783,0.9774497401245604,0.259198268743421,3.4018109855064123,0.8264556507873294,5.10312936017539,0.8018986873202607,5.629118141177128,0.769156069364169,7.330436515846113,1.3364134514080774,7.831754890515091,1.3036708334519858,8.933073265184078,1.270928215495894,9.434391639853056,1.246371252028821,9.9603804208548,-2.9863713659272704,11.061698795523778,-3.019113983883362,12.163017170192765,-3.0518566018394537,13.864335544861742,-1.8845992197955448,-6.034346080469271,-16.317341837751638,-10.333027705800292,-16.333713146729682,-10.382368518465796,-16.333713146729682,-10.382368518465796,-16.333713146729682,-10.382368518465796,-16.333713146729682,-10.382368518465796,-16.333713146729682,-10.382368518465796,-16.333713146729682,-10.382368518465796,-16.333713146729682,-10.382368518465796,right,0.1798220507715282,0.449755860625142,0.2071428571428571,0.0,0.0,,,0.0,0.0,left,True,Anonymized,"[0, 0]",2,2,021ebd6a89781af681dfb192df6f78eb8bdbf20a
2.25.272690031744216183651627058502316132741,/home/user/workspace/dataset_extracted/Датасет/НД_для_обучения/Исследования/2.25.272690031744216183651627058502316132741/series_002_2_CR/A2504373414 DXA/CR DXA/CR000010.dcm,1.2.643.5.1.13.13.12.2.77.8252.06121304010102150202081301011406,6,320,280,left_hip,True,1.0,Нарушение позиционирования/ротации левого бедра,,,,,,1.0,0.0,0,0.0,0,0.0,False,0.0,,,,,,,,2.4870834213160844,2.4870834213160844,27.0,148.05,11.807371719679796,2.691110064643172,57.0,15.806105569587745,67.2,5.4,336.0,168.0,205.0,0.4767857142857143,0.233359375,0.640625,0.3535714285714286,0.15,0.5639341781407313,0.1630952498705355,0.9709959795228116,1.2826114131598043,3.406890705937752,1.5993253135836312,4.688459266235708,1.9868607389014925,5.949635686459175,2.3035746393253107,6.63120424675713,2.6202885397491285,7.912772807055085,2.3370024401729466,7.994341367353041,2.0537163405967647,8.075909927651013,1.8412517659146344,8.137086347874481,-3.8420343336615472,8.218654908172436,-4.725320433237729,9.500223468470391,-7.408606532813911,10.181792028768347,-7.691892632390084,12.063360589066304,-7.975178731966267,13.944929149364276,-8.787643306648405,15.806105569587745,-13.870929406224588,-3.9123258701143016,-14.154215505800767,-5.030757309816345,-14.3666800804829,-14.569580889592878,-14.3666800804829,-14.569580889592878,-14.3666800804829,-14.569580889592878,-14.3666800804829,-14.569580889592878,left,-0.4686884077010365,2.4870834213160844,0.3392857142857143,,,1.0,0.0,1.0,0.0,left,False,Anonymized,"[0, 0]",2,3,f41971287cf874277229f51d74f20abbeeb81d2e
2.25.272690031744216183651627058502316132741,/home/user/workspace/dataset_extracted/Датасет/НД_для_обучения/Исследования/2.25.272690031744216183651627058502316132741/series_002_2_CR/A2504373414 DXA/CR DXA/CR000002.dcm,1.2.643.5.1.13.13.12.2.77.8252.15091411140404110408151008030010,10,320,280,left_hip,True,1.0,Нарушение позиционирования/ротации левого бедра,,,,,,1.0,0.0,0,0.0,0,0.0,False,0.0,,,,,,,,2.4870834213160844,2.4870834213160844,27.0,148.05,11.807371719679796,2.691110064643172,57.0,15.806105569587745,67.2,5.4,336.0,168.0,205.0,0.4767857142857143,0.233359375,0.640625,0.3535714285714286,0.15,0.5639341781407313,0.1630952498705355,0.9709959795228116,1.2826114131598043,3.406890705937752,1.5993253135836312,4.688459266235708,1.9868607389014925,5.949635686459175,2.3035746393253107,6.63120424675713,2.6202885397491285,7.912772807055085,2.3370024401729466,7.994341367353041,2.0537163405967647,8.075909927651013,1.8412517659146344,8.137086347874481,-3.8420343336615472,8.218654908172436,-4.725320433237729,9.500223468470391,-7.408606532813911,10.181792028768347,-7.691892632390084,12.063360589066304,-7.975178731966267,13.944929149364276,-8.787643306648405,15.806105569587745,-13.870929406224588,-3.9123258701143016,-14.154215505800767,-5.030757309816345,-14.3666800804829,-14.569580889592878,-14.3666800804829,-14.569580889592878,-14.3666800804829,-14.569580889592878,-14.3666800804829,-14.569580889592878,left,-0.4686884077010365,2.4870834213160844,0.3392857142857143,,,1.0,0.0,1.0,0.0,left,False,Anonymized,"[520, 602]",2,4,f41971287cf874277229f51d74f20abbeeb81d2e
2.25.272690031744216183651627058502316132741,/home/user/workspace/dataset_extracted/Датасет/НД_для_обучения/Исследования/2.25.272690031744216183651627058502316132741/series_002_2_CR/A2504373414 DXA/CR DXA/CR000004.dcm,1.2.643.5.1.13.13.12.2.77.8252.11001315081502000300100815110411,11,349,280,left_hip,True,1.0,Нарушение позиционирования/ротации левого бедра,,,,,,1.0,0.0,0,0.0,0,0.0,False,0.0,,,,,,,,-0.449755860625142,0.449755860625142,24.9,182.7,10.883315584156726,1.3445991058971003,34.8,15.01499473219624,54.6,3.6,366.45,168.0,226.0,0.2875,0.2044105607859189,0.6475644699140402,0.3,0.1428571428571428,0.5456113068162812,0.1507389257906783,0.9774497401245604,0.259198268743421,3.4018109855064123,0.8264556507873294,5.10312936017539,0.8018986873202607,5.629118141177128,0.769156069364169,7.330436515846113,1.3364134514080774,7.831754890515091,1.3036708334519858,8.933073265184078,1.270928215495894,9.434391639853056,1.246371252028821,9.9603804208548,-2.9863713659272704,11.061698795523778,-3.019113983883362,12.163017170192765,-3.0518566018394537,13.864335544861742,-1.8845992197955448,-6.034346080469271,-16.317341837751638,-10.333027705800292,-16.333713146729682,-10.382368518465796,-16.333713146729682,-10.382368518465796,-16.333713146729682,-10.382368518465796,-16.333713146729682,-10.382368518465796,-16.333713146729682,-10.382368518465796,-16.333713146729682,-10.382368518465796,-16.333713146729682,-10.382368518465796,right,0.1798220507715282,0.449755860625142,0.2071428571428571,0.0,0.0,,,0.0,0.0,left,True,Anonymized,"[520, 602]",2,5,021ebd6a89781af681dfb192df6f78eb8bdbf20a
2.25.272690031744216183651627058502316132741,/home/user/workspace/dataset_extracted/Датасет/НД_для_обучения/Исследования/2.25.272690031744216183651627058502316132741/series_002_2_CR/A2504373414 DXA/CR DXA/CR000008.dcm,1.2.643.5.1.13.13.12.2.77.8252.03130108120702021004141402130400,12,320,280,left_hip,True,1.0,Нарушение позиционирования/ротации левого бедра,,,,,,1.0,0.0,0,0.0,0,0.0,False,0.0,,,,,,,,2.4870834213160844,2.4870834213160844,27.0,148.05,11.807371719679796,2.691110064643172,57.0,15.806105569587745,67.2,5.4,336.0,168.0,205.0,0.4767857142857143,0.233359375,0.640625,0.3535714285714286,0.15,0.5639341781407313,0.1630952498705355,0.9709959795228116,1.2826114131598043,3.406890705937752,1.5993253135836312,4.688459266235708,1.9868607389014925,5.949635686459175,2.3035746393253107,6.63120424675713,2.6202885397491285,7.912772807055085,2.3370024401729466,7.994341367353041,2.0537163405967647,8.075909927651013,1.8412517659146344,8.137086347874481,-3.8420343336615472,8.218654908172436,-4.725320433237729,9.500223468470391,-7.408606532813911,10.181792028768347,-7.691892632390084,12.063360589066304,-7.975178731966267,13.944929149364276,-8.787643306648405,15.806105569587745,-13.870929406224588,-3.9123258701143016,-14.154215505800767,-5.030757309816345,-14.3666800804829,-14.569580889592878,-14.3666800804829,-14.569580889592878,-14.3666800804829,-14.569580889592878,-14.3666800804829,-14.569580889592878,left,-0.4686884077010365,2.4870834213160844,0.3392857142857143,,,1.0,0.0,1.0,0.0,left,False,Anonymized,"[170, 194]",2,6,f41971287cf874277229f51d74f20abbeeb81d2e
2.25.272690031744216183651627058502316132741,/home/user/workspace/dataset_extracted/Датасет/НД_для_обучения/Исследования/2.25.272690031744216183651627058502316132741/series_002_2_CR/A2504373414 DXA/CR DXA/CR000005.dcm,1.2.643.5.1.13.13.12.2.77.8252.05061403001014150211070209121100,13,349,280,left_hip,True,1.0,Нарушение позиционирования/ротации левого бедра,,,,,,1.0,0.0,0,0.0,0,0.0,False,0.0,,,,,,,,-0.449755860625142,0.449755860625142,24.9,182.7,10.883315584156726,1.3445991058971003,34.8,15.01499473219624,54.6,3.6,366.45,168.0,226.0,0.2875,0.2044105607859189,0.6475644699140402,0.3,0.1428571428571428,0.5456113068162812,0.1507389257906783,0.9774497401245604,0.259198268743421,3.4018109855064123,0.8264556507873294,5.10312936017539,0.8018986873202607,5.629118141177128,0.769156069364169,7.330436515846113,1.3364134514080774,7.831754890515091,1.3036708334519858,8.933073265184078,1.270928215495894,9.434391639853056,1.246371252028821,9.9603804208548,-2.9863713659272704,11.061698795523778,-3.019113983883362,12.163017170192765,-3.0518566018394537,13.864335544861742,-1.8845992197955448,-6.034346080469271,-16.317341837751638,-10.333027705800292,-16.333713146729682,-10.382368518465796,-16.333713146729682,-10.382368518465796,-16.333713146729682,-10.382368518465796,-16.333713146729682,-10.382368518465796,-16.333713146729682,-10.382368518465796,-16.333713146729682,-10.382368518465796,-16.333713146729682,-10.382368518465796,right,0.1798220507715282,0.449755860625142,0.2071428571428571,0.0,0.0,,,0.0,0.0,left,True,Anonymized,"[170, 212]",2,7,021ebd6a89781af681dfb192df6f78eb8bdbf20a
2.25.276415754443998872860614500027519740375,/home/user/workspace/dataset_extracted/Датасет/НД_для_обучения/Исследования/2.25.276415754443998872860614500027519740375/series_002_2_CR/A2504387089 DXA/CR DXA/CR000003.dcm,1.2.643.5.1.13.13.12.2.77.8252.12100615051100140712150704150801,4,292,280,left_hip,True,0.0,,,,,,,0.0,0.0,0,0.0,0,0.0,False,0.0,,,,,,,,-1.749913092806305,1.749913092806305,27.6,91.35,0.0,-17.19791499599042,69.6,26.856455493183688,81.9,10.8,306.6,168.0,292.0,0.4982142857142857,0.203241193737769,1.0,0.3142857142857143,0.1642857142857142,0.4701288092813912,0.1361556995489539,0.95565140306492,-17.726299482394154,2.237602974411362,-18.230812130932456,3.276459867317982,-18.1591966173362,3.755602536997929,-19.2637092658745,4.794459429904549,-19.768221914412813,5.833316322811151,-20.27273456295113,6.272173215717771,-21.97724721148944,6.71103010862439,-22.50563169789317,7.190172778304338,-24.21014434643148,7.629029671210958,-25.314656994969784,8.06788656411756,-27.019169643508096,9.10674345702418,-28.12368229204641,10.745600349930784,-29.828194940584723,11.7844572428374,-30.0,13.463599912517369,-30.0,15.702456805423967,-30.0,17.94131369833059,-30.0,20.78017059123719,-30.0,23.01902748414381,-30.0,24.098170153823776,-30.0,25.73702704673038,left,-1.0417508328614873,1.749913092806305,0.4142857142857142,,,0.0,0.0,0.0,0.0,left,False,Anonymized,"[520, 532]",2,0,b6caf8a33db55643aa75ff425622b5226fc0b2b6
2.25.276415754443998872860614500027519740375,/home/user/workspace/dataset_extracted/Датасет/НД_для_обучения/Исследования/2.25.276415754443998872860614500027519740375/series_002_2_CR/A2504387089 DXA/CR DXA/CR000002.dcm,1.2.643.5.1.13.13.12.2.77.8252.01080011050715071510151108031409,5,292,280,right_hip,True,0.0,,,,,0.0,0.0,,,0,0.0,0,0.0,False,0.0,,,,,,,,1.7174928322770704,1.7174928322770704,27.6,118.65,0.0,-16.343268015170683,50.4,26.100853350189656,78.75,11.4,306.6,168.0,292.0,0.4178571428571428,0.20404843444227,1.0,0.2357142857142857,0.1607142857142857,0.5127179384523862,0.1480060542944158,0.9627788642610828,-17.716528045778173,2.9305941845765062,-17.947541419921492,4.151453855878662,-18.120801450528983,4.767098609355275,-18.35181482467231,5.987958280657415,-21.58282819881563,6.608817951959571,-24.21384157295896,7.229677623261727,-25.64485494710228,7.850537294563867,-25.81811497770977,7.866182048040479,-26.649128351853097,8.487041719342637,-27.48014172599641,9.107901390644775,-29.511155100139742,10.328761061946931,-30.0,10.949620733249088,-30.0,12.770480404551227,-30.0,13.98612515802784,-30.0,15.806984829329997,-30.0,18.22784450063213,-30.0,20.64870417193429,-30.0,23.06956384323645,-30.0,23.685208596713043,-30.0,26.100853350189656,right,0.4965228738035501,1.7174928322770704,0.3,0.0,0.0,,,0.0,0.0,right,False,Anonymized,"[520, 532]",2,1,120987fa4a7908566ae84604526488305f12806d
2.25.276415754443998872860614500027519740375,/home/user/workspace/dataset_extracted/Датасет/НД_для_обучения/Исследования/2.25.276415754443998872860614500027519740375/series_002_2_CR/A2504387089 DXA/CR DXA/CR000005.dcm,1.2.643.5.1.13.13.12.2.77.8252.15130815100101091501031008111015,6,292,280,left_hip,True,0.0,,,,,,,0.0,0.0,0,0.0,0,0.0,False,0.0,,,,,,,,-1.749913092806305,1.749913092806305,27.6,91.35,0.0,-17.19791499599042,69.6,26.856455493183688,81.9,10.8,306.6,168.0,292.0,0.4982142857142857,0.203241193737769,1.0,0.3142857142857143,0.1642857142857142,0.4701288092813912,0.1361556995489539,0.95565140306492,-17.726299482394154,2.237602974411362,-18.230812130932456,3.276459867317982,-18.1591966173362,3.755602536997929,-19.2637092658745,4.794459429904549,-19.768221914412813,5.833316322811151,-20.27273456295113,6.272173215717771,-21.97724721148944,6.71103010862439,-22.50563169789317,7.190172778304338,-24.21014434643148,7.629029671210958,-25.314656994969784,8.06788656411756,-27.019169643508096,9.10674345702418,-28.12368229204641,10.745600349930784,-29.828194940584723,11.7844572428374,-30.0,13.463599912517369,-30.0,15.702456805423967,-30.0,17.94131369833059,-30.0,20.78017059123719,-30.0,23.01902748414381,-30.0,24.098170153823776,-30.0,25.73702704673038,left,-1.0417508328614873,1.749913092806305,0.4142857142857142,,,0.0,0.0,0.0,0.0,left,False,Anonymized,"[170, 178]",2,2,b6caf8a33db55643aa75ff425622b5226fc0b2b6
2.25.276415754443998872860614500027519740375,/home/user/workspace/dataset_extracted/Датасет/НД_для_обучения/Исследования/2.25.276415754443998872860614500027519740375/series_002_2_CR/A2504387089 DXA/CR DXA/CR000004.dcm,1.2.643.5.1.13.13.12.2.77.8252.06120002061108140400041203121102,8,292,280,right_hip,True,0.0,,,,,0.0,0.0,,,0,0.0,0,0.0,False,0.0,,,,,,,,1.7174928322770704,1.7174928322770704,27.6,118.65,0.0,-16.343268015170683,50.4,26.100853350189656,78.75,11.4,306.6,168.0,292.0,0.4178571428571428,0.20404843444227,1.0,0.2357142857142857,0.1607142857142857,0.5127179384523862,0.1480060542944158,0.9627788642610828,-17.716528045778173,2.9305941845765062,-17.947541419921492,4.151453855878662,-18.120801450528983,4.767098609355275,-18.35181482467231,5.987958280657415,-21.58282819881563,6.608817951959571,-24.21384157295896,7.229677623261727,-25.64485494710228,7.850537294563867,-25.81811497770977,7.866182048040479,-26.649128351853097,8.487041719342637,-27.48014172599641,9.107901390644775,-29.511155100139742,10.328761061946931,-30.0,10.949620733249088,-30.0,12.770480404551227,-30.0,13.98612515802784,-30.0,15.806984829329997,-30.0,18.22784450063213,-30.0,20.64870417193429,-30.0,23.06956384323645,-30.0,23.685208596713043,-30.0,26.100853350189656,right,0.4965228738035501,1.7174928322770704,0.3,0.0,0.0,,,0.0,0.0,right,False,Anonymized,"[170, 178]",2,3,120987fa4a7908566ae84604526488305f12806d
2.25.277752758923974029595977676354128739670,/home/user/workspace/dataset_extracted/Датасет/НД_для_обучения/Исследования/2.25.277752758923974029595977676354128739670/series_002_2_CR/A2504223752 DXA/CR DXA/CR000001.dcm,1.2.643.5.1.13.13.12.2.77.8252.05010011080903070300131415001403,3,261,280,left_hip,True,1.0,Нарушение корректности области интереса левого бедра,,,,,,0.0,1.0,0,0.0,0,0.0,False,0.0,,,,,,,,-4.211078193303516,4.211078193303516,27.3,81.9,0.0,-12.089085597946347,58.8,22.573214127644547,87.15,8.4,274.05,168.0,261.0,0.4392857142857143,0.1760262725779967,1.0,0.225,0.1535714285714285,0.4756689564871546,0.1383950875440533,0.9578969385210264,-12.451935406365784,1.1996813313269057,-12.568135661806544,1.6649907054970357,-13.405285853387118,2.163972736124645,-13.52148610882788,2.6292821102947754,-13.637686364268642,3.694591484464905,-13.753886619709403,4.159900858635052,-13.870086875150166,5.225210232805182,-14.10723706673074,5.724192263432792,-14.823437322171502,6.789501637602922,-15.539637577612265,7.854811011773052,-16.255837833053025,8.32012038594318,-16.972038088493797,9.385429760113327,-18.28823834393455,11.050739134283456,-19.12538853551513,11.549721164911068,-21.64158879095589,13.215030539081198,-23.557789046396657,14.880339913251326,-24.87398930183742,17.145649287421456,-26.19018955727818,18.210958661591604,-26.42733974885876,19.3099406922192,-26.54354000429952,20.975250066389343,left,-0.6645189036834753,4.211078193303516,0.35,,,0.0,1.0,0.0,1.0,left,False,Anonymized,"[170, 159]",2,0,9f9627fb15369d5ab5baaa57a748e881d987c581
2.25.277752758923974029595977676354128739670,/home/user/workspace/dataset_extracted/Датасет/НД_для_обучения/Исследования/2.25.277752758923974029595977676354128739670/series_002_2_CR/A2504223752 DXA/CR DXA/CR000000.dcm,1.2.643.5.1.13.13.12.2.77.8252.11140100091110050501140207060912,5,261,280,right_hip,True,0.0,,,,,0.0,0.0,,,0,0.0,0,0.0,False,0.0,,,,,,,,-10.721002403738671,10.721002403738671,27.6,88.2,0.0,2.4296709527183737,66.6,21.71042624278633,63.0,8.4,274.05,168.0,261.0,0.4875,0.1864532019704433,1.0,0.2928571428571428,0.1642857142857142,0.4703210147506005,0.1449405287259562,0.9480290241755102,0.6039323681279256,3.549008808342671,1.348705072390328,4.50339576794579,2.3572846005871724,4.91918598764812,1.9020573048495748,5.273572947251239,0.2468300091120113,6.227959906854357,-0.2083972866255521,7.182346866457476,-1.263624582363133,8.136733826060594,-1.4550450541663054,9.152524045762942,-3.7102723499038857,10.70691100536606,-4.165499645641466,12.26129796496918,-4.62072694137903,14.415684924572297,-4.475954237116611,15.970071884175416,-4.331181532854191,16.924458843778535,-3.922602004657364,17.340249063480883,-3.177829300394944,18.294636023084,-3.369249772198117,21.71042624278633,-3.369249772198117,21.71042624278633,-3.369249772198117,21.71042624278633,-3.369249772198117,21.71042624278633,-3.369249772198117,21.71042624278633,right,0.8389759655684764,10.721002403738671,0.3964285714285714,0.0,0.0,,,0.0,0.0,right,False,Anonymized,"[170, 159]",2,1,15dfb8a1183d936a2f3d2922590ed2436c7b16fe
2.25.277752758923974029595977676354128739670,/home/user/workspace/dataset_extracted/Датасет/НД_для_обучения/Исследования/2.25.277752758923974029595977676354128739670/series_002_2_CR/A2504223752 DXA/CR DXA/CR000003.dcm,1.2.643.5.1.13.13.12.2.77.8252.05101415070003100803120514081507,8,261,280,right_hip,True,0.0,,,,,0.0,0.0,,,0,0.0,0,0.0,False,0.0,,,,,,,,-10.721002403738671,10.721002403738671,27.6,88.2,0.0,2.4296709527183737,66.6,21.71042624278633,63.0,8.4,274.05,168.0,261.0,0.4875,0.1864532019704433,1.0,0.2928571428571428,0.1642857142857142,0.4703210147506005,0.1449405287259562,0.9480290241755102,0.6039323681279256,3.549008808342671,1.348705072390328,4.50339576794579,2.3572846005871724,4.91918598764812,1.9020573048495748,5.273572947251239,0.2468300091120113,6.227959906854357,-0.2083972866255521,7.182346866457476,-1.263624582363133,8.136733826060594,-1.4550450541663054,9.152524045762942,-3.7102723499038857,10.70691100536606,-4.165499645641466,12.26129796496918,-4.62072694137903,14.415684924572297,-4.475954237116611,15.970071884175416,-4.331181532854191,16.924458843778535,-3.922602004657364,17.340249063480883,-3.177829300394944,18.294636023084,-3.369249772198117,21.71042624278633,-3.369249772198117,21.71042624278633,-3.369249772198117,21.71042624278633,-3.369249772198117,21.71042624278633,-3.369249772198117,21.71042624278633,right,0.8389759655684764,10.721002403738671,0.3964285714285714,0.0,0.0,,,0.0,0.0,right,False,Anonymized,"[180, 173]",2,2,15dfb8a1183d936a2f3d2922590ed2436c7b16fe
2.25.277752758923974029595977676354128739670,/home/user/workspace/dataset_extracted/Датасет/НД_для_обучения/Исследования/2.25.277752758923974029595977676354128739670/series_002_2_CR/A2504223752 DXA/CR DXA/CR000002.dcm,1.2.643.5.1.13.13.12.2.77.8252.09010705011309010307011213150407,9,261,280,left_hip,True,1.0,Нарушение корректности области интереса левого бедра,,,,,,0.0,1.0,0,0.0,0,0.0,False,0.0,,,,,,,,-4.211078193303516,4.211078193303516,27.3,81.9,0.0,-12.089085597946347,58.8,22.573214127644547,87.15,8.4,274.05,168.0,261.0,0.4392857142857143,0.1760262725779967,1.0,0.225,0.1535714285714285,0.4756689564871546,0.1383950875440533,0.9578969385210264,-12.451935406365784,1.1996813313269057,-12.568135661806544,1.6649907054970357,-13.405285853387118,2.163972736124645,-13.52148610882788,2.6292821102947754,-13.637686364268642,3.694591484464905,-13.753886619709403,4.159900858635052,-13.870086875150166,5.225210232805182,-14.10723706673074,5.724192263432792,-14.823437322171502,6.789501637602922,-15.539637577612265,7.854811011773052,-16.255837833053025,8.32012038594318,-16.972038088493797,9.385429760113327,-18.28823834393455,11.050739134283456,-19.12538853551513,11.549721164911068,-21.64158879095589,13.215030539081198,-23.557789046396657,14.880339913251326,-24.87398930183742,17.145649287421456,-26.19018955727818,18.210958661591604,-26.42733974885876,19.3099406922192,-26.54354000429952,20.975250066389343,left,-0.6645189036834753,4.211078193303516,0.35,,,0.0,1.0,0.0,1.0,left,False,Anonymized,"[180, 173]",2,3,9f9627fb15369d5ab5baaa57a748e881d987c581
2.25.286999464611662854355201599068538813496,/home/user/workspace/dataset_extracted/Датасет/НД_для_обучения/Исследования/2.25.286999464611662854355201599068538813496/series_003_2_CR/A2504223477 DXA/CR DXA/CR000002.dcm,1.2.643.5.1.13.13.12.2.77.8252.15080906090913051107110915140103,4,265,280,left_hip,True,0.0,,,,,,,0.0,0.0,0,0.0,0,0.0,False,0.0,,,,,,,,-1.6657589257129952,1.6657589257129952,27.6,85.05,0.0,5.63368112014453,44.4,-9.011373080397464,112.35,3.0,278.25,168.0,188.0,0.3428571428571428,0.2048787061994609,0.7094339622641509,0.2071428571428571,0.1607142857142857,0.5312347326441983,0.1044769063337464,0.9604773418124516,-0.1360614272809556,-16.756495031616968,0.5296838301716207,-16.93503161698282,0.578992773261055,-17.068934056007215,0.6447380307136313,-17.847470641373068,0.7104832881662076,-18.626007226738924,0.776228545618784,-18.80454381210477,0.8419738030713517,-19.583080397470628,0.8912827461607861,-19.716982836495017,1.5570280036133624,-19.89551942186087,1.6227732610659389,-20.074056007226734,2.288518518518515,-19.652592592592587,2.9542637759710915,-19.83112917795844,3.6200090334236674,-20.60966576332429,4.869317976513093,-20.74356820234868,4.9350632339656695,-20.322104787714533,5.600808491418246,-9.100641373080387,-11.133446251129175,-9.27917795844624,-11.0677009936766,-10.657714543812093,-11.018392050587176,-11.39161698283649,-10.9526467931346,-12.170153568202334,left,-0.3400313667392392,1.6657589257129952,0.2642857142857143,,,0.0,0.0,0.0,0.0,left,False,Anonymized,"[170, 161]",2,0,ce0ac779f94a8315cf913ef76a78715af6bfd79f
2.25.286999464611662854355201599068538813496,/home/user/workspace/dataset_extracted/Датасет/НД_для_обучения/Исследования/2.25.286999464611662854355201599068538813496/series_003_2_CR/A2504223477 DXA/CR DXA/CR000003.dcm,1.2.643.5.1.13.13.12.2.77.8252.02060612071110031306070811070605,5,265,280,left_hip,True,0.0,,,,,,,0.0,0.0,0,0.0,0,0.0,False,0.0,,,,,,,,-2.301272600316185,2.301272600316185,27.6,82.95,0.0,-15.793232716650442,37.2,20.13008763388513,90.3,9.6,278.25,168.0,265.0,0.3017857142857142,0.1851617250673854,1.0,0.2035714285714285,0.1571428571428571,0.4879138239851895,0.1177469495236911,0.9538831762421508,-15.884897760467384,1.053359298928936,-16.3015676728335,2.0991236611489907,-16.764070107108086,2.5834469328140384,-16.5807400194742,3.0292112950340937,-16.997409931840313,4.074975657254157,-18.014079844206428,4.52074001947422,-19.030749756572543,4.966504381694276,-19.49325219084713,4.850827653359323,-20.509922103213245,5.296592015579378,-20.92659201557936,6.342356377799433,-21.943261927945475,6.7881207400194965,-22.959931840311587,7.233885102239551,-23.37660175267771,7.679649464459615,-23.83910418695229,8.763972736124654,-24.25577409931841,9.209737098344718,-24.67244401168453,10.855501460564772,-28.08911392405064,11.901265822784836,-30.0,13.54703018500489,-30.0,15.231353456669938,-30.0,16.877117818889992,right,0.2379080482965057,2.301272600316185,0.2214285714285714,0.0,0.0,,,0.0,0.0,left,True,Anonymized,"[170, 161]",2,1,ee444f7f0a112fc914df689f43c73eb728fd23c2
2.25.286999464611662854355201599068538813496,/home/user/workspace/dataset_extracted/Датасет/НД_для_обучения/Исследования/2.25.286999464611662854355201599068538813496/series_003_2_CR/A2504223477 DXA/CR DXA/CR000000.dcm,1.2.643.5.1.13.13.12.2.77.8252.11091010090201121300090614051311,7,265,280,left_hip,True,0.0,,,,,,,0.0,0.0,0,0.0,0,0.0,False,0.0,,,,,,,,-2.301272600316185,2.301272600316185,27.6,82.95,0.0,-15.793232716650442,37.2,20.13008763388513,90.3,9.6,278.25,168.0,265.0,0.3017857142857142,0.1851617250673854,1.0,0.2035714285714285,0.1571428571428571,0.4879138239851895,0.1177469495236911,0.9538831762421508,-15.884897760467384,1.053359298928936,-16.3015676728335,2.0991236611489907,-16.764070107108086,2.5834469328140384,-16.5807400194742,3.0292112950340937,-16.997409931840313,4.074975657254157,-18.014079844206428,4.52074001947422,-19.030749756572543,4.966504381694276,-19.49325219084713,4.850827653359323,-20.509922103213245,5.296592015579378,-20.92659201557936,6.342356377799433,-21.943261927945475,6.7881207400194965,-22.959931840311587,7.233885102239551,-23.37660175267771,7.679649464459615,-23.83910418695229,8.763972736124654,-24.25577409931841,9.209737098344718,-24.67244401168453,10.855501460564772,-28.08911392405064,11.901265822784836,-30.0,13.54703018500489,-30.0,15.231353456669938,-30.0,16.877117818889992,right,0.2379080482965057,2.301272600316185,0.2214285714285714,0.0,0.0,,,0.0,0.0,left,True,Anonymized,"[180, 177]",2,2,ee444f7f0a112fc914df689f43c73eb728fd23c2
2.25.286999464611662854355201599068538813496,/home/user/workspace/dataset_extracted/Датасет/НД_для_обучения/Исследования/2.25.286999464611662854355201599068538813496/series_003_2_CR/A2504223477 DXA/CR DXA/CR000005.dcm,1.2.643.5.1.13.13.12.2.77.8252.11130511020109141404120604130811,8,265,280,left_hip,True,0.0,,,,,,,0.0,0.0,0,0.0,0,0.0,False,0.0,,,,,,,,-1.6657589257129952,1.6657589257129952,27.6,85.05,0.0,5.63368112014453,44.4,-9.011373080397464,112.35,3.0,278.25,168.0,188.0,0.3428571428571428,0.2048787061994609,0.7094339622641509,0.2071428571428571,0.1607142857142857,0.5312347326441983,0.1044769063337464,0.9604773418124516,-0.1360614272809556,-16.756495031616968,0.5296838301716207,-16.93503161698282,0.578992773261055,-17.068934056007215,0.6447380307136313,-17.847470641373068,0.7104832881662076,-18.626007226738924,0.776228545618784,-18.80454381210477,0.8419738030713517,-19.583080397470628,0.8912827461607861,-19.716982836495017,1.5570280036133624,-19.89551942186087,1.6227732610659389,-20.074056007226734,2.288518518518515,-19.652592592592587,2.9542637759710915,-19.83112917795844,3.6200090334236674,-20.60966576332429,4.869317976513093,-20.74356820234868,4.9350632339656695,-20.322104787714533,5.600808491418246,-9.100641373080387,-11.133446251129175,-9.27917795844624,-11.0677009936766,-10.657714543812093,-11.018392050587176,-11.39161698283649,-10.9526467931346,-12.170153568202334,left,-0.3400313667392392,1.6657589257129952,0.2642857142857143,,,0.0,0.0,0.0,0.0,left,False,Anonymized,"[180, 177]",2,3,ce0ac779f94a8315cf913ef76a78715af6bfd79f
2.25.29638026465755240167985424461715024381,/home/user/workspace/dataset_extracted/Датасет/НД_для_обучения/Исследования/2.25.29638026465755240167985424461715024381/series_004_3_CR/A2504115579 DXA/CR DXA/CR000002.dcm,1.2.643.5.1.13.13.12.2.77.8252.11100504100006050214040402081303,1,265,280,right_hip,True,0.0,,,,,0.0,0.0,,,0,0.0,0,0.0,False,0.0,,,,,,,,-7.348358468569237,7.348358468569237,27.0,82.95,0.0,-11.342745861733208,61.2,18.481402142161624,74.55,10.2,278.25,168.0,265.0,0.4392857142857143,0.2040835579514824,1.0,0.2607142857142857,0.1535714285714285,0.4981485050174692,0.1255510594852399,0.9518706953699057,-12.012122687439144,1.9756183057448764,-12.50462512171373,2.7998442064264792,-13.174001947419674,3.718013631937685,-13.06650438169425,4.542239532619271,-12.959006815968843,4.766465433300874,-12.251509250243426,4.990691333982476,-11.544011684518011,5.814917234664063,-11.613388510223956,6.133086660175269,-12.705890944498549,6.357312560856855,-13.198393378773124,7.181538461538457,-15.490895813047716,8.00576436222006,-17.18339824732229,9.429990262901644,-18.275900681596884,10.854216163583247,-19.54527750730283,11.772385589094435,-20.637779941577406,14.39661148977604,-21.730282375852,16.420837390457642,-22.82278481012657,17.24506329113923,-23.915287244401167,17.46928919182083,-23.561538461538465,18.481402142161624,-23.561538461538465,18.481402142161624,right,0.8625085095354887,7.348358468569237,0.3642857142857142,0.0,0.0,,,0.0,0.0,right,False,Anonymized,"[0, 0]",3,0,f153b68cbc14cb396da63630e9ace6928e2bc805
2.25.29638026465755240167985424461715024381,/home/user/workspace/dataset_extracted/Датасет/НД_для_обучения/Исследования/2.25.29638026465755240167985424461715024381/series_004_3_CR/A2504115579 DXA/CR DXA/CR000003.dcm,1.2.643.5.1.13.13.12.2.77.8252.12090901030412121214030908040015,3,265,280,left_hip,True,0.0,,,,,,,0.0,0.0,0,0.0,0,0.0,False,0.0,,,,,,,,-3.248553505985508,3.248553505985508,27.6,61.95,0.0,8.356060783167731,66.0,-14.243950905902985,122.85,5.4,278.25,168.0,176.0,0.4696428571428571,0.2565498652291105,0.6641509433962264,0.35,0.1571428571428571,0.5810479798628477,0.1285197595620263,0.9511848976696372,0.4438457042665163,-18.33699590882524,0.553115137346586,-19.30450029222676,0.6350672121566362,-20.180128579777904,0.7443366452367058,-20.54763296317942,0.8536060783167755,-20.91513734658093,1.562875511396845,-21.28264172998246,1.672144944476915,-21.65014611338397,2.354097019286965,-21.92577440093512,2.4633664523670347,-21.69327878433664,3.172635885447104,-20.860783167738155,3.881905318527174,-20.628287551139675,3.991174751607244,-20.3957919345412,4.7004441846873135,-19.56329631794273,5.382396259497372,-19.83892460549385,6.691665692577442,-20.20642898889537,8.000935125657511,-16.97393337229689,8.11020455873758,-16.741437755698428,8.219473991817642,-15.308942139099946,8.3014260666277,-15.584570426651087,7.81069549970777,-14.752074810052608,left,-0.8834370327322525,3.248553505985508,0.3928571428571428,,,0.0,0.0,0.0,0.0,left,False,Anonymized,"[520, 513]",3,1,9a06ca4fc5a6ef29bbf14f42e240ab4df5728f76
2.25.29638026465755240167985424461715024381,/home/user/workspace/dataset_extracted/Датасет/НД_для_обучения/Исследования/2.25.29638026465755240167985424461715024381/series_004_3_CR/A2504115579 DXA/CR DXA/CR000000.dcm,1.2.643.5.1.13.13.12.2.77.8252.09040806151211060704090912150608,4,265,280,right_hip,True,0.0,,,,,0.0,0.0,,,0,0.0,0,0.0,False,0.0,,,,,,,,-7.348358468569237,7.348358468569237,27.0,82.95,0.0,-11.342745861733208,61.2,18.481402142161624,74.55,10.2,278.25,168.0,265.0,0.4392857142857143,0.2040835579514824,1.0,0.2607142857142857,0.1535714285714285,0.4981485050174692,0.1255510594852399,0.9518706953699057,-12.012122687439144,1.9756183057448764,-12.50462512171373,2.7998442064264792,-13.174001947419674,3.718013631937685,-13.06650438169425,4.542239532619271,-12.959006815968843,4.766465433300874,-12.251509250243426,4.990691333982476,-11.544011684518011,5.814917234664063,-11.613388510223956,6.133086660175269,-12.705890944498549,6.357312560856855,-13.198393378773124,7.181538461538457,-15.490895813047716,8.00576436222006,-17.18339824732229,9.429990262901644,-18.275900681596884,10.854216163583247,-19.54527750730283,11.772385589094435,-20.637779941577406,14.39661148977604,-21.730282375852,16.420837390457642,-22.82278481012657,17.24506329113923,-23.915287244401167,17.46928919182083,-23.561538461538465,18.481402142161624,-23.561538461538465,18.481402142161624,right,0.8625085095354887,7.348358468569237,0.3642857142857142,0.0,0.0,,,0.0,0.0,right,False,Anonymized,"[520, 513]",3,2,f153b68cbc14cb396da63630e9ace6928e2bc805
2.25.307021710202910067378603383388989711646,/home/user/workspace/dataset_extracted/Датасет/НД_для_обучения/Исследования/2.25.307021710202910067378603383388989711646/series_004_2_CR/A2504110565 DXA/CR DXA/CR000001.dcm,1.2.643.5.1.13.13.12.2.77.8252.12090115120005000603040515131409,2,265,280,right_hip,True,0.0,,,,,0.0,0.0,,,0,0.0,0,0.0,False,0.0,,,,,,,,-3.976670236677976,3.976670236677976,26.4,98.7,0.0,-16.340425531914875,57.6,17.367124950330492,77.7,9.0,278.25,168.0,265.0,0.4160714285714286,0.1889757412398922,1.0,0.25,0.15,0.5056857129386313,0.143230807658907,0.9626651107476768,-19.80537513997758,2.8350438897517845,-19.625307950727866,4.23116280749914,-19.490257558790567,5.1282519958096655,-20.51019036954085,5.924370913557021,-20.33012318029113,5.52048983130436,-20.150055991041416,6.316608749051715,-21.76998880179169,6.512727666799071,-21.634938409854403,6.2098168551095965,-22.05487122060468,6.405935772856952,-23.07480403135496,7.202054690604308,-28.29473684210524,7.398173608351663,-29.31466965285552,8.19429252609902,-30.0,9.590411443846358,-30.0,10.487500632156882,-30.0,11.88361954990424,-30.0,13.879738467651594,-30.0,14.675857385398947,-30.0,16.071976303146304,-30.0,16.969065491456814,-30.0,17.367124950330492,right,0.6465404727425316,3.976670236677976,0.3428571428571428,0.0,0.0,,,0.0,0.0,right,False,Anonymized,"[180, 193]",2,0,5c227f4712818fe36cd3ef7f32486c6379095edd
2.25.307021710202910067378603383388989711646,/home/user/workspace/dataset_extracted/Датасет/НД_для_обучения/Исследования/2.25.307021710202910067378603383388989711646/series_004_2_CR/A2504110565 DXA/CR DXA/CR000006.dcm,1.2.643.5.1.13.13.12.2.77.8252.10030011090613091008080403130712,3,265,280,left_hip,True,0.0,,,,,,,0.0,0.0,0,0.0,0,0.0,False,0.0,,,,,,,,-0.1763358749271245,0.1763358749271245,28.2,107.1,0.0,0.2921374490390292,63.0,14.802881521732957,70.35000000000001,9.0,278.25,168.0,265.0,0.4696428571428571,0.1971159029649595,1.0,0.2571428571428571,0.1571428571428571,0.5101554427962075,0.147192259806561,0.961866312208511,-17.192615252387593,3.155147553590291,-17.905618854289756,3.6162916805672407,-19.19037155571638,4.112149775799957,-20.50337515761855,4.57329390277689,-24.216378759520712,4.43443802975384,-24.92938236142288,4.295582156730791,-25.64238596332505,4.75672628370774,-26.92713866475168,4.65258437894044,-28.840142266653835,5.113728505917391,-30.0,5.5748726328943405,-30.0,6.63601675987129,-30.0,7.097160886848223,-30.0,8.758305013825174,-30.0,9.85416310905789,-30.0,11.51530723603484,-30.0,12.576451363011772,-30.0,14.237595489988722,-30.0,14.76816755347719,-30.0,14.76816755347719,-30.0,14.76816755347719,left,-0.5374701977929386,0.1763358749271245,0.375,,,0.0,0.0,0.0,0.0,left,False,Anonymized,"[180, 193]",2,1,35773678ffa31fad7856de41a106854aed6cdf2c
2.25.307021710202910067378603383388989711646,/home/user/workspace/dataset_extracted/Датасет/НД_для_обучения/Исследования/2.25.307021710202910067378603383388989711646/series_004_2_CR/A2504110565 DXA/CR DXA/CR000008.dcm,1.2.643.5.1.13.13.12.2.77.8252.08061203141300041506070501101310,5,265,280,right_hip,True,0.0,,,,,0.0,0.0,,,0,0.0,0,0.0,False,0.0,,,,,,,,-3.976670236677976,3.976670236677976,26.4,98.7,0.0,-16.340425531914875,57.6,17.367124950330492,77.7,9.0,278.25,168.0,265.0,0.4160714285714286,0.1889757412398922,1.0,0.25,0.15,0.5056857129386313,0.143230807658907,0.9626651107476768,-19.80537513997758,2.8350438897517845,-19.625307950727866,4.23116280749914,-19.490257558790567,5.1282519958096655,-20.51019036954085,5.924370913557021,-20.33012318029113,5.52048983130436,-20.150055991041416,6.316608749051715,-21.76998880179169,6.512727666799071,-21.634938409854403,6.2098168551095965,-22.05487122060468,6.405935772856952,-23.07480403135496,7.202054690604308,-28.29473684210524,7.398173608351663,-29.31466965285552,8.19429252609902,-30.0,9.590411443846358,-30.0,10.487500632156882,-30.0,11.88361954990424,-30.0,13.879738467651594,-30.0,14.675857385398947,-30.0,16.071976303146304,-30.0,16.969065491456814,-30.0,17.367124950330492,right,0.6465404727425316,3.976670236677976,0.3428571428571428,0.0,0.0,,,0.0,0.0,right,False,Anonymized,"[0, 0]",2,2,5c227f4712818fe36cd3ef7f32486c6379095edd
2.25.307021710202910067378603383388989711646,/home/user/workspace/dataset_extracted/Датасет/НД_для_обучения/Исследования/2.25.307021710202910067378603383388989711646/series_004_2_CR/A2504110565 DXA/CR DXA/CR000007.dcm,1.2.643.5.1.13.13.12.2.77.8252.10091201060313121514040903111108,6,265,280,left_hip,True,0.0,,,,,,,0.0,0.0,0,0.0,0,0.0,False,0.0,,,,,,,,-0.1763358749271245,0.1763358749271245,28.2,107.1,0.0,0.2921374490390292,63.0,14.802881521732957,70.35000000000001,9.0,278.25,168.0,265.0,0.4696428571428571,0.1971159029649595,1.0,0.2571428571428571,0.1571428571428571,0.5101554427962075,0.147192259806561,0.961866312208511,-17.192615252387593,3.155147553590291,-17.905618854289756,3.6162916805672407,-19.19037155571638,4.112149775799957,-20.50337515761855,4.57329390277689,-24.216378759520712,4.43443802975384,-24.92938236142288,4.295582156730791,-25.64238596332505,4.75672628370774,-26.92713866475168,4.65258437894044,-28.840142266653835,5.113728505917391,-30.0,5.5748726328943405,-30.0,6.63601675987129,-30.0,7.097160886848223,-30.0,8.758305013825174,-30.0,9.85416310905789,-30.0,11.51530723603484,-30.0,12.576451363011772,-30.0,14.237595489988722,-30.0,14.76816755347719,-30.0,14.76816755347719,-30.0,14.76816755347719,left,-0.5374701977929386,0.1763358749271245,0.375,,,0.0,0.0,0.0,0.0,left,False,Anonymized,"[0, 0]",2,3,35773678ffa31fad7856de41a106854aed6cdf2c
2.25.307021710202910067378603383388989711646,/home/user/workspace/dataset_extracted/Датасет/НД_для_обучения/Исследования/2.25.307021710202910067378603383388989711646/series_004_2_CR/A2504110565 DXA/CR DXA/CR000002.dcm,1.2.643.5.1.13.13.12.2.77.8252.04030803131507080109070101120910,7,265,280,right_hip,True,0.0,,,,,0.0,0.0,,,0,0.0,0,0.0,False,0.0,,,,,,,,-3.976670236677976,3.976670236677976,26.4,98.7,0.0,-16.340425531914875,57.6,17.367124950330492,77.7,9.0,278.25,168.0,265.0,0.4160714285714286,0.1889757412398922,1.0,0.25,0.15,0.5056857129386313,0.143230807658907,0.9626651107476768,-19.80537513997758,2.8350438897517845,-19.625307950727866,4.23116280749914,-19.490257558790567,5.1282519958096655,-20.51019036954085,5.924370913557021,-20.33012318029113,5.52048983130436,-20.150055991041416,6.316608749051715,-21.76998880179169,6.512727666799071,-21.634938409854403,6.2098168551095965,-22.05487122060468,6.405935772856952,-23.07480403135496,7.202054690604308,-28.29473684210524,7.398173608351663,-29.31466965285552,8.19429252609902,-30.0,9.590411443846358,-30.0,10.487500632156882,-30.0,11.88361954990424,-30.0,13.879738467651594,-30.0,14.675857385398947,-30.0,16.071976303146304,-30.0,16.969065491456814,-30.0,17.367124950330492,right,0.6465404727425316,3.976670236677976,0.3428571428571428,0.0,0.0,,,0.0,0.0,right,False,Anonymized,"[0, 0]",2,4,5c227f4712818fe36cd3ef7f32486c6379095edd
2.25.307021710202910067378603383388989711646,/home/user/workspace/dataset_extracted/Датасет/НД_для_обучения/Исследования/2.25.307021710202910067378603383388989711646/series_004_2_CR/A2504110565 DXA/CR DXA/CR000004.dcm,1.2.643.5.1.13.13.12.2.77.8252.09020610121102091006070609000414,8,265,280,left_hip,True,0.0,,,,,,,0.0,0.0,0,0.0,0,0.0,False,0.0,,,,,,,,-0.1763358749271245,0.1763358749271245,28.2,107.1,0.0,0.2921374490390292,63.0,14.802881521732957,70.35000000000001,9.0,278.25,168.0,265.0,0.4696428571428571,0.1971159029649595,1.0,0.2571428571428571,0.1571428571428571,0.5101554427962075,0.147192259806561,0.961866312208511,-17.192615252387593,3.155147553590291,-17.905618854289756,3.6162916805672407,-19.19037155571638,4.112149775799957,-20.50337515761855,4.57329390277689,-24.216378759520712,4.43443802975384,-24.92938236142288,4.295582156730791,-25.64238596332505,4.75672628370774,-26.92713866475168,4.65258437894044,-28.840142266653835,5.113728505917391,-30.0,5.5748726328943405,-30.0,6.63601675987129,-30.0,7.097160886848223,-30.0,8.758305013825174,-30.0,9.85416310905789,-30.0,11.51530723603484,-30.0,12.576451363011772,-30.0,14.237595489988722,-30.0,14.76816755347719,-30.0,14.76816755347719,-30.0,14.76816755347719,left,-0.5374701977929386,0.1763358749271245,0.375,,,0.0,0.0,0.0,0.0,left,False,Anonymized,"[170, 161]",2,5,35773678ffa31fad7856de41a106854aed6cdf2c
2.25.307021710202910067378603383388989711646,/home/user/workspace/dataset_extracted/Датасет/НД_для_обучения/Исследования/2.25.307021710202910067378603383388989711646/series_004_2_CR/A2504110565 DXA/CR DXA/CR000003.dcm,1.2.643.5.1.13.13.12.2.77.8252.08080707141115140509110700030200,9,265,280,right_hip,True,0.0,,,,,0.0,0.0,,,0,0.0,0,0.0,False,0.0,,,,,,,,-3.976670236677976,3.976670236677976,26.4,98.7,0.0,-16.340425531914875,57.6,17.367124950330492,77.7,9.0,278.25,168.0,265.0,0.4160714285714286,0.1889757412398922,1.0,0.25,0.15,0.5056857129386313,0.143230807658907,0.9626651107476768,-19.80537513997758,2.8350438897517845,-19.625307950727866,4.23116280749914,-19.490257558790567,5.1282519958096655,-20.51019036954085,5.924370913557021,-20.33012318029113,5.52048983130436,-20.150055991041416,6.316608749051715,-21.76998880179169,6.512727666799071,-21.634938409854403,6.2098168551095965,-22.05487122060468,6.405935772856952,-23.07480403135496,7.202054690604308,-28.29473684210524,7.398173608351663,-29.31466965285552,8.19429252609902,-30.0,9.590411443846358,-30.0,10.487500632156882,-30.0,11.88361954990424,-30.0,13.879738467651594,-30.0,14.675857385398947,-30.0,16.071976303146304,-30.0,16.969065491456814,-30.0,17.367124950330492,right,0.6465404727425316,3.976670236677976,0.3428571428571428,0.0,0.0,,,0.0,0.0,right,False,Anonymized,"[170, 161]",2,6,5c227f4712818fe36cd3ef7f32486c6379095edd
2.25.307021710202910067378603383388989711646,/home/user/workspace/dataset_extracted/Датасет/НД_для_обучения/Исследования/2.25.307021710202910067378603383388989711646/series_004_2_CR/A2504110565 DXA/CR DXA/CR000009.dcm,1.2.643.5.1.13.13.12.2.77.8252.01080203060404010906011511140504,13,265,280,right_hip,True,0.0,,,,,0.0,0.0,,,0,0.0,0,0.0,False,0.0,,,,,,,,-3.976670236677976,3.976670236677976,26.4,98.7,0.0,-16.340425531914875,57.6,17.367124950330492,77.7,9.0,278.25,168.0,265.0,0.4160714285714286,0.1889757412398922,1.0,0.25,0.15,0.5056857129386313,0.143230807658907,0.9626651107476768,-19.80537513997758,2.8350438897517845,-19.625307950727866,4.23116280749914,-19.490257558790567,5.1282519958096655,-20.51019036954085,5.924370913557021,-20.33012318029113,5.52048983130436,-20.150055991041416,6.316608749051715,-21.76998880179169,6.512727666799071,-21.634938409854403,6.2098168551095965,-22.05487122060468,6.405935772856952,-23.07480403135496,7.202054690604308,-28.29473684210524,7.398173608351663,-29.31466965285552,8.19429252609902,-30.0,9.590411443846358,-30.0,10.487500632156882,-30.0,11.88361954990424,-30.0,13.879738467651594,-30.0,14.675857385398947,-30.0,16.071976303146304,-30.0,16.969065491456814,-30.0,17.367124950330492,right,0.6465404727425316,3.976670236677976,0.3428571428571428,0.0,0.0,,,0.0,0.0,right,False,Anonymized,"[180, 193]",2,7,5c227f4712818fe36cd3ef7f32486c6379095edd
2.25.307021710202910067378603383388989711646,/home/user/workspace/dataset_extracted/Датасет/НД_для_обучения/Исследования/2.25.307021710202910067378603383388989711646/series_004_2_CR/A2504110565 DXA/CR DXA/CR000005.dcm,1.2.643.5.1.13.13.12.2.77.8252.09141210051000000105030213061514,14,265,280,left_hip,True,0.0,,,,,,,0.0,0.0,0,0.0,0,0.0,False,0.0,,,,,,,,-0.1763358749271245,0.1763358749271245,28.2,107.1,0.0,0.2921374490390292,63.0,14.802881521732957,70.35000000000001,9.0,278.25,168.0,265.0,0.4696428571428571,0.1971159029649595,1.0,0.2571428571428571,0.1571428571428571,0.5101554427962075,0.147192259806561,0.961866312208511,-17.192615252387593,3.155147553590291,-17.905618854289756,3.6162916805672407,-19.19037155571638,4.112149775799957,-20.50337515761855,4.57329390277689,-24.216378759520712,4.43443802975384,-24.92938236142288,4.295582156730791,-25.64238596332505,4.75672628370774,-26.92713866475168,4.65258437894044,-28.840142266653835,5.113728505917391,-30.0,5.5748726328943405,-30.0,6.63601675987129,-30.0,7.097160886848223,-30.0,8.758305013825174,-30.0,9.85416310905789,-30.0,11.51530723603484,-30.0,12.576451363011772,-30.0,14.237595489988722,-30.0,14.76816755347719,-30.0,14.76816755347719,-30.0,14.76816755347719,left,-0.5374701977929386,0.1763358749271245,0.375,,,0.0,0.0,0.0,0.0,left,False,Anonymized,"[180, 193]",2,8,35773678ffa31fad7856de41a106854aed6cdf2c
2.25.309085571913348252136520206003694446566,/home/user/workspace/dataset_extracted/Датасет/НД_для_обучения/Исследования/2.25.309085571913348252136520206003694446566/series_002_2_CR/A2504116267 DXA/CR DXA/CR000002.dcm,1.2.643.5.1.13.13.12.2.77.8252.09030700121011131209150303151015,2,289,280,right_hip,True,0.0,,,,,0.0,0.0,,,0,0.0,0,0.0,False,0.0,,,,,,,,-3.743937478401831,3.743937478401831,24.6,109.2,0.0,-14.86669156086632,33.0,19.309863437533348,85.05,8.4,303.45,168.0,289.0,0.2642857142857143,0.1917325753830944,1.0,0.25,0.1392857142857143,0.5186437260339778,0.1351748482553481,0.97022640699449,-18.95160140830044,1.737077776592349,-19.39814787154593,1.940858849887985,-19.28305771898005,2.843694654859712,-19.129604182225545,3.047475728155348,-18.97615064547104,3.251256801450984,-18.222697108716524,4.05503787474662,-18.06924357196202,5.458818948042255,-18.55415341939614,6.361654753013982,-19.00069988264163,5.965435826309618,-20.64724634588712,6.169216899605254,-21.693792809132614,6.37299797290089,-23.340339272378102,7.176779046196526,-24.98688573562361,7.980560119492162,-26.07179558305772,8.883395924463889,-30.0,10.287176997759524,-30.0,12.29095807105516,-30.0,13.694739144350796,-30.0,16.29852021764644,-30.0,17.201356022618167,-30.0,18.005137095913803,right,0.4678383711562083,3.743937478401831,0.1964285714285714,0.0,0.0,,,0.0,0.0,right,False,Anonymized,"[180, 173]",2,0,0b630e150969728ab936a95650780729e169632d
2.25.309085571913348252136520206003694446566,/home/user/workspace/dataset_extracted/Датасет/НД_для_обучения/Исследования/2.25.309085571913348252136520206003694446566/series_002_2_CR/A2504116267 DXA/CR DXA/CR000001.dcm,1.2.643.5.1.13.13.12.2.77.8252.07070904150315000704031208001011,3,289,280,left_hip,True,0.0,,,,,,,0.0,0.0,9,5.67,9,5.67,True,3.484766396754817,,,,,,,,0.119356782188246,0.119356782188246,27.6,100.8,0.0,-20.857763157894748,37.8,19.452791644058653,81.9,10.2,303.45,168.0,284.0,0.3232142857142857,0.195551161641127,0.9826989619377162,0.25,0.1464285714285714,0.5280507145373708,0.1559310452189447,0.969426374750575,-20.992006239826377,1.0770387954422518,-21.170997015735225,1.5155466630494232,-21.305240097666857,1.9944275637547888,-22.6842308735757,2.432935431361952,-22.863221649484547,2.8714432989691145,-23.04221242539339,3.309951166576277,-23.221203201302234,3.748459034183441,-23.35544628323387,4.227339934888815,-23.534437059142714,4.6658478024959775,-23.713427835051554,5.10435567010314,-23.8924186109604,6.142863537710303,-22.87140938686925,7.181371405317466,-30.0,8.819879272924629,-30.0,9.898760173630004,-30.0,11.537268041237166,-30.0,13.17577590884433,-30.0,15.41428377645149,-30.0,19.452791644058653,-30.0,19.33167254476402,-30.0,19.170180412371185,left,-0.5294168812051296,0.119356782188246,0.2249999999999999,,,0.0,0.0,0.0,0.0,left,False,Anonymized,"[180, 173]",2,1,4edad7064f3f7cab213716c9e6d02309e214f637
2.25.314147167453134440746270747484612743945,/home/user/workspace/dataset_extracted/Датасет/НД_для_обучения/Исследования/2.25.314147167453134440746270747484612743945/series_002_2_CR/A2504224780 DXA/CR DXA/CR000000.dcm,1.2.643.5.1.13.13.12.2.77.8252.02000306061002040514101500000812,2,237,280,left_hip,True,0.0,,,,,,,0.0,0.0,0,0.0,0,0.0,False,0.0,,,,,,,,-14.053684825545073,14.053684825545073,14.4,93.45,0.0,8.03354443309496,44.4,9.301327885597583,53.55,5.4,248.85,168.0,237.0,0.3375,0.1681585292344786,1.0,0.2178571428571428,0.15,0.5011171835405756,0.1482473862587362,0.9620965219957178,3.3240858018385806,0.1094586312563933,4.881430030643486,0.1640858018386154,2.449438202247154,0.3550561797752948,1.0067824310520677,1.0096833503575169,1.3641266598569644,1.664310520939739,1.7214708886618608,2.318937691521978,2.6788151174667747,2.9735648621042,3.24682328907046,3.76453524004088,3.6041675178753394,5.019162410623101,5.161511746680253,5.073789581205324,5.518855975485167,5.728416751787563,6.476200204290046,6.383043922369785,8.03354443309496,8.837671092952023,7.822880490296188,9.301327885597583,7.822880490296188,9.301327885597583,7.822880490296188,9.301327885597583,7.822880490296188,9.301327885597583,7.822880490296188,9.301327885597583,7.822880490296188,9.301327885597583,7.822880490296188,9.301327885597583,right,0.2888903529970584,14.053684825545073,0.2642857142857143,0.0,0.0,,,0.0,0.0,left,True,Anonymized,"[180, 191]",2,0,8ee7fa801137b890e37405afe1e89e52f7e2ce9c
2.25.314147167453134440746270747484612743945,/home/user/workspace/dataset_extracted/Датасет/НД_для_обучения/Исследования/2.25.314147167453134440746270747484612743945/series_002_2_CR/A2504224780 DXA/CR DXA/CR000001.dcm,1.2.643.5.1.13.13.12.2.77.8252.01130904120915050401031210031001,3,237,280,left_hip,True,0.0,,,,,,,0.0,0.0,0,0.0,0,0.0,False,0.0,,,,,,,,-7.471629955004745,7.471629955004745,31.2,74.55,0.0,-9.14808853118712,50.4,11.25802816901408,48.3,13.2,248.85,168.0,237.0,0.3946428571428571,0.263667872212176,1.0,0.2964285714285714,0.1714285714285714,0.5756405318477573,0.1342422478010853,0.9341875485455928,-14.106639839034203,-0.6956136820925678,-13.641448692152917,-0.1320724346076531,-13.29255533199195,0.5905835010060286,-12.22736418511066,1.1541247484909434,-10.562173038229371,1.717665995975841,-9.49698189134809,2.881207243460756,-9.6317907444668,3.4447484909456705,-11.082897384305827,4.767404426559352,-27.417706237424547,7.130945674044267,-28.152515090543258,9.494486921529164,-27.68732394366197,11.25802816901408,-27.222132796780688,10.621569416498994,-27.222132796780688,10.621569416498994,-27.222132796780688,10.621569416498994,-27.222132796780688,10.621569416498994,-27.222132796780688,10.621569416498994,-27.222132796780688,10.621569416498994,-27.222132796780688,10.621569416498994,-27.222132796780688,10.621569416498994,-27.222132796780688,10.621569416498994,left,-0.5117549359001983,7.471629955004745,0.3,,,0.0,0.0,0.0,0.0,left,False,Anonymized,"[180, 191]",2,1,f19865e587d3b2c32a6017bd2b9013a4db138746
2.25.339027809107632348165171236474821772940,/home/user/workspace/dataset_extracted/Датасет/НД_для_обучения/Исследования/2.25.339027809107632348165171236474821772940/series_001_2_CR/A2504349642 DXA/CR DXA/CR000003.dcm,1.2.643.5.1.13.13.12.2.77.8252.02060903061507111201080601150903,4,317,280,right_hip,True,0.0,,,,,0.0,0.0,,,0,0.0,0,0.0,False,0.0,,,,,,,,-0.2485106436495286,0.2485106436495286,25.2,144.9,0.0,-0.3403364011425026,36.0,18.80933311110553,70.35000000000001,12.0,332.85,168.0,317.0,0.2928571428571428,0.1970594862550698,1.0,0.2964285714285714,0.1464285714285714,0.535159584711797,0.1327767307936321,0.9771287664620844,-0.3677891453895028,3.141413597145157,-14.804392804385506,3.66837614643292,-14.831845548632506,4.213598058398747,-17.26844920762851,5.340560607686518,-18.50505286662452,5.26752315697428,-18.54165652562051,5.794485706262051,-19.77826018461652,6.3214482555498135,-21.605712928863515,6.266670167515642,-22.24231658785952,6.793632716803404,-22.87892024685552,7.320595266091175,-23.51552390585152,8.447557815378937,-23.552127564847524,9.574520364666707,-27.788731223843524,11.30148291395447,-29.016183968090527,13.046704825920298,-29.652787627086525,14.173667375208067,-30.0,15.900629924495831,-30.0,18.2275924737836,-30.0,18.79107374842748,-30.0,18.79107374842748,-30.0,18.79107374842748,left,-0.0506987371534756,0.2485106436495286,0.2142857142857142,,,0.0,0.0,0.0,0.0,right,True,Anonymized,"[520, 561]",2,0,5f693e3fa04e5bf3ea44f6643da361e1a189fa69
2.25.339027809107632348165171236474821772940,/home/user/workspace/dataset_extracted/Датасет/НД_для_обучения/Исследования/2.25.339027809107632348165171236474821772940/series_001_2_CR/A2504349642 DXA/CR DXA/CR000005.dcm,1.2.643.5.1.13.13.12.2.77.8252.02080414020805070003121215081311,5,318,280,left_hip,True,0.0,,,,,,,0.0,0.0,0,0.0,0,0.0,False,0.0,,,,,,,,-3.1260273276384827,3.1260273276384827,25.8,142.8,0.0,-14.634705882352923,31.2,18.49797337913267,77.7,13.2,333.90000000000003,168.0,318.0,0.2517857142857143,0.1880615453728661,1.0,0.2321428571428571,0.1357142857142857,0.5187549975297027,0.1303371968879648,0.9756386111807152,-15.722292829540557,1.0259939888364016,-16.17240875912407,1.3171232288535748,-17.259995706311706,1.685470158866457,-17.71011163589522,1.97659939888363,-18.76022756547873,2.867728638900803,-19.210343495062244,3.758857878917985,-19.06045942464576,4.649987118935158,-18.948046371833385,5.01833404894804,-19.3981623014169,5.309463288965213,-21.048278231000413,5.600592528982387,-21.498394160583924,6.491721768999559,-21.948510090167435,6.782851009016741,-21.798626019750944,8.273980249033913,-21.68621296693858,9.242327179046796,-21.536328896522093,10.73345641906397,-21.38644482610561,12.224585659081145,-30.0,14.315714899098325,-30.0,16.406844139115496,-30.0,17.97519106912838,-30.0,18.42075568913696,right,0.2001850062503932,3.1260273276384827,0.1857142857142857,0.0,0.0,,,0.0,0.0,left,True,Anonymized,"[520, 561]",2,1,2dfeccbd8642ad7eaa3251b89e447c49c61252d1
2.25.339027809107632348165171236474821772940,/home/user/workspace/dataset_extracted/Датасет/НД_для_обучения/Исследования/2.25.339027809107632348165171236474821772940/series_001_2_CR/A2504349642 DXA/CR DXA/CR000002.dcm,1.2.643.5.1.13.13.12.2.77.8252.11010912010413080807030107050600,6,317,280,right_hip,True,0.0,,,,,0.0,0.0,,,0,0.0,0,0.0,False,0.0,,,,,,,,-0.2485106436495286,0.2485106436495286,25.2,144.9,0.0,-0.3403364011425026,36.0,18.80933311110553,70.35000000000001,12.0,332.85,168.0,317.0,0.2928571428571428,0.1970594862550698,1.0,0.2964285714285714,0.1464285714285714,0.535159584711797,0.1327767307936321,0.9771287664620844,-0.3677891453895028,3.141413597145157,-14.804392804385506,3.66837614643292,-14.831845548632506,4.213598058398747,-17.26844920762851,5.340560607686518,-18.50505286662452,5.26752315697428,-18.54165652562051,5.794485706262051,-19.77826018461652,6.3214482555498135,-21.605712928863515,6.266670167515642,-22.24231658785952,6.793632716803404,-22.87892024685552,7.320595266091175,-23.51552390585152,8.447557815378937,-23.552127564847524,9.574520364666707,-27.788731223843524,11.30148291395447,-29.016183968090527,13.046704825920298,-29.652787627086525,14.173667375208067,-30.0,15.900629924495831,-30.0,18.2275924737836,-30.0,18.79107374842748,-30.0,18.79107374842748,-30.0,18.79107374842748,left,-0.0506987371534756,0.2485106436495286,0.2142857142857142,,,0.0,0.0,0.0,0.0,right,True,Anonymized,"[170, 192]",2,2,5f693e3fa04e5bf3ea44f6643da361e1a189fa69
2.25.339027809107632348165171236474821772940,/home/user/workspace/dataset_extracted/Датасет/НД_для_обучения/Исследования/2.25.339027809107632348165171236474821772940/series_001_2_CR/A2504349642 DXA/CR DXA/CR000000.dcm,1.2.643.5.1.13.13.12.2.77.8252.05111003151314100612100700031506,8,318,280,left_hip,True,0.0,,,,,,,0.0,0.0,0,0.0,0,0.0,False,0.0,,,,,,,,-3.1260273276384827,3.1260273276384827,25.8,142.8,0.0,-14.634705882352923,31.2,18.49797337913267,77.7,13.2,333.90000000000003,168.0,318.0,0.2517857142857143,0.1880615453728661,1.0,0.2321428571428571,0.1357142857142857,0.5187549975297027,0.1303371968879648,0.9756386111807152,-15.722292829540557,1.0259939888364016,-16.17240875912407,1.3171232288535748,-17.259995706311706,1.685470158866457,-17.71011163589522,1.97659939888363,-18.76022756547873,2.867728638900803,-19.210343495062244,3.758857878917985,-19.06045942464576,4.649987118935158,-18.948046371833385,5.01833404894804,-19.3981623014169,5.309463288965213,-21.048278231000413,5.600592528982387,-21.498394160583924,6.491721768999559,-21.948510090167435,6.782851009016741,-21.798626019750944,8.273980249033913,-21.68621296693858,9.242327179046796,-21.536328896522093,10.73345641906397,-21.38644482610561,12.224585659081145,-30.0,14.315714899098325,-30.0,16.406844139115496,-30.0,17.97519106912838,-30.0,18.42075568913696,right,0.2001850062503932,3.1260273276384827,0.1857142857142857,0.0,0.0,,,0.0,0.0,left,True,Anonymized,"[170, 193]",2,3,2dfeccbd8642ad7eaa3251b89e447c49c61252d1
2.25.340839477910528898406207279980417945,/home/user/workspace/dataset_extracted/Датасет/НД_для_обучения/Исследования/2.25.340839477910528898406207279980417945/series_001_2_CR/A2504224555 DXA Exam/CR DXA Images/CR000000.dcm,1.2.643.5.1.13.13.12.2.77.8252.14120712151005010200040708001308,2,346,280,left_hip,True,0.0,,,,,,,0.0,0.0,0,0.0,0,0.0,False,0.0,,,,,,,,-0.1816045376532524,0.1816045376532524,28.2,130.20000000000002,0.0,6.2810039339102985,48.0,16.484253658536595,51.45,35.4,363.3,168.0,346.0,0.3767857142857143,0.3046036333608587,1.0,0.4714285714285714,0.1571428571428571,0.5071255481104563,0.1452499504632498,0.9514640345047932,0.3803386309992049,3.133068764752176,0.9137353265145548,3.0398407553107973,0.863782848151061,3.5699197482297507,1.3971795436664023,4.076691738788372,1.3305762391817435,3.983463729346977,1.8639729346970848,5.090235719905598,2.997369630212426,6.19700771046422,3.547417151848933,6.727086703383173,4.080813847364274,8.433858693941795,5.214210542879616,10.140630684500415,5.747607238394957,11.84740267505902,6.2810039339102985,14.154174665617642,6.231051455546805,16.484253658536595,6.231051455546805,16.484253658536595,6.231051455546805,16.484253658536595,6.231051455546805,16.484253658536595,6.231051455546805,16.484253658536595,6.231051455546805,16.484253658536595,6.231051455546805,16.484253658536595,6.231051455546805,16.484253658536595,left,-1.110786054014007,0.1816045376532524,0.2857142857142857,,,0.0,0.0,0.0,0.0,left,False,Anonymized,"[520, 613]",2,0,4a5ca0c7b3839ffe78aa8ca1cdb17ad4bd5b26b0
2.25.340839477910528898406207279980417945,/home/user/workspace/dataset_extracted/Датасет/НД_для_обучения/Исследования/2.25.340839477910528898406207279980417945/series_001_2_CR/A2504224555 DXA Exam/CR DXA Images/CR000001.dcm,1.2.643.5.1.13.13.12.2.77.8252.05030701101012140702110704000714,3,346,280,right_hip,True,0.0,,,,,0.0,0.0,,,0,0.0,0,0.0,False,0.0,,,,,,,,-1.9454455664685413,1.9454455664685413,27.6,124.95,0.0,5.588716707021777,57.0,20.968312206238448,35.7,39.0,363.3,168.0,346.0,0.4178571428571428,0.3252270850536746,1.0,0.3142857142857143,0.1607142857142857,0.5510393656624616,0.1490359208260121,0.9562370330337272,1.2448910411622225,3.164438114228761,1.8640677966101664,4.098287993163387,1.87845036319612,4.498675402364353,2.4976271186440555,6.0325252812989785,3.7168038740919993,8.166375160233605,4.335980629539944,10.30022503916823,5.555157384987879,12.434074918102857,5.569539951573842,15.234462327303822,5.588716707021777,20.968312206238448,5.588716707021777,20.968312206238448,5.588716707021777,20.968312206238448,5.588716707021777,20.968312206238448,5.588716707021777,20.968312206238448,5.588716707021777,20.968312206238448,5.588716707021777,20.968312206238448,5.588716707021777,20.968312206238448,5.588716707021777,20.968312206238448,5.588716707021777,20.968312206238448,5.588716707021777,20.968312206238448,5.588716707021777,20.968312206238448,right,1.3134960015610069,1.9454455664685413,0.3392857142857143,0.0,0.0,,,0.0,0.0,right,False,Anonymized,"[520, 613]",2,1,f9a5d474b15b36deaf47d0e5e29a93537b76a014
2.25.37515662379281069436632838996073181551,/home/user/workspace/dataset_extracted/Датасет/НД_для_обучения/Исследования/2.25.37515662379281069436632838996073181551/series_001_2_CR/A2504329840 DXA/CR DXA/CR000002.dcm,1.2.643.5.1.13.13.12.2.77.8252.08110803070615141513021414111001,2,263,280,left_hip,True,0.0,,,,,,,0.0,0.0,0,0.0,0,0.0,False,0.0,,,,,,,,-5.178725666402226,5.178725666402226,28.2,86.10000000000001,13.409142260097308,6.211551898651498,31.8,16.849988572174883,110.25,5.4,276.15000000000003,168.0,187.0,0.2642857142857143,0.2735062466051059,0.7110266159695817,0.3035714285714285,0.15,0.6514487124318912,0.1922164327053546,0.951436509572114,0.0509289189277296,2.908126816207914,-0.3149508603519919,3.580931857511348,-0.139360694811782,4.385535638488915,0.0947595259084963,4.45834067979234,0.3288797466287789,3.931145721095765,0.5629999673490573,4.003950762399191,0.7971201880693357,4.6767558037026165,1.5727103536095457,5.481359584680183,1.806830574329824,6.154164625983609,2.6409507950501023,8.026969667287034,2.8750710157703847,9.29977470859046,4.309191236490659,12.372579749893884,5.143311457210942,16.04538479119731,5.918901622751156,16.849988572174883,6.153021843471429,-7.677206386521697,5.787142064191713,-10.604401345218264,4.821262284911995,-12.931596303914846,3.855382505632269,-14.058791262611413,4.030972671172483,-15.054187481633846,3.0650928918927574,-15.58138244033042,right,0.1804638691897401,5.178725666402226,0.1892857142857142,0.0,0.0,,,0.0,0.0,left,True,Anonymized,"[180, 177]",2,0,d67396f256c54d70eee5772604e5edf81e48bb7d
2.25.37515662379281069436632838996073181551,/home/user/workspace/dataset_extracted/Датасет/НД_для_обучения/Исследования/2.25.37515662379281069436632838996073181551/series_001_2_CR/A2504329840 DXA/CR DXA/CR000001.dcm,1.2.643.5.1.13.13.12.2.77.8252.12090208061115110101131315120813,3,263,280,right_hip,True,0.0,,,,,0.0,0.0,,,0,0.0,0,0.0,False,0.0,,,,,,,,-2.7743334352383906,2.7743334352383906,27.0,105.0,8.65093933393339,4.9278019801980175,31.2,12.813839783978397,101.85,3.0,276.15000000000003,168.0,197.0,0.2535714285714285,0.2483840304182509,0.7490494296577946,0.2785714285714286,0.1392857142857143,0.6473490563698483,0.1835611153743735,0.9571884714588972,-0.1208712871287147,2.924745274527456,-0.0953663366336627,3.14319351935194,0.523762376237623,3.4570297029703,0.5492673267326708,3.675477947794784,1.1747722772277227,3.293926192619267,1.2002772277227705,4.112374437443742,1.8257821782178223,4.930822682268226,2.4449108910891084,5.844658865886594,3.0704158415841563,7.263107110711069,4.295920792079208,8.681555355535552,4.921425742574256,10.700003600360036,4.346930693069308,-6.481548154815479,4.372435643564356,-9.863099909990996,4.391564356435645,-11.349263726372635,3.2170693069306933,-12.330815481548152,2.6425742574257454,-13.912367236723668,1.4680792079207932,-14.893918991899191,0.893584158415841,-16.47547074707471,0.9127128712871312,-17.36163456345635,0.3382178217821788,-17.743186318631864,left,-0.0327538042243923,2.7743334352383906,0.1857142857142857,,,0.0,0.0,0.0,0.0,right,True,Anonymized,"[180, 177]",2,1,b56ff3c3b41cd5651631e0a97607b55aa2b6ff1a
2.25.39068163399801173920284179500049527111,/home/user/workspace/dataset_extracted/Датасет/НД_для_обучения/Исследования/2.25.39068163399801173920284179500049527111/series_002_2_CR/A2504195842 DXA/CR DXA/CR000000.dcm,1.2.643.5.1.13.13.12.2.77.8252.00030605020706130003080307080701,77,235,280,right_hip,True,1.0,Нарушение позиционирования/ротации правого бедра,,,,1.0,0.0,,,0,0.0,0,0.0,False,0.0,,,,,,,,-13.345991749402376,13.345991749402376,27.6,106.05,0.0,3.7913150844496126,40.8,9.816237623762424,18.9,43.8,246.75,168.0,235.0,0.3160714285714285,0.2574164133738602,1.0,0.2964285714285714,0.15,0.6151570342115595,0.2009224106354082,0.9428117519091364,2.255720442632497,4.0994991263832725,2.9675853232381937,8.218567268491597,2.901483983692475,8.457868375072849,3.613348864298189,8.976936517181173,3.54724752475247,9.816237623762424,3.54724752475247,9.816237623762424,3.54724752475247,9.816237623762424,3.54724752475247,9.816237623762424,3.54724752475247,9.816237623762424,3.54724752475247,9.816237623762424,3.54724752475247,9.816237623762424,3.54724752475247,9.816237623762424,3.54724752475247,9.816237623762424,3.54724752475247,9.816237623762424,3.54724752475247,9.816237623762424,3.54724752475247,9.816237623762424,3.54724752475247,9.816237623762424,3.54724752475247,9.816237623762424,3.54724752475247,9.816237623762424,3.54724752475247,9.816237623762424,right,0.4762908840385195,13.345991749402376,0.2428571428571428,1.0,0.0,,,1.0,0.0,right,False,Anonymized,"[180, 193]",2,0,1ec5d2997ba7c7fab5ae020dbb415f5565514281
2.25.39068163399801173920284179500049527111,/home/user/workspace/dataset_extracted/Датасет/НД_для_обучения/Исследования/2.25.39068163399801173920284179500049527111/series_002_2_CR/A2504195842 DXA/CR DXA/CR000001.dcm,1.2.643.5.1.13.13.12.2.77.8252.07150610130411050211021514011106,78,235,280,left_hip,True,1.0,Нарушение позиционирования/ротации левого бедра,,,,,,1.0,0.0,0,0.0,0,0.0,False,0.0,,,,,,,,-7.2677610172134015,7.2677610172134015,30.9,107.1,0.0,5.210318290538342,45.6,8.342115113852941,14.7,48.0,246.75,168.0,235.0,0.3464285714285714,0.2813525835866261,1.0,0.2964285714285714,0.1535714285714285,0.6753912015214912,0.2562700172397953,0.9414685161282624,2.98555394088807,3.3955035594936303,4.355459680748177,7.294148181237357,5.082888985643259,7.818131647545158,5.210318290538342,8.342115113852941,5.210318290538342,8.342115113852941,5.210318290538342,8.342115113852941,5.210318290538342,8.342115113852941,5.210318290538342,8.342115113852941,5.210318290538342,8.342115113852941,5.210318290538342,8.342115113852941,5.210318290538342,8.342115113852941,5.210318290538342,8.342115113852941,5.210318290538342,8.342115113852941,5.210318290538342,8.342115113852941,5.210318290538342,8.342115113852941,5.210318290538342,8.342115113852941,5.210318290538342,8.342115113852941,5.210318290538342,8.342115113852941,5.210318290538342,8.342115113852941,5.210318290538342,8.342115113852941,left,-0.3322648202394404,7.2677610172134015,0.2714285714285714,,,1.0,0.0,1.0,0.0,left,False,Anonymized,"[180, 193]",2,1,b4f42ff80059c59f80d0569f1ac8b54ba0cc7f1d
2.25.48906424954135283790354958243772558962,/home/user/workspace/dataset_extracted/Датасет/НД_для_обучения/Исследования/2.25.48906424954135283790354958243772558962/series_001_2_CR/A2504185596 DXA Exam/CR DXA Images/CR000001.dcm,1.2.643.5.1.13.13.12.2.77.8252.03010404051000131408111209140108,2,344,280,right_hip,True,1.0,Нарушение позиционирования/ротации правого бедра,,,,1.0,0.0,,,0,0.0,0,0.0,False,0.0,,,,,,,,-3.3159321562324946,3.3159321562324946,27.6,108.15,3.759081843342262,13.548249352018615,37.2,14.596793041339009,80.85000000000001,39.0,361.2,168.0,344.0,0.3017857142857142,0.3580149501661129,1.0,0.6428571428571429,0.1642857142857142,0.6160413579003438,0.1794281963772876,0.9601431852874222,0.7590871150551208,7.616689364319285,0.90495541009532,9.075873127443652,1.0143566313754715,9.420260949786938,1.7602249264156626,8.479444712911304,1.906093221455862,8.138628476035672,2.651961516496061,7.197812239160037,2.797829811536252,5.656996002284404,3.507231032816404,3.6013838246276832,3.653099327856603,2.6605675877520496,4.998967622896793,2.319751350876416,5.744835917936993,2.578935114000791,7.090704212977192,2.838118877125157,8.436572508017392,3.6973026402495233,9.745973729297534,4.041690462592794,11.091842024337732,5.500874225717169,11.837710319377932,6.960057988841535,12.583578614418125,7.819241751965901,12.729446909458323,9.878425515090276,13.438848130738466,12.022813337433549,12.984716425778666,14.081997100557912,left,-0.6460305112566603,3.3159321562324946,0.2214285714285714,,,1.0,0.0,1.0,0.0,right,True,Anonymized,"[520, 613]",2,0,049d79952e1e0304175881029d757c77dc0c3b0d
2.25.48906424954135283790354958243772558962,/home/user/workspace/dataset_extracted/Датасет/НД_для_обучения/Исследования/2.25.48906424954135283790354958243772558962/series_001_2_CR/A2504185596 DXA Exam/CR DXA Images/CR000000.dcm,1.2.643.5.1.13.13.12.2.77.8252.06080100090802110008000311010501,3,346,280,right_hip,True,1.0,Нарушение позиционирования/ротации правого бедра,,,,1.0,0.0,,,94,59.22,94,59.22,True,3.995397639163416,,,,,,,,-6.1564493831909575,6.1564493831909575,27.0,127.05,0.0,-14.813269204714814,32.4,13.05432461726052,55.650000000000006,13.2,363.3,168.0,346.0,0.2678571428571428,0.256626754748142,1.0,0.2785714285714286,0.1535714285714285,0.497454103035411,0.1254198631890783,0.9670777504838288,-15.343953393849077,2.157236146863565,-19.266690150386136,1.528427042406173,-19.658742717788925,1.0568202140631229,-19.981479474325976,1.0280111096057396,-19.70421623086303,1.599202005148339,-20.62695298740008,2.170392900690956,-20.94968974393714,3.341583796233556,-20.741742311339927,4.069976967890523,-20.464479067876987,5.841167863433122,-20.18721582441404,7.012358758975722,-30.0,9.38354965451834,-30.0,11.154740550060955,-30.0,11.725931445603557,-30.0,13.05432461726052,-30.0,13.05432461726052,-30.0,13.05432461726052,-30.0,13.05432461726052,-30.0,13.05432461726052,-30.0,13.05432461726052,-30.0,13.05432461726052,right,0.6811529514701317,6.1564493831909575,0.1928571428571428,1.0,0.0,,,1.0,0.0,right,False,Anonymized,"[520, 613]",2,1,90465d7827ee93dcb9a1b048270a5e959b8c8b9d
2.25.52982400970721161435951723390541696819,/home/user/workspace/dataset_extracted/Датасет/НД_для_обучения/Исследования/2.25.52982400970721161435951723390541696819/series_001_2_CR/A2504331065 DXA/CR DXA/CR000006.dcm,1.2.643.5.1.13.13.12.2.77.8252.14150614130710030701101012031106,2,289,280,left_hip,True,0.0,,,,,,,0.0,0.0,0,0.0,0,0.0,False,0.0,,,,,,,,-4.266624478000244,4.266624478000244,28.8,90.3,0.0,-0.5177564979480166,31.2,21.518843341667065,67.2,13.8,303.45,168.0,284.0,0.2660714285714285,0.2453905091448344,0.9826989619377162,0.3428571428571428,0.1607142857142857,0.548715746139441,0.1001556800283117,0.964612434144185,-18.97784235105429,2.92073965753103,-21.791290155196,3.680613236473428,-22.25137600830228,3.950518420680231,-23.264823812443986,4.7103919996226296,-23.078271616585685,5.470265578565036,-24.09171942072739,5.630139157507443,-25.10516722486909,5.7900127364498415,-24.96525307797537,6.659917920656644,-24.778700882117075,7.419791499599051,-24.59214868625878,8.77966507854145,-24.405596490400487,10.739538657483848,-24.21904429454219,12.699412236426255,-23.43249209868389,15.259285815368662,-21.49257795179017,17.329190999575456,-30.0,18.089064578517863,-30.0,20.04893815746027,-30.0,21.518843341667065,-30.0,21.518843341667065,-30.0,21.518843341667065,-30.0,21.518843341667065,right,0.2324710942164833,4.266624478000244,0.1857142857142857,0.0,0.0,,,0.0,0.0,left,True,Anonymized,"[180, 192]",2,0,5068b6e33b864932315f92489adcf2514110af2b
2.25.52982400970721161435951723390541696819,/home/user/workspace/dataset_extracted/Датасет/НД_для_обучения/Исследования/2.25.52982400970721161435951723390541696819/series_001_2_CR/A2504331065 DXA/CR DXA/CR000007.dcm,1.2.643.5.1.13.13.12.2.77.8252.10071506040807070913151311141504,3,289,280,left_hip,True,0.0,,,,,,,0.0,0.0,0,0.0,0,0.0,False,0.0,,,,,,,,-6.4766540918977125,6.4766540918977125,26.4,90.3,0.0,-10.77854615783761,43.2,20.748299448087163,73.5,13.8,303.45,168.0,289.0,0.3321428571428571,0.2194636678200692,1.0,0.325,0.1535714285714285,0.5183492621351898,0.1294849983251259,0.964995403868799,-13.039271663757695,2.351963771876012,-13.62529553280812,3.212347752252444,-13.764813434595942,4.157635737534769,-13.150837303646377,5.018019717911209,-12.5368611726968,5.8784036982876415,-11.922885041747223,7.338787678664072,-11.308908910797657,7.599171659040496,-10.848426812585478,7.34445964432283,-12.034450681635905,7.604843624699271,-12.020474550686329,7.865227605075693,-11.40649841973676,8.725611585452134,-11.392522288787186,10.185995565828556,-10.77854615783761,11.646379546204995,-16.91806405962543,12.591667531487314,-18.704087928675865,14.652051511863752,-19.890111797726288,17.312435492240194,-22.87613566677671,19.372819472616616,-23.462159535827144,20.233203452993056,-23.90866550308975,20.748299448087163,-23.90866550308975,20.748299448087163,left,-0.3193486454170482,6.4766540918977125,0.2571428571428571,,,0.0,0.0,0.0,0.0,left,False,Anonymized,"[180, 192]",2,1,3246dd2d6123cceed3117073e675c046bad09a30
2.25.52982400970721161435951723390541696819,/home/user/workspace/dataset_extracted/Датасет/НД_для_обучения/Исследования/2.25.52982400970721161435951723390541696819/series_001_2_CR/A2504331065 DXA/CR DXA/CR000003.dcm,1.2.643.5.1.13.13.12.2.77.8252.15141212090108110812010201000904,5,289,280,left_hip,True,0.0,,,,,,,0.0,0.0,0,0.0,0,0.0,False,0.0,,,,,,,,-4.266624478000244,4.266624478000244,28.8,90.3,0.0,-0.5177564979480166,31.2,21.518843341667065,67.2,13.8,303.45,168.0,284.0,0.2660714285714285,0.2453905091448344,0.9826989619377162,0.3428571428571428,0.1607142857142857,0.548715746139441,0.1001556800283117,0.964612434144185,-18.97784235105429,2.92073965753103,-21.791290155196,3.680613236473428,-22.25137600830228,3.950518420680231,-23.264823812443986,4.7103919996226296,-23.078271616585685,5.470265578565036,-24.09171942072739,5.630139157507443,-25.10516722486909,5.7900127364498415,-24.96525307797537,6.659917920656644,-24.778700882117075,7.419791499599051,-24.59214868625878,8.77966507854145,-24.405596490400487,10.739538657483848,-24.21904429454219,12.699412236426255,-23.43249209868389,15.259285815368662,-21.49257795179017,17.329190999575456,-30.0,18.089064578517863,-30.0,20.04893815746027,-30.0,21.518843341667065,-30.0,21.518843341667065,-30.0,21.518843341667065,-30.0,21.518843341667065,right,0.2324710942164833,4.266624478000244,0.1857142857142857,0.0,0.0,,,0.0,0.0,left,True,Anonymized,"[0, 0]",2,2,5068b6e33b864932315f92489adcf2514110af2b
2.25.52982400970721161435951723390541696819,/home/user/workspace/dataset_extracted/Датасет/НД_для_обучения/Исследования/2.25.52982400970721161435951723390541696819/series_001_2_CR/A2504331065 DXA/CR DXA/CR000001.dcm,1.2.643.5.1.13.13.12.2.77.8252.06001210040802120801060507001509,6,289,280,left_hip,True,0.0,,,,,,,0.0,0.0,0,0.0,0,0.0,False,0.0,,,,,,,,-6.4766540918977125,6.4766540918977125,26.4,90.3,0.0,-10.77854615783761,43.2,20.748299448087163,73.5,13.8,303.45,168.0,289.0,0.3321428571428571,0.2194636678200692,1.0,0.325,0.1535714285714285,0.5183492621351898,0.1294849983251259,0.964995403868799,-13.039271663757695,2.351963771876012,-13.62529553280812,3.212347752252444,-13.764813434595942,4.157635737534769,-13.150837303646377,5.018019717911209,-12.5368611726968,5.8784036982876415,-11.922885041747223,7.338787678664072,-11.308908910797657,7.599171659040496,-10.848426812585478,7.34445964432283,-12.034450681635905,7.604843624699271,-12.020474550686329,7.865227605075693,-11.40649841973676,8.725611585452134,-11.392522288787186,10.185995565828556,-10.77854615783761,11.646379546204995,-16.91806405962543,12.591667531487314,-18.704087928675865,14.652051511863752,-19.890111797726288,17.312435492240194,-22.87613566677671,19.372819472616616,-23.462159535827144,20.233203452993056,-23.90866550308975,20.748299448087163,-23.90866550308975,20.748299448087163,left,-0.3193486454170482,6.4766540918977125,0.2571428571428571,,,0.0,0.0,0.0,0.0,left,False,Anonymized,"[0, 0]",2,3,3246dd2d6123cceed3117073e675c046bad09a30
2.25.52982400970721161435951723390541696819,/home/user/workspace/dataset_extracted/Датасет/НД_для_обучения/Исследования/2.25.52982400970721161435951723390541696819/series_001_2_CR/A2504331065 DXA/CR DXA/CR000000.dcm,1.2.643.5.1.13.13.12.2.77.8252.07081506021006111207090213090701,7,289,280,left_hip,True,0.0,,,,,,,0.0,0.0,0,0.0,0,0.0,False,0.0,,,,,,,,-4.266624478000244,4.266624478000244,28.8,90.3,0.0,-0.5177564979480166,31.2,21.518843341667065,67.2,13.8,303.45,168.0,284.0,0.2660714285714285,0.2453905091448344,0.9826989619377162,0.3428571428571428,0.1607142857142857,0.548715746139441,0.1001556800283117,0.964612434144185,-18.97784235105429,2.92073965753103,-21.791290155196,3.680613236473428,-22.25137600830228,3.950518420680231,-23.264823812443986,4.7103919996226296,-23.078271616585685,5.470265578565036,-24.09171942072739,5.630139157507443,-25.10516722486909,5.7900127364498415,-24.96525307797537,6.659917920656644,-24.778700882117075,7.419791499599051,-24.59214868625878,8.77966507854145,-24.405596490400487,10.739538657483848,-24.21904429454219,12.699412236426255,-23.43249209868389,15.259285815368662,-21.49257795179017,17.329190999575456,-30.0,18.089064578517863,-30.0,20.04893815746027,-30.0,21.518843341667065,-30.0,21.518843341667065,-30.0,21.518843341667065,-30.0,21.518843341667065,right,0.2324710942164833,4.266624478000244,0.1857142857142857,0.0,0.0,,,0.0,0.0,left,True,Anonymized,"[0, 0]",2,4,5068b6e33b864932315f92489adcf2514110af2b
2.25.52982400970721161435951723390541696819,/home/user/workspace/dataset_extracted/Датасет/НД_для_обучения/Исследования/2.25.52982400970721161435951723390541696819/series_001_2_CR/A2504331065 DXA/CR DXA/CR000005.dcm,1.2.643.5.1.13.13.12.2.77.8252.13060812000809140915061004151307,8,289,280,left_hip,True,0.0,,,,,,,0.0,0.0,0,0.0,0,0.0,False,0.0,,,,,,,,-6.4766540918977125,6.4766540918977125,26.4,90.3,0.0,-10.77854615783761,43.2,20.748299448087163,73.5,13.8,303.45,168.0,289.0,0.3321428571428571,0.2194636678200692,1.0,0.325,0.1535714285714285,0.5183492621351898,0.1294849983251259,0.964995403868799,-13.039271663757695,2.351963771876012,-13.62529553280812,3.212347752252444,-13.764813434595942,4.157635737534769,-13.150837303646377,5.018019717911209,-12.5368611726968,5.8784036982876415,-11.922885041747223,7.338787678664072,-11.308908910797657,7.599171659040496,-10.848426812585478,7.34445964432283,-12.034450681635905,7.604843624699271,-12.020474550686329,7.865227605075693,-11.40649841973676,8.725611585452134,-11.392522288787186,10.185995565828556,-10.77854615783761,11.646379546204995,-16.91806405962543,12.591667531487314,-18.704087928675865,14.652051511863752,-19.890111797726288,17.312435492240194,-22.87613566677671,19.372819472616616,-23.462159535827144,20.233203452993056,-23.90866550308975,20.748299448087163,-23.90866550308975,20.748299448087163,left,-0.3193486454170482,6.4766540918977125,0.2571428571428571,,,0.0,0.0,0.0,0.0,left,False,Anonymized,"[170, 175]",2,5,3246dd2d6123cceed3117073e675c046bad09a30
2.25.65954778282254353457041255543338557112,/home/user/workspace/dataset_extracted/Датасет/НД_для_обучения/Исследования/2.25.65954778282254353457041255543338557112/series_004_3_CR/A2504246289 DXA/CR DXA/CR000001.dcm,1.2.643.5.1.13.13.12.2.77.8252.10000615050107010300151404090301,4,291,280,right_hip,True,0.0,,,,,0.0,0.0,,,0,0.0,0,0.0,False,0.0,,,,,,,,-2.909432335701216,2.909432335701216,24.0,106.05,11.877759347699476,4.630210832847987,43.2,15.93645428072218,113.4,1.7999999999999998,305.55,168.0,209.0,0.3214285714285714,0.2296637211585665,0.718213058419244,0.3642857142857142,0.1321428571428571,0.5263676514857131,0.1265596539263459,0.9584591493535995,0.1048899242865473,2.943557367501444,0.1804263249854415,3.792181712288868,0.2370786255096163,4.128649970879437,0.3126150262085104,4.977274315666852,0.388151426907396,5.225898660454277,0.4636878276062901,5.474523005241693,1.1392242283051843,5.723147350029117,1.1958765288293591,6.059615608619685,1.2714129295282532,6.308239953407101,1.9469493302271388,7.156864298194518,2.6224857309260328,8.005488642981941,3.298022131624927,9.454112987769363,4.573558532323821,10.302737332556784,4.630210832847987,11.83920559114735,-12.694252766453118,13.887829935934755,-12.618716365754224,15.93645428072218,-13.14317996505533,-4.814921374490393,-13.067643564356436,-10.566297029702968,-13.010991263832269,-12.62982877111241,-11.735454863133375,-14.181204426324983,left,-0.2499020820449391,2.909432335701216,0.2571428571428571,,,0.0,0.0,0.0,0.0,right,True,Anonymized,"[170, 177]",3,0,d525f1fd494939f896b5c5934e3b63fb010f4cf0
2.25.65954778282254353457041255543338557112,/home/user/workspace/dataset_extracted/Датасет/НД_для_обучения/Исследования/2.25.65954778282254353457041255543338557112/series_004_3_CR/A2504246289 DXA/CR DXA/CR000000.dcm,1.2.643.5.1.13.13.12.2.77.8252.11130315030911081202140406010814,5,291,280,left_hip,True,0.0,,,,,,,0.0,0.0,0,0.0,0,0.0,False,0.0,,,,,,,,-1.9830589883475167,1.9830589883475167,24.0,115.5,0.0,-0.1567522484953571,46.8,20.30513175393907,67.2,15.0,305.55,168.0,291.0,0.3446428571428571,0.1955449189985272,1.0,0.2642857142857143,0.1357142857142857,0.5273750849953556,0.1407131421308789,0.9680191804379836,-0.1567522484953571,3.2859626265130686,-16.331293194779423,4.220573901674802,-16.312198904492476,4.621532358046099,-16.28673985077654,4.956143633207833,-16.261280797060607,5.890754908369567,-19.23582174334468,6.825366183531301,-19.21036268962873,7.159977458693043,-19.191268399341784,7.56093591506434,-19.16580934562585,7.895547190226074,-19.140350291909915,8.830158465387807,-19.11489123819398,9.76476974054954,-19.08943218447805,11.299381015711276,-19.06397313076211,12.83399229087301,-19.04487884047516,13.834950747244308,-19.01941978675922,15.96956202240604,-30.0,18.10417329756777,-30.0,20.30513175393907,-30.0,20.30513175393907,-30.0,20.30513175393907,-30.0,20.30513175393907,right,0.3204473197718844,1.9830589883475167,0.2785714285714286,0.0,0.0,,,0.0,0.0,left,True,Anonymized,"[170, 177]",3,1,3f8abe07a24e5d395d416da9726024ca2622d706
2.25.66397484472966116002950503539482860450,/home/user/workspace/dataset_extracted/Датасет/НД_для_обучения/Исследования/2.25.66397484472966116002950503539482860450/series_001_2_CR/A2504194637 DXA/CR DXA/CR000003.dcm,1.2.643.5.1.13.13.12.2.77.8252.08021214010408050013070405100802,2,318,280,right_hip,True,1.0,Нарушение позиционирования/ротации правого бедра,,,,1.0,0.0,,,0,0.0,0,0.0,False,0.0,,,,,,,,-10.39348579370068,10.39348579370068,28.2,149.1,0.0,8.142904203977036,36.6,12.144926874144716,51.45,39.6,333.90000000000003,168.0,318.0,0.2964285714285714,0.2787398921832884,1.0,0.3321428571428571,0.1607142857142857,0.6482669577253736,0.2290460220398898,0.9631714892770742,0.5625948519565611,3.138863893074233,0.5971684294129602,3.432736158058287,1.0730986125052766,3.3531403567963194,1.7076721899616756,3.0470126217803566,2.3422457674180834,2.740884886764394,2.976819344874491,2.434757151748431,3.611392922330898,2.728629416732485,4.687323105423206,3.249033615470517,5.321896682879605,4.742905880454555,6.556470260336021,6.236778145438592,7.191043837792421,8.33065041042263,7.8256174152488285,10.424522675406685,7.701547598341136,12.144926874144716,7.701547598341136,12.144926874144716,7.701547598341136,12.144926874144716,7.701547598341136,12.144926874144716,7.701547598341136,12.144926874144716,7.701547598341136,12.144926874144716,7.701547598341136,12.144926874144716,7.701547598341136,12.144926874144716,right,0.5528629632703552,10.39348579370068,0.2178571428571428,1.0,0.0,,,1.0,0.0,right,False,Anonymized,"[180, 193]",2,0,8791af778b18c10dfde958cc86d0ece54e7182e0
2.25.66397484472966116002950503539482860450,/home/user/workspace/dataset_extracted/Датасет/НД_для_обучения/Исследования/2.25.66397484472966116002950503539482860450/series_001_2_CR/A2504194637 DXA/CR DXA/CR000005.dcm,1.2.643.5.1.13.13.12.2.77.8252.15121501030904011113060500050403,3,235,280,left_hip,True,1.0,Нарушение позиционирования/ротации левого бедра,,,,,,1.0,0.0,0,0.0,0,0.0,False,0.0,,,,,,,,-9.149667915873748,9.149667915873748,31.8,93.45,0.0,5.081552604698658,43.2,6.424749744637393,38.85,43.2,246.75,168.0,235.0,0.3392857142857143,0.2922036474164133,1.0,0.2678571428571428,0.1678571428571428,0.6873301843520817,0.2745855923713627,0.9404644269388032,2.8184678243105026,-0.2436772216547297,3.234239019407539,0.0191624106231131,4.146067415730323,0.516292134831474,4.561838610827359,1.3791317671093168,4.977609805924396,2.2419713993871424,2.993381001021433,3.704811031664985,1.6091521961184696,5.167650663942811,0.7209805924412535,5.064780388151189,1.1367517875382902,5.927620020429015,1.4485801838610657,6.424749744637393,1.4485801838610657,6.424749744637393,1.4485801838610657,6.424749744637393,1.4485801838610657,6.424749744637393,1.4485801838610657,6.424749744637393,1.4485801838610657,6.424749744637393,1.4485801838610657,6.424749744637393,1.4485801838610657,6.424749744637393,1.4485801838610657,6.424749744637393,1.4485801838610657,6.424749744637393,1.4485801838610657,6.424749744637393,left,-0.4385886807487659,9.149667915873748,0.2571428571428571,,,1.0,0.0,1.0,0.0,left,False,Anonymized,"[180, 193]",2,1,c6f9a96e964304550ea5c3c7d9903af1a4efcf07
2.25.66397484472966116002950503539482860450,/home/user/workspace/dataset_extracted/Датасет/НД_для_обучения/Исследования/2.25.66397484472966116002950503539482860450/series_001_2_CR/A2504194637 DXA/CR DXA/CR000010.dcm,1.2.643.5.1.13.13.12.2.77.8252.10080308141508151114100414150301,5,318,280,right_hip,True,1.0,Нарушение позиционирования/ротации правого бедра,,,,1.0,0.0,,,0,0.0,0,0.0,False,0.0,,,,,,,,-10.39348579370068,10.39348579370068,28.2,149.1,0.0,8.142904203977036,36.6,12.144926874144716,51.45,39.6,333.90000000000003,168.0,318.0,0.2964285714285714,0.2787398921832884,1.0,0.3321428571428571,0.1607142857142857,0.6482669577253736,0.2290460220398898,0.9631714892770742,0.5625948519565611,3.138863893074233,0.5971684294129602,3.432736158058287,1.0730986125052766,3.3531403567963194,1.7076721899616756,3.0470126217803566,2.3422457674180834,2.740884886764394,2.976819344874491,2.434757151748431,3.611392922330898,2.728629416732485,4.687323105423206,3.249033615470517,5.321896682879605,4.742905880454555,6.556470260336021,6.236778145438592,7.191043837792421,8.33065041042263,7.8256174152488285,10.424522675406685,7.701547598341136,12.144926874144716,7.701547598341136,12.144926874144716,7.701547598341136,12.144926874144716,7.701547598341136,12.144926874144716,7.701547598341136,12.144926874144716,7.701547598341136,12.144926874144716,7.701547598341136,12.144926874144716,7.701547598341136,12.144926874144716,right,0.5528629632703552,10.39348579370068,0.2178571428571428,1.0,0.0,,,1.0,0.0,right,False,Anonymized,"[0, 0]",2,2,8791af778b18c10dfde958cc86d0ece54e7182e0
2.25.66397484472966116002950503539482860450,/home/user/workspace/dataset_extracted/Датасет/НД_для_обучения/Исследования/2.25.66397484472966116002950503539482860450/series_001_2_CR/A2504194637 DXA/CR DXA/CR000000.dcm,1.2.643.5.1.13.13.12.2.77.8252.02091011000006010704070004091411,6,235,280,left_hip,True,1.0,Нарушение позиционирования/ротации левого бедра,,,,,,1.0,0.0,0,0.0,0,0.0,False,0.0,,,,,,,,-9.149667915873748,9.149667915873748,31.8,93.45,0.0,5.081552604698658,43.2,6.424749744637393,38.85,43.2,246.75,168.0,235.0,0.3392857142857143,0.2922036474164133,1.0,0.2678571428571428,0.1678571428571428,0.6873301843520817,0.2745855923713627,0.9404644269388032,2.8184678243105026,-0.2436772216547297,3.234239019407539,0.0191624106231131,4.146067415730323,0.516292134831474,4.561838610827359,1.3791317671093168,4.977609805924396,2.2419713993871424,2.993381001021433,3.704811031664985,1.6091521961184696,5.167650663942811,0.7209805924412535,5.064780388151189,1.1367517875382902,5.927620020429015,1.4485801838610657,6.424749744637393,1.4485801838610657,6.424749744637393,1.4485801838610657,6.424749744637393,1.4485801838610657,6.424749744637393,1.4485801838610657,6.424749744637393,1.4485801838610657,6.424749744637393,1.4485801838610657,6.424749744637393,1.4485801838610657,6.424749744637393,1.4485801838610657,6.424749744637393,1.4485801838610657,6.424749744637393,1.4485801838610657,6.424749744637393,left,-0.4385886807487659,9.149667915873748,0.2571428571428571,,,1.0,0.0,1.0,0.0,left,False,Anonymized,"[0, 0]",2,3,c6f9a96e964304550ea5c3c7d9903af1a4efcf07
2.25.66397484472966116002950503539482860450,/home/user/workspace/dataset_extracted/Датасет/НД_для_обучения/Исследования/2.25.66397484472966116002950503539482860450/series_001_2_CR/A2504194637 DXA/CR DXA/CR000001.dcm,1.2.643.5.1.13.13.12.2.77.8252.08151215001015040112061102060812,10,235,280,left_hip,True,1.0,Нарушение позиционирования/ротации левого бедра,,,,,,1.0,0.0,0,0.0,0,0.0,False,0.0,,,,,,,,-9.149667915873748,9.149667915873748,31.8,93.45,0.0,5.081552604698658,43.2,6.424749744637393,38.85,43.2,246.75,168.0,235.0,0.3392857142857143,0.2922036474164133,1.0,0.2678571428571428,0.1678571428571428,0.6873301843520817,0.2745855923713627,0.9404644269388032,2.8184678243105026,-0.2436772216547297,3.234239019407539,0.0191624106231131,4.146067415730323,0.516292134831474,4.561838610827359,1.3791317671093168,4.977609805924396,2.2419713993871424,2.993381001021433,3.704811031664985,1.6091521961184696,5.167650663942811,0.7209805924412535,5.064780388151189,1.1367517875382902,5.927620020429015,1.4485801838610657,6.424749744637393,1.4485801838610657,6.424749744637393,1.4485801838610657,6.424749744637393,1.4485801838610657,6.424749744637393,1.4485801838610657,6.424749744637393,1.4485801838610657,6.424749744637393,1.4485801838610657,6.424749744637393,1.4485801838610657,6.424749744637393,1.4485801838610657,6.424749744637393,1.4485801838610657,6.424749744637393,1.4485801838610657,6.424749744637393,left,-0.4385886807487659,9.149667915873748,0.2571428571428571,,,1.0,0.0,1.0,0.0,left,False,Anonymized,"[520, 530]",2,4,c6f9a96e964304550ea5c3c7d9903af1a4efcf07
2.25.66397484472966116002950503539482860450,/home/user/workspace/dataset_extracted/Датасет/НД_для_обучения/Исследования/2.25.66397484472966116002950503539482860450/series_001_2_CR/A2504194637 DXA/CR DXA/CR000007.dcm,1.2.643.5.1.13.13.12.2.77.8252.13130501101110040009090201091209,11,318,280,right_hip,True,1.0,Нарушение позиционирования/ротации правого бедра,,,,1.0,0.0,,,0,0.0,0,0.0,False,0.0,,,,,,,,-10.39348579370068,10.39348579370068,28.2,149.1,0.0,8.142904203977036,36.6,12.144926874144716,51.45,39.6,333.90000000000003,168.0,318.0,0.2964285714285714,0.2787398921832884,1.0,0.3321428571428571,0.1607142857142857,0.6482669577253736,0.2290460220398898,0.9631714892770742,0.5625948519565611,3.138863893074233,0.5971684294129602,3.432736158058287,1.0730986125052766,3.3531403567963194,1.7076721899616756,3.0470126217803566,2.3422457674180834,2.740884886764394,2.976819344874491,2.434757151748431,3.611392922330898,2.728629416732485,4.687323105423206,3.249033615470517,5.321896682879605,4.742905880454555,6.556470260336021,6.236778145438592,7.191043837792421,8.33065041042263,7.8256174152488285,10.424522675406685,7.701547598341136,12.144926874144716,7.701547598341136,12.144926874144716,7.701547598341136,12.144926874144716,7.701547598341136,12.144926874144716,7.701547598341136,12.144926874144716,7.701547598341136,12.144926874144716,7.701547598341136,12.144926874144716,7.701547598341136,12.144926874144716,right,0.5528629632703552,10.39348579370068,0.2178571428571428,1.0,0.0,,,1.0,0.0,right,False,Anonymized,"[520, 530]",2,5,8791af778b18c10dfde958cc86d0ece54e7182e0
2.25.66397484472966116002950503539482860450,/home/user/workspace/dataset_extracted/Датасет/НД_для_обучения/Исследования/2.25.66397484472966116002950503539482860450/series_001_2_CR/A2504194637 DXA/CR DXA/CR000002.dcm,1.2.643.5.1.13.13.12.2.77.8252.03111115071204110106020413091215,12,235,280,left_hip,True,1.0,Нарушение позиционирования/ротации левого бедра,,,,,,1.0,0.0,0,0.0,0,0.0,False,0.0,,,,,,,,-9.149667915873748,9.149667915873748,31.8,93.45,0.0,5.081552604698658,43.2,6.424749744637393,38.85,43.2,246.75,168.0,235.0,0.3392857142857143,0.2922036474164133,1.0,0.2678571428571428,0.1678571428571428,0.6873301843520817,0.2745855923713627,0.9404644269388032,2.8184678243105026,-0.2436772216547297,3.234239019407539,0.0191624106231131,4.146067415730323,0.516292134831474,4.561838610827359,1.3791317671093168,4.977609805924396,2.2419713993871424,2.993381001021433,3.704811031664985,1.6091521961184696,5.167650663942811,0.7209805924412535,5.064780388151189,1.1367517875382902,5.927620020429015,1.4485801838610657,6.424749744637393,1.4485801838610657,6.424749744637393,1.4485801838610657,6.424749744637393,1.4485801838610657,6.424749744637393,1.4485801838610657,6.424749744637393,1.4485801838610657,6.424749744637393,1.4485801838610657,6.424749744637393,1.4485801838610657,6.424749744637393,1.4485801838610657,6.424749744637393,1.4485801838610657,6.424749744637393,1.4485801838610657,6.424749744637393,left,-0.4385886807487659,9.149667915873748,0.2571428571428571,,,1.0,0.0,1.0,0.0,left,False,Anonymized,"[170, 143]",2,6,c6f9a96e964304550ea5c3c7d9903af1a4efcf07
2.25.66397484472966116002950503539482860450,/home/user/workspace/dataset_extracted/Датасет/НД_для_обучения/Исследования/2.25.66397484472966116002950503539482860450/series_001_2_CR/A2504194637 DXA/CR DXA/CR000006.dcm,1.2.643.5.1.13.13.12.2.77.8252.10040310131315131311011115051512,13,318,280,right_hip,True,1.0,Нарушение позиционирования/ротации правого бедра,,,,1.0,0.0,,,0,0.0,0,0.0,False,0.0,,,,,,,,-10.39348579370068,10.39348579370068,28.2,149.1,0.0,8.142904203977036,36.6,12.144926874144716,51.45,39.6,333.90000000000003,168.0,318.0,0.2964285714285714,0.2787398921832884,1.0,0.3321428571428571,0.1607142857142857,0.6482669577253736,0.2290460220398898,0.9631714892770742,0.5625948519565611,3.138863893074233,0.5971684294129602,3.432736158058287,1.0730986125052766,3.3531403567963194,1.7076721899616756,3.0470126217803566,2.3422457674180834,2.740884886764394,2.976819344874491,2.434757151748431,3.611392922330898,2.728629416732485,4.687323105423206,3.249033615470517,5.321896682879605,4.742905880454555,6.556470260336021,6.236778145438592,7.191043837792421,8.33065041042263,7.8256174152488285,10.424522675406685,7.701547598341136,12.144926874144716,7.701547598341136,12.144926874144716,7.701547598341136,12.144926874144716,7.701547598341136,12.144926874144716,7.701547598341136,12.144926874144716,7.701547598341136,12.144926874144716,7.701547598341136,12.144926874144716,7.701547598341136,12.144926874144716,right,0.5528629632703552,10.39348579370068,0.2178571428571428,1.0,0.0,,,1.0,0.0,right,False,Anonymized,"[170, 193]",2,7,8791af778b18c10dfde958cc86d0ece54e7182e0
2.25.73070100851377917031356937075051545239,/home/user/workspace/dataset_extracted/Датасет/НД_для_обучения/Исследования/2.25.73070100851377917031356937075051545239/series_002_2_CR/A2504239110 DXA/CR DXA/CR000000.dcm,1.2.643.5.1.13.13.12.2.77.8252.00031305050707070014000611130907,4,233,280,left_hip,True,1.0,Нарушение позиционирования/ротации левого бедра,,,,,,1.0,0.0,0,0.0,0,0.0,False,0.0,,,,,,,,-1.0926113043733732,1.0926113043733732,27.0,72.45,0.0,-11.645268542199496,47.4,12.387723785166258,54.6,8.4,244.65,168.0,233.0,0.3642857142857142,0.1853617412630288,1.0,0.2142857142857142,0.1464285714285714,0.5643390191726495,0.1747377608285877,0.9662362058237356,-11.718465473145784,1.081329923273671,-11.816061381074173,1.423529411764724,-11.889258312020468,1.8301790281330053,-19.786854219948854,2.172378516624059,-21.084450127877243,2.514578005115112,-21.78204603580563,2.856777493606148,-22.47964194373402,3.1989769820972014,-22.552838874680315,3.6056265984655,-22.050434782608704,5.147826086956536,-21.548030690537093,6.090025575447589,-21.64562659846548,7.632225063938642,-22.343222506393868,9.174424552429697,-30.0,10.716624040920747,-30.0,12.387723785166258,-30.0,12.387723785166258,-30.0,12.387723785166258,-30.0,12.387723785166258,-30.0,12.387723785166258,-30.0,12.387723785166258,-30.0,12.387723785166258,left,-0.4348634235687927,1.0926113043733732,0.2821428571428571,,,1.0,0.0,1.0,0.0,left,False,Anonymized,"[520, 458]",2,0,5f0e1bc9f7204bb614a9ac18ec6238dc8f506c49
2.25.73070100851377917031356937075051545239,/home/user/workspace/dataset_extracted/Датасет/НД_для_обучения/Исследования/2.25.73070100851377917031356937075051545239/series_002_2_CR/A2504239110 DXA/CR DXA/CR000001.dcm,1.2.643.5.1.13.13.12.2.77.8252.09110310111109140609041514031010,5,233,280,right_hip,True,1.0,Нарушение позиционирования/ротации правого бедра,,,,1.0,0.0,,,0,0.0,0,0.0,False,0.0,,,,,,,,-8.324607731271394,8.324607731271394,25.2,72.45,0.0,-2.627256119839268,58.2,9.074424552429718,43.05,6.6,244.65,168.0,233.0,0.4303571428571429,0.1735898221949724,1.0,0.2107142857142857,0.15,0.5322177089521182,0.1657984209439136,0.9611883538388016,-5.532334672999653,0.7215345268542591,-5.7677749360613975,1.056982097186733,-5.044355133357703,1.4585677749360968,-4.079795396419456,1.7940153452685876,-3.715235659481209,2.1294629156010614,-3.350675922542962,3.0649104859335523,-2.9861161856046974,4.000358056266026,-4.662696382901021,5.00194373401539,-10.898136645962756,6.537391304347881,-11.133576909024509,8.072838874680354,-11.610157106320832,9.074424552429718,-11.610157106320832,9.074424552429718,-11.610157106320832,9.074424552429718,-11.610157106320832,9.074424552429718,-11.610157106320832,9.074424552429718,-11.610157106320832,9.074424552429718,-11.610157106320832,9.074424552429718,-11.610157106320832,9.074424552429718,-11.610157106320832,9.074424552429718,-11.610157106320832,9.074424552429718,right,0.3846054586787701,8.324607731271394,0.3464285714285714,1.0,0.0,,,1.0,0.0,right,False,Anonymized,"[520, 458]",2,1,262bb8075ff9dbf808c1e59e94c2a28a07a71b1a
2.25.73070100851377917031356937075051545239,/home/user/workspace/dataset_extracted/Датасет/НД_для_обучения/Исследования/2.25.73070100851377917031356937075051545239/series_002_2_CR/A2504239110 DXA/CR DXA/CR000004.dcm,1.2.643.5.1.13.13.12.2.77.8252.13090506040311041500070413151313,6,233,280,left_hip,True,1.0,Нарушение позиционирования/ротации левого бедра,,,,,,1.0,0.0,0,0.0,0,0.0,False,0.0,,,,,,,,-1.0926113043733732,1.0926113043733732,27.0,72.45,0.0,-11.645268542199496,47.4,12.387723785166258,54.6,8.4,244.65,168.0,233.0,0.3642857142857142,0.1853617412630288,1.0,0.2142857142857142,0.1464285714285714,0.5643390191726495,0.1747377608285877,0.9662362058237356,-11.718465473145784,1.081329923273671,-11.816061381074173,1.423529411764724,-11.889258312020468,1.8301790281330053,-19.786854219948854,2.172378516624059,-21.084450127877243,2.514578005115112,-21.78204603580563,2.856777493606148,-22.47964194373402,3.1989769820972014,-22.552838874680315,3.6056265984655,-22.050434782608704,5.147826086956536,-21.548030690537093,6.090025575447589,-21.64562659846548,7.632225063938642,-22.343222506393868,9.174424552429697,-30.0,10.716624040920747,-30.0,12.387723785166258,-30.0,12.387723785166258,-30.0,12.387723785166258,-30.0,12.387723785166258,-30.0,12.387723785166258,-30.0,12.387723785166258,-30.0,12.387723785166258,left,-0.4348634235687927,1.0926113043733732,0.2821428571428571,,,1.0,0.0,1.0,0.0,left,False,Anonymized,"[170, 142]",2,2,5f0e1bc9f7204bb614a9ac18ec6238dc8f506c49
2.25.73070100851377917031356937075051545239,/home/user/workspace/dataset_extracted/Датасет/НД_для_обучения/Исследования/2.25.73070100851377917031356937075051545239/series_002_2_CR/A2504239110 DXA/CR DXA/CR000005.dcm,1.2.643.5.1.13.13.12.2.77.8252.12110509121413070408000802041201,8,233,280,right_hip,True,1.0,Нарушение позиционирования/ротации правого бедра,,,,1.0,0.0,,,0,0.0,0,0.0,False,0.0,,,,,,,,-8.324607731271394,8.324607731271394,25.2,72.45,0.0,-2.627256119839268,58.2,9.074424552429718,43.05,6.6,244.65,168.0,233.0,0.4303571428571429,0.1735898221949724,1.0,0.2107142857142857,0.15,0.5322177089521182,0.1657984209439136,0.9611883538388016,-5.532334672999653,0.7215345268542591,-5.7677749360613975,1.056982097186733,-5.044355133357703,1.4585677749360968,-4.079795396419456,1.7940153452685876,-3.715235659481209,2.1294629156010614,-3.350675922542962,3.0649104859335523,-2.9861161856046974,4.000358056266026,-4.662696382901021,5.00194373401539,-10.898136645962756,6.537391304347881,-11.133576909024509,8.072838874680354,-11.610157106320832,9.074424552429718,-11.610157106320832,9.074424552429718,-11.610157106320832,9.074424552429718,-11.610157106320832,9.074424552429718,-11.610157106320832,9.074424552429718,-11.610157106320832,9.074424552429718,-11.610157106320832,9.074424552429718,-11.610157106320832,9.074424552429718,-11.610157106320832,9.074424552429718,-11.610157106320832,9.074424552429718,right,0.3846054586787701,8.324607731271394,0.3464285714285714,1.0,0.0,,,1.0,0.0,right,False,Anonymized,"[170, 142]",2,3,262bb8075ff9dbf808c1e59e94c2a28a07a71b1a
2.25.76710355977373089612172037086913478687,/home/user/workspace/dataset_extracted/Датасет/НД_для_обучения/Исследования/2.25.76710355977373089612172037086913478687/series_002_3_CR/A2504104830 DXA/CR DXA/CR000002.dcm,1.2.643.5.1.13.13.12.2.77.8252.02050808061207030811150709091509,2,292,280,right_hip,True,0.0,,,,,0.0,0.0,,,0,0.0,0,0.0,False,0.0,,,,,,,,-1.9601138250915544,1.9601138250915544,24.6,63.0,18.012740205612666,2.8400000000000003,28.8,19.253614893025844,138.6,1.2,306.6,168.0,192.0,0.2517857142857143,0.2549045988258317,0.6575342465753424,0.3928571428571428,0.1357142857142857,0.542663046301673,0.1422064628720328,0.9639675344024686,2.8281967213114783,0.4905529313698423,2.2124590163934457,0.7873353709363812,2.200655737704919,0.5599222006112938,2.1849180327868862,0.8567046401778412,2.1691803278688537,1.7534870797443889,1.5534426229508214,2.650269519310928,1.5377049180327886,3.547051958877475,1.5259016393442622,4.519638788552387,1.5101639344262294,5.416421228118935,0.894426229508197,6.313203667685474,0.8786885245901643,7.209986107252029,0.8629508196721317,7.506768546818568,0.8472131147540992,8.403550986385115,0.8354098360655726,8.776137816060029,0.81967213114754,9.672920255626575,1.4039344262295077,9.969702695193115,1.3881967213114748,11.466485134759662,1.3724590163934425,12.96326757432621,1.3606557377049155,13.93585440400112,-2.855081967213117,16.63263684356766,left,-0.199400817707599,1.9601138250915544,0.1714285714285714,,,0.0,0.0,0.0,0.0,right,True,Anonymized,"[520, 532]",3,0,f6ae19251c3a5368a58c80c5ecedec7c43444ff2
2.25.76710355977373089612172037086913478687,/home/user/workspace/dataset_extracted/Датасет/НД_для_обучения/Исследования/2.25.76710355977373089612172037086913478687/series_002_3_CR/A2504104830 DXA/CR DXA/CR000000.dcm,1.2.643.5.1.13.13.12.2.77.8252.14130302090906050506100315000611,3,265,280,right_hip,True,0.0,,,,,0.0,0.0,,,0,0.0,0,0.0,False,0.0,,,,,,,,-5.291294476499299,5.291294476499299,33.0,116.55,0.0,-4.592235872235887,66.0,8.318223938223968,11.55,36.0,278.25,168.0,265.0,0.4803571428571428,0.2692587601078167,1.0,0.35,0.1571428571428571,0.6017215656246542,0.18389618529648,0.9550076110907968,-13.614696384696398,3.1320568620568907,-13.64464373464375,5.324152334152359,-13.667104247104264,8.318223938223968,-13.667104247104264,8.318223938223968,-13.667104247104264,8.318223938223968,-13.667104247104264,8.318223938223968,-13.667104247104264,8.318223938223968,-13.667104247104264,8.318223938223968,-13.667104247104264,8.318223938223968,-13.667104247104264,8.318223938223968,-13.667104247104264,8.318223938223968,-13.667104247104264,8.318223938223968,-13.667104247104264,8.318223938223968,-13.667104247104264,8.318223938223968,-13.667104247104264,8.318223938223968,-13.667104247104264,8.318223938223968,-13.667104247104264,8.318223938223968,-13.667104247104264,8.318223938223968,-13.667104247104264,8.318223938223968,-13.667104247104264,8.318223938223968,right,0.9168665389411874,5.291294476499299,0.3928571428571428,0.0,0.0,,,0.0,0.0,right,False,Anonymized,"[520, 532]",3,1,57ce7c3e12b2bcb62f4b57c03a26ff2303a8a8fe
2.25.78999454687125053757525542837745968726,/home/user/workspace/dataset_extracted/Датасет/НД_для_обучения/Исследования/2.25.78999454687125053757525542837745968726/series_004_3_CR/A2504222617 DXA/CR DXA/CR000000.dcm,1.2.643.5.1.13.13.12.2.77.8252.05120913001500151408091003040415,2,265,280,left_hip,True,1.0,Нарушение позиционирования/ротации левого бедра,,,,,,1.0,0.0,0,0.0,0,0.0,False,0.0,,,,,,,,-3.606476148949026,3.606476148949026,30.0,118.65,0.0,4.614348925410854,44.4,12.53269013241068,23.1,38.4,278.25,168.0,265.0,0.35,0.2626415094339622,1.0,0.2928571428571428,0.1678571428571428,0.6070933033806234,0.1915706907480648,0.9572523359593568,2.7568900126422133,2.742777297225382,3.99519595448798,4.651646816155442,-6.7760745891277,6.083298955353001,-9.137768647281932,7.992168474283062,-10.299462705436175,11.10103799321314,-10.270733249051846,12.53269013241068,-10.270733249051846,12.53269013241068,-10.270733249051846,12.53269013241068,-10.270733249051846,12.53269013241068,-10.270733249051846,12.53269013241068,-10.270733249051846,12.53269013241068,-10.270733249051846,12.53269013241068,-10.270733249051846,12.53269013241068,-10.270733249051846,12.53269013241068,-10.270733249051846,12.53269013241068,-10.270733249051846,12.53269013241068,-10.270733249051846,12.53269013241068,-10.270733249051846,12.53269013241068,-10.270733249051846,12.53269013241068,-10.270733249051846,12.53269013241068,left,-0.2476331198677811,3.606476148949026,0.2642857142857143,,,1.0,0.0,1.0,0.0,left,False,Anonymized,"[520, 515]",3,0,77ef72185216b0fc04066fbd55093c5ad73495e9
2.25.78999454687125053757525542837745968726,/home/user/workspace/dataset_extracted/Датасет/НД_для_обучения/Исследования/2.25.78999454687125053757525542837745968726/series_004_3_CR/A2504222617 DXA/CR DXA/CR000001.dcm,1.2.643.5.1.13.13.12.2.77.8252.07150713040501120002001009141410,3,265,280,right_hip,True,1.0,Нарушение позиционирования/ротации правого бедра,,,,1.0,0.0,,,0,0.0,0,0.0,False,0.0,,,,,,,,-5.80026561320293,5.80026561320293,28.8,78.75,9.634480796586068,5.60624751066855,54.0,12.554890469416806,113.4,1.7999999999999998,278.25,168.0,183.0,0.4035714285714286,0.2585849056603773,0.690566037735849,0.2535714285714285,0.1678571428571428,0.6124378064634178,0.1412014551918463,0.9628432488817956,0.561246088193451,3.96712375533429,0.8751237553342719,3.427721194879086,1.110532005689896,3.023169274537696,1.424409672830717,2.483766714082509,1.738287339971538,1.9443641536273213,2.052165007112367,2.0049615931721347,2.366042674253188,2.0655590327169304,3.201450924608804,2.26100711237554,3.515328591749633,2.9216045519203533,4.429206258890454,3.582201991465166,4.743083926031283,4.842799431009979,5.056961593172105,6.703396870554775,5.370839260312925,9.163994310099588,5.60624751066855,10.559442389758198,-6.679874822190629,-12.179960170696988,-6.365997155049809,-12.719362731152176,-7.252119487908978,-13.85876529160738,-7.538241820768158,-15.598167852062566,-7.302833570412542,-16.002719772403957,-6.988955903271713,-16.542122332859144,right,0.5420191023496995,5.80026561320293,0.3214285714285714,1.0,0.0,,,1.0,0.0,right,False,Anonymized,"[520, 515]",3,1,0cd2baf795a90dfa519151a2342fcaccc03f0cca
2.25.82912555346523716720160717883917565880,/home/user/workspace/dataset_extracted/Датасет/НД_для_обучения/Исследования/2.25.82912555346523716720160717883917565880/series_002_2_CR/A2504149480 DXA/CR DXA/CR000003.dcm,1.2.643.5.1.13.13.12.2.77.8252.06060810060308150905140912050013,4,263,280,right_hip,True,1.0,Нарушение позиционирования/ротации правого бедра,,,,1.0,0.0,,,0,0.0,0,0.0,False,0.0,,,,,,,,-1.1759057487067923,1.1759057487067923,27.6,97.65,7.024907642266715,7.994974784399139,37.2,10.916170809584926,98.7,3.6,276.15000000000003,168.0,187.0,0.3017857142857142,0.2472840847365562,0.7110266159695817,0.2821428571428571,0.1571428571428571,0.5969434207410114,0.1697683044376423,0.9518215588173334,-0.1794813643281429,3.271707797439663,-0.2026140670227789,4.276154098654194,0.3800364059562398,4.729488824565086,0.3569037032616037,5.133935125779609,0.9337710005669636,4.938381426994141,1.5106382978723274,5.342827728208664,2.087505595177692,5.7472740294231865,3.27015606815671,6.200608755334088,5.047023365462074,7.20505505654861,6.223890662767438,8.209501357763141,7.400757960072798,9.813947658977664,7.977625257378161,-5.981606039807804,7.354492554683521,-7.97715973859328,6.737143027662545,-9.323825012682388,5.514010324967908,-11.319378711467856,4.2908776222732685,-12.114932410253331,3.667744919578632,-12.310486109038802,2.444612216883992,-14.30603980782428,1.8272626898630149,-18.052705081913388,0.6041299871683791,-19.44825878069885,left,-0.0977812138582994,1.1759057487067923,0.2214285714285714,,,0.0,0.0,0.0,0.0,right,True,Anonymized,"[520, 497]",2,0,cb5734b20eec1f6ac5f90fe6196f7307f6e69e52
2.25.82912555346523716720160717883917565880,/home/user/workspace/dataset_extracted/Датасет/НД_для_обучения/Исследования/2.25.82912555346523716720160717883917565880/series_002_2_CR/A2504149480 DXA/CR DXA/CR000004.dcm,1.2.643.5.1.13.13.12.2.77.8252.13130903011502030304101506090814,5,265,280,left_hip,True,0.0,,,,,,,0.0,0.0,0,0.0,0,0.0,False,0.0,,,,,,,,-5.181561507332124,5.181561507332124,26.4,92.4,1.4606970518826392,-13.140477616145974,34.8,17.900149695326007,63.0,12.0,278.25,168.0,265.0,0.2821428571428571,0.2308894878706199,1.0,0.2785714285714286,0.1535714285714285,0.5482155447055888,0.0970216610265242,0.9594633976696936,-17.775657778873605,2.592383149589688,-18.66336867317109,3.942937902856568,-18.429151843894207,4.805853967806724,-18.11686273819169,7.956408721073603,-18.404573632489186,8.106963474340484,-18.09228452678667,7.657518227607363,-18.379995421084164,7.208072980874243,-18.74577859180728,6.870989045824407,-18.433489486104765,7.021543799091288,-18.12120038040225,7.772098552358167,-17.808911274699742,8.522653305625047,-13.296622168997228,9.873208058891928,-13.584333063294713,11.223762812158808,-20.550116234017832,12.686678877108973,-30.0,14.637233630375851,-30.0,17.900149695326007,-30.0,17.900149695326007,-30.0,17.900149695326007,-30.0,17.900149695326007,-30.0,17.900149695326007,right,0.2390583684831921,5.181561507332124,0.2071428571428571,1.0,0.0,,,1.0,0.0,left,True,Anonymized,"[520, 497]",2,1,246c0c73dfdbdd7fc74f5c049cb7f5aa5bb6cc09
2.25.82912555346523716720160717883917565880,/home/user/workspace/dataset_extracted/Датасет/НД_для_обучения/Исследования/2.25.82912555346523716720160717883917565880/series_002_2_CR/A2504149480 DXA/CR DXA/CR000000.dcm,1.2.643.5.1.13.13.12.2.77.8252.15121403061107000609060400100413,6,263,280,right_hip,True,1.0,Нарушение позиционирования/ротации правого бедра,,,,1.0,0.0,,,0,0.0,0,0.0,False,0.0,,,,,,,,-1.1759057487067923,1.1759057487067923,27.6,97.65,7.024907642266715,7.994974784399139,37.2,10.916170809584926,98.7,3.6,276.15000000000003,168.0,187.0,0.3017857142857142,0.2472840847365562,0.7110266159695817,0.2821428571428571,0.1571428571428571,0.5969434207410114,0.1697683044376423,0.9518215588173334,-0.1794813643281429,3.271707797439663,-0.2026140670227789,4.276154098654194,0.3800364059562398,4.729488824565086,0.3569037032616037,5.133935125779609,0.9337710005669636,4.938381426994141,1.5106382978723274,5.342827728208664,2.087505595177692,5.7472740294231865,3.27015606815671,6.200608755334088,5.047023365462074,7.20505505654861,6.223890662767438,8.209501357763141,7.400757960072798,9.813947658977664,7.977625257378161,-5.981606039807804,7.354492554683521,-7.97715973859328,6.737143027662545,-9.323825012682388,5.514010324967908,-11.319378711467856,4.2908776222732685,-12.114932410253331,3.667744919578632,-12.310486109038802,2.444612216883992,-14.30603980782428,1.8272626898630149,-18.052705081913388,0.6041299871683791,-19.44825878069885,left,-0.0977812138582994,1.1759057487067923,0.2214285714285714,,,0.0,0.0,0.0,0.0,right,True,Anonymized,"[170, 160]",2,2,cb5734b20eec1f6ac5f90fe6196f7307f6e69e52
2.25.82912555346523716720160717883917565880,/home/user/workspace/dataset_extracted/Датасет/НД_для_обучения/Исследования/2.25.82912555346523716720160717883917565880/series_002_2_CR/A2504149480 DXA/CR DXA/CR000002.dcm,1.2.643.5.1.13.13.12.2.77.8252.07130510130614040904060413131200,8,265,280,left_hip,True,0.0,,,,,,,0.0,0.0,0,0.0,0,0.0,False,0.0,,,,,,,,-5.181561507332124,5.181561507332124,26.4,92.4,1.4606970518826392,-13.140477616145974,34.8,17.900149695326007,63.0,12.0,278.25,168.0,265.0,0.2821428571428571,0.2308894878706199,1.0,0.2785714285714286,0.1535714285714285,0.5482155447055888,0.0970216610265242,0.9594633976696936,-17.775657778873605,2.592383149589688,-18.66336867317109,3.942937902856568,-18.429151843894207,4.805853967806724,-18.11686273819169,7.956408721073603,-18.404573632489186,8.106963474340484,-18.09228452678667,7.657518227607363,-18.379995421084164,7.208072980874243,-18.74577859180728,6.870989045824407,-18.433489486104765,7.021543799091288,-18.12120038040225,7.772098552358167,-17.808911274699742,8.522653305625047,-13.296622168997228,9.873208058891928,-13.584333063294713,11.223762812158808,-20.550116234017832,12.686678877108973,-30.0,14.637233630375851,-30.0,17.900149695326007,-30.0,17.900149695326007,-30.0,17.900149695326007,-30.0,17.900149695326007,-30.0,17.900149695326007,right,0.2390583684831921,5.181561507332124,0.2071428571428571,1.0,0.0,,,1.0,0.0,left,True,Anonymized,"[170, 161]",2,3,246c0c73dfdbdd7fc74f5c049cb7f5aa5bb6cc09
2.25.87869906212286587478854831452123526595,/home/user/workspace/dataset_extracted/Датасет/НД_для_обучения/Исследования/2.25.87869906212286587478854831452123526595/series_002_2_CR/A250419699 DXA/CR DXA/CR000002.dcm,1.2.643.5.1.13.13.12.2.77.8252.15101115041306031303150405131115,2,291,280,left_hip,True,0.0,,,,,,,0.0,0.0,0,0.0,0,0.0,False,0.0,,,,,,,,-4.671028698819164,4.671028698819164,24.6,127.05,0.0,0.7480490448448677,36.0,12.072429210134112,56.7,12.6,305.55,168.0,291.0,0.2821428571428571,0.1975576828669612,1.0,0.1892857142857142,0.1392857142857143,0.5385903744203515,0.1196277378621164,0.9664334557080148,0.6927516596667089,2.886682021406324,-15.886058799620647,3.6215417965045416,-16.32016664408617,4.472686627828216,-17.298977103373527,5.807546402926434,-18.277787562660883,5.94240617802466,-19.85659802194824,5.477265953122879,-19.635408481235604,5.012125728221105,-19.46951632570112,5.26327055954477,-19.24832678498848,5.398130334642997,-14.227137244275845,6.132990109741223,-13.4059477035632,6.867849884839441,-13.184758162850557,8.202709659937668,-13.563568622137913,9.537569435035886,-30.0,10.988714266359551,-30.0,12.072429210134112,-30.0,12.072429210134112,-30.0,12.072429210134112,-30.0,12.072429210134112,-30.0,12.072429210134112,-30.0,12.072429210134112,right,0.2713244912143967,4.671028698819164,0.2142857142857142,0.0,0.0,,,0.0,0.0,left,True,Anonymized,"[180, 192]",2,0,a21324f3341711ec4aea1d18b9be73ed88cb773f
2.25.87869906212286587478854831452123526595,/home/user/workspace/dataset_extracted/Датасет/НД_для_обучения/Исследования/2.25.87869906212286587478854831452123526595/series_002_2_CR/A250419699 DXA/CR DXA/CR000000.dcm,1.2.643.5.1.13.13.12.2.77.8252.06111209081313111015020309051508,3,292,280,left_hip,True,0.0,,,,,,,0.0,0.0,92,57.96,92,57.96,True,6.657595389280231,,,,,,,,-1.5654075895028663,1.5654075895028663,26.1,113.4,6.677160821972615,-0.2032791258204952,39.0,10.399781836196132,98.7,3.6,306.6,168.0,202.0,0.3089285714285714,0.2136619373776908,0.6917808219178082,0.325,0.1428571428571428,0.523543054902378,0.1183293820002169,0.9692159738532194,-14.25551268493908,2.9779263959149063,-14.872901006983152,3.930980212828791,-15.4859422485162,4.345770575514211,-16.103330570560274,4.698824392428096,-16.120718892604348,4.451878209341982,-18.53810721464842,4.804932026255867,-18.555495536692483,4.557985843169751,-18.56853677822554,4.972776205855172,-17.385925100269613,5.325830022769057,-15.603313422313676,6.278883839682941,-12.620701744357753,7.231937656596835,-12.038090066401825,8.78499147351072,-12.655478388445896,-8.861954709575395,-13.268519629978943,-9.647164346889976,-13.28590795202302,-12.29411052997609,-13.30329627406709,-14.341056713062205,-12.720684596111164,-15.78800289614832,-10.938072918155235,-18.434949079234432,-9.751114159688283,-20.42015871654901,-8.568502481732358,-22.467104899635128,left,-0.45749576737545,1.5654075895028663,0.2321428571428571,,,0.0,0.0,0.0,0.0,left,False,Anonymized,"[180, 192]",2,1,7724c7dc1bb79873e9079b24427ef78d8ac4d248
2.25.91981043841368764114007975581101713077,/home/user/workspace/dataset_extracted/Датасет/НД_для_обучения/Исследования/2.25.91981043841368764114007975581101713077/series_003_2_CR/A250496619 DXA/CR DXA/CR000005.dcm,1.2.643.5.1.13.13.12.2.77.8252.04111101091200130111070203120509,2,294,280,right_hip,True,0.0,,,,,0.0,0.0,,,0,0.0,0,0.0,False,0.0,,,,,,,,-3.2016889678043534,3.2016889678043534,30.0,92.4,0.0,-12.432327145926502,54.6,18.27804233736041,81.9,12.6,308.7,168.0,294.0,0.4196428571428571,0.2292031098153547,1.0,0.3285714285714285,0.1642857142857142,0.5033547877171947,0.1001958807814679,0.9531934919805624,-15.90387798950369,1.1117361135571002,-15.646979676658074,1.498753125990612,-16.054305942023856,2.5390158853157456,-15.79740762917824,2.9260328977492747,-16.740509316332616,3.9130499101827865,-18.283611003487,4.300066922616298,-18.626712690641376,4.087083935049827,-19.63403895600716,4.527346694374961,-19.977140643161537,4.914363706808473,-19.72024233031592,5.301380719242002,-19.46334401747029,5.688397731675513,-19.20644570462468,6.075414744109025,-19.549547391779058,7.062431756542537,-21.15687365714484,8.102694515867688,-22.099975344299224,9.6897115283012,-24.8430770314536,11.27672854073471,-26.986178718607977,12.86374555316824,-28.52928040576236,14.450762565601751,-28.936606671128143,16.091025324926886,-30.0,18.27804233736041,right,0.5759813842141598,3.2016889678043534,0.325,0.0,0.0,,,0.0,0.0,right,False,Anonymized,"[180, 193]",2,0,3f9c3d79cddd63ee69c76400f4bcd025932ea7a6
2.25.91981043841368764114007975581101713077,/home/user/workspace/dataset_extracted/Датасет/НД_для_обучения/Исследования/2.25.91981043841368764114007975581101713077/series_003_2_CR/A250496619 DXA/CR DXA/CR000000.dcm,1.2.643.5.1.13.13.12.2.77.8252.08061201060114131102110802141411,3,292,280,left_hip,True,0.0,,,,,,,0.0,0.0,0,0.0,0,0.0,False,0.0,,,,,,,,-1.1195893065042155,1.1195893065042155,30.6,91.35,0.0,-15.72461908580597,56.4,18.78285339359921,74.55,19.2,306.6,168.0,292.0,0.4303571428571429,0.2730675146771037,1.0,0.4285714285714285,0.1642857142857142,0.555655002224597,0.1260696287329153,0.9519756906661928,-19.98107822410152,1.7934752496902149,-20.056357075162243,2.1540351388787995,-20.112816213457787,3.174455055770255,-20.18809506451852,3.535014944958857,-20.26337391557924,3.8955748341474417,-19.73865276663997,4.256134723336044,-19.81393161770069,4.616694612524645,-19.27039075599624,4.4371145294161005,-19.34566960705697,4.797674418604686,-19.420948458117696,5.158234307793287,-20.696227309178425,6.118794196981889,-20.771506160239145,7.079354086170474,-20.846785011299872,8.039913975359076,-20.30324414959541,9.060333892250531,-19.778523000656143,10.620893781439117,-19.85380185171687,12.181453670627718,-21.1290807027776,14.94201355981632,-21.804359553838328,17.70257344900492,-21.84199897936869,18.78285339359921,-21.84199897936869,18.78285339359921,left,-0.6427893860055196,1.1195893065042155,0.3357142857142857,,,0.0,0.0,0.0,0.0,left,False,Anonymized,"[180, 193]",2,1,f7819f38c11089726c3d55d313641ecef764453a
2.25.91981043841368764114007975581101713077,/home/user/workspace/dataset_extracted/Датасет/НД_для_обучения/Исследования/2.25.91981043841368764114007975581101713077/series_003_2_CR/A250496619 DXA/CR DXA/CR000002.dcm,1.2.643.5.1.13.13.12.2.77.8252.04000607141411061507120106050309,5,294,280,right_hip,True,0.0,,,,,0.0,0.0,,,0,0.0,0,0.0,False,0.0,,,,,,,,-3.2016889678043534,3.2016889678043534,30.0,92.4,0.0,-12.432327145926502,54.6,18.27804233736041,81.9,12.6,308.7,168.0,294.0,0.4196428571428571,0.2292031098153547,1.0,0.3285714285714285,0.1642857142857142,0.5033547877171947,0.1001958807814679,0.9531934919805624,-15.90387798950369,1.1117361135571002,-15.646979676658074,1.498753125990612,-16.054305942023856,2.5390158853157456,-15.79740762917824,2.9260328977492747,-16.740509316332616,3.9130499101827865,-18.283611003487,4.300066922616298,-18.626712690641376,4.087083935049827,-19.63403895600716,4.527346694374961,-19.977140643161537,4.914363706808473,-19.72024233031592,5.301380719242002,-19.46334401747029,5.688397731675513,-19.20644570462468,6.075414744109025,-19.549547391779058,7.062431756542537,-21.15687365714484,8.102694515867688,-22.099975344299224,9.6897115283012,-24.8430770314536,11.27672854073471,-26.986178718607977,12.86374555316824,-28.52928040576236,14.450762565601751,-28.936606671128143,16.091025324926886,-30.0,18.27804233736041,right,0.5759813842141598,3.2016889678043534,0.325,0.0,0.0,,,0.0,0.0,right,False,Anonymized,"[0, 0]",2,2,3f9c3d79cddd63ee69c76400f4bcd025932ea7a6
2.25.91981043841368764114007975581101713077,/home/user/workspace/dataset_extracted/Датасет/НД_для_обучения/Исследования/2.25.91981043841368764114007975581101713077/series_003_2_CR/A250496619 DXA/CR DXA/CR000001.dcm,1.2.643.5.1.13.13.12.2.77.8252.04141409090807040100020211061514,6,292,280,left_hip,True,0.0,,,,,,,0.0,0.0,0,0.0,0,0.0,False,0.0,,,,,,,,-1.1195893065042155,1.1195893065042155,30.6,91.35,0.0,-15.72461908580597,56.4,18.78285339359921,74.55,19.2,306.6,168.0,292.0,0.4303571428571429,0.2730675146771037,1.0,0.4285714285714285,0.1642857142857142,0.555655002224597,0.1260696287329153,0.9519756906661928,-19.98107822410152,1.7934752496902149,-20.056357075162243,2.1540351388787995,-20.112816213457787,3.174455055770255,-20.18809506451852,3.535014944958857,-20.26337391557924,3.8955748341474417,-19.73865276663997,4.256134723336044,-19.81393161770069,4.616694612524645,-19.27039075599624,4.4371145294161005,-19.34566960705697,4.797674418604686,-19.420948458117696,5.158234307793287,-20.696227309178425,6.118794196981889,-20.771506160239145,7.079354086170474,-20.846785011299872,8.039913975359076,-20.30324414959541,9.060333892250531,-19.778523000656143,10.620893781439117,-19.85380185171687,12.181453670627718,-21.1290807027776,14.94201355981632,-21.804359553838328,17.70257344900492,-21.84199897936869,18.78285339359921,-21.84199897936869,18.78285339359921,left,-0.6427893860055196,1.1195893065042155,0.3357142857142857,,,0.0,0.0,0.0,0.0,left,False,Anonymized,"[0, 0]",2,3,f7819f38c11089726c3d55d313641ecef764453a
2.25.91981043841368764114007975581101713077,/home/user/workspace/dataset_extracted/Датасет/НД_для_обучения/Исследования/2.25.91981043841368764114007975581101713077/series_003_2_CR/A250496619 DXA/CR DXA/CR000006.dcm,1.2.643.5.1.13.13.12.2.77.8252.04141300131506141004121211120710,7,294,280,right_hip,True,0.0,,,,,0.0,0.0,,,0,0.0,0,0.0,False,0.0,,,,,,,,-3.2016889678043534,3.2016889678043534,30.0,92.4,0.0,-12.432327145926502,54.6,18.27804233736041,81.9,12.6,308.7,168.0,294.0,0.4196428571428571,0.2292031098153547,1.0,0.3285714285714285,0.1642857142857142,0.5033547877171947,0.1001958807814679,0.9531934919805624,-15.90387798950369,1.1117361135571002,-15.646979676658074,1.498753125990612,-16.054305942023856,2.5390158853157456,-15.79740762917824,2.9260328977492747,-16.740509316332616,3.9130499101827865,-18.283611003487,4.300066922616298,-18.626712690641376,4.087083935049827,-19.63403895600716,4.527346694374961,-19.977140643161537,4.914363706808473,-19.72024233031592,5.301380719242002,-19.46334401747029,5.688397731675513,-19.20644570462468,6.075414744109025,-19.549547391779058,7.062431756542537,-21.15687365714484,8.102694515867688,-22.099975344299224,9.6897115283012,-24.8430770314536,11.27672854073471,-26.986178718607977,12.86374555316824,-28.52928040576236,14.450762565601751,-28.936606671128143,16.091025324926886,-30.0,18.27804233736041,right,0.5759813842141598,3.2016889678043534,0.325,0.0,0.0,,,0.0,0.0,right,False,Anonymized,"[0, 0]",2,4,3f9c3d79cddd63ee69c76400f4bcd025932ea7a6
2.25.91981043841368764114007975581101713077,/home/user/workspace/dataset_extracted/Датасет/НД_для_обучения/Исследования/2.25.91981043841368764114007975581101713077/series_003_2_CR/A250496619 DXA/CR DXA/CR000003.dcm,1.2.643.5.1.13.13.12.2.77.8252.03130309141409040708100214070815,8,292,280,left_hip,True,0.0,,,,,,,0.0,0.0,0,0.0,0,0.0,False,0.0,,,,,,,,-1.1195893065042155,1.1195893065042155,30.6,91.35,0.0,-15.72461908580597,56.4,18.78285339359921,74.55,19.2,306.6,168.0,292.0,0.4303571428571429,0.2730675146771037,1.0,0.4285714285714285,0.1642857142857142,0.555655002224597,0.1260696287329153,0.9519756906661928,-19.98107822410152,1.7934752496902149,-20.056357075162243,2.1540351388787995,-20.112816213457787,3.174455055770255,-20.18809506451852,3.535014944958857,-20.26337391557924,3.8955748341474417,-19.73865276663997,4.256134723336044,-19.81393161770069,4.616694612524645,-19.27039075599624,4.4371145294161005,-19.34566960705697,4.797674418604686,-19.420948458117696,5.158234307793287,-20.696227309178425,6.118794196981889,-20.771506160239145,7.079354086170474,-20.846785011299872,8.039913975359076,-20.30324414959541,9.060333892250531,-19.778523000656143,10.620893781439117,-19.85380185171687,12.181453670627718,-21.1290807027776,14.94201355981632,-21.804359553838328,17.70257344900492,-21.84199897936869,18.78285339359921,-21.84199897936869,18.78285339359921,left,-0.6427893860055196,1.1195893065042155,0.3357142857142857,,,0.0,0.0,0.0,0.0,left,False,Anonymized,"[170, 178]",2,5,f7819f38c11089726c3d55d313641ecef764453a
2.25.91981043841368764114007975581101713077,/home/user/workspace/dataset_extracted/Датасет/НД_для_обучения/Исследования/2.25.91981043841368764114007975581101713077/series_003_2_CR/A250496619 DXA/CR DXA/CR000011.dcm,1.2.643.5.1.13.13.12.2.77.8252.07130502151014041012130400130108,9,294,280,right_hip,True,0.0,,,,,0.0,0.0,,,0,0.0,0,0.0,False,0.0,,,,,,,,-3.2016889678043534,3.2016889678043534,30.0,92.4,0.0,-12.432327145926502,54.6,18.27804233736041,81.9,12.6,308.7,168.0,294.0,0.4196428571428571,0.2292031098153547,1.0,0.3285714285714285,0.1642857142857142,0.5033547877171947,0.1001958807814679,0.9531934919805624,-15.90387798950369,1.1117361135571002,-15.646979676658074,1.498753125990612,-16.054305942023856,2.5390158853157456,-15.79740762917824,2.9260328977492747,-16.740509316332616,3.9130499101827865,-18.283611003487,4.300066922616298,-18.626712690641376,4.087083935049827,-19.63403895600716,4.527346694374961,-19.977140643161537,4.914363706808473,-19.72024233031592,5.301380719242002,-19.46334401747029,5.688397731675513,-19.20644570462468,6.075414744109025,-19.549547391779058,7.062431756542537,-21.15687365714484,8.102694515867688,-22.099975344299224,9.6897115283012,-24.8430770314536,11.27672854073471,-26.986178718607977,12.86374555316824,-28.52928040576236,14.450762565601751,-28.936606671128143,16.091025324926886,-30.0,18.27804233736041,right,0.5759813842141598,3.2016889678043534,0.325,0.0,0.0,,,0.0,0.0,right,False,Anonymized,"[170, 179]",2,6,3f9c3d79cddd63ee69c76400f4bcd025932ea7a6
2.25.91981043841368764114007975581101713077,/home/user/workspace/dataset_extracted/Датасет/НД_для_обучения/Исследования/2.25.91981043841368764114007975581101713077/series_003_2_CR/A250496619 DXA/CR DXA/CR000007.dcm,1.2.643.5.1.13.13.12.2.77.8252.09031306140406050914091115001515,13,294,280,right_hip,True,0.0,,,,,0.0,0.0,,,0,0.0,0,0.0,False,0.0,,,,,,,,-3.2016889678043534,3.2016889678043534,30.0,92.4,0.0,-12.432327145926502,54.6,18.27804233736041,81.9,12.6,308.7,168.0,294.0,0.4196428571428571,0.2292031098153547,1.0,0.3285714285714285,0.1642857142857142,0.5033547877171947,0.1001958807814679,0.9531934919805624,-15.90387798950369,1.1117361135571002,-15.646979676658074,1.498753125990612,-16.054305942023856,2.5390158853157456,-15.79740762917824,2.9260328977492747,-16.740509316332616,3.9130499101827865,-18.283611003487,4.300066922616298,-18.626712690641376,4.087083935049827,-19.63403895600716,4.527346694374961,-19.977140643161537,4.914363706808473,-19.72024233031592,5.301380719242002,-19.46334401747029,5.688397731675513,-19.20644570462468,6.075414744109025,-19.549547391779058,7.062431756542537,-21.15687365714484,8.102694515867688,-22.099975344299224,9.6897115283012,-24.8430770314536,11.27672854073471,-26.986178718607977,12.86374555316824,-28.52928040576236,14.450762565601751,-28.936606671128143,16.091025324926886,-30.0,18.27804233736041,right,0.5759813842141598,3.2016889678043534,0.325,0.0,0.0,,,0.0,0.0,right,False,Anonymized,"[180, 193]",2,7,3f9c3d79cddd63ee69c76400f4bcd025932ea7a6
2.25.91981043841368764114007975581101713077,/home/user/workspace/dataset_extracted/Датасет/НД_для_обучения/Исследования/2.25.91981043841368764114007975581101713077/series_003_2_CR/A250496619 DXA/CR DXA/CR000008.dcm,1.2.643.5.1.13.13.12.2.77.8252.03070910041410130909021014090904,14,292,280,left_hip,True,0.0,,,,,,,0.0,0.0,0,0.0,0,0.0,False,0.0,,,,,,,,-1.1195893065042155,1.1195893065042155,30.6,91.35,0.0,-15.72461908580597,56.4,18.78285339359921,74.55,19.2,306.6,168.0,292.0,0.4303571428571429,0.2730675146771037,1.0,0.4285714285714285,0.1642857142857142,0.555655002224597,0.1260696287329153,0.9519756906661928,-19.98107822410152,1.7934752496902149,-20.056357075162243,2.1540351388787995,-20.112816213457787,3.174455055770255,-20.18809506451852,3.535014944958857,-20.26337391557924,3.8955748341474417,-19.73865276663997,4.256134723336044,-19.81393161770069,4.616694612524645,-19.27039075599624,4.4371145294161005,-19.34566960705697,4.797674418604686,-19.420948458117696,5.158234307793287,-20.696227309178425,6.118794196981889,-20.771506160239145,7.079354086170474,-20.846785011299872,8.039913975359076,-20.30324414959541,9.060333892250531,-19.778523000656143,10.620893781439117,-19.85380185171687,12.181453670627718,-21.1290807027776,14.94201355981632,-21.804359553838328,17.70257344900492,-21.84199897936869,18.78285339359921,-21.84199897936869,18.78285339359921,left,-0.6427893860055196,1.1195893065042155,0.3357142857142857,,,0.0,0.0,0.0,0.0,left,False,Anonymized,"[180, 193]",2,8,f7819f38c11089726c3d55d313641ecef764453a
