study,file_path,region,pixel_hash
1.2.840.113619.2.110.512719.20250403090444,/home/user/workspace/dataset_extracted/Датасет/НД_для_обучения/Исследования/1.2.840.113619.2.110.512719.20250403090444/series_004_3_CR/DXA/CR DXA/CR000000.dcm,spine,20cfa85c38de4fac5cf601dd8f64338edf103cb6
1.2.840.113619.2.110.512719.20250403090444,/home/user/workspace/dataset_extracted/Датасет/НД_для_обучения/Исследования/1.2.840.113619.2.110.512719.20250403090444/series_004_3_CR/DXA/CR DXA/CR000001.dcm,right_hip,9b301cf82ab7d792991b71b2e9fdf870ad09cdfb
1.2.840.113619.2.110.512719.20250403090444,/home/user/workspace/dataset_extracted/Датасет/НД_для_обучения/Исследования/1.2.840.113619.2.110.512719.20250403090444/series_004_3_CR/DXA/CR DXA/CR000002.dcm,left_hip,d07da2fe711aad359fdfe29c926ecd42367a7eb4
1.2.840.113619.2.110.512719.20250403090444,/home/user/workspace/dataset_extracted/Датасет/НД_для_обучения/Исследования/1.2.840.113619.2.110.512719.20250403090444/series_004_3_CR/DXA/CR DXA/CR000003.dcm,left_hip,d07da2fe711aad359fdfe29c926ecd42367a7eb4
1.2.840.113619.2.110.512719.20250403090444,/home/user/workspace/dataset_extracted/Датасет/НД_для_обучения/Исследования/1.2.840.113619.2.110.512719.20250403090444/series_004_3_CR/DXA/CR DXA/CR000004.dcm,right_hip,9b301cf82ab7d792991b71b2e9fdf870ad09cdfb
1.2.840.113619.2.110.512719.20250403090444,/home/user/workspace/dataset_extracted/Датасет/НД_для_обучения/Исследования/1.2.840.113619.2.110.512719.20250403090444/series_004_3_CR/DXA/CR DXA/CR000005.dcm,spine,20cfa85c38de4fac5cf601dd8f64338edf103cb6
1.2.840.113619.2.110.512719.20250403092052,/home/user/workspace/dataset_extracted/Датасет/НД_для_обучения/Исследования/1.2.840.113619.2.110.512719.20250403092052/series_003_3_CR/DXA/CR DXA/CR000000.dcm,right_hip,c167953b75557e5595702de805965ae8321dbbaf
1.2.840.113619.2.110.512719.20250403092052,/home/user/workspace/dataset_extracted/Датасет/НД_для_обучения/Исследования/1.2.840.113619.2.110.512719.20250403092052/series_003_3_CR/DXA/CR DXA/CR000001.dcm,spine,cde3c962bfbebbdbf90ad07c2fe4479604edf9f2
1.2.840.113619.2.110.512719.20250403092052,/home/user/workspace/dataset_extracted/Датасет/НД_для_обучения/Исследования/1.2.840.113619.2.110.512719.20250403092052/series_003_3_CR/DXA/CR DXA/CR000002.dcm,right_hip,267a2713f44a38339f1425995150f5f87c5e1c0a
1.2.840.113619.2.110.512719.20250403092052,/home/user/workspace/dataset_extracted/Датасет/НД_для_обучения/Исследования/1.2.840.113619.2.110.512719.20250403092052/series_003_3_CR/DXA/CR DXA/CR000003.dcm,right_hip,267a2713f44a38339f1425995150f5f87c5e1c0a
1.2.840.113619.2.110.512719.20250403092052,/home/user/workspace/dataset_extracted/Датасет/НД_для_обучения/Исследования/1.2.840.113619.2.110.512719.20250403092052/series_003_3_CR/DXA/CR DXA/CR000004.dcm,right_hip,c167953b75557e5595702de805965ae8321dbbaf
1.2.840.113619.2.110.512719.20250403092052,/home/user/workspace/dataset_extracted/Датасет/НД_для_обучения/Исследования/1.2.840.113619.2.110.512719.20250403092052/series_003_3_CR/DXA/CR DXA/CR000005.dcm,spine,cde3c962bfbebbdbf90ad07c2fe4479604edf9f2
1.2.840.113619.2.110.512719.20250407113211,/home/user/workspace/dataset_extracted/Датасет/НД_для_обучения/Исследования/1.2.840.113619.2.110.512719.20250407113211/series_001_2_CR/DXA/CR DXA/CR000000.dcm,left_hip,36c0c0cd5f4596fd613bd6b63ee69df2b15049bd
1.2.840.113619.2.110.512719.20250407113211,/home/user/workspace/dataset_extracted/Датасет/НД_для_обучения/Исследования/1.2.840.113619.2.110.512719.20250407113211/series_001_2_CR/DXA/CR DXA/CR000001.dcm,right_hip,e42c65866b10fac5a93f0b494caef2e678d8ba43
1.2.840.113619.2.110.512719.20250407113211,/home/user/workspace/dataset_extracted/Датасет/НД_для_обучения/Исследования/1.2.840.113619.2.110.512719.20250407113211/series_001_2_CR/DXA/CR DXA/CR000002.dcm,left_hip,36c0c0cd5f4596fd613bd6b63ee69df2b15049bd
1.2.840.113619.2.110.512719.20250407113211,/home/user/workspace/dataset_extracted/Датасет/НД_для_обучения/Исследования/1.2.840.113619.2.110.512719.20250407113211/series_001_2_CR/DXA/CR DXA/CR000003.dcm,spine,3cbda182dcb81fe778eb90cc35f28113f2907974
1.2.840.113619.2.110.512719.20250407113211,/home/user/workspace/dataset_extracted/Датасет/НД_для_обучения/Исследования/1.2.840.113619.2.110.512719.20250407113211/series_001_2_CR/DXA/CR DXA/CR000004.dcm,spine,3cbda182dcb81fe778eb90cc35f28113f2907974
1.2.840.113619.2.110.512719.20250407113211,/home/user/workspace/dataset_extracted/Датасет/НД_для_обучения/Исследования/1.2.840.113619.2.110.512719.20250407113211/series_001_2_CR/DXA/CR DXA/CR000005.dcm,right_hip,e42c65866b10fac5a93f0b494caef2e678d8ba43
2.25.10245777060263212829333021434108890537,/home/user/workspace/dataset_extracted/Датасет/НД_для_обучения/Исследования/2.25.10245777060263212829333021434108890537/series_003_2_CR/A2504412435 DXA/CR DXA/CR000000.dcm,right_hip,812191b74861251bab9b764b8b438dd5e3e7622a
2.25.10245777060263212829333021434108890537,/home/user/workspace/dataset_extracted/Датасет/НД_для_обучения/Исследования/2.25.10245777060263212829333021434108890537/series_003_2_CR/A2504412435 DXA/CR DXA/CR000001.dcm,spine,6538e03ff3b9b53481646fdeb7b32dc45b2ca780
2.25.10245777060263212829333021434108890537,/home/user/workspace/dataset_extracted/Датасет/НД_для_обучения/Исследования/2.25.10245777060263212829333021434108890537/series_003_2_CR/A2504412435 DXA/CR DXA/CR000002.dcm,left_hip,f9c32e13ed284e398938a9b17ffcb6daeca70c89
2.25.102755089973625799055786462646268820450,/home/user/workspace/dataset_extracted/Датасет/НД_для_обучения/Исследования/2.25.102755089973625799055786462646268820450/series_002_2_CR/A2504257770 DXA/CR DXA/CR000000.dcm,left_hip,0f5767aa995fee59d5501c1c1c8cafa5370aea57
2.25.102755089973625799055786462646268820450,/home/user/workspace/dataset_extracted/Датасет/НД_для_обучения/Исследования/2.25.102755089973625799055786462646268820450/series_002_2_CR/A2504257770 DXA/CR DXA/CR000001.dcm,spine,da69f29408904d3360ffcecd2d1ece3940b9b8d6
2.25.102755089973625799055786462646268820450,/home/user/workspace/dataset_extracted/Датасет/НД_для_обучения/Исследования/2.25.102755089973625799055786462646268820450/series_002_2_CR/A2504257770 DXA/CR DXA/CR000002.dcm,right_hip,06b1045fac6f73316cc8f6a5134397bdeaf7cf0a
2.25.102755089973625799055786462646268820450,/home/user/workspace/dataset_extracted/Датасет/НД_для_обучения/Исследования/2.25.102755089973625799055786462646268820450/series_002_2_CR/A2504257770 DXA/CR DXA/CR000003.dcm,right_hip,06b1045fac6f73316cc8f6a5134397bdeaf7cf0a
2.25.102755089973625799055786462646268820450,/home/user/workspace/dataset_extracted/Датасет/НД_для_обучения/Исследования/2.25.102755089973625799055786462646268820450/series_002_2_CR/A2504257770 DXA/CR DXA/CR000004.dcm,spine,da69f29408904d3360ffcecd2d1ece3940b9b8d6
2.25.102755089973625799055786462646268820450,/home/user/workspace/dataset_extracted/Датасет/НД_для_обучения/Исследования/2.25.102755089973625799055786462646268820450/series_002_2_CR/A2504257770 DXA/CR DXA/CR000005.dcm,left_hip,0f5767aa995fee59d5501c1c1c8cafa5370aea57
2.25.102965897799404973225419898683246248872,/home/user/workspace/dataset_extracted/Датасет/НД_для_обучения/Исследования/2.25.102965897799404973225419898683246248872/series_001_2_CR/A250726353 DXA/CR DXA/CR000000.dcm,left_hip,a304196390b40ffca73cae463e8f4829bccaa15e
2.25.102965897799404973225419898683246248872,/home/user/workspace/dataset_extracted/Датасет/НД_для_обучения/Исследования/2.25.102965897799404973225419898683246248872/series_001_2_CR/A250726353 DXA/CR DXA/CR000001.dcm,spine,d873fd31b0abecb7fc982bfaeeab63472a9a01b4
2.25.102965897799404973225419898683246248872,/home/user/workspace/dataset_extracted/Датасет/НД_для_обучения/Исследования/2.25.102965897799404973225419898683246248872/series_001_2_CR/A250726353 DXA/CR DXA/CR000002.dcm,right_hip,00fe66e94583f34bc02d5b2f83b72a0c3e91ff6e
2.25.103868781101960771917584077315578649178,/home/user/workspace/dataset_extracted/Датасет/НД_для_обучения/Исследования/2.25.103868781101960771917584077315578649178/series_001_3_CR/A2507485409 DXA/CR DXA/CR000000.dcm,left_hip,7c5e9acc10b2cdd933470b4984a52e99ec980f69
2.25.103868781101960771917584077315578649178,/home/user/workspace/dataset_extracted/Датасет/НД_для_обучения/Исследования/2.25.103868781101960771917584077315578649178/series_001_3_CR/A2507485409 DXA/CR DXA/CR000001.dcm,right_hip,327d250272e3c10721baba60f1decec7dfda8c23
2.25.103868781101960771917584077315578649178,/home/user/workspace/dataset_extracted/Датасет/НД_для_обучения/Исследования/2.25.103868781101960771917584077315578649178/series_001_3_CR/A2507485409 DXA/CR DXA/CR000002.dcm,spine,dc78559cc14f1537433b5a290252cfdf77781bcd
2.25.105033841136787477881326326053319223817,/home/user/workspace/dataset_extracted/Датасет/НД_для_обучения/Исследования/2.25.105033841136787477881326326053319223817/series_001_2_CR/A250790559 DXA/CR DXA/CR000000.dcm,spine,2eb97b8503133b07129536610b1fd0d81d37414f
2.25.105033841136787477881326326053319223817,/home/user/workspace/dataset_extracted/Датасет/НД_для_обучения/Исследования/2.25.105033841136787477881326326053319223817/series_001_2_CR/A250790559 DXA/CR DXA/CR000001.dcm,spine,2eb97b8503133b07129536610b1fd0d81d37414f
2.25.105033841136787477881326326053319223817,/home/user/workspace/dataset_extracted/Датасет/НД_для_обучения/Исследования/2.25.105033841136787477881326326053319223817/series_001_2_CR/A250790559 DXA/CR DXA/CR000002.dcm,left_hip,cf656f7f7f163bcca4537194ad28b84b58465f2d
2.25.105033841136787477881326326053319223817,/home/user/workspace/dataset_extracted/Датасет/НД_для_обучения/Исследования/2.25.105033841136787477881326326053319223817/series_001_2_CR/A250790559 DXA/CR DXA/CR000003.dcm,right_hip,3970755dc6064934afbc318face966dc4d85b83d
2.25.105033841136787477881326326053319223817,/home/user/workspace/dataset_extracted/Датасет/НД_для_обучения/Исследования/2.25.105033841136787477881326326053319223817/series_001_2_CR/A250790559 DXA/CR DXA/CR000004.dcm,right_hip,3970755dc6064934afbc318face966dc4d85b83d
2.25.105033841136787477881326326053319223817,/home/user/workspace/dataset_extracted/Датасет/НД_для_обучения/Исследования/2.25.105033841136787477881326326053319223817/series_001_2_CR/A250790559 DXA/CR DXA/CR000005.dcm,left_hip,cf656f7f7f163bcca4537194ad28b84b58465f2d
2.25.108537195937431169718850276671337677972,/home/user/workspace/dataset_extracted/Датасет/НД_для_обучения/Исследования/2.25.108537195937431169718850276671337677972/series_002_2_CR/A250479795 DXA/CR DXA/CR000000.dcm,spine,85c87d6ba2dae328dd0a3727bf948a15fbaf129e
2.25.11175860580562939441493697221497597640,/home/user/workspace/dataset_extracted/Датасет/НД_для_обучения/Исследования/2.25.11175860580562939441493697221497597640/series_003_2_CR/A2507431060 DXA/CR DXA/CR000000.dcm,right_hip,fddd739802bdda00190b79e587cb21399aca170c
2.25.11175860580562939441493697221497597640,/home/user/workspace/dataset_extracted/Датасет/НД_для_обучения/Исследования/2.25.11175860580562939441493697221497597640/series_003_2_CR/A2507431060 DXA/CR DXA/CR000001.dcm,spine,2f14de40fa934f6558a49a4b5ff5ddcde0195972
2.25.11175860580562939441493697221497597640,/home/user/workspace/dataset_extracted/Датасет/НД_для_обучения/Исследования/2.25.11175860580562939441493697221497597640/series_003_2_CR/A2507431060 DXA/CR DXA/CR000002.dcm,left_hip,b93b5fc167462d9086e0383973fae94c567dad4e
2.25.11175860580562939441493697221497597640,/home/user/workspace/dataset_extracted/Датасет/НД_для_обучения/Исследования/2.25.11175860580562939441493697221497597640/series_003_2_CR/A2507431060 DXA/CR DXA/CR000003.dcm,left_hip,b93b5fc167462d9086e0383973fae94c567dad4e
2.25.11175860580562939441493697221497597640,/home/user/workspace/dataset_extracted/Датасет/НД_для_обучения/Исследования/2.25.11175860580562939441493697221497597640/series_003_2_CR/A2507431060 DXA/CR DXA/CR000004.dcm,spine,2f14de40fa934f6558a49a4b5ff5ddcde0195972
2.25.11175860580562939441493697221497597640,/home/user/workspace/dataset_extracted/Датасет/НД_для_обучения/Исследования/2.25.11175860580562939441493697221497597640/series_003_2_CR/A2507431060 DXA/CR DXA/CR000005.dcm,right_hip,fddd739802bdda00190b79e587cb21399aca170c
2.25.112621744005021908434051268014787122937,/home/user/workspace/dataset_extracted/Датасет/НД_для_обучения/Исследования/2.25.112621744005021908434051268014787122937/series_002_2_CR/A2504301685 DXA/CR DXA/CR000000.dcm,spine,0b6e3215e0356f006e4224f4e38db05032ad74de
2.25.114887542067602662452692698814728642117,/home/user/workspace/dataset_extracted/Датасет/НД_для_обучения/Исследования/2.25.114887542067602662452692698814728642117/series_001_2_CR/A2504131887 DXA/CR DXA/CR000000.dcm,right_hip,f5788ab03c61cb06e10e9576349bd3999d5e283a
2.25.114887542067602662452692698814728642117,/home/user/workspace/dataset_extracted/Датасет/НД_для_обучения/Исследования/2.25.114887542067602662452692698814728642117/series_001_2_CR/A2504131887 DXA/CR DXA/CR000001.dcm,right_hip,749637c21ee52688e72523f627a05d46a3247c13
2.25.114887542067602662452692698814728642117,/home/user/workspace/dataset_extracted/Датасет/НД_для_обучения/Исследования/2.25.114887542067602662452692698814728642117/series_001_2_CR/A2504131887 DXA/CR DXA/CR000002.dcm,right_hip,749637c21ee52688e72523f627a05d46a3247c13
2.25.114887542067602662452692698814728642117,/home/user/workspace/dataset_extracted/Датасет/НД_для_обучения/Исследования/2.25.114887542067602662452692698814728642117/series_001_2_CR/A2504131887 DXA/CR DXA/CR000003.dcm,right_hip,f5788ab03c61cb06e10e9576349bd3999d5e283a
2.25.114887542067602662452692698814728642117,/home/user/workspace/dataset_extracted/Датасет/НД_для_обучения/Исследования/2.25.114887542067602662452692698814728642117/series_001_2_CR/A2504131887 DXA/CR DXA/CR000004.dcm,spine,b30775e8a596143a87268274a691458ab2174b44
2.25.114887542067602662452692698814728642117,/home/user/workspace/dataset_extracted/Датасет/НД_для_обучения/Исследования/2.25.114887542067602662452692698814728642117/series_001_2_CR/A2504131887 DXA/CR DXA/CR000005.dcm,right_hip,f5788ab03c61cb06e10e9576349bd3999d5e283a
2.25.114887542067602662452692698814728642117,/home/user/workspace/dataset_extracted/Датасет/НД_для_обучения/Исследования/2.25.114887542067602662452692698814728642117/series_001_2_CR/A2504131887 DXA/CR DXA/CR000006.dcm,right_hip,749637c21ee52688e72523f627a05d46a3247c13
2.25.114887542067602662452692698814728642117,/home/user/workspace/dataset_extracted/Датасет/НД_для_обучения/Исследования/2.25.114887542067602662452692698814728642117/series_001_2_CR/A2504131887 DXA/CR DXA/CR000007.dcm,spine,b30775e8a596143a87268274a691458ab2174b44
2.25.114887542067602662452692698814728642117,/home/user/workspace/dataset_extracted/Датасет/НД_для_обучения/Исследования/2.25.114887542067602662452692698814728642117/series_001_2_CR/A2504131887 DXA/CR DXA/CR000008.dcm,right_hip,f5788ab03c61cb06e10e9576349bd3999d5e283a
2.25.114887542067602662452692698814728642117,/home/user/workspace/dataset_extracted/Датасет/НД_для_обучения/Исследования/2.25.114887542067602662452692698814728642117/series_001_2_CR/A2504131887 DXA/CR DXA/CR000009.dcm,right_hip,749637c21ee52688e72523f627a05d46a3247c13
2.25.114887542067602662452692698814728642117,/home/user/workspace/dataset_extracted/Датасет/НД_для_обучения/Исследования/2.25.114887542067602662452692698814728642117/series_001_2_CR/A2504131887 DXA/CR DXA/CR000010.dcm,spine,b30775e8a596143a87268274a691458ab2174b44
2.25.116822802042655971810859435524105064465,/home/user/workspace/dataset_extracted/Датасет/НД_для_обучения/Исследования/2.25.116822802042655971810859435524105064465/series_003_2_CR/A2507273296 DXA/CR DXA/CR000000.dcm,right_hip,840a576a4d8bfbd4b4947da4b2dbdbed6ea954f2
2.25.116822802042655971810859435524105064465,/home/user/workspace/dataset_extracted/Датасет/НД_для_обучения/Исследования/2.25.116822802042655971810859435524105064465/series_003_2_CR/A2507273296 DXA/CR DXA/CR000001.dcm,left_hip,d3f11e229aba755bef6bbc96d096e9d4002096c9
2.25.116822802042655971810859435524105064465,/home/user/workspace/dataset_extracted/Датасет/НД_для_обучения/Исследования/2.25.116822802042655971810859435524105064465/series_003_2_CR/A2507273296 DXA/CR DXA/CR000002.dcm,spine,0d38755d063c34574ab4381c937458e15475f800
2.25.122446767306607067205618235949445789306,/home/user/workspace/dataset_extracted/Датасет/НД_для_обучения/Исследования/2.25.122446767306607067205618235949445789306/series_001_2_CR/A2504255080 DXA/CR DXA/CR000000.dcm,right_hip,6312c14b4e1b8176164061c769e541ada5d0dd58
2.25.122446767306607067205618235949445789306,/home/user/workspace/dataset_extracted/Датасет/НД_для_обучения/Исследования/2.25.122446767306607067205618235949445789306/series_001_2_CR/A2504255080 DXA/CR DXA/CR000001.dcm,right_hip,523f25d17d8092fc0e7ba89d6562838d2bd802fd
2.25.122446767306607067205618235949445789306,/home/user/workspace/dataset_extracted/Датасет/НД_для_обучения/Исследования/2.25.122446767306607067205618235949445789306/series_001_2_CR/A2504255080 DXA/CR DXA/CR000002.dcm,spine,a2d95d3dc81c9fd80caff8fd81f7fd929340e0ae
2.25.122446767306607067205618235949445789306,/home/user/workspace/dataset_extracted/Датасет/НД_для_обучения/Исследования/2.25.122446767306607067205618235949445789306/series_001_2_CR/A2504255080 DXA/CR DXA/CR000003.dcm,right_hip,6312c14b4e1b8176164061c769e541ada5d0dd58
2.25.122446767306607067205618235949445789306,/home/user/workspace/dataset_extracted/Датасет/НД_для_обучения/Исследования/2.25.122446767306607067205618235949445789306/series_001_2_CR/A2504255080 DXA/CR DXA/CR000004.dcm,right_hip,523f25d17d8092fc0e7ba89d6562838d2bd802fd
2.25.122446767306607067205618235949445789306,/home/user/workspace/dataset_extracted/Датасет/НД_для_обучения/Исследования/2.25.122446767306607067205618235949445789306/series_001_2_CR/A2504255080 DXA/CR DXA/CR000005.dcm,spine,a2d95d3dc81c9fd80caff8fd81f7fd929340e0ae
2.25.123175695355749859846173904788591707879,/home/user/workspace/dataset_extracted/Датасет/НД_для_обучения/Исследования/2.25.123175695355749859846173904788591707879/series_001_2_CR/A250722449 DXA/CR DXA/CR000000.dcm,spine,9d1544527c1faf51ea90aa5277851cbacb525c1c
2.25.124890633326693921702195356152595253940,/home/user/workspace/dataset_extracted/Датасет/НД_для_обучения/Исследования/2.25.124890633326693921702195356152595253940/series_002_2_CR/A2504263153 DXA/CR DXA/CR000000.dcm,spine,136ff80a96ac9046374c97afa05f94bb6aacf3b5
2.25.124890633326693921702195356152595253940,/home/user/workspace/dataset_extracted/Датасет/НД_для_обучения/Исследования/2.25.124890633326693921702195356152595253940/series_002_2_CR/A2504263153 DXA/CR DXA/CR000001.dcm,left_hip,d13b395889a1c54c6352aeeca0d0cdefbdf76e4b
2.25.124890633326693921702195356152595253940,/home/user/workspace/dataset_extracted/Датасет/НД_для_обучения/Исследования/2.25.124890633326693921702195356152595253940/series_002_2_CR/A2504263153 DXA/CR DXA/CR000002.dcm,right_hip,45a4bac4d2e198a3b1282b166c0408e11f3da3a5
2.25.125521310320333648427417313254965624364,/home/user/workspace/dataset_extracted/Датасет/НД_для_обучения/Исследования/2.25.125521310320333648427417313254965624364/series_001_2_CR/A250444126 DXA/CR DXA/CR000000.dcm,spine,3b41e73d67bb7b504219cbd4d3c5abfb2bc18125
2.25.126293418391331346694592071563510265596,/home/user/workspace/dataset_extracted/Датасет/НД_для_обучения/Исследования/2.25.126293418391331346694592071563510265596/series_002_3_CR/A2507250865 DXA/CR DXA/CR000000.dcm,right_hip,8918b05268c395ac05e0587f565a90582f493b96
2.25.126293418391331346694592071563510265596,/home/user/workspace/dataset_extracted/Датасет/НД_для_обучения/Исследования/2.25.126293418391331346694592071563510265596/series_002_3_CR/A2507250865 DXA/CR DXA/CR000001.dcm,spine,0121a87aa5af9083ddf70064497847d7d8430d8c
2.25.126293418391331346694592071563510265596,/home/user/workspace/dataset_extracted/Датасет/НД_для_обучения/Исследования/2.25.126293418391331346694592071563510265596/series_002_3_CR/A2507250865 DXA/CR DXA/CR000002.dcm,left_hip,39249ab4eba1d9a8f77e1438ac190f79c7087699
2.25.127126130998341190348103034690069487890,/home/user/workspace/dataset_extracted/Датасет/НД_для_обучения/Исследования/2.25.127126130998341190348103034690069487890/series_002_2_CR/A250428736 DXA/CR DXA/CR000000.dcm,spine,815231074e3757025093e19e4ed1145d98f5ced8
2.25.127126130998341190348103034690069487890,/home/user/workspace/dataset_extracted/Датасет/НД_для_обучения/Исследования/2.25.127126130998341190348103034690069487890/series_002_2_CR/A250428736 DXA/CR DXA/CR000001.dcm,left_hip,f09a1f72b8c3fd59b9b95eefd51a29d98811f67a
2.25.127126130998341190348103034690069487890,/home/user/workspace/dataset_extracted/Датасет/НД_для_обучения/Исследования/2.25.127126130998341190348103034690069487890/series_002_2_CR/A250428736 DXA/CR DXA/CR000002.dcm,left_hip,f09a1f72b8c3fd59b9b95eefd51a29d98811f67a
2.25.127126130998341190348103034690069487890,/home/user/workspace/dataset_extracted/Датасет/НД_для_обучения/Исследования/2.25.127126130998341190348103034690069487890/series_002_2_CR/A250428736 DXA/CR DXA/CR000003.dcm,right_hip,3b0f2315071a6071274db7c369665c04b9d3883e
2.25.127126130998341190348103034690069487890,/home/user/workspace/dataset_extracted/Датасет/НД_для_обучения/Исследования/2.25.127126130998341190348103034690069487890/series_002_2_CR/A250428736 DXA/CR DXA/CR000004.dcm,spine,815231074e3757025093e19e4ed1145d98f5ced8
2.25.127126130998341190348103034690069487890,/home/user/workspace/dataset_extracted/Датасет/НД_для_обучения/Исследования/2.25.127126130998341190348103034690069487890/series_002_2_CR/A250428736 DXA/CR DXA/CR000005.dcm,right_hip,3b0f2315071a6071274db7c369665c04b9d3883e
2.25.12798473087614376830819854616447908612,/home/user/workspace/dataset_extracted/Датасет/НД_для_обучения/Исследования/2.25.12798473087614376830819854616447908612/series_002_2_CR/A2507538847 DXA/CR DXA/CR000000.dcm,spine,ebf822f00d4032704828089c3e0570bd2892df97
2.25.12798473087614376830819854616447908612,/home/user/workspace/dataset_extracted/Датасет/НД_для_обучения/Исследования/2.25.12798473087614376830819854616447908612/series_002_2_CR/A2507538847 DXA/CR DXA/CR000001.dcm,left_hip,275fde30303357cce50ed68037c24287829772ab
2.25.12798473087614376830819854616447908612,/home/user/workspace/dataset_extracted/Датасет/НД_для_обучения/Исследования/2.25.12798473087614376830819854616447908612/series_002_2_CR/A2507538847 DXA/CR DXA/CR000002.dcm,right_hip,6110c729a0185b5c658920f9a59bc237878b2ab0
2.25.128197189461989832465575162384360009377,/home/user/workspace/dataset_extracted/Датасет/НД_для_обучения/Исследования/2.25.128197189461989832465575162384360009377/series_001_2_CR/A2507216909 DXA/CR DXA/CR000000.dcm,spine,da3ae0e1d9aeb91641d3bf33b3cfe9daadd57581
2.25.128630285053087246379265602913470285158,/home/user/workspace/dataset_extracted/Датасет/НД_для_обучения/Исследования/2.25.128630285053087246379265602913470285158/series_003_2_CR/A2504394821 DXA/CR DXA/CR000000.dcm,spine,1c0e60f40403c1caa1a187bbe8c5ad24139f2609
2.25.128990540359421489042453547244535073735,/home/user/workspace/dataset_extracted/Датасет/НД_для_обучения/Исследования/2.25.128990540359421489042453547244535073735/series_002_2_CR/A2507388698 DXA/CR DXA/CR000000.dcm,left_hip,768832eaf0aa3bf8e309406abe879a5b1525788c
2.25.128990540359421489042453547244535073735,/home/user/workspace/dataset_extracted/Датасет/НД_для_обучения/Исследования/2.25.128990540359421489042453547244535073735/series_002_2_CR/A2507388698 DXA/CR DXA/CR000001.dcm,spine,386bb561be631ee88ab52e191a1b856286ee8d09
2.25.128990540359421489042453547244535073735,/home/user/workspace/dataset_extracted/Датасет/НД_для_обучения/Исследования/2.25.128990540359421489042453547244535073735/series_002_2_CR/A2507388698 DXA/CR DXA/CR000002.dcm,left_hip,768832eaf0aa3bf8e309406abe879a5b1525788c
2.25.128990540359421489042453547244535073735,/home/user/workspace/dataset_extracted/Датасет/НД_для_обучения/Исследования/2.25.128990540359421489042453547244535073735/series_002_2_CR/A2507388698 DXA/CR DXA/CR000003.dcm,right_hip,c0cce1076dd3899cbec2c831ec635cf2a2159b20
2.25.128990540359421489042453547244535073735,/home/user/workspace/dataset_extracted/Датасет/НД_для_обучения/Исследования/2.25.128990540359421489042453547244535073735/series_002_2_CR/A2507388698 DXA/CR DXA/CR000004.dcm,spine,386bb561be631ee88ab52e191a1b856286ee8d09
2.25.128990540359421489042453547244535073735,/home/user/workspace/dataset_extracted/Датасет/НД_для_обучения/Исследования/2.25.128990540359421489042453547244535073735/series_002_2_CR/A2507388698 DXA/CR DXA/CR000005.dcm,right_hip,c0cce1076dd3899cbec2c831ec635cf2a2159b20
2.25.129239680100193368599713239115902740628,/home/user/workspace/dataset_extracted/Датасет/НД_для_обучения/Исследования/2.25.129239680100193368599713239115902740628/series_003_3_CR/A250757345 DXA/CR DXA/CR000000.dcm,left_hip,cb4cb871d31e198b905d2839b56430cb26e8d581
2.25.13069823278093578548407087310307113784,/home/user/workspace/dataset_extracted/Датасет/НД_для_обучения/Исследования/2.25.13069823278093578548407087310307113784/series_003_2_CR/A2507242667 DXA/CR DXA/CR000000.dcm,left_hip,6a8042ba2f6d5c894680257edd18c180c58f1d05
2.25.13069823278093578548407087310307113784,/home/user/workspace/dataset_extracted/Датасет/НД_для_обучения/Исследования/2.25.13069823278093578548407087310307113784/series_003_2_CR/A2507242667 DXA/CR DXA/CR000001.dcm,spine,640563761c2f08aef5994606879f160596f3f57b
2.25.13069823278093578548407087310307113784,/home/user/workspace/dataset_extracted/Датасет/НД_для_обучения/Исследования/2.25.13069823278093578548407087310307113784/series_003_2_CR/A2507242667 DXA/CR DXA/CR000002.dcm,right_hip,706c2e521f2576c9c404ecfee6b2c788521c1379
2.25.132083163398091874662674590622589534350,/home/user/workspace/dataset_extracted/Датасет/НД_для_обучения/Исследования/2.25.132083163398091874662674590622589534350/series_003_2_CR/A2507386583 DXA Exam/CR DXA Images/CR000000.dcm,left_hip,33123aa502601aa62116bff0f0fce4990d6c1ba7
2.25.132083163398091874662674590622589534350,/home/user/workspace/dataset_extracted/Датасет/НД_для_обучения/Исследования/2.25.132083163398091874662674590622589534350/series_003_2_CR/A2507386583 DXA Exam/CR DXA Images/CR000001.dcm,spine,ffde6982fe4886e4a43455c4d3dcdb78a6bc90c3
2.25.132083163398091874662674590622589534350,/home/user/workspace/dataset_extracted/Датасет/НД_для_обучения/Исследования/2.25.132083163398091874662674590622589534350/series_003_2_CR/A2507386583 DXA Exam/CR DXA Images/CR000002.dcm,right_hip,7f408067ef66783f4b7dbb237fda5d508bb2e55e
2.25.132272637351979990811754009849547633391,/home/user/workspace/dataset_extracted/Датасет/НД_для_обучения/Исследования/2.25.132272637351979990811754009849547633391/series_003_3_CR/A2504141080 DXA/CR DXA/CR000000.dcm,left_hip,d5d8470fafcbd9abd93084cc7722ef72138495dd
2.25.132272637351979990811754009849547633391,/home/user/workspace/dataset_extracted/Датасет/НД_для_обучения/Исследования/2.25.132272637351979990811754009849547633391/series_003_3_CR/A2504141080 DXA/CR DXA/CR000001.dcm,right_hip,55542598f9d4cb1c9a6c9b3f7b40f2e02aa532ee
2.25.132272637351979990811754009849547633391,/home/user/workspace/dataset_extracted/Датасет/НД_для_обучения/Исследования/2.25.132272637351979990811754009849547633391/series_003_3_CR/A2504141080 DXA/CR DXA/CR000002.dcm,spine,992841b295bcb0e2f29cc08e8d0ee593aaf3de2a
2.25.13325817932854000792938662637654885530,/home/user/workspace/dataset_extracted/Датасет/НД_для_обучения/Исследования/2.25.13325817932854000792938662637654885530/series_002_2_CR/A2507365486 DXA/CR DXA/CR000000.dcm,spine,a4636d287d8d5eb65f1e12ed845b85352c584386
2.25.13325817932854000792938662637654885530,/home/user/workspace/dataset_extracted/Датасет/НД_для_обучения/Исследования/2.25.13325817932854000792938662637654885530/series_002_2_CR/A2507365486 DXA/CR DXA/CR000001.dcm,right_hip,c37e6460b5a93e692af576526f3955eaca467746
2.25.13325817932854000792938662637654885530,/home/user/workspace/dataset_extracted/Датасет/НД_для_обучения/Исследования/2.25.13325817932854000792938662637654885530/series_002_2_CR/A2507365486 DXA/CR DXA/CR000002.dcm,right_hip,c37e6460b5a93e692af576526f3955eaca467746
2.25.13325817932854000792938662637654885530,/home/user/workspace/dataset_extracted/Датасет/НД_для_обучения/Исследования/2.25.13325817932854000792938662637654885530/series_002_2_CR/A2507365486 DXA/CR DXA/CR000003.dcm,right_hip,c37e6460b5a93e692af576526f3955eaca467746
2.25.13325817932854000792938662637654885530,/home/user/workspace/dataset_extracted/Датасет/НД_для_обучения/Исследования/2.25.13325817932854000792938662637654885530/series_002_2_CR/A2507365486 DXA/CR DXA/CR000004.dcm,right_hip,c37e6460b5a93e692af576526f3955eaca467746
2.25.13325817932854000792938662637654885530,/home/user/workspace/dataset_extracted/Датасет/НД_для_обучения/Исследования/2.25.13325817932854000792938662637654885530/series_002_2_CR/A2507365486 DXA/CR DXA/CR000005.dcm,right_hip,8e0446df687c0d1bcec18883b2db112f7dd7fceb
2.25.13325817932854000792938662637654885530,/home/user/workspace/dataset_extracted/Датасет/НД_для_обучения/Исследования/2.25.13325817932854000792938662637654885530/series_002_2_CR/A2507365486 DXA/CR DXA/CR000006.dcm,right_hip,8e0446df687c0d1bcec18883b2db112f7dd7fceb
2.25.13325817932854000792938662637654885530,/home/user/workspace/dataset_extracted/Датасет/НД_для_обучения/Исследования/2.25.13325817932854000792938662637654885530/series_002_2_CR/A2507365486 DXA/CR DXA/CR000007.dcm,right_hip,c37e6460b5a93e692af576526f3955eaca467746
2.25.13325817932854000792938662637654885530,/home/user/workspace/dataset_extracted/Датасет/НД_для_обучения/Исследования/2.25.13325817932854000792938662637654885530/series_002_2_CR/A2507365486 DXA/CR DXA/CR000008.dcm,right_hip,8e0446df687c0d1bcec18883b2db112f7dd7fceb
2.25.13325817932854000792938662637654885530,/home/user/workspace/dataset_extracted/Датасет/НД_для_обучения/Исследования/2.25.13325817932854000792938662637654885530/series_002_2_CR/A2507365486 DXA/CR DXA/CR000009.dcm,right_hip,8e0446df687c0d1bcec18883b2db112f7dd7fceb
2.25.13325817932854000792938662637654885530,/home/user/workspace/dataset_extracted/Датасет/НД_для_обучения/Исследования/2.25.13325817932854000792938662637654885530/series_002_2_CR/A2507365486 DXA/CR DXA/CR000010.dcm,spine,a4636d287d8d5eb65f1e12ed845b85352c584386
2.25.13325817932854000792938662637654885530,/home/user/workspace/dataset_extracted/Датасет/НД_для_обучения/Исследования/2.25.13325817932854000792938662637654885530/series_002_2_CR/A2507365486 DXA/CR DXA/CR000011.dcm,right_hip,8e0446df687c0d1bcec18883b2db112f7dd7fceb
2.25.13325817932854000792938662637654885530,/home/user/workspace/dataset_extracted/Датасет/НД_для_обучения/Исследования/2.25.13325817932854000792938662637654885530/series_002_2_CR/A2507365486 DXA/CR DXA/CR000012.dcm,spine,a4636d287d8d5eb65f1e12ed845b85352c584386
2.25.134456506307367483341018281460841912845,/home/user/workspace/dataset_extracted/Датасет/НД_для_обучения/Исследования/2.25.134456506307367483341018281460841912845/series_002_2_CR/A2507120612 DXA/CR DXA/CR000000.dcm,right_hip,ad3ad2cf9453aca9b292470d0831ac8b458b921e
2.25.134456506307367483341018281460841912845,/home/user/workspace/dataset_extracted/Датасет/НД_для_обучения/Исследования/2.25.134456506307367483341018281460841912845/series_002_2_CR/A2507120612 DXA/CR DXA/CR000001.dcm,spine,38ae30c68dfa95a047e0acd984a36d0eb4159c54
2.25.134456506307367483341018281460841912845,/home/user/workspace/dataset_extracted/Датасет/НД_для_обучения/Исследования/2.25.134456506307367483341018281460841912845/series_002_2_CR/A2507120612 DXA/CR DXA/CR000002.dcm,right_hip,d5e02be44fd632cf79f6cf10218ddb0aef5195d8
2.25.135241889065705954191821710363605596815,/home/user/workspace/dataset_extracted/Датасет/НД_для_обучения/Исследования/2.25.135241889065705954191821710363605596815/series_003_3_CR/A250715060 DXA/CR DXA/CR000000.dcm,left_hip,54745fe5b9c61efad8a1e78b1e52c17aad8c679d
2.25.135241889065705954191821710363605596815,/home/user/workspace/dataset_extracted/Датасет/НД_для_обучения/Исследования/2.25.135241889065705954191821710363605596815/series_003_3_CR/A250715060 DXA/CR DXA/CR000001.dcm,spine,6c09eb6653749c9b4d20335248a9c6ff7e2e4a44
2.25.13566237352084812982996047541944701548,/home/user/workspace/dataset_extracted/Датасет/НД_для_обучения/Исследования/2.25.13566237352084812982996047541944701548/series_002_2_CR/A2504268931 DXA/CR DXA/CR000000.dcm,spine,af4aa26f209a86898ceed33b32aeed9fbff30bbf
2.25.137344827330550141320158285144101816664,/home/user/workspace/dataset_extracted/Датасет/НД_для_обучения/Исследования/2.25.137344827330550141320158285144101816664/series_003_3_CR/A2507146630 DXA/CR DXA/CR000000.dcm,spine,be4410371f0a4353fa2f332a7d60a0955e5c6015
2.25.137344827330550141320158285144101816664,/home/user/workspace/dataset_extracted/Датасет/НД_для_обучения/Исследования/2.25.137344827330550141320158285144101816664/series_003_3_CR/A2507146630 DXA/CR DXA/CR000001.dcm,right_hip,2e579e7596e82c21ce5dba29535c000c9b05b8a3
2.25.137344827330550141320158285144101816664,/home/user/workspace/dataset_extracted/Датасет/НД_для_обучения/Исследования/2.25.137344827330550141320158285144101816664/series_003_3_CR/A2507146630 DXA/CR DXA/CR000002.dcm,right_hip,496391e0ac83a8cd61c8041239e1b65fa808d6be
2.25.137675513852774974135210999345676405116,/home/user/workspace/dataset_extracted/Датасет/НД_для_обучения/Исследования/2.25.137675513852774974135210999345676405116/series_001_2_CR/A2504106597 DXA/CR DXA/CR000000.dcm,spine,1dec61d44db5b8d649119a9c89dcd2b53b7290f6
2.25.13983650679559142983913935144968795415,/home/user/workspace/dataset_extracted/Датасет/НД_для_обучения/Исследования/2.25.13983650679559142983913935144968795415/series_003_2_CR/A2504335111 DXA/CR DXA/CR000000.dcm,spine,6354128ef344ea79d4551654ce300ad3ef4d9b60
2.25.13983650679559142983913935144968795415,/home/user/workspace/dataset_extracted/Датасет/НД_для_обучения/Исследования/2.25.13983650679559142983913935144968795415/series_003_2_CR/A2504335111 DXA/CR DXA/CR000001.dcm,left_hip,9074ac72bd0dfd6f641779b5e663f4089a490c34
2.25.13983650679559142983913935144968795415,/home/user/workspace/dataset_extracted/Датасет/НД_для_обучения/Исследования/2.25.13983650679559142983913935144968795415/series_003_2_CR/A2504335111 DXA/CR DXA/CR000002.dcm,right_hip,1826d2ddc65b3d206151fe1a8fb55aa8d587fcc4
2.25.13983650679559142983913935144968795415,/home/user/workspace/dataset_extracted/Датасет/НД_для_обучения/Исследования/2.25.13983650679559142983913935144968795415/series_003_2_CR/A2504335111 DXA/CR DXA/CR000003.dcm,spine,6354128ef344ea79d4551654ce300ad3ef4d9b60
2.25.13983650679559142983913935144968795415,/home/user/workspace/dataset_extracted/Датасет/НД_для_обучения/Исследования/2.25.13983650679559142983913935144968795415/series_003_2_CR/A2504335111 DXA/CR DXA/CR000004.dcm,right_hip,1826d2ddc65b3d206151fe1a8fb55aa8d587fcc4
2.25.13983650679559142983913935144968795415,/home/user/workspace/dataset_extracted/Датасет/НД_для_обучения/Исследования/2.25.13983650679559142983913935144968795415/series_003_2_CR/A2504335111 DXA/CR DXA/CR000005.dcm,left_hip,9074ac72bd0dfd6f641779b5e663f4089a490c34
2.25.144941557565802351596730914409170713112,/home/user/workspace/dataset_extracted/Датасет/НД_для_обучения/Исследования/2.25.144941557565802351596730914409170713112/series_001_2_CR/A250728979 DXA/CR DXA/CR000000.dcm,left_hip,970b95624b9d3e9a80cfbd493b720ce25305d540
2.25.144941557565802351596730914409170713112,/home/user/workspace/dataset_extracted/Датасет/НД_для_обучения/Исследования/2.25.144941557565802351596730914409170713112/series_001_2_CR/A250728979 DXA/CR DXA/CR000001.dcm,left_hip,970b95624b9d3e9a80cfbd493b720ce25305d540
2.25.144941557565802351596730914409170713112,/home/user/workspace/dataset_extracted/Датасет/НД_для_обучения/Исследования/2.25.144941557565802351596730914409170713112/series_001_2_CR/A250728979 DXA/CR DXA/CR000002.dcm,right_hip,a2203ce8c48ccc2fae581721f2aac971277c5ae0
2.25.144941557565802351596730914409170713112,/home/user/workspace/dataset_extracted/Датасет/НД_для_обучения/Исследования/2.25.144941557565802351596730914409170713112/series_001_2_CR/A250728979 DXA/CR DXA/CR000003.dcm,right_hip,a2203ce8c48ccc2fae581721f2aac971277c5ae0
2.25.144941557565802351596730914409170713112,/home/user/workspace/dataset_extracted/Датасет/НД_для_обучения/Исследования/2.25.144941557565802351596730914409170713112/series_001_2_CR/A250728979 DXA/CR DXA/CR000004.dcm,right_hip,a2203ce8c48ccc2fae581721f2aac971277c5ae0
2.25.144941557565802351596730914409170713112,/home/user/workspace/dataset_extracted/Датасет/НД_для_обучения/Исследования/2.25.144941557565802351596730914409170713112/series_001_2_CR/A250728979 DXA/CR DXA/CR000005.dcm,right_hip,a2203ce8c48ccc2fae581721f2aac971277c5ae0
2.25.144941557565802351596730914409170713112,/home/user/workspace/dataset_extracted/Датасет/НД_для_обучения/Исследования/2.25.144941557565802351596730914409170713112/series_001_2_CR/A250728979 DXA/CR DXA/CR000006.dcm,spine,8986bf0b01a8493b6de7bf0fd61c1ed637592d39
2.25.144941557565802351596730914409170713112,/home/user/workspace/dataset_extracted/Датасет/НД_для_обучения/Исследования/2.25.144941557565802351596730914409170713112/series_001_2_CR/A250728979 DXA/CR DXA/CR000007.dcm,left_hip,970b95624b9d3e9a80cfbd493b720ce25305d540
2.25.144941557565802351596730914409170713112,/home/user/workspace/dataset_extracted/Датасет/НД_для_обучения/Исследования/2.25.144941557565802351596730914409170713112/series_001_2_CR/A250728979 DXA/CR DXA/CR000008.dcm,spine,8986bf0b01a8493b6de7bf0fd61c1ed637592d39
2.25.144941557565802351596730914409170713112,/home/user/workspace/dataset_extracted/Датасет/НД_для_обучения/Исследования/2.25.144941557565802351596730914409170713112/series_001_2_CR/A250728979 DXA/CR DXA/CR000009.dcm,spine,8986bf0b01a8493b6de7bf0fd61c1ed637592d39
2.25.144941557565802351596730914409170713112,/home/user/workspace/dataset_extracted/Датасет/НД_для_обучения/Исследования/2.25.144941557565802351596730914409170713112/series_001_2_CR/A250728979 DXA/CR DXA/CR000010.dcm,left_hip,970b95624b9d3e9a80cfbd493b720ce25305d540
2.25.145848300160680194368420189079847088556,/home/user/workspace/dataset_extracted/Датасет/НД_для_обучения/Исследования/2.25.145848300160680194368420189079847088556/series_002_2_CR/A2504248615 DXA Exam/CR DXA Images/CR000000.dcm,right_hip,b6640b62454ca0d59980c7aa049f11ab5b359d79
2.25.145848300160680194368420189079847088556,/home/user/workspace/dataset_extracted/Датасет/НД_для_обучения/Исследования/2.25.145848300160680194368420189079847088556/series_002_2_CR/A2504248615 DXA Exam/CR DXA Images/CR000001.dcm,left_hip,79c82a1798aa2dc8e19f74428fe3037000d7b43e
2.25.145848300160680194368420189079847088556,/home/user/workspace/dataset_extracted/Датасет/НД_для_обучения/Исследования/2.25.145848300160680194368420189079847088556/series_002_2_CR/A2504248615 DXA Exam/CR DXA Images/CR000002.dcm,spine,1ad6bfe44ce306b9e15f4ef2e25d9698a8689374
2.25.151186844055172005615813066162721550889,/home/user/workspace/dataset_extracted/Датасет/НД_для_обучения/Исследования/2.25.151186844055172005615813066162721550889/series_002_2_CR/A250436130 DXA/CR DXA/CR000000.dcm,spine,fc8cf1d18a330ce92d1edd0e7fec616d114be87f
2.25.151186844055172005615813066162721550889,/home/user/workspace/dataset_extracted/Датасет/НД_для_обучения/Исследования/2.25.151186844055172005615813066162721550889/series_002_2_CR/A250436130 DXA/CR DXA/CR000001.dcm,left_hip,a17fa0ff21dc4d5f9f193b9f42f7d37a69e132c6
2.25.151186844055172005615813066162721550889,/home/user/workspace/dataset_extracted/Датасет/НД_для_обучения/Исследования/2.25.151186844055172005615813066162721550889/series_002_2_CR/A250436130 DXA/CR DXA/CR000002.dcm,right_hip,f3d2a549e9be32cce3f4eb142ab4ab1c793fc4db
2.25.156021661584944120526934974594604520993,/home/user/workspace/dataset_extracted/Датасет/НД_для_обучения/Исследования/2.25.156021661584944120526934974594604520993/series_003_2_CR/A2507142228 DXA/CR DXA/CR000000.dcm,spine,e04dda94a3073865116082fef0cee947771cd12a
2.25.156021661584944120526934974594604520993,/home/user/workspace/dataset_extracted/Датасет/НД_для_обучения/Исследования/2.25.156021661584944120526934974594604520993/series_003_2_CR/A2507142228 DXA/CR DXA/CR000001.dcm,right_hip,778d3d72ce9994ab0869bb9aca2bf3e00d9bccec
2.25.156021661584944120526934974594604520993,/home/user/workspace/dataset_extracted/Датасет/НД_для_обучения/Исследования/2.25.156021661584944120526934974594604520993/series_003_2_CR/A2507142228 DXA/CR DXA/CR000002.dcm,right_hip,778d3d72ce9994ab0869bb9aca2bf3e00d9bccec
2.25.156021661584944120526934974594604520993,/home/user/workspace/dataset_extracted/Датасет/НД_для_обучения/Исследования/2.25.156021661584944120526934974594604520993/series_003_2_CR/A2507142228 DXA/CR DXA/CR000003.dcm,left_hip,363f7a8760a8f03794d7ad2262df3b51910874da
2.25.156021661584944120526934974594604520993,/home/user/workspace/dataset_extracted/Датасет/НД_для_обучения/Исследования/2.25.156021661584944120526934974594604520993/series_003_2_CR/A2507142228 DXA/CR DXA/CR000004.dcm,left_hip,363f7a8760a8f03794d7ad2262df3b51910874da
2.25.156021661584944120526934974594604520993,/home/user/workspace/dataset_extracted/Датасет/НД_для_обучения/Исследования/2.25.156021661584944120526934974594604520993/series_003_2_CR/A2507142228 DXA/CR DXA/CR000005.dcm,left_hip,363f7a8760a8f03794d7ad2262df3b51910874da
2.25.156021661584944120526934974594604520993,/home/user/workspace/dataset_extracted/Датасет/НД_для_обучения/Исследования/2.25.156021661584944120526934974594604520993/series_003_2_CR/A2507142228 DXA/CR DXA/CR000006.dcm,right_hip,778d3d72ce9994ab0869bb9aca2bf3e00d9bccec
2.25.156021661584944120526934974594604520993,/home/user/workspace/dataset_extracted/Датасет/НД_для_обучения/Исследования/2.25.156021661584944120526934974594604520993/series_003_2_CR/A2507142228 DXA/CR DXA/CR000007.dcm,right_hip,778d3d72ce9994ab0869bb9aca2bf3e00d9bccec
2.25.156021661584944120526934974594604520993,/home/user/workspace/dataset_extracted/Датасет/НД_для_обучения/Исследования/2.25.156021661584944120526934974594604520993/series_003_2_CR/A2507142228 DXA/CR DXA/CR000008.dcm,spine,e04dda94a3073865116082fef0cee947771cd12a
2.25.156021661584944120526934974594604520993,/home/user/workspace/dataset_extracted/Датасет/НД_для_обучения/Исследования/2.25.156021661584944120526934974594604520993/series_003_2_CR/A2507142228 DXA/CR DXA/CR000009.dcm,left_hip,363f7a8760a8f03794d7ad2262df3b51910874da
2.25.156021661584944120526934974594604520993,/home/user/workspace/dataset_extracted/Датасет/НД_для_обучения/Исследования/2.25.156021661584944120526934974594604520993/series_003_2_CR/A2507142228 DXA/CR DXA/CR000010.dcm,left_hip,363f7a8760a8f03794d7ad2262df3b51910874da
2.25.156021661584944120526934974594604520993,/home/user/workspace/dataset_extracted/Датасет/НД_для_обучения/Исследования/2.25.156021661584944120526934974594604520993/series_003_2_CR/A2507142228 DXA/CR DXA/CR000011.dcm,spine,e04dda94a3073865116082fef0cee947771cd12a
2.25.156375884487675936513403083218009333856,/home/user/workspace/dataset_extracted/Датасет/НД_для_обучения/Исследования/2.25.156375884487675936513403083218009333856/series_003_2_CR/A250727121 DXA/CR DXA/CR000000.dcm,left_hip,1a37c4ad307b02218b9c65229bf2a43d03c68509
2.25.156375884487675936513403083218009333856,/home/user/workspace/dataset_extracted/Датасет/НД_для_обучения/Исследования/2.25.156375884487675936513403083218009333856/series_003_2_CR/A250727121 DXA/CR DXA/CR000001.dcm,spine,6158f73c5ad69102c7a865a08151744f1d116a64
2.25.156375884487675936513403083218009333856,/home/user/workspace/dataset_extracted/Датасет/НД_для_обучения/Исследования/2.25.156375884487675936513403083218009333856/series_003_2_CR/A250727121 DXA/CR DXA/CR000002.dcm,left_hip,1a37c4ad307b02218b9c65229bf2a43d03c68509
2.25.156375884487675936513403083218009333856,/home/user/workspace/dataset_extracted/Датасет/НД_для_обучения/Исследования/2.25.156375884487675936513403083218009333856/series_003_2_CR/A250727121 DXA/CR DXA/CR000003.dcm,spine,6158f73c5ad69102c7a865a08151744f1d116a64
2.25.156375884487675936513403083218009333856,/home/user/workspace/dataset_extracted/Датасет/НД_для_обучения/Исследования/2.25.156375884487675936513403083218009333856/series_003_2_CR/A250727121 DXA/CR DXA/CR000004.dcm,right_hip,ddbf8b3402d2d55bf4540080179a3e3625995beb
2.25.156375884487675936513403083218009333856,/home/user/workspace/dataset_extracted/Датасет/НД_для_обучения/Исследования/2.25.156375884487675936513403083218009333856/series_003_2_CR/A250727121 DXA/CR DXA/CR000005.dcm,left_hip,1a37c4ad307b02218b9c65229bf2a43d03c68509
2.25.156375884487675936513403083218009333856,/home/user/workspace/dataset_extracted/Датасет/НД_для_обучения/Исследования/2.25.156375884487675936513403083218009333856/series_003_2_CR/A250727121 DXA/CR DXA/CR000006.dcm,left_hip,1a37c4ad307b02218b9c65229bf2a43d03c68509
2.25.156375884487675936513403083218009333856,/home/user/workspace/dataset_extracted/Датасет/НД_для_обучения/Исследования/2.25.156375884487675936513403083218009333856/series_003_2_CR/A250727121 DXA/CR DXA/CR000007.dcm,right_hip,ddbf8b3402d2d55bf4540080179a3e3625995beb
2.25.156375884487675936513403083218009333856,/home/user/workspace/dataset_extracted/Датасет/НД_для_обучения/Исследования/2.25.156375884487675936513403083218009333856/series_003_2_CR/A250727121 DXA/CR DXA/CR000008.dcm,right_hip,ddbf8b3402d2d55bf4540080179a3e3625995beb
2.25.156375884487675936513403083218009333856,/home/user/workspace/dataset_extracted/Датасет/НД_для_обучения/Исследования/2.25.156375884487675936513403083218009333856/series_003_2_CR/A250727121 DXA/CR DXA/CR000009.dcm,spine,6158f73c5ad69102c7a865a08151744f1d116a64
2.25.156375884487675936513403083218009333856,/home/user/workspace/dataset_extracted/Датасет/НД_для_обучения/Исследования/2.25.156375884487675936513403083218009333856/series_003_2_CR/A250727121 DXA/CR DXA/CR000010.dcm,left_hip,1a37c4ad307b02218b9c65229bf2a43d03c68509
2.25.156389075510671877606923458507011517218,/home/user/workspace/dataset_extracted/Датасет/НД_для_обучения/Исследования/2.25.156389075510671877606923458507011517218/series_001_2_CR/A2507389755 DXA/CR DXA/CR000000.dcm,right_hip,f894d8d435d548689605fb39a2b2d13a631772ad
2.25.156389075510671877606923458507011517218,/home/user/workspace/dataset_extracted/Датасет/НД_для_обучения/Исследования/2.25.156389075510671877606923458507011517218/series_001_2_CR/A2507389755 DXA/CR DXA/CR000001.dcm,left_hip,da094495fcaaa576b892a733c37c90494b62b153
2.25.156389075510671877606923458507011517218,/home/user/workspace/dataset_extracted/Датасет/НД_для_обучения/Исследования/2.25.156389075510671877606923458507011517218/series_001_2_CR/A2507389755 DXA/CR DXA/CR000002.dcm,spine,da30b7e48810ddd1c0e9bd08ec265502bd5ef889
2.25.156389075510671877606923458507011517218,/home/user/workspace/dataset_extracted/Датасет/НД_для_обучения/Исследования/2.25.156389075510671877606923458507011517218/series_001_2_CR/A2507389755 DXA/CR DXA/CR000003.dcm,spine,da30b7e48810ddd1c0e9bd08ec265502bd5ef889
2.25.156389075510671877606923458507011517218,/home/user/workspace/dataset_extracted/Датасет/НД_для_обучения/Исследования/2.25.156389075510671877606923458507011517218/series_001_2_CR/A2507389755 DXA/CR DXA/CR000004.dcm,left_hip,da094495fcaaa576b892a733c37c90494b62b153
2.25.156389075510671877606923458507011517218,/home/user/workspace/dataset_extracted/Датасет/НД_для_обучения/Исследования/2.25.156389075510671877606923458507011517218/series_001_2_CR/A2507389755 DXA/CR DXA/CR000005.dcm,right_hip,f894d8d435d548689605fb39a2b2d13a631772ad
2.25.157462338378550185821790046400986801350,/home/user/workspace/dataset_extracted/Датасет/НД_для_обучения/Исследования/2.25.157462338378550185821790046400986801350/series_001_2_CR/A2507498707 DXA/CR DXA/CR000000.dcm,spine,b875791856e8e16c5f1c477c647848ef2bcc5dd5
2.25.157462338378550185821790046400986801350,/home/user/workspace/dataset_extracted/Датасет/НД_для_обучения/Исследования/2.25.157462338378550185821790046400986801350/series_001_2_CR/A2507498707 DXA/CR DXA/CR000001.dcm,right_hip,6d57d56fceaff59425fe688aa23bb32fedffc80e
2.25.157462338378550185821790046400986801350,/home/user/workspace/dataset_extracted/Датасет/НД_для_обучения/Исследования/2.25.157462338378550185821790046400986801350/series_001_2_CR/A2507498707 DXA/CR DXA/CR000002.dcm,spine,b875791856e8e16c5f1c477c647848ef2bcc5dd5
2.25.157462338378550185821790046400986801350,/home/user/workspace/dataset_extracted/Датасет/НД_для_обучения/Исследования/2.25.157462338378550185821790046400986801350/series_001_2_CR/A2507498707 DXA/CR DXA/CR000003.dcm,left_hip,29e4743f8b35754fdba714468ef7d15eabbb7dd7
2.25.157462338378550185821790046400986801350,/home/user/workspace/dataset_extracted/Датасет/НД_для_обучения/Исследования/2.25.157462338378550185821790046400986801350/series_001_2_CR/A2507498707 DXA/CR DXA/CR000004.dcm,right_hip,6d57d56fceaff59425fe688aa23bb32fedffc80e
2.25.157462338378550185821790046400986801350,/home/user/workspace/dataset_extracted/Датасет/НД_для_обучения/Исследования/2.25.157462338378550185821790046400986801350/series_001_2_CR/A2507498707 DXA/CR DXA/CR000005.dcm,left_hip,29e4743f8b35754fdba714468ef7d15eabbb7dd7
2.25.158197739569377798130962967413133224194,/home/user/workspace/dataset_extracted/Датасет/НД_для_обучения/Исследования/2.25.158197739569377798130962967413133224194/series_002_2_CR/A2504245497 DXA/CR DXA/CR000000.dcm,spine,3d01bf5699551a9286d955c63a4499e1889a4dc6
2.25.158646777318759504110695916200521633609,/home/user/workspace/dataset_extracted/Датасет/НД_для_обучения/Исследования/2.25.158646777318759504110695916200521633609/series_003_6_CR/A2507266260 DXA/CR DXA/CR000000.dcm,right_hip,a4d7d22cee183face3e65915e0a014c166c16e4a
2.25.158646777318759504110695916200521633609,/home/user/workspace/dataset_extracted/Датасет/НД_для_обучения/Исследования/2.25.158646777318759504110695916200521633609/series_003_6_CR/A2507266260 DXA/CR DXA/CR000001.dcm,spine,5955605b9b14e2716b9175c0042b6eff21e783a4
2.25.158646777318759504110695916200521633609,/home/user/workspace/dataset_extracted/Датасет/НД_для_обучения/Исследования/2.25.158646777318759504110695916200521633609/series_003_6_CR/A2507266260 DXA/CR DXA/CR000002.dcm,spine,5955605b9b14e2716b9175c0042b6eff21e783a4
2.25.158646777318759504110695916200521633609,/home/user/workspace/dataset_extracted/Датасет/НД_для_обучения/Исследования/2.25.158646777318759504110695916200521633609/series_003_6_CR/A2507266260 DXA/CR DXA/CR000003.dcm,left_hip,b24502d65e20225ea884ca0aa4e832804d1d7f52
2.25.158646777318759504110695916200521633609,/home/user/workspace/dataset_extracted/Датасет/НД_для_обучения/Исследования/2.25.158646777318759504110695916200521633609/series_003_6_CR/A2507266260 DXA/CR DXA/CR000004.dcm,left_hip,b24502d65e20225ea884ca0aa4e832804d1d7f52
2.25.158646777318759504110695916200521633609,/home/user/workspace/dataset_extracted/Датасет/НД_для_обучения/Исследования/2.25.158646777318759504110695916200521633609/series_003_6_CR/A2507266260 DXA/CR DXA/CR000005.dcm,right_hip,a4d7d22cee183face3e65915e0a014c166c16e4a
2.25.158646777318759504110695916200521633609,/home/user/workspace/dataset_extracted/Датасет/НД_для_обучения/Исследования/2.25.158646777318759504110695916200521633609/series_003_6_CR/A2507266260 DXA/CR DXA/CR000006.dcm,right_hip,a4d7d22cee183face3e65915e0a014c166c16e4a
2.25.158646777318759504110695916200521633609,/home/user/workspace/dataset_extracted/Датасет/НД_для_обучения/Исследования/2.25.158646777318759504110695916200521633609/series_003_6_CR/A2507266260 DXA/CR DXA/CR000007.dcm,left_hip,b24502d65e20225ea884ca0aa4e832804d1d7f52
2.25.158646777318759504110695916200521633609,/home/user/workspace/dataset_extracted/Датасет/НД_для_обучения/Исследования/2.25.158646777318759504110695916200521633609/series_003_6_CR/A2507266260 DXA/CR DXA/CR000008.dcm,spine,5955605b9b14e2716b9175c0042b6eff21e783a4
2.25.158646777318759504110695916200521633609,/home/user/workspace/dataset_extracted/Датасет/НД_для_обучения/Исследования/2.25.158646777318759504110695916200521633609/series_003_6_CR/A2507266260 DXA/CR DXA/CR000009.dcm,spine,5955605b9b14e2716b9175c0042b6eff21e783a4
2.25.158646777318759504110695916200521633609,/home/user/workspace/dataset_extracted/Датасет/НД_для_обучения/Исследования/2.25.158646777318759504110695916200521633609/series_003_6_CR/A2507266260 DXA/CR DXA/CR000010.dcm,left_hip,b24502d65e20225ea884ca0aa4e832804d1d7f52
2.25.158646777318759504110695916200521633609,/home/user/workspace/dataset_extracted/Датасет/НД_для_обучения/Исследования/2.25.158646777318759504110695916200521633609/series_004_2_CR/A2507266260 DXA/CR DXA/CR000000.dcm,spine,5955605b9b14e2716b9175c0042b6eff21e783a4
2.25.158646777318759504110695916200521633609,/home/user/workspace/dataset_extracted/Датасет/НД_для_обучения/Исследования/2.25.158646777318759504110695916200521633609/series_004_2_CR/A2507266260 DXA/CR DXA/CR000001.dcm,right_hip,a4d7d22cee183face3e65915e0a014c166c16e4a
2.25.158646777318759504110695916200521633609,/home/user/workspace/dataset_extracted/Датасет/НД_для_обучения/Исследования/2.25.158646777318759504110695916200521633609/series_004_2_CR/A2507266260 DXA/CR DXA/CR000002.dcm,spine,5955605b9b14e2716b9175c0042b6eff21e783a4
2.25.158646777318759504110695916200521633609,/home/user/workspace/dataset_extracted/Датасет/НД_для_обучения/Исследования/2.25.158646777318759504110695916200521633609/series_004_2_CR/A2507266260 DXA/CR DXA/CR000003.dcm,left_hip,b24502d65e20225ea884ca0aa4e832804d1d7f52
2.25.158646777318759504110695916200521633609,/home/user/workspace/dataset_extracted/Датасет/НД_для_обучения/Исследования/2.25.158646777318759504110695916200521633609/series_004_2_CR/A2507266260 DXA/CR DXA/CR000004.dcm,right_hip,a4d7d22cee183face3e65915e0a014c166c16e4a
2.25.158646777318759504110695916200521633609,/home/user/workspace/dataset_extracted/Датасет/НД_для_обучения/Исследования/2.25.158646777318759504110695916200521633609/series_004_2_CR/A2507266260 DXA/CR DXA/CR000005.dcm,spine,5955605b9b14e2716b9175c0042b6eff21e783a4
2.25.158646777318759504110695916200521633609,/home/user/workspace/dataset_extracted/Датасет/НД_для_обучения/Исследования/2.25.158646777318759504110695916200521633609/series_004_2_CR/A2507266260 DXA/CR DXA/CR000006.dcm,left_hip,b24502d65e20225ea884ca0aa4e832804d1d7f52
2.25.158646777318759504110695916200521633609,/home/user/workspace/dataset_extracted/Датасет/НД_для_обучения/Исследования/2.25.158646777318759504110695916200521633609/series_004_2_CR/A2507266260 DXA/CR DXA/CR000007.dcm,right_hip,a4d7d22cee183face3e65915e0a014c166c16e4a
2.25.158646777318759504110695916200521633609,/home/user/workspace/dataset_extracted/Датасет/НД_для_обучения/Исследования/2.25.158646777318759504110695916200521633609/series_004_2_CR/A2507266260 DXA/CR DXA/CR000008.dcm,spine,5955605b9b14e2716b9175c0042b6eff21e783a4
2.25.158646777318759504110695916200521633609,/home/user/workspace/dataset_extracted/Датасет/НД_для_обучения/Исследования/2.25.158646777318759504110695916200521633609/series_004_2_CR/A2507266260 DXA/CR DXA/CR000009.dcm,left_hip,b24502d65e20225ea884ca0aa4e832804d1d7f52
2.25.158646777318759504110695916200521633609,/home/user/workspace/dataset_extracted/Датасет/НД_для_обучения/Исследования/2.25.158646777318759504110695916200521633609/series_004_2_CR/A2507266260 DXA/CR DXA/CR000010.dcm,right_hip,a4d7d22cee183face3e65915e0a014c166c16e4a
2.25.158646777318759504110695916200521633609,/home/user/workspace/dataset_extracted/Датасет/НД_для_обучения/Исследования/2.25.158646777318759504110695916200521633609/series_004_2_CR/A2507266260 DXA/CR DXA/CR000011.dcm,left_hip,b24502d65e20225ea884ca0aa4e832804d1d7f52
2.25.158646777318759504110695916200521633609,/home/user/workspace/dataset_extracted/Датасет/НД_для_обучения/Исследования/2.25.158646777318759504110695916200521633609/series_004_2_CR/A2507266260 DXA/CR DXA/CR000012.dcm,spine,5955605b9b14e2716b9175c0042b6eff21e783a4
2.25.158646777318759504110695916200521633609,/home/user/workspace/dataset_extracted/Датасет/НД_для_обучения/Исследования/2.25.158646777318759504110695916200521633609/series_004_2_CR/A2507266260 DXA/CR DXA/CR000013.dcm,spine,5955605b9b14e2716b9175c0042b6eff21e783a4
2.25.158646777318759504110695916200521633609,/home/user/workspace/dataset_extracted/Датасет/НД_для_обучения/Исследования/2.25.158646777318759504110695916200521633609/series_004_2_CR/A2507266260 DXA/CR DXA/CR000014.dcm,left_hip,b24502d65e20225ea884ca0aa4e832804d1d7f52
2.25.158646777318759504110695916200521633609,/home/user/workspace/dataset_extracted/Датасет/НД_для_обучения/Исследования/2.25.158646777318759504110695916200521633609/series_004_2_CR/A2507266260 DXA/CR DXA/CR000015.dcm,left_hip,b24502d65e20225ea884ca0aa4e832804d1d7f52
2.25.158646777318759504110695916200521633609,/home/user/workspace/dataset_extracted/Датасет/НД_для_обучения/Исследования/2.25.158646777318759504110695916200521633609/series_004_2_CR/A2507266260 DXA/CR DXA/CR000016.dcm,right_hip,a4d7d22cee183face3e65915e0a014c166c16e4a
2.25.158646777318759504110695916200521633609,/home/user/workspace/dataset_extracted/Датасет/НД_для_обучения/Исследования/2.25.158646777318759504110695916200521633609/series_004_2_CR/A2507266260 DXA/CR DXA/CR000017.dcm,right_hip,a4d7d22cee183face3e65915e0a014c166c16e4a
2.25.159930383074323525630608416881201447861,/home/user/workspace/dataset_extracted/Датасет/НД_для_обучения/Исследования/2.25.159930383074323525630608416881201447861/series_002_2_CR/A2507139428 DXA/CR DXA/CR000000.dcm,spine,f67cbb03e01c1992cd8a7a196c873b648632e0de
2.25.164566280810634620154538016595892212884,/home/user/workspace/dataset_extracted/Датасет/НД_для_обучения/Исследования/2.25.164566280810634620154538016595892212884/series_001_2_CR/A2504291878 DXA Exam/CR DXA Images/CR000000.dcm,right_hip,4b9b0ef2841633da234b564121f8237cc20e31fa
2.25.164566280810634620154538016595892212884,/home/user/workspace/dataset_extracted/Датасет/НД_для_обучения/Исследования/2.25.164566280810634620154538016595892212884/series_001_2_CR/A2504291878 DXA Exam/CR DXA Images/CR000001.dcm,spine,1f8c213a1e30cf253c55cd2794dd7ce8e0d593b6
2.25.164566280810634620154538016595892212884,/home/user/workspace/dataset_extracted/Датасет/НД_для_обучения/Исследования/2.25.164566280810634620154538016595892212884/series_001_2_CR/A2504291878 DXA Exam/CR DXA Images/CR000002.dcm,left_hip,fc3dbb475c06b0b5b9f99d89227ac2f28cc9bbc0
2.25.165091430504580219034019815337441064349,/home/user/workspace/dataset_extracted/Датасет/НД_для_обучения/Исследования/2.25.165091430504580219034019815337441064349/series_001_2_CR/A2504415443 DXA/CR DXA/CR000000.dcm,right_hip,413de1f6f90eb350d2b531b40982adb58aad3ca0
2.25.165091430504580219034019815337441064349,/home/user/workspace/dataset_extracted/Датасет/НД_для_обучения/Исследования/2.25.165091430504580219034019815337441064349/series_001_2_CR/A2504415443 DXA/CR DXA/CR000001.dcm,left_hip,c62cc28d849e6201f6cecca0d5033e78863ed540
2.25.165091430504580219034019815337441064349,/home/user/workspace/dataset_extracted/Датасет/НД_для_обучения/Исследования/2.25.165091430504580219034019815337441064349/series_001_2_CR/A2504415443 DXA/CR DXA/CR000002.dcm,spine,912d3c9cec2f62a1d726529c7fca15186a3c16f3
2.25.165091430504580219034019815337441064349,/home/user/workspace/dataset_extracted/Датасет/НД_для_обучения/Исследования/2.25.165091430504580219034019815337441064349/series_001_2_CR/A2504415443 DXA/CR DXA/CR000003.dcm,spine,912d3c9cec2f62a1d726529c7fca15186a3c16f3
2.25.165091430504580219034019815337441064349,/home/user/workspace/dataset_extracted/Датасет/НД_для_обучения/Исследования/2.25.165091430504580219034019815337441064349/series_001_2_CR/A2504415443 DXA/CR DXA/CR000004.dcm,right_hip,413de1f6f90eb350d2b531b40982adb58aad3ca0
2.25.165091430504580219034019815337441064349,/home/user/workspace/dataset_extracted/Датасет/НД_для_обучения/Исследования/2.25.165091430504580219034019815337441064349/series_001_2_CR/A2504415443 DXA/CR DXA/CR000005.dcm,left_hip,c62cc28d849e6201f6cecca0d5033e78863ed540
2.25.165355673991587715046346525964554729786,/home/user/workspace/dataset_extracted/Датасет/НД_для_обучения/Исследования/2.25.165355673991587715046346525964554729786/series_003_3_CR/A2506448267 DXA/CR DXA/CR000000.dcm,right_hip,1463e0b0ea863aaa611aded4a83e4c08c2046a39
2.25.165355673991587715046346525964554729786,/home/user/workspace/dataset_extracted/Датасет/НД_для_обучения/Исследования/2.25.165355673991587715046346525964554729786/series_003_3_CR/A2506448267 DXA/CR DXA/CR000001.dcm,spine,10e2a53d19bbd838c1b6711056ca1c248d38f739
2.25.167344201679287285499405412654740659745,/home/user/workspace/dataset_extracted/Датасет/НД_для_обучения/Исследования/2.25.167344201679287285499405412654740659745/series_003_2_CR/A2504249537 DXA/CR DXA/CR000000.dcm,left_hip,cd6cb68fea2ea05e362701e462b265cbbca03ccc
2.25.167344201679287285499405412654740659745,/home/user/workspace/dataset_extracted/Датасет/НД_для_обучения/Исследования/2.25.167344201679287285499405412654740659745/series_003_2_CR/A2504249537 DXA/CR DXA/CR000001.dcm,right_hip,a69d5e7c25ef22c77f4ac6b2b6d4bf98882a0ad5
2.25.167344201679287285499405412654740659745,/home/user/workspace/dataset_extracted/Датасет/НД_для_обучения/Исследования/2.25.167344201679287285499405412654740659745/series_003_2_CR/A2504249537 DXA/CR DXA/CR000002.dcm,spine,b3aa2135081a101e72b9690e61db7007cc18458d
2.25.167344201679287285499405412654740659745,/home/user/workspace/dataset_extracted/Датасет/НД_для_обучения/Исследования/2.25.167344201679287285499405412654740659745/series_003_2_CR/A2504249537 DXA/CR DXA/CR000003.dcm,right_hip,a69d5e7c25ef22c77f4ac6b2b6d4bf98882a0ad5
2.25.167344201679287285499405412654740659745,/home/user/workspace/dataset_extracted/Датасет/НД_для_обучения/Исследования/2.25.167344201679287285499405412654740659745/series_003_2_CR/A2504249537 DXA/CR DXA/CR000004.dcm,spine,b3aa2135081a101e72b9690e61db7007cc18458d
2.25.167344201679287285499405412654740659745,/home/user/workspace/dataset_extracted/Датасет/НД_для_обучения/Исследования/2.25.167344201679287285499405412654740659745/series_003_2_CR/A2504249537 DXA/CR DXA/CR000005.dcm,left_hip,cd6cb68fea2ea05e362701e462b265cbbca03ccc
2.25.16773626720107440979805052259711419763,/home/user/workspace/dataset_extracted/Датасет/НД_для_обучения/Исследования/2.25.16773626720107440979805052259711419763/series_004_2_CR/A2507537392 DXA/CR DXA/CR000000.dcm,spine,58ebda1997384334cc908e86b7edc7566b733d5d
2.25.16773626720107440979805052259711419763,/home/user/workspace/dataset_extracted/Датасет/НД_для_обучения/Исследования/2.25.16773626720107440979805052259711419763/series_004_2_CR/A2507537392 DXA/CR DXA/CR000001.dcm,right_hip,de2ae68ddafdb70d198fdc47ddddc61509fe07ce
2.25.16773626720107440979805052259711419763,/home/user/workspace/dataset_extracted/Датасет/НД_для_обучения/Исследования/2.25.16773626720107440979805052259711419763/series_004_2_CR/A2507537392 DXA/CR DXA/CR000002.dcm,right_hip,de2ae68ddafdb70d198fdc47ddddc61509fe07ce
2.25.16773626720107440979805052259711419763,/home/user/workspace/dataset_extracted/Датасет/НД_для_обучения/Исследования/2.25.16773626720107440979805052259711419763/series_004_2_CR/A2507537392 DXA/CR DXA/CR000003.dcm,spine,58ebda1997384334cc908e86b7edc7566b733d5d
2.25.16773626720107440979805052259711419763,/home/user/workspace/dataset_extracted/Датасет/НД_для_обучения/Исследования/2.25.16773626720107440979805052259711419763/series_004_2_CR/A2507537392 DXA/CR DXA/CR000004.dcm,left_hip,58188159d507180ca6d52dee39503be7000117d3
2.25.16773626720107440979805052259711419763,/home/user/workspace/dataset_extracted/Датасет/НД_для_обучения/Исследования/2.25.16773626720107440979805052259711419763/series_004_2_CR/A2507537392 DXA/CR DXA/CR000005.dcm,right_hip,de2ae68ddafdb70d198fdc47ddddc61509fe07ce
2.25.16773626720107440979805052259711419763,/home/user/workspace/dataset_extracted/Датасет/НД_для_обучения/Исследования/2.25.16773626720107440979805052259711419763/series_004_2_CR/A2507537392 DXA/CR DXA/CR000006.dcm,right_hip,de2ae68ddafdb70d198fdc47ddddc61509fe07ce
2.25.16773626720107440979805052259711419763,/home/user/workspace/dataset_extracted/Датасет/НД_для_обучения/Исследования/2.25.16773626720107440979805052259711419763/series_004_2_CR/A2507537392 DXA/CR DXA/CR000007.dcm,left_hip,58188159d507180ca6d52dee39503be7000117d3
2.25.16773626720107440979805052259711419763,/home/user/workspace/dataset_extracted/Датасет/НД_для_обучения/Исследования/2.25.16773626720107440979805052259711419763/series_004_2_CR/A2507537392 DXA/CR DXA/CR000008.dcm,left_hip,58188159d507180ca6d52dee39503be7000117d3
2.25.16773626720107440979805052259711419763,/home/user/workspace/dataset_extracted/Датасет/НД_для_обучения/Исследования/2.25.16773626720107440979805052259711419763/series_004_2_CR/A2507537392 DXA/CR DXA/CR000009.dcm,left_hip,58188159d507180ca6d52dee39503be7000117d3
2.25.16773626720107440979805052259711419763,/home/user/workspace/dataset_extracted/Датасет/НД_для_обучения/Исследования/2.25.16773626720107440979805052259711419763/series_004_2_CR/A2507537392 DXA/CR DXA/CR000010.dcm,right_hip,de2ae68ddafdb70d198fdc47ddddc61509fe07ce
2.25.16773626720107440979805052259711419763,/home/user/workspace/dataset_extracted/Датасет/НД_для_обучения/Исследования/2.25.16773626720107440979805052259711419763/series_004_2_CR/A2507537392 DXA/CR DXA/CR000011.dcm,spine,58ebda1997384334cc908e86b7edc7566b733d5d
2.25.168317503020329569414190677927680518621,/home/user/workspace/dataset_extracted/Датасет/НД_для_обучения/Исследования/2.25.168317503020329569414190677927680518621/series_004_2_CR/A2507557128 DXA/CR DXA/CR000000.dcm,right_hip,0b8a01ae7b6f7bc1052d358d7a8c5dfb981f5e28
2.25.168317503020329569414190677927680518621,/home/user/workspace/dataset_extracted/Датасет/НД_для_обучения/Исследования/2.25.168317503020329569414190677927680518621/series_004_2_CR/A2507557128 DXA/CR DXA/CR000001.dcm,right_hip,0b8a01ae7b6f7bc1052d358d7a8c5dfb981f5e28
2.25.168317503020329569414190677927680518621,/home/user/workspace/dataset_extracted/Датасет/НД_для_обучения/Исследования/2.25.168317503020329569414190677927680518621/series_004_2_CR/A2507557128 DXA/CR DXA/CR000002.dcm,right_hip,0b8a01ae7b6f7bc1052d358d7a8c5dfb981f5e28
2.25.168317503020329569414190677927680518621,/home/user/workspace/dataset_extracted/Датасет/НД_для_обучения/Исследования/2.25.168317503020329569414190677927680518621/series_004_2_CR/A2507557128 DXA/CR DXA/CR000003.dcm,spine,874bffd532e4dee63a7d2b295d4388e22319d8ba
2.25.168317503020329569414190677927680518621,/home/user/workspace/dataset_extracted/Датасет/НД_для_обучения/Исследования/2.25.168317503020329569414190677927680518621/series_004_2_CR/A2507557128 DXA/CR DXA/CR000004.dcm,right_hip,85e4709eeda85af610b06f7b442a5b04f0255411
2.25.168317503020329569414190677927680518621,/home/user/workspace/dataset_extracted/Датасет/НД_для_обучения/Исследования/2.25.168317503020329569414190677927680518621/series_004_2_CR/A2507557128 DXA/CR DXA/CR000005.dcm,right_hip,0b8a01ae7b6f7bc1052d358d7a8c5dfb981f5e28
2.25.168317503020329569414190677927680518621,/home/user/workspace/dataset_extracted/Датасет/НД_для_обучения/Исследования/2.25.168317503020329569414190677927680518621/series_004_2_CR/A2507557128 DXA/CR DXA/CR000006.dcm,spine,874bffd532e4dee63a7d2b295d4388e22319d8ba
2.25.168317503020329569414190677927680518621,/home/user/workspace/dataset_extracted/Датасет/НД_для_обучения/Исследования/2.25.168317503020329569414190677927680518621/series_004_2_CR/A2507557128 DXA/CR DXA/CR000007.dcm,right_hip,85e4709eeda85af610b06f7b442a5b04f0255411
2.25.168317503020329569414190677927680518621,/home/user/workspace/dataset_extracted/Датасет/НД_для_обучения/Исследования/2.25.168317503020329569414190677927680518621/series_004_2_CR/A2507557128 DXA/CR DXA/CR000008.dcm,right_hip,85e4709eeda85af610b06f7b442a5b04f0255411
2.25.168317503020329569414190677927680518621,/home/user/workspace/dataset_extracted/Датасет/НД_для_обучения/Исследования/2.25.168317503020329569414190677927680518621/series_004_2_CR/A2507557128 DXA/CR DXA/CR000009.dcm,spine,874bffd532e4dee63a7d2b295d4388e22319d8ba
2.25.168317503020329569414190677927680518621,/home/user/workspace/dataset_extracted/Датасет/НД_для_обучения/Исследования/2.25.168317503020329569414190677927680518621/series_004_2_CR/A2507557128 DXA/CR DXA/CR000010.dcm,right_hip,0b8a01ae7b6f7bc1052d358d7a8c5dfb981f5e28
2.25.168317503020329569414190677927680518621,/home/user/workspace/dataset_extracted/Датасет/НД_для_обучения/Исследования/2.25.168317503020329569414190677927680518621/series_004_2_CR/A2507557128 DXA/CR DXA/CR000011.dcm,right_hip,85e4709eeda85af610b06f7b442a5b04f0255411
2.25.169242707068684757906797344800977707240,/home/user/workspace/dataset_extracted/Датасет/НД_для_обучения/Исследования/2.25.169242707068684757906797344800977707240/series_003_2_CR/A2507185832 DXA/CR DXA/CR000000.dcm,spine,e78c7ad93d90782c0e1dcf1eb975e778ea6a79b0
2.25.172445998420765569384934552191547932566,/home/user/workspace/dataset_extracted/Датасет/НД_для_обучения/Исследования/2.25.172445998420765569384934552191547932566/series_004_2_CR/A2507368766 DXA/CR DXA/CR000000.dcm,spine,eceae87f923feaf6fee03dc07d1861a5cc1b52ea
2.25.172445998420765569384934552191547932566,/home/user/workspace/dataset_extracted/Датасет/НД_для_обучения/Исследования/2.25.172445998420765569384934552191547932566/series_004_2_CR/A2507368766 DXA/CR DXA/CR000001.dcm,right_hip,88e5532d9978d0625d9761e8ace416cf4bfaa14d
2.25.172445998420765569384934552191547932566,/home/user/workspace/dataset_extracted/Датасет/НД_для_обучения/Исследования/2.25.172445998420765569384934552191547932566/series_004_2_CR/A2507368766 DXA/CR DXA/CR000002.dcm,left_hip,510a21a77654108c77cec6aead55aa07880bedbd
2.25.173731186748227489808861376513577450951,/home/user/workspace/dataset_extracted/Датасет/НД_для_обучения/Исследования/2.25.173731186748227489808861376513577450951/series_002_2_CR/A2507188958 DXA/CR DXA/CR000000.dcm,spine,5c087382eb95d5c326a89a7965b8674ade1e2f94
2.25.173731186748227489808861376513577450951,/home/user/workspace/dataset_extracted/Датасет/НД_для_обучения/Исследования/2.25.173731186748227489808861376513577450951/series_002_2_CR/A2507188958 DXA/CR DXA/CR000001.dcm,left_hip,eae5c6a25820b4c4188e57d4f73432165862f182
2.25.173753313169335820519632380691065649420,/home/user/workspace/dataset_extracted/Датасет/НД_для_обучения/Исследования/2.25.173753313169335820519632380691065649420/series_003_2_CR/A2504265499 DXA/CR DXA/CR000000.dcm,right_hip,7f7cb991123459a0a1e4a2f994f4efb58a8f2814
2.25.173753313169335820519632380691065649420,/home/user/workspace/dataset_extracted/Датасет/НД_для_обучения/Исследования/2.25.173753313169335820519632380691065649420/series_003_2_CR/A2504265499 DXA/CR DXA/CR000001.dcm,right_hip,7f7cb991123459a0a1e4a2f994f4efb58a8f2814
2.25.173753313169335820519632380691065649420,/home/user/workspace/dataset_extracted/Датасет/НД_для_обучения/Исследования/2.25.173753313169335820519632380691065649420/series_003_2_CR/A2504265499 DXA/CR DXA/CR000002.dcm,spine,2e51515a32845869ece2cd3354047d4bcfea33d0
2.25.173753313169335820519632380691065649420,/home/user/workspace/dataset_extracted/Датасет/НД_для_обучения/Исследования/2.25.173753313169335820519632380691065649420/series_003_2_CR/A2504265499 DXA/CR DXA/CR000003.dcm,left_hip,9d440ca80a2b395e235fb355b0a6b1cdcc1cb2a9
2.25.173753313169335820519632380691065649420,/home/user/workspace/dataset_extracted/Датасет/НД_для_обучения/Исследования/2.25.173753313169335820519632380691065649420/series_003_2_CR/A2504265499 DXA/CR DXA/CR000004.dcm,right_hip,7f7cb991123459a0a1e4a2f994f4efb58a8f2814
2.25.173753313169335820519632380691065649420,/home/user/workspace/dataset_extracted/Датасет/НД_для_обучения/Исследования/2.25.173753313169335820519632380691065649420/series_003_2_CR/A2504265499 DXA/CR DXA/CR000005.dcm,spine,2e51515a32845869ece2cd3354047d4bcfea33d0
2.25.173753313169335820519632380691065649420,/home/user/workspace/dataset_extracted/Датасет/НД_для_обучения/Исследования/2.25.173753313169335820519632380691065649420/series_003_2_CR/A2504265499 DXA/CR DXA/CR000006.dcm,right_hip,7f7cb991123459a0a1e4a2f994f4efb58a8f2814
2.25.173753313169335820519632380691065649420,/home/user/workspace/dataset_extracted/Датасет/НД_для_обучения/Исследования/2.25.173753313169335820519632380691065649420/series_003_2_CR/A2504265499 DXA/CR DXA/CR000007.dcm,left_hip,9d440ca80a2b395e235fb355b0a6b1cdcc1cb2a9
2.25.173753313169335820519632380691065649420,/home/user/workspace/dataset_extracted/Датасет/НД_для_обучения/Исследования/2.25.173753313169335820519632380691065649420/series_003_2_CR/A2504265499 DXA/CR DXA/CR000008.dcm,spine,2e51515a32845869ece2cd3354047d4bcfea33d0
2.25.173753313169335820519632380691065649420,/home/user/workspace/dataset_extracted/Датасет/НД_для_обучения/Исследования/2.25.173753313169335820519632380691065649420/series_003_2_CR/A2504265499 DXA/CR DXA/CR000009.dcm,left_hip,9d440ca80a2b395e235fb355b0a6b1cdcc1cb2a9
2.25.173753313169335820519632380691065649420,/home/user/workspace/dataset_extracted/Датасет/НД_для_обучения/Исследования/2.25.173753313169335820519632380691065649420/series_003_2_CR/A2504265499 DXA/CR DXA/CR000010.dcm,left_hip,9d440ca80a2b395e235fb355b0a6b1cdcc1cb2a9
2.25.175881661753775295785039265792986971602,/home/user/workspace/dataset_extracted/Датасет/НД_для_обучения/Исследования/2.25.175881661753775295785039265792986971602/series_003_2_CR/A2507266462 DXA/CR DXA/CR000000.dcm,right_hip,8743d48295e424327815081c5b67270e97c78120
2.25.175881661753775295785039265792986971602,/home/user/workspace/dataset_extracted/Датасет/НД_для_обучения/Исследования/2.25.175881661753775295785039265792986971602/series_003_2_CR/A2507266462 DXA/CR DXA/CR000001.dcm,spine,161c3cf44563b5f8399f0e64f7453709f4e30192
2.25.175881661753775295785039265792986971602,/home/user/workspace/dataset_extracted/Датасет/НД_для_обучения/Исследования/2.25.175881661753775295785039265792986971602/series_003_2_CR/A2507266462 DXA/CR DXA/CR000002.dcm,left_hip,d19003b4f34cfaa1ff264f291bd700d6a9eb127d
2.25.175881661753775295785039265792986971602,/home/user/workspace/dataset_extracted/Датасет/НД_для_обучения/Исследования/2.25.175881661753775295785039265792986971602/series_003_2_CR/A2507266462 DXA/CR DXA/CR000003.dcm,right_hip,8743d48295e424327815081c5b67270e97c78120
2.25.175903805423871105435148927871625232853,/home/user/workspace/dataset_extracted/Датасет/НД_для_обучения/Исследования/2.25.175903805423871105435148927871625232853/series_001_2_CR/A2507159447 DXA/CR DXA/CR000000.dcm,spine,bda9b5a56990d038f12fa63a722f50c1f1cb1e8a
2.25.175903805423871105435148927871625232853,/home/user/workspace/dataset_extracted/Датасет/НД_для_обучения/Исследования/2.25.175903805423871105435148927871625232853/series_001_2_CR/A2507159447 DXA/CR DXA/CR000001.dcm,left_hip,7cec91cd20c89647576b8c15822fc9f6e3bef296
2.25.175903805423871105435148927871625232853,/home/user/workspace/dataset_extracted/Датасет/НД_для_обучения/Исследования/2.25.175903805423871105435148927871625232853/series_001_2_CR/A2507159447 DXA/CR DXA/CR000002.dcm,left_hip,5c87eda086535b87bdbe62b07b2b00d9aa23571a
2.25.17706555930735581384953296958427669848,/home/user/workspace/dataset_extracted/Датасет/НД_для_обучения/Исследования/2.25.17706555930735581384953296958427669848/series_004_3_CR/A2504146513 DXA/CR DXA/CR000000.dcm,left_hip,2216ac12b9f849909dd61ff019fb27ca093a0cc5
2.25.17706555930735581384953296958427669848,/home/user/workspace/dataset_extracted/Датасет/НД_для_обучения/Исследования/2.25.17706555930735581384953296958427669848/series_004_3_CR/A2504146513 DXA/CR DXA/CR000001.dcm,spine,2ba09131754bdfba0b8f2f5c9976ce8f319ac384
2.25.17706555930735581384953296958427669848,/home/user/workspace/dataset_extracted/Датасет/НД_для_обучения/Исследования/2.25.17706555930735581384953296958427669848/series_004_3_CR/A2504146513 DXA/CR DXA/CR000002.dcm,spine,2ba09131754bdfba0b8f2f5c9976ce8f319ac384
2.25.17706555930735581384953296958427669848,/home/user/workspace/dataset_extracted/Датасет/НД_для_обучения/Исследования/2.25.17706555930735581384953296958427669848/series_004_3_CR/A2504146513 DXA/CR DXA/CR000003.dcm,left_hip,98917fd5a0eb8f7fc69b7e335a71d51545275b40
2.25.17706555930735581384953296958427669848,/home/user/workspace/dataset_extracted/Датасет/НД_для_обучения/Исследования/2.25.17706555930735581384953296958427669848/series_004_3_CR/A2504146513 DXA/CR DXA/CR000004.dcm,left_hip,98917fd5a0eb8f7fc69b7e335a71d51545275b40
2.25.17706555930735581384953296958427669848,/home/user/workspace/dataset_extracted/Датасет/НД_для_обучения/Исследования/2.25.17706555930735581384953296958427669848/series_004_3_CR/A2504146513 DXA/CR DXA/CR000005.dcm,left_hip,2216ac12b9f849909dd61ff019fb27ca093a0cc5
2.25.177745077805190810016231350557005569203,/home/user/workspace/dataset_extracted/Датасет/НД_для_обучения/Исследования/2.25.177745077805190810016231350557005569203/series_002_2_CR/A2504273759 DXA/CR DXA/CR000000.dcm,left_hip,cf84f321bac9162a44038092b91c2603844c8a50
2.25.177745077805190810016231350557005569203,/home/user/workspace/dataset_extracted/Датасет/НД_для_обучения/Исследования/2.25.177745077805190810016231350557005569203/series_002_2_CR/A2504273759 DXA/CR DXA/CR000001.dcm,spine,3cd358c09f80b3d065f322130d92915a5831e32b
2.25.177745077805190810016231350557005569203,/home/user/workspace/dataset_extracted/Датасет/НД_для_обучения/Исследования/2.25.177745077805190810016231350557005569203/series_002_2_CR/A2504273759 DXA/CR DXA/CR000002.dcm,spine,3cd358c09f80b3d065f322130d92915a5831e32b
2.25.177745077805190810016231350557005569203,/home/user/workspace/dataset_extracted/Датасет/НД_для_обучения/Исследования/2.25.177745077805190810016231350557005569203/series_002_2_CR/A2504273759 DXA/CR DXA/CR000003.dcm,left_hip,cf84f321bac9162a44038092b91c2603844c8a50
2.25.177745077805190810016231350557005569203,/home/user/workspace/dataset_extracted/Датасет/НД_для_обучения/Исследования/2.25.177745077805190810016231350557005569203/series_002_2_CR/A2504273759 DXA/CR DXA/CR000004.dcm,right_hip,9becd7c2a18a3617bafc08979f58ac858b05a5cf
2.25.177745077805190810016231350557005569203,/home/user/workspace/dataset_extracted/Датасет/НД_для_обучения/Исследования/2.25.177745077805190810016231350557005569203/series_002_2_CR/A2504273759 DXA/CR DXA/CR000005.dcm,right_hip,9becd7c2a18a3617bafc08979f58ac858b05a5cf
2.25.178533355209696795441380751187185128893,/home/user/workspace/dataset_extracted/Датасет/НД_для_обучения/Исследования/2.25.178533355209696795441380751187185128893/series_003_2_CR/A2507155452 DXA/CR DXA/CR000000.dcm,spine,63cd7f7f7814bc4b8adc227654639b004184ec4b
2.25.181196659018348153828200695057897449628,/home/user/workspace/dataset_extracted/Датасет/НД_для_обучения/Исследования/2.25.181196659018348153828200695057897449628/series_004_2_CR/A2507370620 DXA/CR DXA/CR000000.dcm,right_hip,c279b0937436576e713c6de87da830f4bd27b94b
2.25.181196659018348153828200695057897449628,/home/user/workspace/dataset_extracted/Датасет/НД_для_обучения/Исследования/2.25.181196659018348153828200695057897449628/series_004_2_CR/A2507370620 DXA/CR DXA/CR000001.dcm,left_hip,ef919d3ba65420c886a4cb7cfdccda3d0a95da35
2.25.181196659018348153828200695057897449628,/home/user/workspace/dataset_extracted/Датасет/НД_для_обучения/Исследования/2.25.181196659018348153828200695057897449628/series_004_2_CR/A2507370620 DXA/CR DXA/CR000002.dcm,spine,b9b6877e2ffb711cb83b6045632ef7f23251bc3d
2.25.181196659018348153828200695057897449628,/home/user/workspace/dataset_extracted/Датасет/НД_для_обучения/Исследования/2.25.181196659018348153828200695057897449628/series_004_2_CR/A2507370620 DXA/CR DXA/CR000003.dcm,spine,b9b6877e2ffb711cb83b6045632ef7f23251bc3d
2.25.181196659018348153828200695057897449628,/home/user/workspace/dataset_extracted/Датасет/НД_для_обучения/Исследования/2.25.181196659018348153828200695057897449628/series_004_2_CR/A2507370620 DXA/CR DXA/CR000004.dcm,left_hip,ef919d3ba65420c886a4cb7cfdccda3d0a95da35
2.25.181196659018348153828200695057897449628,/home/user/workspace/dataset_extracted/Датасет/НД_для_обучения/Исследования/2.25.181196659018348153828200695057897449628/series_004_2_CR/A2507370620 DXA/CR DXA/CR000005.dcm,left_hip,ef919d3ba65420c886a4cb7cfdccda3d0a95da35
2.25.181196659018348153828200695057897449628,/home/user/workspace/dataset_extracted/Датасет/НД_для_обучения/Исследования/2.25.181196659018348153828200695057897449628/series_004_2_CR/A2507370620 DXA/CR DXA/CR000006.dcm,right_hip,c279b0937436576e713c6de87da830f4bd27b94b
2.25.181196659018348153828200695057897449628,/home/user/workspace/dataset_extracted/Датасет/НД_для_обучения/Исследования/2.25.181196659018348153828200695057897449628/series_004_2_CR/A2507370620 DXA/CR DXA/CR000007.dcm,right_hip,c279b0937436576e713c6de87da830f4bd27b94b
2.25.181196659018348153828200695057897449628,/home/user/workspace/dataset_extracted/Датасет/НД_для_обучения/Исследования/2.25.181196659018348153828200695057897449628/series_004_2_CR/A2507370620 DXA/CR DXA/CR000008.dcm,right_hip,c279b0937436576e713c6de87da830f4bd27b94b
2.25.181196659018348153828200695057897449628,/home/user/workspace/dataset_extracted/Датасет/НД_для_обучения/Исследования/2.25.181196659018348153828200695057897449628/series_004_2_CR/A2507370620 DXA/CR DXA/CR000009.dcm,left_hip,ef919d3ba65420c886a4cb7cfdccda3d0a95da35
2.25.181196659018348153828200695057897449628,/home/user/workspace/dataset_extracted/Датасет/НД_для_обучения/Исследования/2.25.181196659018348153828200695057897449628/series_004_2_CR/A2507370620 DXA/CR DXA/CR000010.dcm,right_hip,c279b0937436576e713c6de87da830f4bd27b94b
2.25.181196659018348153828200695057897449628,/home/user/workspace/dataset_extracted/Датасет/НД_для_обучения/Исследования/2.25.181196659018348153828200695057897449628/series_004_2_CR/A2507370620 DXA/CR DXA/CR000011.dcm,spine,b9b6877e2ffb711cb83b6045632ef7f23251bc3d
2.25.181196659018348153828200695057897449628,/home/user/workspace/dataset_extracted/Датасет/НД_для_обучения/Исследования/2.25.181196659018348153828200695057897449628/series_004_2_CR/A2507370620 DXA/CR DXA/CR000012.dcm,left_hip,ef919d3ba65420c886a4cb7cfdccda3d0a95da35
2.25.184198356665635336833172191504278054074,/home/user/workspace/dataset_extracted/Датасет/НД_для_обучения/Исследования/2.25.184198356665635336833172191504278054074/series_004_2_CR/A250788286 DXA/CR DXA/CR000000.dcm,spine,cbb9c55ffff6b9c667d7c3ac7e0782a05d20eda9
2.25.184198356665635336833172191504278054074,/home/user/workspace/dataset_extracted/Датасет/НД_для_обучения/Исследования/2.25.184198356665635336833172191504278054074/series_004_2_CR/A250788286 DXA/CR DXA/CR000001.dcm,right_hip,08fa2c409be2359f58d629d1c009eda06fafe15c
2.25.184198356665635336833172191504278054074,/home/user/workspace/dataset_extracted/Датасет/НД_для_обучения/Исследования/2.25.184198356665635336833172191504278054074/series_004_2_CR/A250788286 DXA/CR DXA/CR000002.dcm,left_hip,60f8450c038f8d555dd211950301098600bf7938
2.25.186201010600484120326273381077449377115,/home/user/workspace/dataset_extracted/Датасет/НД_для_обучения/Исследования/2.25.186201010600484120326273381077449377115/series_004_2_CR/A250777475 DXA/CR DXA/CR000000.dcm,left_hip,c7a23de203788589602114f445f75b89569d7c98
2.25.186201010600484120326273381077449377115,/home/user/workspace/dataset_extracted/Датасет/НД_для_обучения/Исследования/2.25.186201010600484120326273381077449377115/series_004_2_CR/A250777475 DXA/CR DXA/CR000001.dcm,left_hip,c7a23de203788589602114f445f75b89569d7c98
2.25.186201010600484120326273381077449377115,/home/user/workspace/dataset_extracted/Датасет/НД_для_обучения/Исследования/2.25.186201010600484120326273381077449377115/series_004_2_CR/A250777475 DXA/CR DXA/CR000002.dcm,right_hip,23c08ad57087f18a16b90b00821e77a918878320
2.25.186201010600484120326273381077449377115,/home/user/workspace/dataset_extracted/Датасет/НД_для_обучения/Исследования/2.25.186201010600484120326273381077449377115/series_004_2_CR/A250777475 DXA/CR DXA/CR000003.dcm,right_hip,23c08ad57087f18a16b90b00821e77a918878320
2.25.186201010600484120326273381077449377115,/home/user/workspace/dataset_extracted/Датасет/НД_для_обучения/Исследования/2.25.186201010600484120326273381077449377115/series_004_2_CR/A250777475 DXA/CR DXA/CR000004.dcm,left_hip,c7a23de203788589602114f445f75b89569d7c98
2.25.186201010600484120326273381077449377115,/home/user/workspace/dataset_extracted/Датасет/НД_для_обучения/Исследования/2.25.186201010600484120326273381077449377115/series_004_2_CR/A250777475 DXA/CR DXA/CR000005.dcm,right_hip,23c08ad57087f18a16b90b00821e77a918878320
2.25.186201010600484120326273381077449377115,/home/user/workspace/dataset_extracted/Датасет/НД_для_обучения/Исследования/2.25.186201010600484120326273381077449377115/series_004_2_CR/A250777475 DXA/CR DXA/CR000006.dcm,right_hip,23c08ad57087f18a16b90b00821e77a918878320
2.25.186201010600484120326273381077449377115,/home/user/workspace/dataset_extracted/Датасет/НД_для_обучения/Исследования/2.25.186201010600484120326273381077449377115/series_004_2_CR/A250777475 DXA/CR DXA/CR000007.dcm,spine,af9673991564041367f04b6bdddb2301b3669b8c
2.25.186201010600484120326273381077449377115,/home/user/workspace/dataset_extracted/Датасет/НД_для_обучения/Исследования/2.25.186201010600484120326273381077449377115/series_004_2_CR/A250777475 DXA/CR DXA/CR000008.dcm,left_hip,c7a23de203788589602114f445f75b89569d7c98
2.25.186201010600484120326273381077449377115,/home/user/workspace/dataset_extracted/Датасет/НД_для_обучения/Исследования/2.25.186201010600484120326273381077449377115/series_004_2_CR/A250777475 DXA/CR DXA/CR000009.dcm,left_hip,c7a23de203788589602114f445f75b89569d7c98
2.25.186201010600484120326273381077449377115,/home/user/workspace/dataset_extracted/Датасет/НД_для_обучения/Исследования/2.25.186201010600484120326273381077449377115/series_004_2_CR/A250777475 DXA/CR DXA/CR000010.dcm,spine,af9673991564041367f04b6bdddb2301b3669b8c
2.25.186201010600484120326273381077449377115,/home/user/workspace/dataset_extracted/Датасет/НД_для_обучения/Исследования/2.25.186201010600484120326273381077449377115/series_004_2_CR/A250777475 DXA/CR DXA/CR000011.dcm,spine,af9673991564041367f04b6bdddb2301b3669b8c
2.25.190331309633057244929837507901317950031,/home/user/workspace/dataset_extracted/Датасет/НД_для_обучения/Исследования/2.25.190331309633057244929837507901317950031/series_001_2_CR/A250791815 DXA/CR DXA/CR000000.dcm,left_hip,9e44f6848e96d61057a6939b7c8985b3d212c45a
2.25.190331309633057244929837507901317950031,/home/user/workspace/dataset_extracted/Датасет/НД_для_обучения/Исследования/2.25.190331309633057244929837507901317950031/series_001_2_CR/A250791815 DXA/CR DXA/CR000001.dcm,left_hip,9e44f6848e96d61057a6939b7c8985b3d212c45a
2.25.190331309633057244929837507901317950031,/home/user/workspace/dataset_extracted/Датасет/НД_для_обучения/Исследования/2.25.190331309633057244929837507901317950031/series_001_2_CR/A250791815 DXA/CR DXA/CR000002.dcm,left_hip,9e44f6848e96d61057a6939b7c8985b3d212c45a
2.25.190331309633057244929837507901317950031,/home/user/workspace/dataset_extracted/Датасет/НД_для_обучения/Исследования/2.25.190331309633057244929837507901317950031/series_001_2_CR/A250791815 DXA/CR DXA/CR000003.dcm,spine,0bc16f867464e4d1ea4988ced77c6ce5484bf14b
2.25.190331309633057244929837507901317950031,/home/user/workspace/dataset_extracted/Датасет/НД_для_обучения/Исследования/2.25.190331309633057244929837507901317950031/series_001_2_CR/A250791815 DXA/CR DXA/CR000004.dcm,right_hip,769b9e38861539c0db44acd3c68cdd39246e1958
2.25.190331309633057244929837507901317950031,/home/user/workspace/dataset_extracted/Датасет/НД_для_обучения/Исследования/2.25.190331309633057244929837507901317950031/series_001_2_CR/A250791815 DXA/CR DXA/CR000005.dcm,spine,0bc16f867464e4d1ea4988ced77c6ce5484bf14b
2.25.190331309633057244929837507901317950031,/home/user/workspace/dataset_extracted/Датасет/НД_для_обучения/Исследования/2.25.190331309633057244929837507901317950031/series_001_2_CR/A250791815 DXA/CR DXA/CR000006.dcm,right_hip,769b9e38861539c0db44acd3c68cdd39246e1958
2.25.190331309633057244929837507901317950031,/home/user/workspace/dataset_extracted/Датасет/НД_для_обучения/Исследования/2.25.190331309633057244929837507901317950031/series_001_2_CR/A250791815 DXA/CR DXA/CR000007.dcm,right_hip,769b9e38861539c0db44acd3c68cdd39246e1958
2.25.190331309633057244929837507901317950031,/home/user/workspace/dataset_extracted/Датасет/НД_для_обучения/Исследования/2.25.190331309633057244929837507901317950031/series_001_2_CR/A250791815 DXA/CR DXA/CR000008.dcm,spine,0bc16f867464e4d1ea4988ced77c6ce5484bf14b
2.25.190331309633057244929837507901317950031,/home/user/workspace/dataset_extracted/Датасет/НД_для_обучения/Исследования/2.25.190331309633057244929837507901317950031/series_001_2_CR/A250791815 DXA/CR DXA/CR000009.dcm,left_hip,9e44f6848e96d61057a6939b7c8985b3d212c45a
2.25.190331309633057244929837507901317950031,/home/user/workspace/dataset_extracted/Датасет/НД_для_обучения/Исследования/2.25.190331309633057244929837507901317950031/series_001_2_CR/A250791815 DXA/CR DXA/CR000010.dcm,right_hip,769b9e38861539c0db44acd3c68cdd39246e1958
2.25.190807933410234695931591553323782771995,/home/user/workspace/dataset_extracted/Датасет/НД_для_обучения/Исследования/2.25.190807933410234695931591553323782771995/series_002_3_CR/A250762254 DXA/CR DXA/CR000000.dcm,spine,053b1de596c2396d74d62695a2687fd61af63826
2.25.190807933410234695931591553323782771995,/home/user/workspace/dataset_extracted/Датасет/НД_для_обучения/Исследования/2.25.190807933410234695931591553323782771995/series_002_3_CR/A250762254 DXA/CR DXA/CR000001.dcm,right_hip,40c0c11951470f1291738f89b7ea9f17706088ad
2.25.215177279960644564778148238928738915103,/home/user/workspace/dataset_extracted/Датасет/НД_для_обучения/Исследования/2.25.215177279960644564778148238928738915103/series_002_2_CR/A2504147013 DXA/CR DXA/CR000000.dcm,left_hip,8e50bf1fc4be8ed20a118daebedf39100d56ba17
2.25.215177279960644564778148238928738915103,/home/user/workspace/dataset_extracted/Датасет/НД_для_обучения/Исследования/2.25.215177279960644564778148238928738915103/series_002_2_CR/A2504147013 DXA/CR DXA/CR000001.dcm,spine,ec157a6baee5b9186860d5630727ffd99ea91a59
2.25.215177279960644564778148238928738915103,/home/user/workspace/dataset_extracted/Датасет/НД_для_обучения/Исследования/2.25.215177279960644564778148238928738915103/series_002_2_CR/A2504147013 DXA/CR DXA/CR000002.dcm,left_hip,b7a59fef67090d8f65c8a790ccd8b528ec763c46
2.25.215177279960644564778148238928738915103,/home/user/workspace/dataset_extracted/Датасет/НД_для_обучения/Исследования/2.25.215177279960644564778148238928738915103/series_002_2_CR/A2504147013 DXA/CR DXA/CR000003.dcm,left_hip,8e50bf1fc4be8ed20a118daebedf39100d56ba17
2.25.215177279960644564778148238928738915103,/home/user/workspace/dataset_extracted/Датасет/НД_для_обучения/Исследования/2.25.215177279960644564778148238928738915103/series_002_2_CR/A2504147013 DXA/CR DXA/CR000004.dcm,spine,ec157a6baee5b9186860d5630727ffd99ea91a59
2.25.217397325224876728316360420804118329081,/home/user/workspace/dataset_extracted/Датасет/НД_для_обучения/Исследования/2.25.217397325224876728316360420804118329081/series_002_2_CR/A250474631 DXA/CR DXA/CR000000.dcm,left_hip,ad533a5587cf27c83d283baea32b1a89f3c8e128
2.25.217397325224876728316360420804118329081,/home/user/workspace/dataset_extracted/Датасет/НД_для_обучения/Исследования/2.25.217397325224876728316360420804118329081/series_002_2_CR/A250474631 DXA/CR DXA/CR000001.dcm,right_hip,99580d00549db5af1a8303b37fe18b2ac30c1d34
2.25.217397325224876728316360420804118329081,/home/user/workspace/dataset_extracted/Датасет/НД_для_обучения/Исследования/2.25.217397325224876728316360420804118329081/series_002_2_CR/A250474631 DXA/CR DXA/CR000002.dcm,spine,ab69bcde01d238c4107f0826671e7cc72cbd3e0b
2.25.217397325224876728316360420804118329081,/home/user/workspace/dataset_extracted/Датасет/НД_для_обучения/Исследования/2.25.217397325224876728316360420804118329081/series_002_2_CR/A250474631 DXA/CR DXA/CR000003.dcm,right_hip,99580d00549db5af1a8303b37fe18b2ac30c1d34
2.25.217397325224876728316360420804118329081,/home/user/workspace/dataset_extracted/Датасет/НД_для_обучения/Исследования/2.25.217397325224876728316360420804118329081/series_002_2_CR/A250474631 DXA/CR DXA/CR000004.dcm,spine,ab69bcde01d238c4107f0826671e7cc72cbd3e0b
2.25.217397325224876728316360420804118329081,/home/user/workspace/dataset_extracted/Датасет/НД_для_обучения/Исследования/2.25.217397325224876728316360420804118329081/series_002_2_CR/A250474631 DXA/CR DXA/CR000005.dcm,spine,ab69bcde01d238c4107f0826671e7cc72cbd3e0b
2.25.217397325224876728316360420804118329081,/home/user/workspace/dataset_extracted/Датасет/НД_для_обучения/Исследования/2.25.217397325224876728316360420804118329081/series_002_2_CR/A250474631 DXA/CR DXA/CR000006.dcm,left_hip,ad533a5587cf27c83d283baea32b1a89f3c8e128
2.25.217397325224876728316360420804118329081,/home/user/workspace/dataset_extracted/Датасет/НД_для_обучения/Исследования/2.25.217397325224876728316360420804118329081/series_002_2_CR/A250474631 DXA/CR DXA/CR000007.dcm,left_hip,ad533a5587cf27c83d283baea32b1a89f3c8e128
2.25.217397325224876728316360420804118329081,/home/user/workspace/dataset_extracted/Датасет/НД_для_обучения/Исследования/2.25.217397325224876728316360420804118329081/series_002_2_CR/A250474631 DXA/CR DXA/CR000008.dcm,right_hip,99580d00549db5af1a8303b37fe18b2ac30c1d34
2.25.217397325224876728316360420804118329081,/home/user/workspace/dataset_extracted/Датасет/НД_для_обучения/Исследования/2.25.217397325224876728316360420804118329081/series_002_2_CR/A250474631 DXA/CR DXA/CR000009.dcm,left_hip,ad533a5587cf27c83d283baea32b1a89f3c8e128
2.25.217397325224876728316360420804118329081,/home/user/workspace/dataset_extracted/Датасет/НД_для_обучения/Исследования/2.25.217397325224876728316360420804118329081/series_002_2_CR/A250474631 DXA/CR DXA/CR000010.dcm,right_hip,99580d00549db5af1a8303b37fe18b2ac30c1d34
2.25.220866240977467582196609708837940253840,/home/user/workspace/dataset_extracted/Датасет/НД_для_обучения/Исследования/2.25.220866240977467582196609708837940253840/series_001_2_CR/A2504258893 DXA/CR DXA/CR000000.dcm,spine,54e94de9e6f9a5c243a778634a13962b7086e2da
2.25.234651502352368356456298825489565282446,/home/user/workspace/dataset_extracted/Датасет/НД_для_обучения/Исследования/2.25.234651502352368356456298825489565282446/series_002_2_CR/A2504307193 DXA/CR DXA/CR000000.dcm,right_hip,23e49404c3805da30892ba7212ebce7832427fc8
2.25.234651502352368356456298825489565282446,/home/user/workspace/dataset_extracted/Датасет/НД_для_обучения/Исследования/2.25.234651502352368356456298825489565282446/series_002_2_CR/A2504307193 DXA/CR DXA/CR000001.dcm,right_hip,23e49404c3805da30892ba7212ebce7832427fc8
2.25.234651502352368356456298825489565282446,/home/user/workspace/dataset_extracted/Датасет/НД_для_обучения/Исследования/2.25.234651502352368356456298825489565282446/series_002_2_CR/A2504307193 DXA/CR DXA/CR000002.dcm,spine,748483070a4130cadd69bcc29e40265834e28c24
2.25.234651502352368356456298825489565282446,/home/user/workspace/dataset_extracted/Датасет/НД_для_обучения/Исследования/2.25.234651502352368356456298825489565282446/series_002_2_CR/A2504307193 DXA/CR DXA/CR000003.dcm,left_hip,0a21a29b1faa98323639d4fbcbf0a92a8a496c69
2.25.234651502352368356456298825489565282446,/home/user/workspace/dataset_extracted/Датасет/НД_для_обучения/Исследования/2.25.234651502352368356456298825489565282446/series_002_2_CR/A2504307193 DXA/CR DXA/CR000004.dcm,left_hip,0a21a29b1faa98323639d4fbcbf0a92a8a496c69
2.25.234651502352368356456298825489565282446,/home/user/workspace/dataset_extracted/Датасет/НД_для_обучения/Исследования/2.25.234651502352368356456298825489565282446/series_002_2_CR/A2504307193 DXA/CR DXA/CR000005.dcm,left_hip,0a21a29b1faa98323639d4fbcbf0a92a8a496c69
2.25.234651502352368356456298825489565282446,/home/user/workspace/dataset_extracted/Датасет/НД_для_обучения/Исследования/2.25.234651502352368356456298825489565282446/series_002_2_CR/A2504307193 DXA/CR DXA/CR000006.dcm,spine,748483070a4130cadd69bcc29e40265834e28c24
2.25.234651502352368356456298825489565282446,/home/user/workspace/dataset_extracted/Датасет/НД_для_обучения/Исследования/2.25.234651502352368356456298825489565282446/series_002_2_CR/A2504307193 DXA/CR DXA/CR000007.dcm,right_hip,23e49404c3805da30892ba7212ebce7832427fc8
2.25.234651502352368356456298825489565282446,/home/user/workspace/dataset_extracted/Датасет/НД_для_обучения/Исследования/2.25.234651502352368356456298825489565282446/series_002_2_CR/A2504307193 DXA/CR DXA/CR000008.dcm,spine,748483070a4130cadd69bcc29e40265834e28c24
2.25.234651502352368356456298825489565282446,/home/user/workspace/dataset_extracted/Датасет/НД_для_обучения/Исследования/2.25.234651502352368356456298825489565282446/series_002_2_CR/A2504307193 DXA/CR DXA/CR000009.dcm,left_hip,0a21a29b1faa98323639d4fbcbf0a92a8a496c69
2.25.234651502352368356456298825489565282446,/home/user/workspace/dataset_extracted/Датасет/НД_для_обучения/Исследования/2.25.234651502352368356456298825489565282446/series_002_2_CR/A2504307193 DXA/CR DXA/CR000010.dcm,right_hip,23e49404c3805da30892ba7212ebce7832427fc8
2.25.247714038039430659432048101646401574824,/home/user/workspace/dataset_extracted/Датасет/НД_для_обучения/Исследования/2.25.247714038039430659432048101646401574824/series_002_2_CR/A2504238024 DXA Exam/CR DXA Images/CR000000.dcm,left_hip,7cf7cd22bdc060c49930e19b47b8f63fbbc231ec
2.25.247714038039430659432048101646401574824,/home/user/workspace/dataset_extracted/Датасет/НД_для_обучения/Исследования/2.25.247714038039430659432048101646401574824/series_002_2_CR/A2504238024 DXA Exam/CR DXA Images/CR000001.dcm,right_hip,a518c0b9c52d4496f4d77a18c08d858d2c1d8ed5
2.25.247714038039430659432048101646401574824,/home/user/workspace/dataset_extracted/Датасет/НД_для_обучения/Исследования/2.25.247714038039430659432048101646401574824/series_002_2_CR/A2504238024 DXA Exam/CR DXA Images/CR000002.dcm,spine,129842372d034e23a3745f4bf0c780b65c9d92c2
2.25.269648774413746842548908998641183395622,/home/user/workspace/dataset_extracted/Датасет/НД_для_обучения/Исследования/2.25.269648774413746842548908998641183395622/series_001_2_CR/A2504393664 DXA/CR DXA/CR000000.dcm,right_hip,eca518c4eb8877332135a51629899a06e013bfaf
2.25.269648774413746842548908998641183395622,/home/user/workspace/dataset_extracted/Датасет/НД_для_обучения/Исследования/2.25.269648774413746842548908998641183395622/series_001_2_CR/A2504393664 DXA/CR DXA/CR000001.dcm,spine,68904e5796de4425216cd5477b54d2ad7f88ec2d
2.25.269648774413746842548908998641183395622,/home/user/workspace/dataset_extracted/Датасет/НД_для_обучения/Исследования/2.25.269648774413746842548908998641183395622/series_001_2_CR/A2504393664 DXA/CR DXA/CR000002.dcm,left_hip,b0dc2c51d6564eafb54df5a808ace01566f034aa
2.25.269742577365511543488820993979123763373,/home/user/workspace/dataset_extracted/Датасет/НД_для_обучения/Исследования/2.25.269742577365511543488820993979123763373/series_003_2_CR/A250477751 DXA/CR DXA/CR000000.dcm,spine,ce5bd5cd2ed6e83ed82a51e977efb007f9089426
2.25.272690031744216183651627058502316132741,/home/user/workspace/dataset_extracted/Датасет/НД_для_обучения/Исследования/2.25.272690031744216183651627058502316132741/series_002_2_CR/A2504373414 DXA/CR DXA/CR000000.dcm,left_hip,021ebd6a89781af681dfb192df6f78eb8bdbf20a
2.25.272690031744216183651627058502316132741,/home/user/workspace/dataset_extracted/Датасет/НД_для_обучения/Исследования/2.25.272690031744216183651627058502316132741/series_002_2_CR/A2504373414 DXA/CR DXA/CR000001.dcm,spine,b1aaac4a0eea0615db89352ded03883a07fdc4ac
2.25.272690031744216183651627058502316132741,/home/user/workspace/dataset_extracted/Датасет/НД_для_обучения/Исследования/2.25.272690031744216183651627058502316132741/series_002_2_CR/A2504373414 DXA/CR DXA/CR000002.dcm,left_hip,f41971287cf874277229f51d74f20abbeeb81d2e
2.25.272690031744216183651627058502316132741,/home/user/workspace/dataset_extracted/Датасет/НД_для_обучения/Исследования/2.25.272690031744216183651627058502316132741/series_002_2_CR/A2504373414 DXA/CR DXA/CR000003.dcm,left_hip,f41971287cf874277229f51d74f20abbeeb81d2e
2.25.272690031744216183651627058502316132741,/home/user/workspace/dataset_extracted/Датасет/НД_для_обучения/Исследования/2.25.272690031744216183651627058502316132741/series_002_2_CR/A2504373414 DXA/CR DXA/CR000004.dcm,left_hip,021ebd6a89781af681dfb192df6f78eb8bdbf20a
2.25.272690031744216183651627058502316132741,/home/user/workspace/dataset_extracted/Датасет/НД_для_обучения/Исследования/2.25.272690031744216183651627058502316132741/series_002_2_CR/A2504373414 DXA/CR DXA/CR000005.dcm,left_hip,021ebd6a89781af681dfb192df6f78eb8bdbf20a
2.25.272690031744216183651627058502316132741,/home/user/workspace/dataset_extracted/Датасет/НД_для_обучения/Исследования/2.25.272690031744216183651627058502316132741/series_002_2_CR/A2504373414 DXA/CR DXA/CR000006.dcm,spine,b1aaac4a0eea0615db89352ded03883a07fdc4ac
2.25.272690031744216183651627058502316132741,/home/user/workspace/dataset_extracted/Датасет/НД_для_обучения/Исследования/2.25.272690031744216183651627058502316132741/series_002_2_CR/A2504373414 DXA/CR DXA/CR000007.dcm,left_hip,021ebd6a89781af681dfb192df6f78eb8bdbf20a
2.25.272690031744216183651627058502316132741,/home/user/workspace/dataset_extracted/Датасет/НД_для_обучения/Исследования/2.25.272690031744216183651627058502316132741/series_002_2_CR/A2504373414 DXA/CR DXA/CR000008.dcm,left_hip,f41971287cf874277229f51d74f20abbeeb81d2e
2.25.272690031744216183651627058502316132741,/home/user/workspace/dataset_extracted/Датасет/НД_для_обучения/Исследования/2.25.272690031744216183651627058502316132741/series_002_2_CR/A2504373414 DXA/CR DXA/CR000009.dcm,spine,b1aaac4a0eea0615db89352ded03883a07fdc4ac
2.25.272690031744216183651627058502316132741,/home/user/workspace/dataset_extracted/Датасет/НД_для_обучения/Исследования/2.25.272690031744216183651627058502316132741/series_002_2_CR/A2504373414 DXA/CR DXA/CR000010.dcm,left_hip,f41971287cf874277229f51d74f20abbeeb81d2e
2.25.276415754443998872860614500027519740375,/home/user/workspace/dataset_extracted/Датасет/НД_для_обучения/Исследования/2.25.276415754443998872860614500027519740375/series_002_2_CR/A2504387089 DXA/CR DXA/CR000000.dcm,spine,2b86bfc25200bc04b17c7cb9c2f7602eee094fb8
2.25.276415754443998872860614500027519740375,/home/user/workspace/dataset_extracted/Датасет/НД_для_обучения/Исследования/2.25.276415754443998872860614500027519740375/series_002_2_CR/A2504387089 DXA/CR DXA/CR000001.dcm,spine,2b86bfc25200bc04b17c7cb9c2f7602eee094fb8
2.25.276415754443998872860614500027519740375,/home/user/workspace/dataset_extracted/Датасет/НД_для_обучения/Исследования/2.25.276415754443998872860614500027519740375/series_002_2_CR/A2504387089 DXA/CR DXA/CR000002.dcm,right_hip,120987fa4a7908566ae84604526488305f12806d
2.25.276415754443998872860614500027519740375,/home/user/workspace/dataset_extracted/Датасет/НД_для_обучения/Исследования/2.25.276415754443998872860614500027519740375/series_002_2_CR/A2504387089 DXA/CR DXA/CR000003.dcm,left_hip,b6caf8a33db55643aa75ff425622b5226fc0b2b6
2.25.276415754443998872860614500027519740375,/home/user/workspace/dataset_extracted/Датасет/НД_для_обучения/Исследования/2.25.276415754443998872860614500027519740375/series_002_2_CR/A2504387089 DXA/CR DXA/CR000004.dcm,right_hip,120987fa4a7908566ae84604526488305f12806d
2.25.276415754443998872860614500027519740375,/home/user/workspace/dataset_extracted/Датасет/НД_для_обучения/Исследования/2.25.276415754443998872860614500027519740375/series_002_2_CR/A2504387089 DXA/CR DXA/CR000005.dcm,left_hip,b6caf8a33db55643aa75ff425622b5226fc0b2b6
2.25.277752758923974029595977676354128739670,/home/user/workspace/dataset_extracted/Датасет/НД_для_обучения/Исследования/2.25.277752758923974029595977676354128739670/series_002_2_CR/A2504223752 DXA/CR DXA/CR000000.dcm,right_hip,15dfb8a1183d936a2f3d2922590ed2436c7b16fe
2.25.277752758923974029595977676354128739670,/home/user/workspace/dataset_extracted/Датасет/НД_для_обучения/Исследования/2.25.277752758923974029595977676354128739670/series_002_2_CR/A2504223752 DXA/CR DXA/CR000001.dcm,left_hip,9f9627fb15369d5ab5baaa57a748e881d987c581
2.25.277752758923974029595977676354128739670,/home/user/workspace/dataset_extracted/Датасет/НД_для_обучения/Исследования/2.25.277752758923974029595977676354128739670/series_002_2_CR/A2504223752 DXA/CR DXA/CR000002.dcm,left_hip,9f9627fb15369d5ab5baaa57a748e881d987c581
2.25.277752758923974029595977676354128739670,/home/user/workspace/dataset_extracted/Датасет/НД_для_обучения/Исследования/2.25.277752758923974029595977676354128739670/series_002_2_CR/A2504223752 DXA/CR DXA/CR000003.dcm,right_hip,15dfb8a1183d936a2f3d2922590ed2436c7b16fe
2.25.277752758923974029595977676354128739670,/home/user/workspace/dataset_extracted/Датасет/НД_для_обучения/Исследования/2.25.277752758923974029595977676354128739670/series_002_2_CR/A2504223752 DXA/CR DXA/CR000004.dcm,spine,bc5bcd2b3b41dd19a8bb692b83915936b1df7f3e
2.25.277752758923974029595977676354128739670,/home/user/workspace/dataset_extracted/Датасет/НД_для_обучения/Исследования/2.25.277752758923974029595977676354128739670/series_002_2_CR/A2504223752 DXA/CR DXA/CR000005.dcm,spine,bc5bcd2b3b41dd19a8bb692b83915936b1df7f3e
2.25.286999464611662854355201599068538813496,/home/user/workspace/dataset_extracted/Датасет/НД_для_обучения/Исследования/2.25.286999464611662854355201599068538813496/series_003_2_CR/A2504223477 DXA/CR DXA/CR000000.dcm,left_hip,ee444f7f0a112fc914df689f43c73eb728fd23c2
2.25.286999464611662854355201599068538813496,/home/user/workspace/dataset_extracted/Датасет/НД_для_обучения/Исследования/2.25.286999464611662854355201599068538813496/series_003_2_CR/A2504223477 DXA/CR DXA/CR000001.dcm,spine,591b690ce26dda8103e44d7df96fc6bbf9b2c24c
2.25.286999464611662854355201599068538813496,/home/user/workspace/dataset_extracted/Датасет/НД_для_обучения/Исследования/2.25.286999464611662854355201599068538813496/series_003_2_CR/A2504223477 DXA/CR DXA/CR000002.dcm,left_hip,ce0ac779f94a8315cf913ef76a78715af6bfd79f
2.25.286999464611662854355201599068538813496,/home/user/workspace/dataset_extracted/Датасет/НД_для_обучения/Исследования/2.25.286999464611662854355201599068538813496/series_003_2_CR/A2504223477 DXA/CR DXA/CR000003.dcm,left_hip,ee444f7f0a112fc914df689f43c73eb728fd23c2
2.25.286999464611662854355201599068538813496,/home/user/workspace/dataset_extracted/Датасет/НД_для_обучения/Исследования/2.25.286999464611662854355201599068538813496/series_003_2_CR/A2504223477 DXA/CR DXA/CR000004.dcm,spine,591b690ce26dda8103e44d7df96fc6bbf9b2c24c
2.25.286999464611662854355201599068538813496,/home/user/workspace/dataset_extracted/Датасет/НД_для_обучения/Исследования/2.25.286999464611662854355201599068538813496/series_003_2_CR/A2504223477 DXA/CR DXA/CR000005.dcm,left_hip,ce0ac779f94a8315cf913ef76a78715af6bfd79f
2.25.29638026465755240167985424461715024381,/home/user/workspace/dataset_extracted/Датасет/НД_для_обучения/Исследования/2.25.29638026465755240167985424461715024381/series_004_3_CR/A2504115579 DXA/CR DXA/CR000000.dcm,right_hip,f153b68cbc14cb396da63630e9ace6928e2bc805
2.25.29638026465755240167985424461715024381,/home/user/workspace/dataset_extracted/Датасет/НД_для_обучения/Исследования/2.25.29638026465755240167985424461715024381/series_004_3_CR/A2504115579 DXA/CR DXA/CR000001.dcm,spine,f07a9f920bdc5dc956614d413c33b5f1a51dc238
2.25.29638026465755240167985424461715024381,/home/user/workspace/dataset_extracted/Датасет/НД_для_обучения/Исследования/2.25.29638026465755240167985424461715024381/series_004_3_CR/A2504115579 DXA/CR DXA/CR000002.dcm,right_hip,f153b68cbc14cb396da63630e9ace6928e2bc805
2.25.29638026465755240167985424461715024381,/home/user/workspace/dataset_extracted/Датасет/НД_для_обучения/Исследования/2.25.29638026465755240167985424461715024381/series_004_3_CR/A2504115579 DXA/CR DXA/CR000003.dcm,left_hip,9a06ca4fc5a6ef29bbf14f42e240ab4df5728f76
2.25.306921081709806079165809721263236241032,/home/user/workspace/dataset_extracted/Датасет/НД_для_обучения/Исследования/2.25.306921081709806079165809721263236241032/series_002_2_CR/A2504381177 DXA/CR DXA/CR000000.dcm,spine,35e25a8c077c8238ba0f85a7a5d05dbb6114fbb7
2.25.307021710202910067378603383388989711646,/home/user/workspace/dataset_extracted/Датасет/НД_для_обучения/Исследования/2.25.307021710202910067378603383388989711646/series_004_2_CR/A2504110565 DXA/CR DXA/CR000000.dcm,spine,d1033bdcd543bda5d95ddedeeb1cca998088026b
2.25.307021710202910067378603383388989711646,/home/user/workspace/dataset_extracted/Датасет/НД_для_обучения/Исследования/2.25.307021710202910067378603383388989711646/series_004_2_CR/A2504110565 DXA/CR DXA/CR000001.dcm,right_hip,5c227f4712818fe36cd3ef7f32486c6379095edd
2.25.307021710202910067378603383388989711646,/home/user/workspace/dataset_extracted/Датасет/НД_для_обучения/Исследования/2.25.307021710202910067378603383388989711646/series_004_2_CR/A2504110565 DXA/CR DXA/CR000002.dcm,right_hip,5c227f4712818fe36cd3ef7f32486c6379095edd
2.25.307021710202910067378603383388989711646,/home/user/workspace/dataset_extracted/Датасет/НД_для_обучения/Исследования/2.25.307021710202910067378603383388989711646/series_004_2_CR/A2504110565 DXA/CR DXA/CR000003.dcm,right_hip,5c227f4712818fe36cd3ef7f32486c6379095edd
2.25.307021710202910067378603383388989711646,/home/user/workspace/dataset_extracted/Датасет/НД_для_обучения/Исследования/2.25.307021710202910067378603383388989711646/series_004_2_CR/A2504110565 DXA/CR DXA/CR000004.dcm,left_hip,35773678ffa31fad7856de41a106854aed6cdf2c
2.25.307021710202910067378603383388989711646,/home/user/workspace/dataset_extracted/Датасет/НД_для_обучения/Исследования/2.25.307021710202910067378603383388989711646/series_004_2_CR/A2504110565 DXA/CR DXA/CR000005.dcm,left_hip,35773678ffa31fad7856de41a106854aed6cdf2c
2.25.307021710202910067378603383388989711646,/home/user/workspace/dataset_extracted/Датасет/НД_для_обучения/Исследования/2.25.307021710202910067378603383388989711646/series_004_2_CR/A2504110565 DXA/CR DXA/CR000006.dcm,left_hip,35773678ffa31fad7856de41a106854aed6cdf2c
2.25.307021710202910067378603383388989711646,/home/user/workspace/dataset_extracted/Датасет/НД_для_обучения/Исследования/2.25.307021710202910067378603383388989711646/series_004_2_CR/A2504110565 DXA/CR DXA/CR000007.dcm,left_hip,35773678ffa31fad7856de41a106854aed6cdf2c
2.25.307021710202910067378603383388989711646,/home/user/workspace/dataset_extracted/Датасет/НД_для_обучения/Исследования/2.25.307021710202910067378603383388989711646/series_004_2_CR/A2504110565 DXA/CR DXA/CR000008.dcm,right_hip,5c227f4712818fe36cd3ef7f32486c6379095edd
2.25.307021710202910067378603383388989711646,/home/user/workspace/dataset_extracted/Датасет/НД_для_обучения/Исследования/2.25.307021710202910067378603383388989711646/series_004_2_CR/A2504110565 DXA/CR DXA/CR000009.dcm,right_hip,5c227f4712818fe36cd3ef7f32486c6379095edd
2.25.307021710202910067378603383388989711646,/home/user/workspace/dataset_extracted/Датасет/НД_для_обучения/Исследования/2.25.307021710202910067378603383388989711646/series_004_2_CR/A2504110565 DXA/CR DXA/CR000010.dcm,spine,d1033bdcd543bda5d95ddedeeb1cca998088026b
2.25.307021710202910067378603383388989711646,/home/user/workspace/dataset_extracted/Датасет/НД_для_обучения/Исследования/2.25.307021710202910067378603383388989711646/series_004_2_CR/A2504110565 DXA/CR DXA/CR000011.dcm,spine,d1033bdcd543bda5d95ddedeeb1cca998088026b
2.25.309085571913348252136520206003694446566,/home/user/workspace/dataset_extracted/Датасет/НД_для_обучения/Исследования/2.25.309085571913348252136520206003694446566/series_002_2_CR/A2504116267 DXA/CR DXA/CR000000.dcm,spine,94cfa3f74708fc195e4f76c6ca90491f3ad28412
2.25.309085571913348252136520206003694446566,/home/user/workspace/dataset_extracted/Датасет/НД_для_обучения/Исследования/2.25.309085571913348252136520206003694446566/series_002_2_CR/A2504116267 DXA/CR DXA/CR000001.dcm,left_hip,4edad7064f3f7cab213716c9e6d02309e214f637
2.25.309085571913348252136520206003694446566,/home/user/workspace/dataset_extracted/Датасет/НД_для_обучения/Исследования/2.25.309085571913348252136520206003694446566/series_002_2_CR/A2504116267 DXA/CR DXA/CR000002.dcm,right_hip,0b630e150969728ab936a95650780729e169632d
2.25.314147167453134440746270747484612743945,/home/user/workspace/dataset_extracted/Датасет/НД_для_обучения/Исследования/2.25.314147167453134440746270747484612743945/series_002_2_CR/A2504224780 DXA/CR DXA/CR000000.dcm,left_hip,8ee7fa801137b890e37405afe1e89e52f7e2ce9c
2.25.314147167453134440746270747484612743945,/home/user/workspace/dataset_extracted/Датасет/НД_для_обучения/Исследования/2.25.314147167453134440746270747484612743945/series_002_2_CR/A2504224780 DXA/CR DXA/CR000001.dcm,left_hip,f19865e587d3b2c32a6017bd2b9013a4db138746
2.25.314147167453134440746270747484612743945,/home/user/workspace/dataset_extracted/Датасет/НД_для_обучения/Исследования/2.25.314147167453134440746270747484612743945/series_002_2_CR/A2504224780 DXA/CR DXA/CR000002.dcm,spine,3a3ccb6c47e907eae4c2ce1c18c9ac9b1da7657a
2.25.322202456901330781765399791024580391565,/home/user/workspace/dataset_extracted/Датасет/НД_для_обучения/Исследования/2.25.322202456901330781765399791024580391565/series_002_2_CR/A2504350020 DXA/CR DXA/CR000000.dcm,spine,08426831432a4c28de4e7d4855ad113c387a91f7
2.25.338439598607961312040815816824093323492,/home/user/workspace/dataset_extracted/Датасет/НД_для_обучения/Исследования/2.25.338439598607961312040815816824093323492/series_002_2_CR/A2504147124 DXA/CR DXA/CR000000.dcm,spine,9bc1be873bfc824aa034ad7f979309202acccaea
2.25.339027809107632348165171236474821772940,/home/user/workspace/dataset_extracted/Датасет/НД_для_обучения/Исследования/2.25.339027809107632348165171236474821772940/series_001_2_CR/A2504349642 DXA/CR DXA/CR000000.dcm,left_hip,2dfeccbd8642ad7eaa3251b89e447c49c61252d1
2.25.339027809107632348165171236474821772940,/home/user/workspace/dataset_extracted/Датасет/НД_для_обучения/Исследования/2.25.339027809107632348165171236474821772940/series_001_2_CR/A2504349642 DXA/CR DXA/CR000001.dcm,spine,ff07bdf0e3e4b98bea392d90fd983cee37e3e98b
2.25.339027809107632348165171236474821772940,/home/user/workspace/dataset_extracted/Датасет/НД_для_обучения/Исследования/2.25.339027809107632348165171236474821772940/series_001_2_CR/A2504349642 DXA/CR DXA/CR000002.dcm,right_hip,5f693e3fa04e5bf3ea44f6643da361e1a189fa69
2.25.339027809107632348165171236474821772940,/home/user/workspace/dataset_extracted/Датасет/НД_для_обучения/Исследования/2.25.339027809107632348165171236474821772940/series_001_2_CR/A2504349642 DXA/CR DXA/CR000003.dcm,right_hip,5f693e3fa04e5bf3ea44f6643da361e1a189fa69
2.25.339027809107632348165171236474821772940,/home/user/workspace/dataset_extracted/Датасет/НД_для_обучения/Исследования/2.25.339027809107632348165171236474821772940/series_001_2_CR/A2504349642 DXA/CR DXA/CR000004.dcm,spine,ff07bdf0e3e4b98bea392d90fd983cee37e3e98b
2.25.339027809107632348165171236474821772940,/home/user/workspace/dataset_extracted/Датасет/НД_для_обучения/Исследования/2.25.339027809107632348165171236474821772940/series_001_2_CR/A2504349642 DXA/CR DXA/CR000005.dcm,left_hip,2dfeccbd8642ad7eaa3251b89e447c49c61252d1
2.25.340839477910528898406207279980417945,/home/user/workspace/dataset_extracted/Датасет/НД_для_обучения/Исследования/2.25.340839477910528898406207279980417945/series_001_2_CR/A2504224555 DXA Exam/CR DXA Images/CR000000.dcm,left_hip,4a5ca0c7b3839ffe78aa8ca1cdb17ad4bd5b26b0
2.25.340839477910528898406207279980417945,/home/user/workspace/dataset_extracted/Датасет/НД_для_обучения/Исследования/2.25.340839477910528898406207279980417945/series_001_2_CR/A2504224555 DXA Exam/CR DXA Images/CR000001.dcm,right_hip,f9a5d474b15b36deaf47d0e5e29a93537b76a014
2.25.340839477910528898406207279980417945,/home/user/workspace/dataset_extracted/Датасет/НД_для_обучения/Исследования/2.25.340839477910528898406207279980417945/series_001_2_CR/A2504224555 DXA Exam/CR DXA Images/CR000002.dcm,spine,b27932502d4fb18522e8b10fa7716042fc813651
2.25.37515662379281069436632838996073181551,/home/user/workspace/dataset_extracted/Датасет/НД_для_обучения/Исследования/2.25.37515662379281069436632838996073181551/series_001_2_CR/A2504329840 DXA/CR DXA/CR000000.dcm,spine,a2f6723d143948841ce69b99a2e7249627884c2b
2.25.37515662379281069436632838996073181551,/home/user/workspace/dataset_extracted/Датасет/НД_для_обучения/Исследования/2.25.37515662379281069436632838996073181551/series_001_2_CR/A2504329840 DXA/CR DXA/CR000001.dcm,right_hip,b56ff3c3b41cd5651631e0a97607b55aa2b6ff1a
2.25.37515662379281069436632838996073181551,/home/user/workspace/dataset_extracted/Датасет/НД_для_обучения/Исследования/2.25.37515662379281069436632838996073181551/series_001_2_CR/A2504329840 DXA/CR DXA/CR000002.dcm,left_hip,d67396f256c54d70eee5772604e5edf81e48bb7d
2.25.39068163399801173920284179500049527111,/home/user/workspace/dataset_extracted/Датасет/НД_для_обучения/Исследования/2.25.39068163399801173920284179500049527111/series_002_2_CR/A2504195842 DXA/CR DXA/CR000000.dcm,right_hip,1ec5d2997ba7c7fab5ae020dbb415f5565514281
2.25.39068163399801173920284179500049527111,/home/user/workspace/dataset_extracted/Датасет/НД_для_обучения/Исследования/2.25.39068163399801173920284179500049527111/series_002_2_CR/A2504195842 DXA/CR DXA/CR000001.dcm,left_hip,b4f42ff80059c59f80d0569f1ac8b54ba0cc7f1d
2.25.39068163399801173920284179500049527111,/home/user/workspace/dataset_extracted/Датасет/НД_для_обучения/Исследования/2.25.39068163399801173920284179500049527111/series_002_2_CR/A2504195842 DXA/CR DXA/CR000002.dcm,spine,a75a66ff6e4ca456030482c8704f24521b4bd315
2.25.48906424954135283790354958243772558962,/home/user/workspace/dataset_extracted/Датасет/НД_для_обучения/Исследования/2.25.48906424954135283790354958243772558962/series_001_2_CR/A2504185596 DXA Exam/CR DXA Images/CR000000.dcm,right_hip,90465d7827ee93dcb9a1b048270a5e959b8c8b9d
2.25.48906424954135283790354958243772558962,/home/user/workspace/dataset_extracted/Датасет/НД_для_обучения/Исследования/2.25.48906424954135283790354958243772558962/series_001_2_CR/A2504185596 DXA Exam/CR DXA Images/CR000001.dcm,right_hip,049d79952e1e0304175881029d757c77dc0c3b0d
2.25.48906424954135283790354958243772558962,/home/user/workspace/dataset_extracted/Датасет/НД_для_обучения/Исследования/2.25.48906424954135283790354958243772558962/series_001_2_CR/A2504185596 DXA Exam/CR DXA Images/CR000002.dcm,spine,cff1c13a65d05ec875b70b901a482ae09e860df4
2.25.52532476139575422857225834315571570912,/home/user/workspace/dataset_extracted/Датасет/НД_для_обучения/Исследования/2.25.52532476139575422857225834315571570912/series_001_2_CR/A2504247961 DXA/CR DXA/CR000000.dcm,spine,60e477bb306b085e9c6e092d51d2d2d376ca2920
2.25.52982400970721161435951723390541696819,/home/user/workspace/dataset_extracted/Датасет/НД_для_обучения/Исследования/2.25.52982400970721161435951723390541696819/series_001_2_CR/A2504331065 DXA/CR DXA/CR000000.dcm,left_hip,5068b6e33b864932315f92489adcf2514110af2b
2.25.52982400970721161435951723390541696819,/home/user/workspace/dataset_extracted/Датасет/НД_для_обучения/Исследования/2.25.52982400970721161435951723390541696819/series_001_2_CR/A2504331065 DXA/CR DXA/CR000001.dcm,left_hip,3246dd2d6123cceed3117073e675c046bad09a30
2.25.52982400970721161435951723390541696819,/home/user/workspace/dataset_extracted/Датасет/НД_для_обучения/Исследования/2.25.52982400970721161435951723390541696819/series_001_2_CR/A2504331065 DXA/CR DXA/CR000002.dcm,spine,494d741bf5e4c733fc87b172653be15b410547b3
2.25.52982400970721161435951723390541696819,/home/user/workspace/dataset_extracted/Датасет/НД_для_обучения/Исследования/2.25.52982400970721161435951723390541696819/series_001_2_CR/A2504331065 DXA/CR DXA/CR000003.dcm,left_hip,5068b6e33b864932315f92489adcf2514110af2b
2.25.52982400970721161435951723390541696819,/home/user/workspace/dataset_extracted/Датасет/НД_для_обучения/Исследования/2.25.52982400970721161435951723390541696819/series_001_2_CR/A2504331065 DXA/CR DXA/CR000004.dcm,spine,494d741bf5e4c733fc87b172653be15b410547b3
2.25.52982400970721161435951723390541696819,/home/user/workspace/dataset_extracted/Датасет/НД_для_обучения/Исследования/2.25.52982400970721161435951723390541696819/series_001_2_CR/A2504331065 DXA/CR DXA/CR000005.dcm,left_hip,3246dd2d6123cceed3117073e675c046bad09a30
2.25.52982400970721161435951723390541696819,/home/user/workspace/dataset_extracted/Датасет/НД_для_обучения/Исследования/2.25.52982400970721161435951723390541696819/series_001_2_CR/A2504331065 DXA/CR DXA/CR000006.dcm,left_hip,5068b6e33b864932315f92489adcf2514110af2b
2.25.52982400970721161435951723390541696819,/home/user/workspace/dataset_extracted/Датасет/НД_для_обучения/Исследования/2.25.52982400970721161435951723390541696819/series_001_2_CR/A2504331065 DXA/CR DXA/CR000007.dcm,left_hip,3246dd2d6123cceed3117073e675c046bad09a30
2.25.54396839637320114639948764487283877793,/home/user/workspace/dataset_extracted/Датасет/НД_для_обучения/Исследования/2.25.54396839637320114639948764487283877793/series_003_2_CR/A2504111090 DXA/CR DXA/CR000000.dcm,spine,af67a79c10b354d7059a8b9762ebeaa879b5a847
2.25.59542620917302828428419211045951914336,/home/user/workspace/dataset_extracted/Датасет/НД_для_обучения/Исследования/2.25.59542620917302828428419211045951914336/series_001_2_CR/A2504303391 DXA/CR DXA/CR000000.dcm,spine,43973bed0a8e4329e2bf46bbf1eb6ac68281e922
2.25.65954778282254353457041255543338557112,/home/user/workspace/dataset_extracted/Датасет/НД_для_обучения/Исследования/2.25.65954778282254353457041255543338557112/series_004_3_CR/A2504246289 DXA/CR DXA/CR000000.dcm,left_hip,3f8abe07a24e5d395d416da9726024ca2622d706
2.25.65954778282254353457041255543338557112,/home/user/workspace/dataset_extracted/Датасет/НД_для_обучения/Исследования/2.25.65954778282254353457041255543338557112/series_004_3_CR/A2504246289 DXA/CR DXA/CR000001.dcm,right_hip,d525f1fd494939f896b5c5934e3b63fb010f4cf0
2.25.65954778282254353457041255543338557112,/home/user/workspace/dataset_extracted/Датасет/НД_для_обучения/Исследования/2.25.65954778282254353457041255543338557112/series_004_3_CR/A2504246289 DXA/CR DXA/CR000002.dcm,spine,dde0488d33bed0c866a1a374df912843f9b61308
2.25.66397484472966116002950503539482860450,/home/user/workspace/dataset_extracted/Датасет/НД_для_обучения/Исследования/2.25.66397484472966116002950503539482860450/series_001_2_CR/A2504194637 DXA/CR DXA/CR000000.dcm,left_hip,c6f9a96e964304550ea5c3c7d9903af1a4efcf07
2.25.66397484472966116002950503539482860450,/home/user/workspace/dataset_extracted/Датасет/НД_для_обучения/Исследования/2.25.66397484472966116002950503539482860450/series_001_2_CR/A2504194637 DXA/CR DXA/CR000001.dcm,left_hip,c6f9a96e964304550ea5c3c7d9903af1a4efcf07
2.25.66397484472966116002950503539482860450,/home/user/workspace/dataset_extracted/Датасет/НД_для_обучения/Исследования/2.25.66397484472966116002950503539482860450/series_001_2_CR/A2504194637 DXA/CR DXA/CR000002.dcm,left_hip,c6f9a96e964304550ea5c3c7d9903af1a4efcf07
2.25.66397484472966116002950503539482860450,/home/user/workspace/dataset_extracted/Датасет/НД_для_обучения/Исследования/2.25.66397484472966116002950503539482860450/series_001_2_CR/A2504194637 DXA/CR DXA/CR000003.dcm,right_hip,8791af778b18c10dfde958cc86d0ece54e7182e0
2.25.66397484472966116002950503539482860450,/home/user/workspace/dataset_extracted/Датасет/НД_для_обучения/Исследования/2.25.66397484472966116002950503539482860450/series_001_2_CR/A2504194637 DXA/CR DXA/CR000004.dcm,spine,b6aa780220fc61fdb2def3f18f00f66cc2ada03f
2.25.66397484472966116002950503539482860450,/home/user/workspace/dataset_extracted/Датасет/НД_для_обучения/Исследования/2.25.66397484472966116002950503539482860450/series_001_2_CR/A2504194637 DXA/CR DXA/CR000005.dcm,left_hip,c6f9a96e964304550ea5c3c7d9903af1a4efcf07
2.25.66397484472966116002950503539482860450,/home/user/workspace/dataset_extracted/Датасет/НД_для_обучения/Исследования/2.25.66397484472966116002950503539482860450/series_001_2_CR/A2504194637 DXA/CR DXA/CR000006.dcm,right_hip,8791af778b18c10dfde958cc86d0ece54e7182e0
2.25.66397484472966116002950503539482860450,/home/user/workspace/dataset_extracted/Датасет/НД_для_обучения/Исследования/2.25.66397484472966116002950503539482860450/series_001_2_CR/A2504194637 DXA/CR DXA/CR000007.dcm,right_hip,8791af778b18c10dfde958cc86d0ece54e7182e0
2.25.66397484472966116002950503539482860450,/home/user/workspace/dataset_extracted/Датасет/НД_для_обучения/Исследования/2.25.66397484472966116002950503539482860450/series_001_2_CR/A2504194637 DXA/CR DXA/CR000008.dcm,spine,b6aa780220fc61fdb2def3f18f00f66cc2ada03f
2.25.66397484472966116002950503539482860450,/home/user/workspace/dataset_extracted/Датасет/НД_для_обучения/Исследования/2.25.66397484472966116002950503539482860450/series_001_2_CR/A2504194637 DXA/CR DXA/CR000009.dcm,spine,b6aa780220fc61fdb2def3f18f00f66cc2ada03f
2.25.66397484472966116002950503539482860450,/home/user/workspace/dataset_extracted/Датасет/НД_для_обучения/Исследования/2.25.66397484472966116002950503539482860450/series_001_2_CR/A2504194637 DXA/CR DXA/CR000010.dcm,right_hip,8791af778b18c10dfde958cc86d0ece54e7182e0
2.25.73070100851377917031356937075051545239,/home/user/workspace/dataset_extracted/Датасет/НД_для_обучения/Исследования/2.25.73070100851377917031356937075051545239/series_002_2_CR/A2504239110 DXA/CR DXA/CR000000.dcm,left_hip,5f0e1bc9f7204bb614a9ac18ec6238dc8f506c49
2.25.73070100851377917031356937075051545239,/home/user/workspace/dataset_extracted/Датасет/НД_для_обучения/Исследования/2.25.73070100851377917031356937075051545239/series_002_2_CR/A2504239110 DXA/CR DXA/CR000001.dcm,right_hip,262bb8075ff9dbf808c1e59e94c2a28a07a71b1a
2.25.73070100851377917031356937075051545239,/home/user/workspace/dataset_extracted/Датасет/НД_для_обучения/Исследования/2.25.73070100851377917031356937075051545239/series_002_2_CR/A2504239110 DXA/CR DXA/CR000002.dcm,spine,a82b365c09241507c45032aee8f6d08f351c8e67
2.25.73070100851377917031356937075051545239,/home/user/workspace/dataset_extracted/Датасет/НД_для_обучения/Исследования/2.25.73070100851377917031356937075051545239/series_002_2_CR/A2504239110 DXA/CR DXA/CR000003.dcm,spine,a82b365c09241507c45032aee8f6d08f351c8e67
2.25.73070100851377917031356937075051545239,/home/user/workspace/dataset_extracted/Датасет/НД_для_обучения/Исследования/2.25.73070100851377917031356937075051545239/series_002_2_CR/A2504239110 DXA/CR DXA/CR000004.dcm,left_hip,5f0e1bc9f7204bb614a9ac18ec6238dc8f506c49
2.25.73070100851377917031356937075051545239,/home/user/workspace/dataset_extracted/Датасет/НД_для_обучения/Исследования/2.25.73070100851377917031356937075051545239/series_002_2_CR/A2504239110 DXA/CR DXA/CR000005.dcm,right_hip,262bb8075ff9dbf808c1e59e94c2a28a07a71b1a
2.25.76710355977373089612172037086913478687,/home/user/workspace/dataset_extracted/Датасет/НД_для_обучения/Исследования/2.25.76710355977373089612172037086913478687/series_002_3_CR/A2504104830 DXA/CR DXA/CR000000.dcm,right_hip,57ce7c3e12b2bcb62f4b57c03a26ff2303a8a8fe
2.25.76710355977373089612172037086913478687,/home/user/workspace/dataset_extracted/Датасет/НД_для_обучения/Исследования/2.25.76710355977373089612172037086913478687/series_002_3_CR/A2504104830 DXA/CR DXA/CR000001.dcm,spine,a84083d3ccc819cb7934ceac48cf0d6fbe37a130
2.25.76710355977373089612172037086913478687,/home/user/workspace/dataset_extracted/Датасет/НД_для_обучения/Исследования/2.25.76710355977373089612172037086913478687/series_002_3_CR/A2504104830 DXA/CR DXA/CR000002.dcm,right_hip,f6ae19251c3a5368a58c80c5ecedec7c43444ff2
2.25.78999454687125053757525542837745968726,/home/user/workspace/dataset_extracted/Датасет/НД_для_обучения/Исследования/2.25.78999454687125053757525542837745968726/series_004_3_CR/A2504222617 DXA/CR DXA/CR000000.dcm,left_hip,77ef72185216b0fc04066fbd55093c5ad73495e9
2.25.78999454687125053757525542837745968726,/home/user/workspace/dataset_extracted/Датасет/НД_для_обучения/Исследования/2.25.78999454687125053757525542837745968726/series_004_3_CR/A2504222617 DXA/CR DXA/CR000001.dcm,right_hip,0cd2baf795a90dfa519151a2342fcaccc03f0cca
2.25.78999454687125053757525542837745968726,/home/user/workspace/dataset_extracted/Датасет/НД_для_обучения/Исследования/2.25.78999454687125053757525542837745968726/series_004_3_CR/A2504222617 DXA/CR DXA/CR000002.dcm,spine,17d378c4cefd3c008086b2ed55365fa9caa84214
2.25.82912555346523716720160717883917565880,/home/user/workspace/dataset_extracted/Датасет/НД_для_обучения/Исследования/2.25.82912555346523716720160717883917565880/series_002_2_CR/A2504149480 DXA/CR DXA/CR000000.dcm,right_hip,cb5734b20eec1f6ac5f90fe6196f7307f6e69e52
2.25.82912555346523716720160717883917565880,/home/user/workspace/dataset_extracted/Датасет/НД_для_обучения/Исследования/2.25.82912555346523716720160717883917565880/series_002_2_CR/A2504149480 DXA/CR DXA/CR000001.dcm,spine,a86d983c5a1040349a19fa395410910607596ef6
2.25.82912555346523716720160717883917565880,/home/user/workspace/dataset_extracted/Датасет/НД_для_обучения/Исследования/2.25.82912555346523716720160717883917565880/series_002_2_CR/A2504149480 DXA/CR DXA/CR000002.dcm,left_hip,246c0c73dfdbdd7fc74f5c049cb7f5aa5bb6cc09
2.25.82912555346523716720160717883917565880,/home/user/workspace/dataset_extracted/Датасет/НД_для_обучения/Исследования/2.25.82912555346523716720160717883917565880/series_002_2_CR/A2504149480 DXA/CR DXA/CR000003.dcm,right_hip,cb5734b20eec1f6ac5f90fe6196f7307f6e69e52
2.25.82912555346523716720160717883917565880,/home/user/workspace/dataset_extracted/Датасет/НД_для_обучения/Исследования/2.25.82912555346523716720160717883917565880/series_002_2_CR/A2504149480 DXA/CR DXA/CR000004.dcm,left_hip,246c0c73dfdbdd7fc74f5c049cb7f5aa5bb6cc09
2.25.82912555346523716720160717883917565880,/home/user/workspace/dataset_extracted/Датасет/НД_для_обучения/Исследования/2.25.82912555346523716720160717883917565880/series_002_2_CR/A2504149480 DXA/CR DXA/CR000005.dcm,spine,a86d983c5a1040349a19fa395410910607596ef6
2.25.87718478011637131470224319788530286374,/home/user/workspace/dataset_extracted/Датасет/НД_для_обучения/Исследования/2.25.87718478011637131470224319788530286374/series_002_2_CR/A2504337993 DXA/CR DXA/CR000000.dcm,spine,6f9aaea7244d047e00e8565e678116bb4d4229bc
2.25.87869906212286587478854831452123526595,/home/user/workspace/dataset_extracted/Датасет/НД_для_обучения/Исследования/2.25.87869906212286587478854831452123526595/series_002_2_CR/A250419699 DXA/CR DXA/CR000000.dcm,left_hip,7724c7dc1bb79873e9079b24427ef78d8ac4d248
2.25.87869906212286587478854831452123526595,/home/user/workspace/dataset_extracted/Датасет/НД_для_обучения/Исследования/2.25.87869906212286587478854831452123526595/series_002_2_CR/A250419699 DXA/CR DXA/CR000001.dcm,spine,ec8683f94f631aac555d3a398bba925dd9b4a6d4
2.25.87869906212286587478854831452123526595,/home/user/workspace/dataset_extracted/Датасет/НД_для_обучения/Исследования/2.25.87869906212286587478854831452123526595/series_002_2_CR/A250419699 DXA/CR DXA/CR000002.dcm,left_hip,a21324f3341711ec4aea1d18b9be73ed88cb773f
2.25.91981043841368764114007975581101713077,/home/user/workspace/dataset_extracted/Датасет/НД_для_обучения/Исследования/2.25.91981043841368764114007975581101713077/series_003_2_CR/A250496619 DXA/CR DXA/CR000000.dcm,left_hip,f7819f38c11089726c3d55d313641ecef764453a
2.25.91981043841368764114007975581101713077,/home/user/workspace/dataset_extracted/Датасет/НД_для_обучения/Исследования/2.25.91981043841368764114007975581101713077/series_003_2_CR/A250496619 DXA/CR DXA/CR000001.dcm,left_hip,f7819f38c11089726c3d55d313641ecef764453a
2.25.91981043841368764114007975581101713077,/home/user/workspace/dataset_extracted/Датасет/НД_для_обучения/Исследования/2.25.91981043841368764114007975581101713077/series_003_2_CR/A250496619 DXA/CR DXA/CR000002.dcm,right_hip,3f9c3d79cddd63ee69c76400f4bcd025932ea7a6
2.25.91981043841368764114007975581101713077,/home/user/workspace/dataset_extracted/Датасет/НД_для_обучения/Исследования/2.25.91981043841368764114007975581101713077/series_003_2_CR/A250496619 DXA/CR DXA/CR000003.dcm,left_hip,f7819f38c11089726c3d55d313641ecef764453a
2.25.91981043841368764114007975581101713077,/home/user/workspace/dataset_extracted/Датасет/НД_для_обучения/Исследования/2.25.91981043841368764114007975581101713077/series_003_2_CR/A250496619 DXA/CR DXA/CR000004.dcm,spine,ed1fb36c6c49fd4856bd69d46dcae775494d3e39
2.25.91981043841368764114007975581101713077,/home/user/workspace/dataset_extracted/Датасет/НД_для_обучения/Исследования/2.25.91981043841368764114007975581101713077/series_003_2_CR/A250496619 DXA/CR DXA/CR000005.dcm,right_hip,3f9c3d79cddd63ee69c76400f4bcd025932ea7a6
2.25.91981043841368764114007975581101713077,/home/user/workspace/dataset_extracted/Датасет/НД_для_обучения/Исследования/2.25.91981043841368764114007975581101713077/series_003_2_CR/A250496619 DXA/CR DXA/CR000006.dcm,right_hip,3f9c3d79cddd63ee69c76400f4bcd025932ea7a6
2.25.91981043841368764114007975581101713077,/home/user/workspace/dataset_extracted/Датасет/НД_для_обучения/Исследования/2.25.91981043841368764114007975581101713077/series_003_2_CR/A250496619 DXA/CR DXA/CR000007.dcm,right_hip,3f9c3d79cddd63ee69c76400f4bcd025932ea7a6
2.25.91981043841368764114007975581101713077,/home/user/workspace/dataset_extracted/Датасет/НД_для_обучения/Исследования/2.25.91981043841368764114007975581101713077/series_003_2_CR/A250496619 DXA/CR DXA/CR000008.dcm,left_hip,f7819f38c11089726c3d55d313641ecef764453a
2.25.91981043841368764114007975581101713077,/home/user/workspace/dataset_extracted/Датасет/НД_для_обучения/Исследования/2.25.91981043841368764114007975581101713077/series_003_2_CR/A250496619 DXA/CR DXA/CR000009.dcm,spine,ed1fb36c6c49fd4856bd69d46dcae775494d3e39
2.25.91981043841368764114007975581101713077,/home/user/workspace/dataset_extracted/Датасет/НД_для_обучения/Исследования/2.25.91981043841368764114007975581101713077/series_003_2_CR/A250496619 DXA/CR DXA/CR000010.dcm,spine,ed1fb36c6c49fd4856bd69d46dcae775494d3e39
2.25.91981043841368764114007975581101713077,/home/user/workspace/dataset_extracted/Датасет/НД_для_обучения/Исследования/2.25.91981043841368764114007975581101713077/series_003_2_CR/A250496619 DXA/CR DXA/CR000011.dcm,right_hip,3f9c3d79cddd63ee69c76400f4bcd025932ea7a6
