study,file_path,sop_instance_uid,instance_number,rows,cols,region,applicable,quality_class,violation_list,sp_pos,sp_axis,sp_art,rh_pos,rh_roi,lh_pos,lh_roi,metal_metal_area_px,metal_metal_area_mm2,metal_metal_outside_bone_px,metal_metal_outside_bone_mm2,metal_has_metal,metal_metal_max_intensity_gap,axis_angle_deg,curvature,valid_rows,center_offset_ratio,top_margin_ratio,bottom_margin_ratio,bone_width_ratio,signed_shaft_angle_deg,abs_shaft_angle_deg,shaft_width_mm,shaft_len_below_troch_mm,lesser_troch_prominence_mm,greater_troch_offset_mm,lateral_margin_mm,medial_neck_extent_mm,merge_height_mm,neck_min_width_mm,scan_length_mm,scan_width_mm,femur_track_rows,shaft_bottom_center_ratio,bone_area_ratio,femur_fill_ratio,bone_top_touch_ratio,bone_bottom_touch_ratio,femur_solidity,femur_compactness,femur_eccentricity,prof_lat_0,prof_med_0,prof_lat_1,prof_med_1,prof_lat_2,prof_med_2,prof_lat_3,prof_med_3,prof_lat_4,prof_med_4,prof_lat_5,prof_med_5,prof_lat_6,prof_med_6,prof_lat_7,prof_med_7,prof_lat_8,prof_med_8,prof_lat_9,prof_med_9,prof_lat_10,prof_med_10,prof_lat_11,prof_med_11,prof_lat_12,prof_med_12,prof_lat_13,prof_med_13,prof_lat_14,prof_med_14,prof_lat_15,prof_med_15,prof_lat_16,prof_med_16,prof_lat_17,prof_med_17,prof_lat_18,prof_med_18,prof_lat_19,prof_med_19,hip_side_detected,hip_side_score,shaft_angle_deg,edge_distance_ratio,rh_pos_c,rh_roi_c,lh_pos_c,lh_roi_c,hip_pos_c,hip_roi_c
1.2.840.113619.2.110.512719.20250403090444,/home/user/workspace/dataset_extracted/Датасет/НД_для_обучения/Исследования/1.2.840.113619.2.110.512719.20250403090444/series_004_3_CR/DXA/CR DXA/CR000000.dcm,1.2.643.5.1.13.13.12.2.77.8252.14031015091008031013040205110915,1,289,300,spine,True,0.0,,0.0,0.0,0.0,,,,,305,192.15,305,192.15,True,3.4940133942334994,0.7288018531082822,0.06480434424579995,289.0,0.013108598803856921,0.0,0.0034602076124567475,0.37666666666666665,,,,,,,,,,,,,,,,,,,,,,,,,,,,,,,,,,,,,,,,,,,,,,,,,,,,,,,,,,,,,,,,,,,,,,,
1.2.840.113619.2.110.512719.20250403090444,/home/user/workspace/dataset_extracted/Датасет/НД_для_обучения/Исследования/1.2.840.113619.2.110.512719.20250403090444/series_004_3_CR/DXA/CR DXA/CR000001.dcm,1.2.643.5.1.13.13.12.2.77.8252.03030811151201151502050615010000,8,235,280,right_hip,True,0.0,,,,,0.0,0.0,,,0,0.0,0,0.0,False,0.0,,,,,,,,-1.3861072393567553,1.3861072393567553,30.599999999999998,58.800000000000004,4.6178755980861,-17.119090909090907,48.6,5.813868762816105,66.15,3.0,246.75,168.0,119.0,0.38392857142857145,0.21135258358662615,0.5063829787234042,0.24642857142857144,0.17142857142857143,0.5340868501627144,0.1602200103019146,0.9497067823674286,-19.020348598769647,0.9576008202323919,-21.555358851674637,0.6193369788106622,-21.656616541353376,0.9656390977443606,-22.391626794258364,0.6273752563226139,-22.52663704716335,0.8891114149008842,-22.66164730006835,1.1508475734791375,-20.996657552973335,0.8125837320574077,-21.09791524265208,1.1588858509911062,-21.232925495557065,1.4206220095693596,-20.76793574846206,2.28235816814763,-22.70294600136705,2.544094326725883,-22.837956254272036,3.405830485304153,-22.972966507177023,4.867566643882424,-23.074224196855774,5.813868762816105,-23.20923444976076,-9.524395078605624,-24.54424470266575,-12.262658920027354,-25.811749829118245,-13.031790840738227,-25.811749829118245,-13.031790840738227,-25.811749829118245,-13.031790840738227,-25.811749829118245,-13.031790840738227,right,0.4416529196691467,1.3861072393567553,0.2892857142857143,0.0,0.0,,,0.0,0.0
1.2.840.113619.2.110.512719.20250403090444,/home/user/workspace/dataset_extracted/Датасет/НД_для_обучения/Исследования/1.2.840.113619.2.110.512719.20250403090444/series_004_3_CR/DXA/CR DXA/CR000002.dcm,1.2.643.5.1.13.13.12.2.77.8252.06000812101106141213041404150112,4,263,280,left_hip,True,1.0,Нарушение позиционирования/ротации левого бедра,,,,,,1.0,0.0,0,0.0,0,0.0,False,0.0,,,,,,,,-3.9157342804921145,3.9157342804921145,31.2,112.35000000000001,0.0,-0.06147064009875009,51.0,20.51014518309526,52.5,10.799999999999999,276.15000000000003,168.0,263.0,0.3875,0.22057305812058664,1.0,0.2785714285714286,0.17142857142857143,0.5345200314212142,0.19168216270917116,0.9541415981362744,-4.246446834773411,2.4312290601304767,-4.1863516134720555,3.1163522012578424,-14.94128019749603,3.9301945571033796,-23.281184976194673,5.215317698230746,-26.221089754893317,6.500440839358128,-26.160994533591964,8.385563980485495,-30.0,10.270687121612877,-30.0,12.284529477458397,-30.0,15.36965261858578,-30.0,17.854775759713146,-30.0,17.93989890084051,-30.0,18.625022041967895,-30.0,20.51014518309526,-30.0,20.51014518309526,-30.0,20.51014518309526,-30.0,20.51014518309526,-30.0,20.51014518309526,-30.0,20.51014518309526,-30.0,20.51014518309526,-30.0,20.51014518309526,left,-0.6953049081214819,3.9157342804921145,0.30357142857142855,,,1.0,0.0,1.0,0.0
1.2.840.113619.2.110.512719.20250403090444,/home/user/workspace/dataset_extracted/Датасет/НД_для_обучения/Исследования/1.2.840.113619.2.110.512719.20250403090444/series_004_3_CR/DXA/CR DXA/CR000003.dcm,1.2.643.5.1.13.13.12.2.77.8252.10130209021503050013090302090705,6,263,280,left_hip,True,1.0,Нарушение позиционирования/ротации левого бедра,,,,,,1.0,0.0,0,0.0,0,0.0,False,0.0,,,,,,,,-3.9157342804921145,3.9157342804921145,31.2,112.35000000000001,0.0,-0.06147064009875009,51.0,20.51014518309526,52.5,10.799999999999999,276.15000000000003,168.0,263.0,0.3875,0.22057305812058664,1.0,0.2785714285714286,0.17142857142857143,0.5345200314212142,0.19168216270917116,0.9541415981362744,-4.246446834773411,2.4312290601304767,-4.1863516134720555,3.1163522012578424,-14.94128019749603,3.9301945571033796,-23.281184976194673,5.215317698230746,-26.221089754893317,6.500440839358128,-26.160994533591964,8.385563980485495,-30.0,10.270687121612877,-30.0,12.284529477458397,-30.0,15.36965261858578,-30.0,17.854775759713146,-30.0,17.93989890084051,-30.0,18.625022041967895,-30.0,20.51014518309526,-30.0,20.51014518309526,-30.0,20.51014518309526,-30.0,20.51014518309526,-30.0,20.51014518309526,-30.0,20.51014518309526,-30.0,20.51014518309526,-30.0,20.51014518309526,left,-0.6953049081214819,3.9157342804921145,0.30357142857142855,,,1.0,0.0,1.0,0.0
1.2.840.113619.2.110.512719.20250403090444,/home/user/workspace/dataset_extracted/Датасет/НД_для_обучения/Исследования/1.2.840.113619.2.110.512719.20250403090444/series_004_3_CR/DXA/CR DXA/CR000004.dcm,1.2.643.5.1.13.13.12.2.77.8252.13011105091309080008130511041109,5,235,280,right_hip,True,0.0,,,,,0.0,0.0,,,0,0.0,0,0.0,False,0.0,,,,,,,,-1.3861072393567553,1.3861072393567553,30.599999999999998,58.800000000000004,4.6178755980861,-17.119090909090907,48.6,5.813868762816105,66.15,3.0,246.75,168.0,119.0,0.38392857142857145,0.21135258358662615,0.5063829787234042,0.24642857142857144,0.17142857142857143,0.5340868501627144,0.1602200103019146,0.9497067823674286,-19.020348598769647,0.9576008202323919,-21.555358851674637,0.6193369788106622,-21.656616541353376,0.9656390977443606,-22.391626794258364,0.6273752563226139,-22.52663704716335,0.8891114149008842,-22.66164730006835,1.1508475734791375,-20.996657552973335,0.8125837320574077,-21.09791524265208,1.1588858509911062,-21.232925495557065,1.4206220095693596,-20.76793574846206,2.28235816814763,-22.70294600136705,2.544094326725883,-22.837956254272036,3.405830485304153,-22.972966507177023,4.867566643882424,-23.074224196855774,5.813868762816105,-23.20923444976076,-9.524395078605624,-24.54424470266575,-12.262658920027354,-25.811749829118245,-13.031790840738227,-25.811749829118245,-13.031790840738227,-25.811749829118245,-13.031790840738227,-25.811749829118245,-13.031790840738227,right,0.4416529196691467,1.3861072393567553,0.2892857142857143,0.0,0.0,,,0.0,0.0
1.2.840.113619.2.110.512719.20250403090444,/home/user/workspace/dataset_extracted/Датасет/НД_для_обучения/Исследования/1.2.840.113619.2.110.512719.20250403090444/series_004_3_CR/DXA/CR DXA/CR000005.dcm,1.2.643.5.1.13.13.12.2.77.8252.04131215000514000414051510091103,3,289,300,spine,True,0.0,,0.0,0.0,0.0,,,,,305,192.15,305,192.15,True,3.4940133942334994,0.7288018531082822,0.06480434424579995,289.0,0.013108598803856921,0.0,0.0034602076124567475,0.37666666666666665,,,,,,,,,,,,,,,,,,,,,,,,,,,,,,,,,,,,,,,,,,,,,,,,,,,,,,,,,,,,,,,,,,,,,,,
1.2.840.113619.2.110.512719.20250403092052,/home/user/workspace/dataset_extracted/Датасет/НД_для_обучения/Исследования/1.2.840.113619.2.110.512719.20250403092052/series_003_3_CR/DXA/CR DXA/CR000000.dcm,1.2.643.5.1.13.13.12.2.77.8252.06140010030611061314081200121305,5,235,280,right_hip,True,0.0,,,,,0.0,0.0,,,0,0.0,0,0.0,False,0.0,,,,,,,,-2.393920006545476,2.393920006545476,28.2,73.5,0.0,-1.0421450441780962,65.39999999999999,18.195185023182585,84.0,8.4,246.75,168.0,235.0,0.5035714285714286,0.17188449848024315,1.0,0.21071428571428572,0.16785714285714284,0.49281020579585605,0.14237219753058042,0.9566063197809049,-3.9816568979091866,2.521175750153111,-3.437116612719791,2.7145446592599227,-3.028711398827744,2.8595713410900316,-5.484171113638331,2.452940250196843,-4.9396308284489345,2.646309159303655,-4.395090543259539,2.8396780684104668,-1.450550258070143,3.0330469775172957,-1.0421450441780962,3.1780736593474046,-2.2976047589887,4.571442568454216,-2.353064473799304,5.364811477561028,-3.008524188609908,6.758180386667839,-3.0639839034205125,8.151549295774652,-2.5194436182311164,8.94491820488148,-2.111038404339052,10.28994488671159,-11.766498119149656,11.683313795818401,-11.82195783396026,13.676682704925213,-11.277417548770865,15.670051614032024,-11.332877263581468,16.463420523138836,-10.924472049689422,16.608447204968943,-10.379931764500025,17.401816114075775,right,0.49919230673379933,2.393920006545476,0.38928571428571423,0.0,0.0,,,0.0,0.0
1.2.840.113619.2.110.512719.20250403092052,/home/user/workspace/dataset_extracted/Датасет/НД_для_обучения/Исследования/1.2.840.113619.2.110.512719.20250403092052/series_003_3_CR/DXA/CR DXA/CR000001.dcm,1.2.643.5.1.13.13.12.2.77.8252.09050515110402090102050206010406,1,318,300,spine,True,0.0,,0.0,0.0,0.0,,,,,840,529.2,840,529.2,True,4.291330985936232,4.641782253244553,3.3902747252905936,318.0,-0.02862481755922308,0.0,0.0031446540880503146,0.64,,,,,,,,,,,,,,,,,,,,,,,,,,,,,,,,,,,,,,,,,,,,,,,,,,,,,,,,,,,,,,,,,,,,,,,
1.2.840.113619.2.110.512719.20250403092052,/home/user/workspace/dataset_extracted/Датасет/НД_для_обучения/Исследования/1.2.840.113619.2.110.512719.20250403092052/series_003_3_CR/DXA/CR DXA/CR000002.dcm,1.2.643.5.1.13.13.12.2.77.8252.09040712010609120601031410140610,6,263,280,right_hip,True,0.0,,,,,0.0,0.0,,,0,0.0,0,0.0,False,0.0,,,,,,,,4.358882231472929,4.358882231472929,28.799999999999997,81.9,0.0,-12.237451156438498,40.8,22.071095992614968,91.35000000000001,9.0,276.15000000000003,168.0,263.0,0.375,0.17809614340032592,1.0,0.20714285714285716,0.175,0.5391640524755397,0.147475211943375,0.9742712057612608,-16.59824985141441,1.3355075304442237,-16.875370199420832,1.698668420187397,-17.08321046042565,1.9710390874947705,-16.760330808432077,2.334199977237944,-12.237451156438498,3.2973608669811085,-12.514571504444922,3.660521756724273,-15.791691852451343,4.023682646467447,-15.999532113456166,4.29605331377482,-16.27665246146259,4.659214203517984,-17.15377280946901,5.622375093261158,-19.230893157475435,5.985535983004323,-19.50801350548186,6.348696872747496,-19.78513385348828,7.311857762490661,-19.9929741144931,8.184228429798035,-20.270094462499525,9.747389319541208,-21.747214810505948,11.310550209284372,-22.62433515851237,12.873711099027537,-24.101455506518793,14.43687198877071,-30.0,15.909242656078083,-30.0,18.072403545821256,left,-0.10792976018193101,4.358882231472929,0.24285714285714283,,,0.0,0.0,0.0,0.0
1.2.840.113619.2.110.512719.20250403092052,/home/user/workspace/dataset_extracted/Датасет/НД_для_обучения/Исследования/1.2.840.113619.2.110.512719.20250403092052/series_003_3_CR/DXA/CR DXA/CR000003.dcm,1.2.643.5.1.13.13.12.2.77.8252.07120303070106110214090814060908,4,263,280,right_hip,True,0.0,,,,,0.0,0.0,,,0,0.0,0,0.0,False,0.0,,,,,,,,4.358882231472929,4.358882231472929,28.799999999999997,81.9,0.0,-12.237451156438498,40.8,22.071095992614968,91.35000000000001,9.0,276.15000000000003,168.0,263.0,0.375,0.17809614340032592,1.0,0.20714285714285716,0.175,0.5391640524755397,0.147475211943375,0.9742712057612608,-16.59824985141441,1.3355075304442237,-16.875370199420832,1.698668420187397,-17.08321046042565,1.9710390874947705,-16.760330808432077,2.334199977237944,-12.237451156438498,3.2973608669811085,-12.514571504444922,3.660521756724273,-15.791691852451343,4.023682646467447,-15.999532113456166,4.29605331377482,-16.27665246146259,4.659214203517984,-17.15377280946901,5.622375093261158,-19.230893157475435,5.985535983004323,-19.50801350548186,6.348696872747496,-19.78513385348828,7.311857762490661,-19.9929741144931,8.184228429798035,-20.270094462499525,9.747389319541208,-21.747214810505948,11.310550209284372,-22.62433515851237,12.873711099027537,-24.101455506518793,14.43687198877071,-30.0,15.909242656078083,-30.0,18.072403545821256,left,-0.10792976018193101,4.358882231472929,0.24285714285714283,,,0.0,0.0,0.0,0.0
1.2.840.113619.2.110.512719.20250403092052,/home/user/workspace/dataset_extracted/Датасет/НД_для_обучения/Исследования/1.2.840.113619.2.110.512719.20250403092052/series_003_3_CR/DXA/CR DXA/CR000004.dcm,1.2.643.5.1.13.13.12.2.77.8252.14060811030909110008140112131212,8,235,280,right_hip,True,0.0,,,,,0.0,0.0,,,0,0.0,0,0.0,False,0.0,,,,,,,,-2.393920006545476,2.393920006545476,28.2,73.5,0.0,-1.0421450441780962,65.39999999999999,18.195185023182585,84.0,8.4,246.75,168.0,235.0,0.5035714285714286,0.17188449848024315,1.0,0.21071428571428572,0.16785714285714284,0.49281020579585605,0.14237219753058042,0.9566063197809049,-3.9816568979091866,2.521175750153111,-3.437116612719791,2.7145446592599227,-3.028711398827744,2.8595713410900316,-5.484171113638331,2.452940250196843,-4.9396308284489345,2.646309159303655,-4.395090543259539,2.8396780684104668,-1.450550258070143,3.0330469775172957,-1.0421450441780962,3.1780736593474046,-2.2976047589887,4.571442568454216,-2.353064473799304,5.364811477561028,-3.008524188609908,6.758180386667839,-3.0639839034205125,8.151549295774652,-2.5194436182311164,8.94491820488148,-2.111038404339052,10.28994488671159,-11.766498119149656,11.683313795818401,-11.82195783396026,13.676682704925213,-11.277417548770865,15.670051614032024,-11.332877263581468,16.463420523138836,-10.924472049689422,16.608447204968943,-10.379931764500025,17.401816114075775,right,0.49919230673379933,2.393920006545476,0.38928571428571423,0.0,0.0,,,0.0,0.0
1.2.840.113619.2.110.512719.20250403092052,/home/user/workspace/dataset_extracted/Датасет/НД_для_обучения/Исследования/1.2.840.113619.2.110.512719.20250403092052/series_003_3_CR/DXA/CR DXA/CR000005.dcm,1.2.643.5.1.13.13.12.2.77.8252.06111207031100151513000412070105,3,318,300,spine,True,0.0,,0.0,0.0,0.0,,,,,840,529.2,840,529.2,True,4.291330985936232,4.641782253244553,3.3902747252905936,318.0,-0.02862481755922308,0.0,0.0031446540880503146,0.64,,,,,,,,,,,,,,,,,,,,,,,,,,,,,,,,,,,,,,,,,,,,,,,,,,,,,,,,,,,,,,,,,,,,,,,
1.2.840.113619.2.110.512719.20250407113211,/home/user/workspace/dataset_extracted/Датасет/НД_для_обучения/Исследования/1.2.840.113619.2.110.512719.20250407113211/series_001_2_CR/DXA/CR DXA/CR000000.dcm,1.2.643.5.1.13.13.12.2.77.8252.07140808121311040315101301051200,6,263,280,left_hip,True,1.0,Нарушение позиционирования/ротации левого бедра,,,,,,1.0,0.0,0,0.0,0,0.0,False,0.0,,,,,,,,-2.9913542713081935,2.9913542713081935,30.0,101.85000000000001,0.0,0.2858615611192761,47.4,20.545203029665497,57.75,8.4,276.15000000000003,168.0,263.0,0.36428571428571427,0.2317490494296578,1.0,0.31785714285714284,0.16785714285714284,0.5152271284470128,0.11466493403102782,0.9491562469599716,0.218167473174816,3.0787713023354057,0.2858615611192761,3.9075110456554167,-22.463367872922387,4.229065853145426,-24.195673784977927,5.057805596465419,-24.727979697033476,5.886545339785431,-25.860285609089015,6.715285083105442,-29.992591521144554,8.144024826425452,-30.0,9.065579633915444,-30.0,10.494319377235456,-30.0,13.123059120555467,-30.0,15.151798863875477,-30.0,17.18053860719549,-30.0,18.009278350515483,-30.0,19.530833158005493,-30.0,20.545203029665497,-30.0,20.545203029665497,-30.0,20.545203029665497,-30.0,20.545203029665497,-30.0,20.545203029665497,-30.0,20.545203029665497,left,-0.4144258250841162,2.9913542713081935,0.28214285714285714,,,1.0,0.0,1.0,0.0
1.2.840.113619.2.110.512719.20250407113211,/home/user/workspace/dataset_extracted/Датасет/НД_для_обучения/Исследования/1.2.840.113619.2.110.512719.20250407113211/series_001_2_CR/DXA/CR DXA/CR000001.dcm,1.2.643.5.1.13.13.12.2.77.8252.10011302120900111505101501141402,8,265,280,right_hip,True,0.0,,,,,0.0,0.0,,,0,0.0,0,0.0,False,0.0,,,,,,,,-6.0304276323575925,6.0304276323575925,30.0,81.9,0.0,-1.9748732280377737,55.199999999999996,17.594405594405593,58.800000000000004,9.6,278.25,168.0,260.0,0.42142857142857143,0.2309299191374663,0.9811320754716981,0.3392857142857143,0.16428571428571428,0.5438543615371724,0.15585068380015493,0.9579511486167678,-3.318076859849003,2.399600399600399,-2.6464750439433886,2.7838161838161795,-2.142773682014177,3.221978021978032,-7.471171866108563,3.606193806193812,-6.799570050202948,3.9904095904095924,-4.9279682342973326,4.974625374625373,-4.2563664183917185,6.558841158841153,-5.552665056462507,6.997002997003006,-15.081063240556901,8.581218781218785,-19.809461424651285,10.165434565434566,-20.937859608745672,11.749650349650347,-21.466257792840057,13.933866133866127,-21.99465597693445,15.518081918081924,-22.090954615005238,16.55624375624376,-21.587253253076028,17.594405594405593,-21.587253253076028,17.594405594405593,-21.587253253076028,17.594405594405593,-21.587253253076028,17.594405594405593,-21.587253253076028,17.594405594405593,-21.587253253076028,17.594405594405593,right,0.42542768161495825,6.0304276323575925,0.32857142857142857,0.0,0.0,,,0.0,0.0
1.2.840.113619.2.110.512719.20250407113211,/home/user/workspace/dataset_extracted/Датасет/НД_для_обучения/Исследования/1.2.840.113619.2.110.512719.20250407113211/series_001_2_CR/DXA/CR DXA/CR000002.dcm,1.2.643.5.1.13.13.12.2.77.8252.03030413031313090107050002151508,4,263,280,left_hip,True,1.0,Нарушение позиционирования/ротации левого бедра,,,,,,1.0,0.0,0,0.0,0,0.0,False,0.0,,,,,,,,-2.9913542713081935,2.9913542713081935,30.0,101.85000000000001,0.0,0.2858615611192761,47.4,20.545203029665497,57.75,8.4,276.15000000000003,168.0,263.0,0.36428571428571427,0.2317490494296578,1.0,0.31785714285714284,0.16785714285714284,0.5152271284470128,0.11466493403102782,0.9491562469599716,0.218167473174816,3.0787713023354057,0.2858615611192761,3.9075110456554167,-22.463367872922387,4.229065853145426,-24.195673784977927,5.057805596465419,-24.727979697033476,5.886545339785431,-25.860285609089015,6.715285083105442,-29.992591521144554,8.144024826425452,-30.0,9.065579633915444,-30.0,10.494319377235456,-30.0,13.123059120555467,-30.0,15.151798863875477,-30.0,17.18053860719549,-30.0,18.009278350515483,-30.0,19.530833158005493,-30.0,20.545203029665497,-30.0,20.545203029665497,-30.0,20.545203029665497,-30.0,20.545203029665497,-30.0,20.545203029665497,-30.0,20.545203029665497,left,-0.4144258250841162,2.9913542713081935,0.28214285714285714,,,1.0,0.0,1.0,0.0
1.2.840.113619.2.110.512719.20250407113211,/home/user/workspace/dataset_extracted/Датасет/НД_для_обучения/Исследования/1.2.840.113619.2.110.512719.20250407113211/series_001_2_CR/DXA/CR DXA/CR000003.dcm,1.2.643.5.1.13.13.12.2.77.8252.13101207101114060008151413130115,3,291,300,spine,True,0.0,,0.0,0.0,0.0,,,,,684,430.92,684,430.92,True,4.09364138869356,0.19816477009359468,8.783359622865916e-05,291.0,-0.021885793592880322,0.0,0.003436426116838488,0.36666666666666664,,,,,,,,,,,,,,,,,,,,,,,,,,,,,,,,,,,,,,,,,,,,,,,,,,,,,,,,,,,,,,,,,,,,,,,
1.2.840.113619.2.110.512719.20250407113211,/home/user/workspace/dataset_extracted/Датасет/НД_для_обучения/Исследования/1.2.840.113619.2.110.512719.20250407113211/series_001_2_CR/DXA/CR DXA/CR000004.dcm,1.2.643.5.1.13.13.12.2.77.8252.07150612000412081110110102150004,1,291,300,spine,True,0.0,,0.0,0.0,0.0,,,,,684,430.92,684,430.92,True,4.09364138869356,0.19816477009359468,8.783359622865916e-05,291.0,-0.021885793592880322,0.0,0.003436426116838488,0.36666666666666664,,,,,,,,,,,,,,,,,,,,,,,,,,,,,,,,,,,,,,,,,,,,,,,,,,,,,,,,,,,,,,,,,,,,,,,
1.2.840.113619.2.110.512719.20250407113211,/home/user/workspace/dataset_extracted/Датасет/НД_для_обучения/Исследования/1.2.840.113619.2.110.512719.20250407113211/series_001_2_CR/DXA/CR DXA/CR000005.dcm,1.2.643.5.1.13.13.12.2.77.8252.08010006000103071201020606001302,5,265,280,right_hip,True,0.0,,,,,0.0,0.0,,,0,0.0,0,0.0,False,0.0,,,,,,,,-6.0304276323575925,6.0304276323575925,30.0,81.9,0.0,-1.9748732280377737,55.199999999999996,17.594405594405593,58.800000000000004,9.6,278.25,168.0,260.0,0.42142857142857143,0.2309299191374663,0.9811320754716981,0.3392857142857143,0.16428571428571428,0.5438543615371724,0.15585068380015493,0.9579511486167678,-3.318076859849003,2.399600399600399,-2.6464750439433886,2.7838161838161795,-2.142773682014177,3.221978021978032,-7.471171866108563,3.606193806193812,-6.799570050202948,3.9904095904095924,-4.9279682342973326,4.974625374625373,-4.2563664183917185,6.558841158841153,-5.552665056462507,6.997002997003006,-15.081063240556901,8.581218781218785,-19.809461424651285,10.165434565434566,-20.937859608745672,11.749650349650347,-21.466257792840057,13.933866133866127,-21.99465597693445,15.518081918081924,-22.090954615005238,16.55624375624376,-21.587253253076028,17.594405594405593,-21.587253253076028,17.594405594405593,-21.587253253076028,17.594405594405593,-21.587253253076028,17.594405594405593,-21.587253253076028,17.594405594405593,-21.587253253076028,17.594405594405593,right,0.42542768161495825,6.0304276323575925,0.32857142857142857,0.0,0.0,,,0.0,0.0
2.25.10245777060263212829333021434108890537,/home/user/workspace/dataset_extracted/Датасет/НД_для_обучения/Исследования/2.25.10245777060263212829333021434108890537/series_003_2_CR/A2504412435 DXA/CR DXA/CR000000.dcm,1.2.643.5.1.13.13.12.2.77.8252.07000215121313030213041009101409,2,291,280,right_hip,True,0.0,,,,,0.0,0.0,,,88,55.44,88,55.44,True,3.9827551436859485,,,,,,,,-3.1473118104845974,3.1473118104845974,29.4,84.0,0.0,7.587215189873419,66.6,-18.513987341772125,79.8,4.2,305.55,168.0,156.0,0.48035714285714287,0.2094869906725577,0.5360824742268041,0.3142857142857143,0.17142857142857143,0.47819990635111803,0.11916168599477252,0.958298600252955,0.0803797468354361,-18.772616033755245,0.19742616033754246,-19.71745428973275,0.28521097046412647,-21.77608298171587,0.40225738396623284,-23.320921237693373,0.5193037974683478,-25.465759493670863,0.6363502109704541,-26.410597749648364,1.353396624472569,-27.35543600562585,1.441181434599153,-28.21406469760899,1.5582278481012592,-29.158902953586477,2.275274261603374,-29.50374120956398,2.3923206751054806,-29.848579465541466,3.109367088607587,-30.0,3.226413502109702,-30.0,3.9141983122362856,-30.0,4.631244725738392,-30.0,4.748291139240507,-30.0,6.065337552742613,-30.0,6.782383966244728,-30.0,7.470168776371303,-30.0,7.587215189873419,-30.0,right,1.0869905568720202,3.1473118104845974,0.3964285714285714,0.0,0.0,,,0.0,0.0
2.25.10245777060263212829333021434108890537,/home/user/workspace/dataset_extracted/Датасет/НД_для_обучения/Исследования/2.25.10245777060263212829333021434108890537/series_003_2_CR/A2504412435 DXA/CR DXA/CR000001.dcm,1.2.643.5.1.13.13.12.2.77.8252.14131410040814100713070401091213,1,318,300,spine,True,0.0,,0.0,0.0,0.0,,,,,2506,1578.78,2506,1578.78,True,4.421216990604441,1.2340002475497553,0.00461868809313648,318.0,0.014185188156944549,0.0,0.0031446540880503146,0.36666666666666664,,,,,,,,,,,,,,,,,,,,,,,,,,,,,,,,,,,,,,,,,,,,,,,,,,,,,,,,,,,,,,,,,,,,,,,
2.25.10245777060263212829333021434108890537,/home/user/workspace/dataset_extracted/Датасет/НД_для_обучения/Исследования/2.25.10245777060263212829333021434108890537/series_003_2_CR/A2504412435 DXA/CR DXA/CR000002.dcm,1.2.643.5.1.13.13.12.2.77.8252.03081500040505121009070211080902,3,292,280,left_hip,True,0.0,,,,,,,0.0,0.0,81,51.03,81,51.03,True,3.63051236954278,,,,,,,,-1.705458248493969,1.705458248493969,29.4,82.95,0.0,4.995496592015578,73.2,-16.839143135345683,65.10000000000001,3.0,306.6,168.0,141.0,0.5196428571428572,0.21153375733855187,0.4828767123287671,0.30714285714285716,0.16428571428571428,0.5030477395275643,0.13457527174839873,0.9594368125803935,0.058028237585196506,-17.053407984420662,0.02244888023368219,-21.539094449853962,-0.004235637779945023,-22.953359298928945,0.5601850048685406,-23.839045764362243,0.5246056475170349,-26.52473222979554,0.48902629016552907,-28.01041869522884,1.0534469328140148,-28.296105160662137,1.0267624148003875,-29.110370009737117,1.5911830574488732,-29.996056475170416,2.1556037000973673,-30.0,2.7200243427458615,-30.0,3.284444985394347,-30.0,3.8488656280428413,-30.0,4.422181110029205,-30.0,4.9866017526777,-30.0,4.951022395326194,-30.0,4.942127555988315,-30.0,4.942127555988315,-30.0,4.942127555988315,-30.0,4.942127555988315,-30.0,left,-1.1113474661116771,1.705458248493969,0.4357142857142857,,,0.0,0.0,0.0,0.0
2.25.102755089973625799055786462646268820450,/home/user/workspace/dataset_extracted/Датасет/НД_для_обучения/Исследования/2.25.102755089973625799055786462646268820450/series_002_2_CR/A2504257770 DXA/CR DXA/CR000000.dcm,1.2.643.5.1.13.13.12.2.77.8252.01140903011212140408111315130511,3,235,280,left_hip,True,0.0,,,,,,,0.0,0.0,0,0.0,0,0.0,False,0.0,,,,,,,,-10.595313209950298,10.595313209950298,25.8,73.5,0.0,7.66561805616306,49.8,8.051348088531176,48.300000000000004,7.8,246.75,168.0,235.0,0.39285714285714285,0.19495440729483282,1.0,0.18928571428571428,0.15357142857142858,0.5531323873168527,0.14589622163926708,0.9573748476024843,-4.400937800717361,0.32666958271368,-3.1225194646137795,0.03378182136296459,-2.763705712536091,0.41411600034992374,-2.085287376432518,0.7212282389992083,-0.8068690403289366,1.0283404776484928,0.4715492957746448,1.9354527162977773,4.1499676318782175,2.842564954947079,5.108781383955898,3.222899133934038,6.387199720059471,4.730011372583323,7.66561805616306,5.6371236112326075,-2.455963607733349,6.5442358498818916,-1.7775452716297764,8.051348088531176,-1.7775452716297764,8.051348088531176,-1.7775452716297764,8.051348088531176,-1.7775452716297764,8.051348088531176,-1.7775452716297764,8.051348088531176,-1.7775452716297764,8.051348088531176,-1.7775452716297764,8.051348088531176,-1.7775452716297764,8.051348088531176,-1.7775452716297764,8.051348088531176,left,-0.2513656286667387,10.595313209950298,0.29642857142857143,,,0.0,0.0,0.0,0.0
2.25.102755089973625799055786462646268820450,/home/user/workspace/dataset_extracted/Датасет/НД_для_обучения/Исследования/2.25.102755089973625799055786462646268820450/series_002_2_CR/A2504257770 DXA/CR DXA/CR000001.dcm,1.2.643.5.1.13.13.12.2.77.8252.10030113050111051002020402141304,1,287,300,spine,True,1.0,Нарушение оси позвоночника (отклонение более 5 градусов),0.0,1.0,0.0,,,,,607,382.41,607,382.41,True,4.028958334274497,2.2299865882945507,3.598563375430637,287.0,0.10306014834580139,0.0,0.003484320557491289,0.52,,,,,,,,,,,,,,,,,,,,,,,,,,,,,,,,,,,,,,,,,,,,,,,,,,,,,,,,,,,,,,,,,,,,,,,
2.25.102755089973625799055786462646268820450,/home/user/workspace/dataset_extracted/Датасет/НД_для_обучения/Исследования/2.25.102755089973625799055786462646268820450/series_002_2_CR/A2504257770 DXA/CR DXA/CR000002.dcm,1.2.643.5.1.13.13.12.2.77.8252.10100907120107030904131503081506,5,261,280,right_hip,True,1.0,Нарушение позиционирования/ротации правого бедра,,,,1.0,0.0,,,0,0.0,0,0.0,False,0.0,,,,,,,,-10.738278680270477,10.738278680270477,26.4,81.9,0.0,1.0027162710706932,43.199999999999996,16.3543949721165,60.900000000000006,12.0,274.05,168.0,261.0,0.33214285714285713,0.2184455391351943,1.0,0.2785714285714286,0.15357142857142858,0.5128742966549986,0.13341879406499382,0.9508751991854872,-4.855658265784845,2.6724617154996935,-4.87139442835645,2.8637160308046417,-4.583196550285152,3.1571567672833596,-3.398932712856765,3.948411082588308,-3.41466887542837,4.139665397893247,-3.430405037999975,4.330919713198204,-2.24614120057158,4.522174028503144,-1.3579433225002902,5.41561476498187,-0.1736794850718951,5.606869080286811,0.4105843523564999,6.998123395591767,-0.205151810215105,7.789377710896707,-0.22088797278671848,9.180632026201664,-2.0366241353583234,10.571886341506604,-2.948426257287025,12.065327077985312,-4.764162419858638,14.656581393290269,-5.0680964605015335,16.3543949721165,-5.0680964605015335,16.3543949721165,-5.0680964605015335,16.3543949721165,-5.0680964605015335,16.3543949721165,-5.0680964605015335,16.3543949721165,right,0.3333479759667183,10.738278680270477,0.2571428571428571,1.0,0.0,,,1.0,0.0
2.25.102755089973625799055786462646268820450,/home/user/workspace/dataset_extracted/Датасет/НД_для_обучения/Исследования/2.25.102755089973625799055786462646268820450/series_002_2_CR/A2504257770 DXA/CR DXA/CR000003.dcm,1.2.643.5.1.13.13.12.2.77.8252.11020107010405070800051206110610,8,261,280,right_hip,True,1.0,Нарушение позиционирования/ротации правого бедра,,,,1.0,0.0,,,0,0.0,0,0.0,False,0.0,,,,,,,,-10.738278680270477,10.738278680270477,26.4,81.9,0.0,1.0027162710706932,43.199999999999996,16.3543949721165,60.900000000000006,12.0,274.05,168.0,261.0,0.33214285714285713,0.2184455391351943,1.0,0.2785714285714286,0.15357142857142858,0.5128742966549986,0.13341879406499382,0.9508751991854872,-4.855658265784845,2.6724617154996935,-4.87139442835645,2.8637160308046417,-4.583196550285152,3.1571567672833596,-3.398932712856765,3.948411082588308,-3.41466887542837,4.139665397893247,-3.430405037999975,4.330919713198204,-2.24614120057158,4.522174028503144,-1.3579433225002902,5.41561476498187,-0.1736794850718951,5.606869080286811,0.4105843523564999,6.998123395591767,-0.205151810215105,7.789377710896707,-0.22088797278671848,9.180632026201664,-2.0366241353583234,10.571886341506604,-2.948426257287025,12.065327077985312,-4.764162419858638,14.656581393290269,-5.0680964605015335,16.3543949721165,-5.0680964605015335,16.3543949721165,-5.0680964605015335,16.3543949721165,-5.0680964605015335,16.3543949721165,-5.0680964605015335,16.3543949721165,right,0.3333479759667183,10.738278680270477,0.2571428571428571,1.0,0.0,,,1.0,0.0
2.25.102755089973625799055786462646268820450,/home/user/workspace/dataset_extracted/Датасет/НД_для_обучения/Исследования/2.25.102755089973625799055786462646268820450/series_002_2_CR/A2504257770 DXA/CR DXA/CR000004.dcm,1.2.643.5.1.13.13.12.2.77.8252.07001207050006000600091513060701,7,287,300,spine,True,1.0,Нарушение оси позвоночника (отклонение более 5 градусов),0.0,1.0,0.0,,,,,607,382.41,607,382.41,True,4.028958334274497,2.2299865882945507,3.598563375430637,287.0,0.10306014834580139,0.0,0.003484320557491289,0.52,,,,,,,,,,,,,,,,,,,,,,,,,,,,,,,,,,,,,,,,,,,,,,,,,,,,,,,,,,,,,,,,,,,,,,,
2.25.102755089973625799055786462646268820450,/home/user/workspace/dataset_extracted/Датасет/НД_для_обучения/Исследования/2.25.102755089973625799055786462646268820450/series_002_2_CR/A2504257770 DXA/CR DXA/CR000005.dcm,1.2.643.5.1.13.13.12.2.77.8252.10091111150614140108020903000009,9,235,280,left_hip,True,0.0,,,,,,,0.0,0.0,0,0.0,0,0.0,False,0.0,,,,,,,,-10.595313209950298,10.595313209950298,25.8,73.5,0.0,7.66561805616306,49.8,8.051348088531176,48.300000000000004,7.8,246.75,168.0,235.0,0.39285714285714285,0.19495440729483282,1.0,0.18928571428571428,0.15357142857142858,0.5531323873168527,0.14589622163926708,0.9573748476024843,-4.400937800717361,0.32666958271368,-3.1225194646137795,0.03378182136296459,-2.763705712536091,0.41411600034992374,-2.085287376432518,0.7212282389992083,-0.8068690403289366,1.0283404776484928,0.4715492957746448,1.9354527162977773,4.1499676318782175,2.842564954947079,5.108781383955898,3.222899133934038,6.387199720059471,4.730011372583323,7.66561805616306,5.6371236112326075,-2.455963607733349,6.5442358498818916,-1.7775452716297764,8.051348088531176,-1.7775452716297764,8.051348088531176,-1.7775452716297764,8.051348088531176,-1.7775452716297764,8.051348088531176,-1.7775452716297764,8.051348088531176,-1.7775452716297764,8.051348088531176,-1.7775452716297764,8.051348088531176,-1.7775452716297764,8.051348088531176,-1.7775452716297764,8.051348088531176,left,-0.2513656286667387,10.595313209950298,0.29642857142857143,,,0.0,0.0,0.0,0.0
2.25.102965897799404973225419898683246248872,/home/user/workspace/dataset_extracted/Датасет/НД_для_обучения/Исследования/2.25.102965897799404973225419898683246248872/series_001_2_CR/A250726353 DXA/CR DXA/CR000000.dcm,1.2.643.5.1.13.13.12.2.77.8252.10140807011010031112140700150015,3,235,280,left_hip,True,0.0,,,,,,,0.0,0.0,0,0.0,0,0.0,False,0.0,,,,,,,,-3.0784461563785306,3.0784461563785306,28.2,50.400000000000006,4.112540165002175,-15.600000000000009,43.199999999999996,6.424815458098135,68.25,3.5999999999999996,246.75,168.0,113.0,0.3357142857142857,0.20507598784194528,0.4808510638297872,0.23214285714285715,0.15714285714285714,0.5022215422777196,0.13684849484430092,0.9407965396154924,-17.4,2.3941597915762087,-18.599999999999998,2.542401215805478,-19.8,2.2035822839774255,-19.8,2.3518237082066946,-19.800000000000008,1.9000651324359552,-21.60000000000001,2.0483065566652243,-21.60000000000001,2.196547980894485,-22.200000000000006,2.4577290490664496,-22.200000000000006,2.6059704732957014,-22.200000000000006,3.3542118975249706,-21.000000000000007,4.10245332175424,-19.800000000000008,5.450694745983509,-16.800000000000008,-10.001063829787222,-16.200000000000006,-12.739882761615274,-15.600000000000009,-13.791641337386006,-16.200000000000006,-16.043399913156737,-18.60000000000001,-16.495158488927483,-18.60000000000001,-16.495158488927483,-18.60000000000001,-16.495158488927483,-18.60000000000001,-16.495158488927483,left,-0.3456137580757642,3.0784461563785306,0.2571428571428571,,,0.0,0.0,0.0,0.0
2.25.102965897799404973225419898683246248872,/home/user/workspace/dataset_extracted/Датасет/НД_для_обучения/Исследования/2.25.102965897799404973225419898683246248872/series_001_2_CR/A250726353 DXA/CR DXA/CR000001.dcm,1.2.643.5.1.13.13.12.2.77.8252.11011413051206050400150606100110,1,315,300,spine,True,0.0,,0.0,0.0,0.0,,,,,60,37.8,60,37.8,True,3.9574818166539902,1.6051110114138105,0.20196956628228646,315.0,-0.0029782149896220743,0.0,0.0031746031746031746,0.31666666666666665,,,,,,,,,,,,,,,,,,,,,,,,,,,,,,,,,,,,,,,,,,,,,,,,,,,,,,,,,,,,,,,,,,,,,,,
2.25.102965897799404973225419898683246248872,/home/user/workspace/dataset_extracted/Датасет/НД_для_обучения/Исследования/2.25.102965897799404973225419898683246248872/series_001_2_CR/A250726353 DXA/CR DXA/CR000002.dcm,1.2.643.5.1.13.13.12.2.77.8252.06050309100102041203101101110913,5,263,280,right_hip,True,0.0,,,,,0.0,0.0,,,0,0.0,0,0.0,False,0.0,,,,,,,,-4.550812729867147,4.550812729867147,28.799999999999997,95.55,0.0,-17.478824653607266,42.6,17.741538461538454,49.35,13.799999999999999,276.15000000000003,168.0,263.0,0.33214285714285713,0.23101575230852797,1.0,0.31785714285714284,0.16071428571428573,0.5335376724605476,0.15469213899916717,0.9533822351681926,-18.032517916865743,2.333291925465835,-22.139904443382708,2.9573148590539913,-23.270444338270426,3.725332059245096,-23.777830864787383,4.9493549928332525,-23.68521739130435,6.173377926421409,-22.392603917821305,7.397400860009548,-19.89999044433827,9.821423793597704,-18.03053033922599,11.189440993788809,-30.0,13.613463927376966,-30.0,14.237486860965122,-30.0,15.461509794553262,-30.0,16.685532728141418,-30.0,17.741538461538454,-30.0,17.741538461538454,-30.0,17.741538461538454,-30.0,17.741538461538454,-30.0,17.741538461538454,-30.0,17.741538461538454,-30.0,17.741538461538454,-30.0,17.741538461538454,right,0.44298409989499277,4.550812729867147,0.25357142857142856,0.0,0.0,,,0.0,0.0
2.25.103868781101960771917584077315578649178,/home/user/workspace/dataset_extracted/Датасет/НД_для_обучения/Исследования/2.25.103868781101960771917584077315578649178/series_001_3_CR/A2507485409 DXA/CR DXA/CR000000.dcm,1.2.643.5.1.13.13.12.2.77.8252.15031208100010080909150509041308,3,322,280,left_hip,True,0.0,,,,,,,0.0,0.0,35,22.05,35,22.05,True,3.217746184216802,,,,,,,,0.288947051703394,0.288947051703394,27.0,97.65,0.0,4.20723941392379,43.8,-16.272370266479665,103.95,3.5999999999999996,338.1,168.0,192.0,0.3464285714285714,0.211357586512866,0.5962732919254659,0.44285714285714284,0.16071428571428573,0.4852067202970361,0.10211299597149746,0.9728419436277425,-0.3245680522813387,-16.89181462803259,-0.3928560771090048,-18.11774044343649,-0.4440720957297543,-18.737184804989404,-0.5123601205574203,-18.763110620393302,-0.5806481453850949,-19.38903643579721,-0.048936170212761,-20.614962251201106,-0.11722419504042704,-20.640888066605005,-0.1684402136611766,-21.26033242815792,-0.23672823848885116,-21.886258243561826,0.29498373668348277,-21.912184058965725,0.22669571185581672,-22.53810987436962,0.15840768702814215,-23.164035689773517,0.690119662200476,-24.389961505177414,0.6389036435797265,-24.409405866730342,1.1706156187520604,-25.035331682134238,1.7023275939243858,-25.661257497538134,2.2340395690967196,-25.687183312942032,2.7657515442690537,-26.313109128345932,2.7145355256482957,-26.332553489898856,2.6462475008206297,-26.358479305302755,left,-0.5305395019259358,0.288947051703394,0.2607142857142857,,,0.0,0.0,0.0,0.0
2.25.103868781101960771917584077315578649178,/home/user/workspace/dataset_extracted/Датасет/НД_для_обучения/Исследования/2.25.103868781101960771917584077315578649178/series_001_3_CR/A2507485409 DXA/CR DXA/CR000001.dcm,1.2.643.5.1.13.13.12.2.77.8252.12051209130410130502141403101414,5,320,280,right_hip,True,0.0,,,,,0.0,0.0,,,0,0.0,0,0.0,False,0.0,,,,,,,,-1.7307398129009868,1.7307398129009868,28.2,113.4,0.0,-17.226628368915943,37.199999999999996,27.26303409643032,107.10000000000001,9.0,336.0,168.0,320.0,0.30178571428571427,0.196796875,1.0,0.3392857142857143,0.16428571428571428,0.43207574698261386,0.08769601852512039,0.9655660925033961,-17.800845980165196,0.9172025493726806,-18.89771642516219,1.3665151904884596,-20.02036925890994,1.2534996713252895,-21.717239703906937,1.7028123124410683,-22.21411014890394,2.752124953556847,-22.110980593900937,3.2014375946726346,-23.20785103889794,4.250750235788414,-23.13050387264569,4.737734716625243,-23.627374317642683,6.3870473577410225,-24.124244762639687,6.836359998856801,-24.62111520763668,7.885672639972579,-25.717985652633676,8.33498528108836,-26.21485609763068,9.384297922204137,-26.13750893137843,9.871282403040976,-26.634379376375424,10.320595044156756,-28.331249821372428,10.769907685272534,-29.428120266369422,11.819220326388313,-30.0,12.868532967504091,-30.0,13.955517448340922,-30.0,15.6048300894567,right,0.41707524729292866,1.7307398129009868,0.2214285714285714,0.0,0.0,,,0.0,0.0
2.25.103868781101960771917584077315578649178,/home/user/workspace/dataset_extracted/Датасет/НД_для_обучения/Исследования/2.25.103868781101960771917584077315578649178/series_001_3_CR/A2507485409 DXA/CR DXA/CR000002.dcm,1.2.643.5.1.13.13.12.2.77.8252.08120904010605130814050710080508,1,289,300,spine,True,0.0,,0.0,0.0,0.0,,,,,719,452.97,719,452.97,True,4.179829290721569,0.8708101984638915,0.8220862647824063,289.0,0.010458571958304125,0.0,0.0034602076124567475,0.5866666666666667,,,,,,,,,,,,,,,,,,,,,,,,,,,,,,,,,,,,,,,,,,,,,,,,,,,,,,,,,,,,,,,,,,,,,,,
2.25.105033841136787477881326326053319223817,/home/user/workspace/dataset_extracted/Датасет/НД_для_обучения/Исследования/2.25.105033841136787477881326326053319223817/series_001_2_CR/A250790559 DXA/CR DXA/CR000000.dcm,1.2.643.5.1.13.13.12.2.77.8252.00071307071102020311080215100104,1,318,300,spine,True,0.0,,0.0,0.0,0.0,,,,,262,165.06,262,165.06,True,3.8478409674586116,2.7089942873124015,1.8832933472288764,318.0,-0.003737403801182021,0.0,0.0031446540880503146,0.38,,,,,,,,,,,,,,,,,,,,,,,,,,,,,,,,,,,,,,,,,,,,,,,,,,,,,,,,,,,,,,,,,,,,,,,
2.25.105033841136787477881326326053319223817,/home/user/workspace/dataset_extracted/Датасет/НД_для_обучения/Исследования/2.25.105033841136787477881326326053319223817/series_001_2_CR/A250790559 DXA/CR DXA/CR000001.dcm,1.2.643.5.1.13.13.12.2.77.8252.12021012060504060503030002061208,3,318,300,spine,True,0.0,,0.0,0.0,0.0,,,,,262,165.06,262,165.06,True,3.8478409674586116,2.7089942873124015,1.8832933472288764,318.0,-0.003737403801182021,0.0,0.0031446540880503146,0.38,,,,,,,,,,,,,,,,,,,,,,,,,,,,,,,,,,,,,,,,,,,,,,,,,,,,,,,,,,,,,,,,,,,,,,,
2.25.105033841136787477881326326053319223817,/home/user/workspace/dataset_extracted/Датасет/НД_для_обучения/Исследования/2.25.105033841136787477881326326053319223817/series_001_2_CR/A250790559 DXA/CR DXA/CR000002.dcm,1.2.643.5.1.13.13.12.2.77.8252.11131406091213131205130612021414,4,265,280,left_hip,True,0.0,,,,,,,0.0,0.0,18,11.34,18,11.34,True,3.6587406163828042,,,,,,,,-2.9041414521734676,2.9041414521734676,28.799999999999997,82.95,0.0,0.09300876338850514,45.0,21.78648490749757,71.4,13.799999999999999,278.25,168.0,265.0,0.35,0.24036388140161724,1.0,0.32857142857142857,0.16785714285714284,0.5284759739979898,0.16087724070942516,0.9485645286006917,-0.2635735150925001,4.049152872444023,-0.1538558909445044,4.332736124634868,-0.07156767283349268,4.695423563778007,0.03814995131450303,4.9790068159688525,-0.4521324245374927,5.262590068159699,-0.3424148003894885,4.946173320350544,-20.032697176241484,5.22975657254139,-19.95040895813048,4.992444011684529,-20.440691333982475,5.8760272638753746,-20.33097370983447,7.35961051606622,-19.62125608568647,8.843193768257066,-18.911538461538463,10.326777020447912,-18.80182083739047,11.810360272638757,-20.519532619279463,13.973047711781897,-30.0,16.65663096397274,-30.0,19.340214216163588,-30.0,20.82379746835445,-30.0,21.78648490749757,-30.0,21.78648490749757,-30.0,21.78648490749757,left,-0.44147319737016033,2.9041414521734676,0.26785714285714285,,,0.0,0.0,0.0,0.0
2.25.105033841136787477881326326053319223817,/home/user/workspace/dataset_extracted/Датасет/НД_для_обучения/Исследования/2.25.105033841136787477881326326053319223817/series_001_2_CR/A250790559 DXA/CR DXA/CR000003.dcm,1.2.643.5.1.13.13.12.2.77.8252.14130208070502001411050502150202,8,237,280,right_hip,True,0.0,,,,,0.0,0.0,,,14,8.82,14,8.82,True,3.5763427537198704,,,,,,,,-13.273786105979218,13.273786105979218,28.2,80.85000000000001,0.0,6.070224512329747,59.4,15.847678637152324,50.400000000000006,9.6,248.85000000000002,168.0,237.0,0.4392857142857143,0.20113019891500905,1.0,0.25357142857142856,0.16785714285714284,0.46401120698015486,0.1446563863098365,0.9232207155737708,3.892917608707046,0.9222882380777206,5.485935117514037,1.1336873652663257,4.880698249119268,2.0422367106577837,5.8737157579262425,2.8536358378463715,5.066733266733252,4.265034965034976,1.859750775540226,5.676434092223581,1.0527682843472006,7.687833219412187,0.44753141595244866,9.196382564803628,0.24054892475942324,11.207781691992233,0.033566433566414845,11.41918081918082,0.4265839423734064,13.430579946369425,2.019601451180381,14.84197907355803,2.8161102055838683,15.847678637152324,2.8161102055838683,15.847678637152324,2.8161102055838683,15.847678637152324,2.8161102055838683,15.847678637152324,2.8161102055838683,15.847678637152324,2.8161102055838683,15.847678637152324,2.8161102055838683,15.847678637152324,2.8161102055838683,15.847678637152324,right,0.5189578595371682,13.273786105979218,0.35357142857142854,0.0,0.0,,,0.0,0.0
2.25.105033841136787477881326326053319223817,/home/user/workspace/dataset_extracted/Датасет/НД_для_обучения/Исследования/2.25.105033841136787477881326326053319223817/series_001_2_CR/A250790559 DXA/CR DXA/CR000004.dcm,1.2.643.5.1.13.13.12.2.77.8252.11120508121303130402081303070008,5,237,280,right_hip,True,0.0,,,,,0.0,0.0,,,14,8.82,14,8.82,True,3.5763427537198704,,,,,,,,-13.273786105979218,13.273786105979218,28.2,80.85000000000001,0.0,6.070224512329747,59.4,15.847678637152324,50.400000000000006,9.6,248.85000000000002,168.0,237.0,0.4392857142857143,0.20113019891500905,1.0,0.25357142857142856,0.16785714285714284,0.46401120698015486,0.1446563863098365,0.9232207155737708,3.892917608707046,0.9222882380777206,5.485935117514037,1.1336873652663257,4.880698249119268,2.0422367106577837,5.8737157579262425,2.8536358378463715,5.066733266733252,4.265034965034976,1.859750775540226,5.676434092223581,1.0527682843472006,7.687833219412187,0.44753141595244866,9.196382564803628,0.24054892475942324,11.207781691992233,0.033566433566414845,11.41918081918082,0.4265839423734064,13.430579946369425,2.019601451180381,14.84197907355803,2.8161102055838683,15.847678637152324,2.8161102055838683,15.847678637152324,2.8161102055838683,15.847678637152324,2.8161102055838683,15.847678637152324,2.8161102055838683,15.847678637152324,2.8161102055838683,15.847678637152324,2.8161102055838683,15.847678637152324,2.8161102055838683,15.847678637152324,right,0.5189578595371682,13.273786105979218,0.35357142857142854,0.0,0.0,,,0.0,0.0
2.25.105033841136787477881326326053319223817,/home/user/workspace/dataset_extracted/Датасет/НД_для_обучения/Исследования/2.25.105033841136787477881326326053319223817/series_001_2_CR/A250790559 DXA/CR DXA/CR000005.dcm,1.2.643.5.1.13.13.12.2.77.8252.03090510061307040702090411010105,6,265,280,left_hip,True,0.0,,,,,,,0.0,0.0,18,11.34,18,11.34,True,3.6587406163828042,,,,,,,,-2.9041414521734676,2.9041414521734676,28.799999999999997,82.95,0.0,0.09300876338850514,45.0,21.78648490749757,71.4,13.799999999999999,278.25,168.0,265.0,0.35,0.24036388140161724,1.0,0.32857142857142857,0.16785714285714284,0.5284759739979898,0.16087724070942516,0.9485645286006917,-0.2635735150925001,4.049152872444023,-0.1538558909445044,4.332736124634868,-0.07156767283349268,4.695423563778007,0.03814995131450303,4.9790068159688525,-0.4521324245374927,5.262590068159699,-0.3424148003894885,4.946173320350544,-20.032697176241484,5.22975657254139,-19.95040895813048,4.992444011684529,-20.440691333982475,5.8760272638753746,-20.33097370983447,7.35961051606622,-19.62125608568647,8.843193768257066,-18.911538461538463,10.326777020447912,-18.80182083739047,11.810360272638757,-20.519532619279463,13.973047711781897,-30.0,16.65663096397274,-30.0,19.340214216163588,-30.0,20.82379746835445,-30.0,21.78648490749757,-30.0,21.78648490749757,-30.0,21.78648490749757,left,-0.44147319737016033,2.9041414521734676,0.26785714285714285,,,0.0,0.0,0.0,0.0
2.25.108537195937431169718850276671337677972,/home/user/workspace/dataset_extracted/Датасет/НД_для_обучения/Исследования/2.25.108537195937431169718850276671337677972/series_002_2_CR/A250479795 DXA/CR DXA/CR000000.dcm,1.2.643.5.1.13.13.12.2.77.8252.14031513011512070711151413071213,1,289,300,spine,True,0.0,,0.0,0.0,0.0,,,,,560,352.8,560,352.8,True,4.399129775524206,0.8401388670032433,1.6415126229399275,289.0,-0.026097196261682238,0.0,0.0034602076124567475,0.31333333333333335,,,,,,,,,,,,,,,,,,,,,,,,,,,,,,,,,,,,,,,,,,,,,,,,,,,,,,,,,,,,,,,,,,,,,,,
2.25.11175860580562939441493697221497597640,/home/user/workspace/dataset_extracted/Датасет/НД_для_обучения/Исследования/2.25.11175860580562939441493697221497597640/series_003_2_CR/A2507431060 DXA/CR DXA/CR000000.dcm,1.2.643.5.1.13.13.12.2.77.8252.07121414121104070401050315140813,5,348,280,right_hip,False,,,,,,,,,,6084,3832.92,6084,3832.92,True,7.856464203838778,,,,,,,,-1.9018971914241851,1.9018971914241851,25.2,115.5,3.989046367468381,5.945138065505049,31.2,6.933683474967864,115.5,3.5999999999999996,365.40000000000003,168.0,220.0,0.2571428571428571,0.24279556650246306,0.632183908045977,0.23214285714285715,0.14642857142857144,0.8141091878320924,0.23893322832808614,0.9849499801812419,-0.0935292924283658,3.157953249329381,-0.05703401483217049,6.515513378265655,0.5703374433649727,6.933683474967864,0.606832720961168,6.691243603904138,0.6433279985573633,6.448803732840411,1.2798232761535586,6.206363861776685,1.3163185537497581,5.963923990712959,1.3436900119469015,5.782094087415168,1.9801852895430967,5.539654216351442,2.616680567139292,5.897214345287716,2.6531758447354874,-5.74522552577601,3.289671122331683,-5.987665396839736,3.326166399927878,-6.230105267903462,4.553537858125026,-6.411935171201253,5.190033135721221,-6.054375042264979,5.826528413317416,-5.096814913328705,5.863023690913612,-4.739254784392432,5.899518968509807,-4.981694655456158,5.926890426706954,1.4364754412460512,5.363385704303149,0.594035570182325,right,0.8877663084758003,1.9018971914241851,0.18571428571428572,,,,,,
2.25.11175860580562939441493697221497597640,/home/user/workspace/dataset_extracted/Датасет/НД_для_обучения/Исследования/2.25.11175860580562939441493697221497597640/series_003_2_CR/A2507431060 DXA/CR DXA/CR000001.dcm,1.2.643.5.1.13.13.12.2.77.8252.11051001091403121310010813110103,3,315,300,spine,True,1.0,"Наличие посторонних предметов, артефактов или наложений",0.0,0.0,1.0,,,,,200,126.0,200,126.0,True,3.8098681252596878,0.9236018508620578,1.9909598929190153,315.0,-0.024142452424390795,0.0,0.0031746031746031746,0.44666666666666666,,,,,,,,,,,,,,,,,,,,,,,,,,,,,,,,,,,,,,,,,,,,,,,,,,,,,,,,,,,,,,,,,,,,,,,
2.25.11175860580562939441493697221497597640,/home/user/workspace/dataset_extracted/Датасет/НД_для_обучения/Исследования/2.25.11175860580562939441493697221497597640/series_003_2_CR/A2507431060 DXA/CR DXA/CR000002.dcm,1.2.643.5.1.13.13.12.2.77.8252.12051512011202090502051206130907,4,291,280,left_hip,True,0.0,,,,,,,0.0,0.0,0,0.0,0,0.0,False,0.0,,,,,,,,-2.237998468281159,2.237998468281159,27.3,111.30000000000001,0.0,-17.500390457717206,44.4,18.75071264831094,70.35000000000001,13.799999999999999,305.55,168.0,291.0,0.3375,0.21607756504663722,1.0,0.33214285714285713,0.15,0.5111920975866874,0.11017882012912882,0.9603416940865791,-17.512633196463206,3.1353925989369427,-18.68814771897121,2.8316033957225923,-20.4697836108522,3.2037614933118275,-21.045298133360202,2.899972290097486,-21.020812655868202,2.596183086883127,-20.996327178376195,2.892393883668785,-20.971841700884198,3.7886046804544264,-20.9534775927652,4.16076277804367,-20.928992115273193,5.656973574829328,-25.704506637781193,6.553184371614969,-26.280021160289184,8.049395168400627,-26.255535682797188,8.94560596518627,-25.63105020530519,10.441816761971927,-25.61268609718618,12.01397485956117,-25.58820061969418,14.71018565634681,-30.0,16.806396453132468,-30.0,18.30260724991811,-30.0,18.75071264831094,-30.0,18.75071264831094,-30.0,18.75071264831094,left,-0.4737954926793925,2.237998468281159,0.2642857142857143,,,0.0,0.0,0.0,0.0
2.25.11175860580562939441493697221497597640,/home/user/workspace/dataset_extracted/Датасет/НД_для_обучения/Исследования/2.25.11175860580562939441493697221497597640/series_003_2_CR/A2507431060 DXA/CR DXA/CR000003.dcm,1.2.643.5.1.13.13.12.2.77.8252.08110803080105090710150006100300,6,291,280,left_hip,True,0.0,,,,,,,0.0,0.0,0,0.0,0,0.0,False,0.0,,,,,,,,-2.237998468281159,2.237998468281159,27.3,111.30000000000001,0.0,-17.500390457717206,44.4,18.75071264831094,70.35000000000001,13.799999999999999,305.55,168.0,291.0,0.3375,0.21607756504663722,1.0,0.33214285714285713,0.15,0.5111920975866874,0.11017882012912882,0.9603416940865791,-17.512633196463206,3.1353925989369427,-18.68814771897121,2.8316033957225923,-20.4697836108522,3.2037614933118275,-21.045298133360202,2.899972290097486,-21.020812655868202,2.596183086883127,-20.996327178376195,2.892393883668785,-20.971841700884198,3.7886046804544264,-20.9534775927652,4.16076277804367,-20.928992115273193,5.656973574829328,-25.704506637781193,6.553184371614969,-26.280021160289184,8.049395168400627,-26.255535682797188,8.94560596518627,-25.63105020530519,10.441816761971927,-25.61268609718618,12.01397485956117,-25.58820061969418,14.71018565634681,-30.0,16.806396453132468,-30.0,18.30260724991811,-30.0,18.75071264831094,-30.0,18.75071264831094,-30.0,18.75071264831094,left,-0.4737954926793925,2.237998468281159,0.2642857142857143,,,0.0,0.0,0.0,0.0
2.25.11175860580562939441493697221497597640,/home/user/workspace/dataset_extracted/Датасет/НД_для_обучения/Исследования/2.25.11175860580562939441493697221497597640/series_003_2_CR/A2507431060 DXA/CR DXA/CR000004.dcm,1.2.643.5.1.13.13.12.2.77.8252.13030903151515081500090603041412,1,315,300,spine,True,1.0,"Наличие посторонних предметов, артефактов или наложений",0.0,0.0,1.0,,,,,200,126.0,200,126.0,True,3.8098681252596878,0.9236018508620578,1.9909598929190153,315.0,-0.024142452424390795,0.0,0.0031746031746031746,0.44666666666666666,,,,,,,,,,,,,,,,,,,,,,,,,,,,,,,,,,,,,,,,,,,,,,,,,,,,,,,,,,,,,,,,,,,,,,,
2.25.11175860580562939441493697221497597640,/home/user/workspace/dataset_extracted/Датасет/НД_для_обучения/Исследования/2.25.11175860580562939441493697221497597640/series_003_2_CR/A2507431060 DXA/CR DXA/CR000005.dcm,1.2.643.5.1.13.13.12.2.77.8252.08101400121500101415120401040211,8,348,280,right_hip,False,,,,,,,,,,6084,3832.92,6084,3832.92,True,7.856464203838778,,,,,,,,-1.9018971914241851,1.9018971914241851,25.2,115.5,3.989046367468381,5.945138065505049,31.2,6.933683474967864,115.5,3.5999999999999996,365.40000000000003,168.0,220.0,0.2571428571428571,0.24279556650246306,0.632183908045977,0.23214285714285715,0.14642857142857144,0.8141091878320924,0.23893322832808614,0.9849499801812419,-0.0935292924283658,3.157953249329381,-0.05703401483217049,6.515513378265655,0.5703374433649727,6.933683474967864,0.606832720961168,6.691243603904138,0.6433279985573633,6.448803732840411,1.2798232761535586,6.206363861776685,1.3163185537497581,5.963923990712959,1.3436900119469015,5.782094087415168,1.9801852895430967,5.539654216351442,2.616680567139292,5.897214345287716,2.6531758447354874,-5.74522552577601,3.289671122331683,-5.987665396839736,3.326166399927878,-6.230105267903462,4.553537858125026,-6.411935171201253,5.190033135721221,-6.054375042264979,5.826528413317416,-5.096814913328705,5.863023690913612,-4.739254784392432,5.899518968509807,-4.981694655456158,5.926890426706954,1.4364754412460512,5.363385704303149,0.594035570182325,right,0.8877663084758003,1.9018971914241851,0.18571428571428572,,,,,,
2.25.112621744005021908434051268014787122937,/home/user/workspace/dataset_extracted/Датасет/НД_для_обучения/Исследования/2.25.112621744005021908434051268014787122937/series_002_2_CR/A2504301685 DXA/CR DXA/CR000000.dcm,1.2.643.5.1.13.13.12.2.77.8252.15090515141309140806011408041204,1,291,300,spine,True,0.0,,0.0,0.0,0.0,,,,,35,22.05,35,22.05,True,3.194333116655207,5.120717990258566,4.943107652928225,291.0,-0.04020840781790014,0.0,0.003436426116838488,0.49333333333333335,,,,,,,,,,,,,,,,,,,,,,,,,,,,,,,,,,,,,,,,,,,,,,,,,,,,,,,,,,,,,,,,,,,,,,,
2.25.114887542067602662452692698814728642117,/home/user/workspace/dataset_extracted/Датасет/НД_для_обучения/Исследования/2.25.114887542067602662452692698814728642117/series_001_2_CR/A2504131887 DXA/CR DXA/CR000000.dcm,1.2.643.5.1.13.13.12.2.77.8252.03150400010605060115070904121304,2,320,280,right_hip,True,1.0,Нарушение позиционирования/ротации правого бедра,,,,1.0,0.0,,,0,0.0,0,0.0,False,0.0,,,,,,,,-6.102956308416895,6.102956308416895,30.599999999999998,78.75,0.0,6.736580369843528,46.199999999999996,-18.68475675675676,113.4,3.0,336.0,168.0,183.0,0.3625,0.23357142857142857,0.571875,0.37857142857142856,0.17857142857142858,0.49194308926564506,0.1140824508508016,0.956416625720925,0.15784921763870158,-20.288079658605966,-0.08177524893313545,-21.42584352773827,0.18850640113798248,-21.829166429587477,0.548881934566154,-22.36693029871977,0.3092574679943169,-22.304694167852055,0.6696330014224884,-23.442458036984345,0.4300085348506513,-23.980221906116633,0.7002901849217693,-24.98354480796586,1.0606657183499322,-26.121308677098146,0.8210412517781037,-27.259072546230435,1.1814167852062667,-27.796836415362723,1.5417923186344296,-28.334600284495014,1.9021678520625924,-29.4723641536273,2.172449502133719,-30.0,3.132825035561882,-30.0,3.4932005689900447,-30.0,3.8535761024182076,-30.0,4.213951635846379,-30.0,4.484233285917497,-30.0,4.84460881934566,-30.0,right,0.7612290862290864,6.102956308416895,0.27499999999999997,1.0,0.0,,,1.0,0.0
2.25.114887542067602662452692698814728642117,/home/user/workspace/dataset_extracted/Датасет/НД_для_обучения/Исследования/2.25.114887542067602662452692698814728642117/series_001_2_CR/A2504131887 DXA/CR DXA/CR000001.dcm,1.2.643.5.1.13.13.12.2.77.8252.15050814070214050107040604101305,3,320,280,right_hip,True,1.0,Нарушение позиционирования/ротации правого бедра,,,,1.0,0.0,,,0,0.0,0,0.0,False,0.0,,,,,,,,-3.1796827182564806,3.1796827182564806,31.2,102.9,0.0,-17.785788879750612,31.2,24.741143392689832,111.30000000000001,11.4,336.0,168.0,320.0,0.26785714285714285,0.21589285714285714,1.0,0.325,0.16785714285714284,0.4999933621354407,0.12422504052199802,0.965807439070112,-17.785788879750612,1.9201078744525317,-20.650984067478937,2.188267696956976,-22.34988045827518,2.539387563835311,-22.215075646003502,3.4075473863397634,-22.08027083373183,4.875707208844207,-22.545466021460154,5.743867031348651,-22.41066120918848,7.212026853853104,-22.30955759998472,8.163146720731438,-22.774752787713044,9.031306543235882,-22.639947975441373,9.299466365740335,-23.105143163169696,10.167626188244778,-22.97033835089802,10.435786010749231,-22.835533538626347,10.103945833253675,-23.334429929422587,9.85506570013201,-23.199625117150912,10.123225522636462,-24.26482030487924,10.991385345140907,-27.130015492607566,11.259545167645358,-26.995210680335887,12.727704990149803,-30.0,13.078824857028138,-30.0,14.54698467953259,left,-0.26319853349895855,3.1796827182564806,0.18571428571428572,,,1.0,0.0,1.0,0.0
2.25.114887542067602662452692698814728642117,/home/user/workspace/dataset_extracted/Датасет/НД_для_обучения/Исследования/2.25.114887542067602662452692698814728642117/series_001_2_CR/A2504131887 DXA/CR DXA/CR000002.dcm,1.2.643.5.1.13.13.12.2.77.8252.00111415140915030904140513150113,6,320,280,right_hip,True,1.0,Нарушение позиционирования/ротации правого бедра,,,,1.0,0.0,,,0,0.0,0,0.0,False,0.0,,,,,,,,-3.1796827182564806,3.1796827182564806,31.2,102.9,0.0,-17.785788879750612,31.2,24.741143392689832,111.30000000000001,11.4,336.0,168.0,320.0,0.26785714285714285,0.21589285714285714,1.0,0.325,0.16785714285714284,0.4999933621354407,0.12422504052199802,0.965807439070112,-17.785788879750612,1.9201078744525317,-20.650984067478937,2.188267696956976,-22.34988045827518,2.539387563835311,-22.215075646003502,3.4075473863397634,-22.08027083373183,4.875707208844207,-22.545466021460154,5.743867031348651,-22.41066120918848,7.212026853853104,-22.30955759998472,8.163146720731438,-22.774752787713044,9.031306543235882,-22.639947975441373,9.299466365740335,-23.105143163169696,10.167626188244778,-22.97033835089802,10.435786010749231,-22.835533538626347,10.103945833253675,-23.334429929422587,9.85506570013201,-23.199625117150912,10.123225522636462,-24.26482030487924,10.991385345140907,-27.130015492607566,11.259545167645358,-26.995210680335887,12.727704990149803,-30.0,13.078824857028138,-30.0,14.54698467953259,left,-0.26319853349895855,3.1796827182564806,0.18571428571428572,,,1.0,0.0,1.0,0.0
2.25.114887542067602662452692698814728642117,/home/user/workspace/dataset_extracted/Датасет/НД_для_обучения/Исследования/2.25.114887542067602662452692698814728642117/series_001_2_CR/A2504131887 DXA/CR DXA/CR000003.dcm,1.2.643.5.1.13.13.12.2.77.8252.08111114040702130902010708100700,5,320,280,right_hip,True,1.0,Нарушение позиционирования/ротации правого бедра,,,,1.0,0.0,,,0,0.0,0,0.0,False,0.0,,,,,,,,-6.102956308416895,6.102956308416895,30.599999999999998,78.75,0.0,6.736580369843528,46.199999999999996,-18.68475675675676,113.4,3.0,336.0,168.0,183.0,0.3625,0.23357142857142857,0.571875,0.37857142857142856,0.17857142857142858,0.49194308926564506,0.1140824508508016,0.956416625720925,0.15784921763870158,-20.288079658605966,-0.08177524893313545,-21.42584352773827,0.18850640113798248,-21.829166429587477,0.548881934566154,-22.36693029871977,0.3092574679943169,-22.304694167852055,0.6696330014224884,-23.442458036984345,0.4300085348506513,-23.980221906116633,0.7002901849217693,-24.98354480796586,1.0606657183499322,-26.121308677098146,0.8210412517781037,-27.259072546230435,1.1814167852062667,-27.796836415362723,1.5417923186344296,-28.334600284495014,1.9021678520625924,-29.4723641536273,2.172449502133719,-30.0,3.132825035561882,-30.0,3.4932005689900447,-30.0,3.8535761024182076,-30.0,4.213951635846379,-30.0,4.484233285917497,-30.0,4.84460881934566,-30.0,right,0.7612290862290864,6.102956308416895,0.27499999999999997,1.0,0.0,,,1.0,0.0
2.25.114887542067602662452692698814728642117,/home/user/workspace/dataset_extracted/Датасет/НД_для_обучения/Исследования/2.25.114887542067602662452692698814728642117/series_001_2_CR/A2504131887 DXA/CR DXA/CR000004.dcm,1.2.643.5.1.13.13.12.2.77.8252.10001500010311100907131007040004,1,320,300,spine,True,1.0,"Наличие посторонних предметов, артефактов или наложений",0.0,0.0,1.0,,,,,218,137.34,218,137.34,True,3.7365878598523503,6.466273917669717,3.8545983587128774,320.0,-0.05268331167625765,0.0,0.003125,0.7,,,,,,,,,,,,,,,,,,,,,,,,,,,,,,,,,,,,,,,,,,,,,,,,,,,,,,,,,,,,,,,,,,,,,,,
2.25.114887542067602662452692698814728642117,/home/user/workspace/dataset_extracted/Датасет/НД_для_обучения/Исследования/2.25.114887542067602662452692698814728642117/series_001_2_CR/A2504131887 DXA/CR DXA/CR000005.dcm,1.2.643.5.1.13.13.12.2.77.8252.11151502000914000710090013020813,13,320,280,right_hip,True,1.0,Нарушение позиционирования/ротации правого бедра,,,,1.0,0.0,,,0,0.0,0,0.0,False,0.0,,,,,,,,-6.102956308416895,6.102956308416895,30.599999999999998,78.75,0.0,6.736580369843528,46.199999999999996,-18.68475675675676,113.4,3.0,336.0,168.0,183.0,0.3625,0.23357142857142857,0.571875,0.37857142857142856,0.17857142857142858,0.49194308926564506,0.1140824508508016,0.956416625720925,0.15784921763870158,-20.288079658605966,-0.08177524893313545,-21.42584352773827,0.18850640113798248,-21.829166429587477,0.548881934566154,-22.36693029871977,0.3092574679943169,-22.304694167852055,0.6696330014224884,-23.442458036984345,0.4300085348506513,-23.980221906116633,0.7002901849217693,-24.98354480796586,1.0606657183499322,-26.121308677098146,0.8210412517781037,-27.259072546230435,1.1814167852062667,-27.796836415362723,1.5417923186344296,-28.334600284495014,1.9021678520625924,-29.4723641536273,2.172449502133719,-30.0,3.132825035561882,-30.0,3.4932005689900447,-30.0,3.8535761024182076,-30.0,4.213951635846379,-30.0,4.484233285917497,-30.0,4.84460881934566,-30.0,right,0.7612290862290864,6.102956308416895,0.27499999999999997,1.0,0.0,,,1.0,0.0
2.25.114887542067602662452692698814728642117,/home/user/workspace/dataset_extracted/Датасет/НД_для_обучения/Исследования/2.25.114887542067602662452692698814728642117/series_001_2_CR/A2504131887 DXA/CR DXA/CR000006.dcm,1.2.643.5.1.13.13.12.2.77.8252.10141411130204150513090803110213,12,320,280,right_hip,True,1.0,Нарушение позиционирования/ротации правого бедра,,,,1.0,0.0,,,0,0.0,0,0.0,False,0.0,,,,,,,,-3.1796827182564806,3.1796827182564806,31.2,102.9,0.0,-17.785788879750612,31.2,24.741143392689832,111.30000000000001,11.4,336.0,168.0,320.0,0.26785714285714285,0.21589285714285714,1.0,0.325,0.16785714285714284,0.4999933621354407,0.12422504052199802,0.965807439070112,-17.785788879750612,1.9201078744525317,-20.650984067478937,2.188267696956976,-22.34988045827518,2.539387563835311,-22.215075646003502,3.4075473863397634,-22.08027083373183,4.875707208844207,-22.545466021460154,5.743867031348651,-22.41066120918848,7.212026853853104,-22.30955759998472,8.163146720731438,-22.774752787713044,9.031306543235882,-22.639947975441373,9.299466365740335,-23.105143163169696,10.167626188244778,-22.97033835089802,10.435786010749231,-22.835533538626347,10.103945833253675,-23.334429929422587,9.85506570013201,-23.199625117150912,10.123225522636462,-24.26482030487924,10.991385345140907,-27.130015492607566,11.259545167645358,-26.995210680335887,12.727704990149803,-30.0,13.078824857028138,-30.0,14.54698467953259,left,-0.26319853349895855,3.1796827182564806,0.18571428571428572,,,1.0,0.0,1.0,0.0
2.25.114887542067602662452692698814728642117,/home/user/workspace/dataset_extracted/Датасет/НД_для_обучения/Исследования/2.25.114887542067602662452692698814728642117/series_001_2_CR/A2504131887 DXA/CR DXA/CR000007.dcm,1.2.643.5.1.13.13.12.2.77.8252.09060814101015050208090100150206,4,320,300,spine,True,1.0,"Наличие посторонних предметов, артефактов или наложений",0.0,0.0,1.0,,,,,218,137.34,218,137.34,True,3.7365878598523503,6.466273917669717,3.8545983587128774,320.0,-0.05268331167625765,0.0,0.003125,0.7,,,,,,,,,,,,,,,,,,,,,,,,,,,,,,,,,,,,,,,,,,,,,,,,,,,,,,,,,,,,,,,,,,,,,,,
2.25.114887542067602662452692698814728642117,/home/user/workspace/dataset_extracted/Датасет/НД_для_обучения/Исследования/2.25.114887542067602662452692698814728642117/series_001_2_CR/A2504131887 DXA/CR DXA/CR000008.dcm,1.2.643.5.1.13.13.12.2.77.8252.11060402050912131204000502001414,11,320,280,right_hip,True,1.0,Нарушение позиционирования/ротации правого бедра,,,,1.0,0.0,,,0,0.0,0,0.0,False,0.0,,,,,,,,-6.102956308416895,6.102956308416895,30.599999999999998,78.75,0.0,6.736580369843528,46.199999999999996,-18.68475675675676,113.4,3.0,336.0,168.0,183.0,0.3625,0.23357142857142857,0.571875,0.37857142857142856,0.17857142857142858,0.49194308926564506,0.1140824508508016,0.956416625720925,0.15784921763870158,-20.288079658605966,-0.08177524893313545,-21.42584352773827,0.18850640113798248,-21.829166429587477,0.548881934566154,-22.36693029871977,0.3092574679943169,-22.304694167852055,0.6696330014224884,-23.442458036984345,0.4300085348506513,-23.980221906116633,0.7002901849217693,-24.98354480796586,1.0606657183499322,-26.121308677098146,0.8210412517781037,-27.259072546230435,1.1814167852062667,-27.796836415362723,1.5417923186344296,-28.334600284495014,1.9021678520625924,-29.4723641536273,2.172449502133719,-30.0,3.132825035561882,-30.0,3.4932005689900447,-30.0,3.8535761024182076,-30.0,4.213951635846379,-30.0,4.484233285917497,-30.0,4.84460881934566,-30.0,right,0.7612290862290864,6.102956308416895,0.27499999999999997,1.0,0.0,,,1.0,0.0
2.25.114887542067602662452692698814728642117,/home/user/workspace/dataset_extracted/Датасет/НД_для_обучения/Исследования/2.25.114887542067602662452692698814728642117/series_001_2_CR/A2504131887 DXA/CR DXA/CR000009.dcm,1.2.643.5.1.13.13.12.2.77.8252.04051301070809101001111312060114,10,320,280,right_hip,True,1.0,Нарушение позиционирования/ротации правого бедра,,,,1.0,0.0,,,0,0.0,0,0.0,False,0.0,,,,,,,,-3.1796827182564806,3.1796827182564806,31.2,102.9,0.0,-17.785788879750612,31.2,24.741143392689832,111.30000000000001,11.4,336.0,168.0,320.0,0.26785714285714285,0.21589285714285714,1.0,0.325,0.16785714285714284,0.4999933621354407,0.12422504052199802,0.965807439070112,-17.785788879750612,1.9201078744525317,-20.650984067478937,2.188267696956976,-22.34988045827518,2.539387563835311,-22.215075646003502,3.4075473863397634,-22.08027083373183,4.875707208844207,-22.545466021460154,5.743867031348651,-22.41066120918848,7.212026853853104,-22.30955759998472,8.163146720731438,-22.774752787713044,9.031306543235882,-22.639947975441373,9.299466365740335,-23.105143163169696,10.167626188244778,-22.97033835089802,10.435786010749231,-22.835533538626347,10.103945833253675,-23.334429929422587,9.85506570013201,-23.199625117150912,10.123225522636462,-24.26482030487924,10.991385345140907,-27.130015492607566,11.259545167645358,-26.995210680335887,12.727704990149803,-30.0,13.078824857028138,-30.0,14.54698467953259,left,-0.26319853349895855,3.1796827182564806,0.18571428571428572,,,1.0,0.0,1.0,0.0
2.25.114887542067602662452692698814728642117,/home/user/workspace/dataset_extracted/Датасет/НД_для_обучения/Исследования/2.25.114887542067602662452692698814728642117/series_001_2_CR/A2504131887 DXA/CR DXA/CR000010.dcm,1.2.643.5.1.13.13.12.2.77.8252.08050414010100010110100910070904,9,320,300,spine,True,1.0,"Наличие посторонних предметов, артефактов или наложений",0.0,0.0,1.0,,,,,218,137.34,218,137.34,True,3.7365878598523503,6.466273917669717,3.8545983587128774,320.0,-0.05268331167625765,0.0,0.003125,0.7,,,,,,,,,,,,,,,,,,,,,,,,,,,,,,,,,,,,,,,,,,,,,,,,,,,,,,,,,,,,,,,,,,,,,,,
2.25.116822802042655971810859435524105064465,/home/user/workspace/dataset_extracted/Датасет/НД_для_обучения/Исследования/2.25.116822802042655971810859435524105064465/series_003_2_CR/A2507273296 DXA/CR DXA/CR000000.dcm,1.2.643.5.1.13.13.12.2.77.8252.13011301091003020814061203020304,6,235,280,right_hip,True,0.0,,,,,0.0,0.0,,,0,0.0,0,0.0,False,0.0,,,,,,,,-8.387839155613198,8.387839155613198,25.8,72.45,1.1682572159298523,-1.079693094629181,71.39999999999999,14.228037997807842,70.35000000000001,9.6,246.75,168.0,230.0,0.49642857142857144,0.18738601823708206,0.9787234042553191,0.21785714285714286,0.14285714285714285,0.5029978239003505,0.1395581392864118,0.951421544039429,-11.159035440263091,1.7613883814395648,-10.909872122762176,2.571969309462952,-10.272999634636488,2.279905005480475,-9.423836317135573,3.690485933503862,-7.974672999634657,3.9010668615272492,-6.525509682133742,3.5116477895506364,-5.676346364632843,3.1222287175740235,-5.039473876507157,2.8301644135915467,-3.590310559006241,3.0407453416149335,-2.141147241505325,3.851326269638321,-1.2919839240044098,4.661907197661708,-4.042820606503494,6.072488125685095,-7.3936572890025785,7.483069053708465,-12.756784800876892,8.991004749726004,-14.307621483375977,11.001585677749391,-14.65845816587506,13.012166605772778,-15.009294848374145,13.822747533796148,-15.184713189623686,14.228037997807842,-15.184713189623686,14.228037997807842,-15.184713189623686,14.228037997807842,right,0.8834023792854232,8.387839155613198,0.42499999999999993,0.0,0.0,,,0.0,0.0
2.25.116822802042655971810859435524105064465,/home/user/workspace/dataset_extracted/Датасет/НД_для_обучения/Исследования/2.25.116822802042655971810859435524105064465/series_003_2_CR/A2507273296 DXA/CR DXA/CR000001.dcm,1.2.643.5.1.13.13.12.2.77.8252.01010713081306120510130101121412,4,235,280,left_hip,True,0.0,,,,,,,0.0,0.0,0,0.0,0,0.0,False,0.0,,,,,,,,-10.510666053131915,10.510666053131915,25.2,72.45,0.0,-2.2483741322616253,78.6,17.276587504567033,72.45,8.4,246.75,168.0,230.0,0.5410714285714285,0.1724468085106383,0.9787234042553191,0.2,0.14642857142857144,0.49569862719814517,0.13804808187775894,0.9564299030047723,-8.440277676287934,0.9456046766532835,-8.516828644501304,1.1105882352941308,-7.674241870661342,1.984325904274766,-7.150792838874713,2.749309462915613,-6.627343807088084,2.9142930215564604,-5.503894775301455,3.6792765801973073,-4.3804457435148265,3.2442601388381545,-4.137858969674846,3.51799780781879,-3.614409937888217,3.682981366459637,-3.0909609061015884,4.447964925100484,-2.5675118743149765,5.212948483741331,-2.644062842528348,6.577932042382178,-3.9206138107417186,7.942915601023025,-6.678027036901756,9.41665327000366,-10.354578005115126,11.381636828644508,-11.031128973328498,14.546620387285355,-11.707679941541869,16.511603945926186,-12.98423090975524,17.276587504567033,-12.98423090975524,17.276587504567033,-12.98423090975524,17.276587504567033,left,-1.3080453886573151,10.510666053131915,0.4678571428571428,,,0.0,0.0,0.0,0.0
2.25.116822802042655971810859435524105064465,/home/user/workspace/dataset_extracted/Датасет/НД_для_обучения/Исследования/2.25.116822802042655971810859435524105064465/series_003_2_CR/A2507273296 DXA/CR DXA/CR000002.dcm,1.2.643.5.1.13.13.12.2.77.8252.05150512091506110304120408070606,1,318,300,spine,True,0.0,,0.0,0.0,0.0,,,,,549,345.87,549,345.87,True,5.015042672771589,0.08552626948627334,0.5522098150555572,318.0,0.01199293610820746,0.0,0.0031446540880503146,0.30333333333333334,,,,,,,,,,,,,,,,,,,,,,,,,,,,,,,,,,,,,,,,,,,,,,,,,,,,,,,,,,,,,,,,,,,,,,,
2.25.122446767306607067205618235949445789306,/home/user/workspace/dataset_extracted/Датасет/НД_для_обучения/Исследования/2.25.122446767306607067205618235949445789306/series_001_2_CR/A2504255080 DXA/CR DXA/CR000000.dcm,1.2.643.5.1.13.13.12.2.77.8252.02101009080308000015051512140806,5,207,280,right_hip,True,1.0,Нарушение позиционирования/ротации правого бедра,,,,1.0,0.0,,,0,0.0,0,0.0,False,0.0,,,,,,,,-3.528788672937356,3.528788672937356,28.799999999999997,65.10000000000001,0.0,-5.896200045327521,57.599999999999994,13.785359220367155,69.3,8.4,217.35000000000002,168.0,207.0,0.4642857142857143,0.18951000690131126,1.0,0.21785714285714286,0.16785714285714284,0.4863117451600367,0.15323415277079921,0.9240097872356798,-5.896200045327521,1.0263503815064097,-9.518667371761,1.0858804865150944,-10.285517866586119,1.7305280652716077,-9.707985193019598,2.3900581702802923,-9.130452519453078,3.649588275288977,-7.952919845886558,4.309118380297662,-6.775387172320046,5.568648485306346,-13.542237667145155,6.21329606406286,-15.364704993578634,8.072826169071543,-15.387172320012114,9.332356274080228,-15.409639646445594,11.79188637908893,-15.432106972879074,13.051416484097615,-15.454574299312554,13.7109465891063,-15.621424794137663,13.755594167862812,-15.043892120571144,13.215124272871497,-15.066359447004622,13.274654377880182,-14.48882677343812,13.334184482888867,-14.944443605046489,13.349067009141038,-14.944443605046489,13.349067009141038,-14.944443605046489,13.349067009141038,right,0.3935422096436527,3.528788672937356,0.3428571428571428,1.0,0.0,,,1.0,0.0
2.25.122446767306607067205618235949445789306,/home/user/workspace/dataset_extracted/Датасет/НД_для_обучения/Исследования/2.25.122446767306607067205618235949445789306/series_001_2_CR/A2504255080 DXA/CR DXA/CR000001.dcm,1.2.643.5.1.13.13.12.2.77.8252.02091106060004131215091000000909,6,235,280,right_hip,True,1.0,Нарушение позиционирования/ротации правого бедра,,,,1.0,0.0,,,0,0.0,0,0.0,False,0.0,,,,,,,,1.6690584429823498,1.6690584429823498,29.4,73.5,0.0,-14.525217391304357,46.199999999999996,13.79075146531362,68.25,8.4,246.75,168.0,235.0,0.39285714285714285,0.1967629179331307,1.0,0.21785714285714286,0.16785714285714284,0.5101197207659687,0.14343188371946106,0.9416794184502197,-15.306744816726457,0.5491278103403033,-15.548781383955918,1.1518572303385552,-16.330308809378018,1.1539042953372358,-16.572345376607476,1.7566337153354878,-19.814381943836946,1.75936313533374,-22.456418511066406,2.362092555331992,-23.89845507829587,2.9648219753302443,-24.079982503717964,3.5668690403289247,-23.722019070947432,4.169598460327177,-23.364055638176893,5.372327880325429,-23.60609220540636,6.575057300323681,-23.84812877263582,7.177786720321933,-30.0,7.780516140320184,-30.0,8.982563205318865,-30.0,10.185292625317118,-30.0,11.388022045315369,-30.0,13.79075146531362,-30.0,13.79075146531362,-30.0,13.79075146531362,-30.0,13.79075146531362,left,-0.3403866822688907,1.6690584429823498,0.27499999999999997,,,1.0,0.0,1.0,0.0
2.25.122446767306607067205618235949445789306,/home/user/workspace/dataset_extracted/Датасет/НД_для_обучения/Исследования/2.25.122446767306607067205618235949445789306/series_001_2_CR/A2504255080 DXA/CR DXA/CR000002.dcm,1.2.643.5.1.13.13.12.2.77.8252.15060100040008041103060904131005,3,318,300,spine,True,0.0,,0.0,0.0,0.0,,,,,136,85.68,136,85.68,True,3.4944183549197985,1.3303823020473564,0.6741012757670926,318.0,-0.03142832064601587,0.0,0.0031446540880503146,0.2866666666666667,,,,,,,,,,,,,,,,,,,,,,,,,,,,,,,,,,,,,,,,,,,,,,,,,,,,,,,,,,,,,,,,,,,,,,,
2.25.122446767306607067205618235949445789306,/home/user/workspace/dataset_extracted/Датасет/НД_для_обучения/Исследования/2.25.122446767306607067205618235949445789306/series_001_2_CR/A2504255080 DXA/CR DXA/CR000003.dcm,1.2.643.5.1.13.13.12.2.77.8252.03040807040905131500140112021404,8,207,280,right_hip,True,1.0,Нарушение позиционирования/ротации правого бедра,,,,1.0,0.0,,,0,0.0,0,0.0,False,0.0,,,,,,,,-3.528788672937356,3.528788672937356,28.799999999999997,65.10000000000001,0.0,-5.896200045327521,57.599999999999994,13.785359220367155,69.3,8.4,217.35000000000002,168.0,207.0,0.4642857142857143,0.18951000690131126,1.0,0.21785714285714286,0.16785714285714284,0.4863117451600367,0.15323415277079921,0.9240097872356798,-5.896200045327521,1.0263503815064097,-9.518667371761,1.0858804865150944,-10.285517866586119,1.7305280652716077,-9.707985193019598,2.3900581702802923,-9.130452519453078,3.649588275288977,-7.952919845886558,4.309118380297662,-6.775387172320046,5.568648485306346,-13.542237667145155,6.21329606406286,-15.364704993578634,8.072826169071543,-15.387172320012114,9.332356274080228,-15.409639646445594,11.79188637908893,-15.432106972879074,13.051416484097615,-15.454574299312554,13.7109465891063,-15.621424794137663,13.755594167862812,-15.043892120571144,13.215124272871497,-15.066359447004622,13.274654377880182,-14.48882677343812,13.334184482888867,-14.944443605046489,13.349067009141038,-14.944443605046489,13.349067009141038,-14.944443605046489,13.349067009141038,right,0.3935422096436527,3.528788672937356,0.3428571428571428,1.0,0.0,,,1.0,0.0
2.25.122446767306607067205618235949445789306,/home/user/workspace/dataset_extracted/Датасет/НД_для_обучения/Исследования/2.25.122446767306607067205618235949445789306/series_001_2_CR/A2504255080 DXA/CR DXA/CR000004.dcm,1.2.643.5.1.13.13.12.2.77.8252.11100905091110000105111305090709,4,235,280,right_hip,True,1.0,Нарушение позиционирования/ротации правого бедра,,,,1.0,0.0,,,0,0.0,0,0.0,False,0.0,,,,,,,,1.6690584429823498,1.6690584429823498,29.4,73.5,0.0,-14.525217391304357,46.199999999999996,13.79075146531362,68.25,8.4,246.75,168.0,235.0,0.39285714285714285,0.1967629179331307,1.0,0.21785714285714286,0.16785714285714284,0.5101197207659687,0.14343188371946106,0.9416794184502197,-15.306744816726457,0.5491278103403033,-15.548781383955918,1.1518572303385552,-16.330308809378018,1.1539042953372358,-16.572345376607476,1.7566337153354878,-19.814381943836946,1.75936313533374,-22.456418511066406,2.362092555331992,-23.89845507829587,2.9648219753302443,-24.079982503717964,3.5668690403289247,-23.722019070947432,4.169598460327177,-23.364055638176893,5.372327880325429,-23.60609220540636,6.575057300323681,-23.84812877263582,7.177786720321933,-30.0,7.780516140320184,-30.0,8.982563205318865,-30.0,10.185292625317118,-30.0,11.388022045315369,-30.0,13.79075146531362,-30.0,13.79075146531362,-30.0,13.79075146531362,-30.0,13.79075146531362,left,-0.3403866822688907,1.6690584429823498,0.27499999999999997,,,1.0,0.0,1.0,0.0
2.25.122446767306607067205618235949445789306,/home/user/workspace/dataset_extracted/Датасет/НД_для_обучения/Исследования/2.25.122446767306607067205618235949445789306/series_001_2_CR/A2504255080 DXA/CR DXA/CR000005.dcm,1.2.643.5.1.13.13.12.2.77.8252.09071502150602001009041214040315,1,318,300,spine,True,0.0,,0.0,0.0,0.0,,,,,136,85.68,136,85.68,True,3.4944183549197985,1.3303823020473564,0.6741012757670926,318.0,-0.03142832064601587,0.0,0.0031446540880503146,0.2866666666666667,,,,,,,,,,,,,,,,,,,,,,,,,,,,,,,,,,,,,,,,,,,,,,,,,,,,,,,,,,,,,,,,,,,,,,,
2.25.123175695355749859846173904788591707879,/home/user/workspace/dataset_extracted/Датасет/НД_для_обучения/Исследования/2.25.123175695355749859846173904788591707879/series_001_2_CR/A250722449 DXA/CR DXA/CR000000.dcm,1.2.643.5.1.13.13.12.2.77.8252.12031311070507060813050800031313,1,289,300,spine,True,0.0,,0.0,0.0,0.0,,,,,139,87.57000000000001,139,87.57000000000001,True,3.3426145753056287,0.7228330608239143,1.4012874921187315,289.0,-0.013800244006990472,0.0,0.0034602076124567475,0.33,,,,,,,,,,,,,,,,,,,,,,,,,,,,,,,,,,,,,,,,,,,,,,,,,,,,,,,,,,,,,,,,,,,,,,,
2.25.124890633326693921702195356152595253940,/home/user/workspace/dataset_extracted/Датасет/НД_для_обучения/Исследования/2.25.124890633326693921702195356152595253940/series_002_2_CR/A2504263153 DXA/CR DXA/CR000000.dcm,1.2.643.5.1.13.13.12.2.77.8252.04131510070001011107040403071102,1,289,300,spine,True,0.0,,0.0,0.0,0.0,,,,,211,132.93,211,132.93,True,3.4462132502835057,1.6895918059121005,0.2502728059359971,289.0,0.04953660233002959,0.0,0.0034602076124567475,0.32,,,,,,,,,,,,,,,,,,,,,,,,,,,,,,,,,,,,,,,,,,,,,,,,,,,,,,,,,,,,,,,,,,,,,,,
2.25.124890633326693921702195356152595253940,/home/user/workspace/dataset_extracted/Датасет/НД_для_обучения/Исследования/2.25.124890633326693921702195356152595253940/series_002_2_CR/A2504263153 DXA/CR DXA/CR000001.dcm,1.2.643.5.1.13.13.12.2.77.8252.08050506060410091114110412130504,3,261,280,left_hip,True,0.0,,,,,,,0.0,0.0,0,0.0,0,0.0,False,0.0,,,,,,,,-1.561058064549583,1.561058064549583,25.2,88.2,0.0,0.746684215855015,67.2,17.41023590158952,65.10000000000001,10.2,274.05,168.0,256.0,0.475,0.21551724137931033,0.9808429118773946,0.29285714285714287,0.1357142857142857,0.5416851461699445,0.12467641330084127,0.9597861830011375,0.164568188721276,3.182035030879791,0.7288002429887627,3.517347372683986,-15.498025716310615,3.9188316290371232,-16.13379366204313,4.254143970841318,-16.769561607775632,4.589456312645512,-19.205329553508147,4.32476865444969,-19.241097499240652,4.6600809962538845,-19.26792345854004,5.061565252607039,-18.103691404272542,5.996877594411234,-16.939459350005055,6.932189936215411,-16.375227295737563,8.467502278019605,-30.0,10.0028146198238,-30.0,12.738126961627994,-30.0,14.339611217981131,-30.0,16.474923559785328,-30.0,17.41023590158952,-30.0,17.34406398704056,-30.0,17.34406398704056,-30.0,17.34406398704056,-30.0,17.34406398704056,left,-0.7860983868278297,1.561058064549583,0.4,,,0.0,0.0,0.0,0.0
2.25.124890633326693921702195356152595253940,/home/user/workspace/dataset_extracted/Датасет/НД_для_обучения/Исследования/2.25.124890633326693921702195356152595253940/series_002_2_CR/A2504263153 DXA/CR DXA/CR000002.dcm,1.2.643.5.1.13.13.12.2.77.8252.10081312010805021201100507060411,2,289,280,right_hip,True,0.0,,,,,0.0,0.0,,,0,0.0,0,0.0,False,0.0,,,,,,,,-3.5304254656455862,3.5304254656455862,25.2,106.05000000000001,10.275950145602778,5.356151426907396,51.0,14.103193942923712,106.05000000000001,4.2,303.45,168.0,202.0,0.3732142857142857,0.2503460207612457,0.698961937716263,0.48214285714285715,0.14285714285714285,0.530528748418099,0.14166922093058518,0.9638672917510585,0.4628351776354037,2.9477367501456286,0.5860081537565435,3.7526662783925757,0.6783878858474025,4.056363424577773,0.8015608619685423,4.2612929528247205,1.5247338380896907,3.866222481071668,1.6479068142108304,4.071152009318598,2.37107979033197,4.876081537565545,2.4634595224228293,5.7797786837507426,3.1866324985439687,6.5847082119976905,3.9098054746651085,7.989637740244637,4.632978450786257,9.994567268491567,5.356151426907396,12.599496796738515,-11.320675596971464,-5.195573675014537,-11.828295864880603,-6.0918765288293395,-11.705122888759464,-7.086947000582392,-12.181949912638316,-9.282017472335463,-12.058776936517177,-12.677087944088514,-11.935603960396037,-14.272158415841568,-10.043224228305178,-15.76846126965637,-9.320051252184038,-19.763531741409423,right,0.774398002017616,3.5304254656455862,0.30357142857142855,0.0,0.0,,,0.0,0.0
2.25.125521310320333648427417313254965624364,/home/user/workspace/dataset_extracted/Датасет/НД_для_обучения/Исследования/2.25.125521310320333648427417313254965624364/series_001_2_CR/A250444126 DXA/CR DXA/CR000000.dcm,1.2.643.5.1.13.13.12.2.77.8252.06141210040207130507130606070312,1,263,300,spine,True,1.0,Нарушение укладки поясничного отдела позвоночника,1.0,0.0,0.0,,,,,0,0.0,0,0.0,False,0.0,0.26668485177475926,0.9387955302954832,263.0,0.012001324606513986,0.0,0.0038022813688212928,0.2633333333333333,,,,,,,,,,,,,,,,,,,,,,,,,,,,,,,,,,,,,,,,,,,,,,,,,,,,,,,,,,,,,,,,,,,,,,,
2.25.126293418391331346694592071563510265596,/home/user/workspace/dataset_extracted/Датасет/НД_для_обучения/Исследования/2.25.126293418391331346694592071563510265596/series_002_3_CR/A2507250865 DXA/CR DXA/CR000000.dcm,1.2.643.5.1.13.13.12.2.77.8252.08121504041301080101130415050611,5,291,280,right_hip,True,0.0,,,,,0.0,0.0,,,0,0.0,0,0.0,False,0.0,,,,,,,,0.1506045749612516,0.1506045749612516,28.2,102.9,0.0,-14.936250788975377,55.199999999999996,25.16940879444561,94.5,11.4,305.55,168.0,291.0,0.42142857142857143,0.20531418753068237,1.0,0.21785714285714286,0.16071428571428573,0.49344850937658186,0.1349146035247071,0.9599132415847252,-16.814390911003574,1.7141824302354336,-19.31857774037449,2.8320754356100224,-20.596717862402688,3.3704951896409683,-21.90090469177361,3.888388195015574,-22.605091521144537,4.406281200390162,-23.909278350515454,5.524174205764768,-24.01346517988638,6.042067211139357,-25.291605301914576,6.580486965170302,-25.395792131285504,7.6983799705449085,-26.69997896065642,8.216272975919496,-28.004165790027347,8.734165981294103,-28.708352619398273,9.252058986668692,-29.412539448769195,10.369951992043298,-30.0,11.508371746074243,-30.0,12.626264751448849,-30.0,14.344157756823437,-30.0,16.062050762198044,-30.0,17.779943767572632,-30.0,18.918363521603577,-30.0,21.836256526978183,right,0.5793819598723058,0.1506045749612516,0.32857142857142857,0.0,0.0,,,0.0,0.0
2.25.126293418391331346694592071563510265596,/home/user/workspace/dataset_extracted/Датасет/НД_для_обучения/Исследования/2.25.126293418391331346694592071563510265596/series_002_3_CR/A2507250865 DXA/CR DXA/CR000001.dcm,1.2.643.5.1.13.13.12.2.77.8252.10031005061115110908060312000307,1,317,300,spine,True,0.0,,0.0,0.0,0.0,,,,,1027,647.01,1027,647.01,True,4.309965332079623,0.22649435730555362,0.8765317795091603,317.0,0.0071744846298005885,0.0,0.0031545741324921135,0.37333333333333335,,,,,,,,,,,,,,,,,,,,,,,,,,,,,,,,,,,,,,,,,,,,,,,,,,,,,,,,,,,,,,,,,,,,,,,
2.25.126293418391331346694592071563510265596,/home/user/workspace/dataset_extracted/Датасет/НД_для_обучения/Исследования/2.25.126293418391331346694592071563510265596/series_002_3_CR/A2507250865 DXA/CR DXA/CR000002.dcm,1.2.643.5.1.13.13.12.2.77.8252.11151304101402090112060913070605,3,209,280,left_hip,True,1.0,Нарушение позиционирования/ротации левого бедра; Нарушение корректности области интереса левого бедра,,,,,,1.0,1.0,251,158.13,251,158.13,True,5.70771069907348,,,,,,,,4.303104552860033,4.303104552860033,41.4,78.75,11.833126600284515,14.134566145092487,77.39999999999999,44.42396586059739,140.70000000000002,6.0,219.45000000000002,168.0,209.0,0.6303571428571428,0.25264866712235134,1.0,0.09642857142857143,0.2642857142857143,0.5810603610777592,0.20963506177326138,0.9249727886004765,4.01692745376958,3.5595106685633024,5.8037496443812415,4.778389758179236,6.99386628734,6.442549075391173,9.380688477951661,8.261428165007105,11.167510668563324,10.68030725462304,12.354332859174985,17.899186344238974,13.541155049786664,22.118065433854905,14.131271692745406,23.782224751066842,-23.08190611664293,25.601103840682775,-24.29508392603127,29.819982930298707,-25.50826173541959,38.23886201991464,-26.12143954480793,41.257741109530556,-27.33461735419627,43.07662019914649,-27.94450071123751,33.340779516358445,-28.557678520625846,33.35965860597438,-29.770856330014183,33.378537695590296,-30.0,31.597416785206228,-30.0,31.61629587482216,-30.0,32.080455192034115,-30.0,32.09933428165003,left,-1.0646012842945145,4.303104552860033,0.4607142857142857,,,1.0,1.0,1.0,1.0
2.25.127126130998341190348103034690069487890,/home/user/workspace/dataset_extracted/Датасет/НД_для_обучения/Исследования/2.25.127126130998341190348103034690069487890/series_002_2_CR/A250428736 DXA/CR DXA/CR000000.dcm,1.2.643.5.1.13.13.12.2.77.8252.13130511100900071404010502130909,3,317,300,spine,True,1.0,Нарушение оси позвоночника (отклонение более 5 градусов),0.0,1.0,0.0,,,,,12,7.5600000000000005,12,7.5600000000000005,True,3.607582730325269,1.8107588252214557,0.4643285266456898,317.0,-0.028847624321046227,0.0,0.0031545741324921135,0.4266666666666667,,,,,,,,,,,,,,,,,,,,,,,,,,,,,,,,,,,,,,,,,,,,,,,,,,,,,,,,,,,,,,,,,,,,,,,
2.25.127126130998341190348103034690069487890,/home/user/workspace/dataset_extracted/Датасет/НД_для_обучения/Исследования/2.25.127126130998341190348103034690069487890/series_002_2_CR/A250428736 DXA/CR DXA/CR000001.dcm,1.2.643.5.1.13.13.12.2.77.8252.10040807011312021210130513011200,6,315,280,left_hip,True,1.0,Нарушение позиционирования/ротации левого бедра,,,,,,1.0,0.0,0,0.0,0,0.0,False,0.0,,,,,,,,-3.318794041173043,3.318794041173043,27.599999999999998,109.2,2.7328582097514147,3.6898751733703135,53.4,25.393145204310258,58.800000000000004,35.4,330.75,168.0,315.0,0.3964285714285714,0.2826530612244898,1.0,0.17857142857142858,0.16071428571428573,0.5952505943801429,0.14630436384924506,0.9573862348924298,0.19988904299583224,3.635530779899744,0.3760418222554051,3.9245780433159325,-0.0918435932999131,4.291363490878086,0.0843091859596683,5.180410754294274,0.26046196521924114,6.0694580177104624,0.43661474447881404,8.158505281126667,0.6127675237383954,9.647552544542856,0.7448821081830772,8.81433799210501,1.52103488744265,7.3033852555211975,1.697187666702223,6.9924325189373855,2.4733404459618042,7.281479782353591,2.649493225221377,9.370527045769778,2.82564600448095,11.459574309185983,3.557760588925632,21.42635975674812,3.6898751733703135,25.393145204310258,3.6898751733703135,25.393145204310258,3.6898751733703135,25.393145204310258,3.6898751733703135,25.393145204310258,3.6898751733703135,25.393145204310258,3.6898751733703135,25.393145204310258,left,-0.9909389112138665,3.318794041173043,0.31785714285714284,,,1.0,0.0,1.0,0.0
2.25.127126130998341190348103034690069487890,/home/user/workspace/dataset_extracted/Датасет/НД_для_обучения/Исследования/2.25.127126130998341190348103034690069487890/series_002_2_CR/A250428736 DXA/CR DXA/CR000002.dcm,1.2.643.5.1.13.13.12.2.77.8252.03120008051300001208141011101302,4,315,280,left_hip,True,1.0,Нарушение позиционирования/ротации левого бедра,,,,,,1.0,0.0,0,0.0,0,0.0,False,0.0,,,,,,,,-3.318794041173043,3.318794041173043,27.599999999999998,109.2,2.7328582097514147,3.6898751733703135,53.4,25.393145204310258,58.800000000000004,35.4,330.75,168.0,315.0,0.3964285714285714,0.2826530612244898,1.0,0.17857142857142858,0.16071428571428573,0.5952505943801429,0.14630436384924506,0.9573862348924298,0.19988904299583224,3.635530779899744,0.3760418222554051,3.9245780433159325,-0.0918435932999131,4.291363490878086,0.0843091859596683,5.180410754294274,0.26046196521924114,6.0694580177104624,0.43661474447881404,8.158505281126667,0.6127675237383954,9.647552544542856,0.7448821081830772,8.81433799210501,1.52103488744265,7.3033852555211975,1.697187666702223,6.9924325189373855,2.4733404459618042,7.281479782353591,2.649493225221377,9.370527045769778,2.82564600448095,11.459574309185983,3.557760588925632,21.42635975674812,3.6898751733703135,25.393145204310258,3.6898751733703135,25.393145204310258,3.6898751733703135,25.393145204310258,3.6898751733703135,25.393145204310258,3.6898751733703135,25.393145204310258,3.6898751733703135,25.393145204310258,left,-0.9909389112138665,3.318794041173043,0.31785714285714284,,,1.0,0.0,1.0,0.0
2.25.127126130998341190348103034690069487890,/home/user/workspace/dataset_extracted/Датасет/НД_для_обучения/Исследования/2.25.127126130998341190348103034690069487890/series_002_2_CR/A250428736 DXA/CR DXA/CR000003.dcm,1.2.643.5.1.13.13.12.2.77.8252.01070801081413060013111012010201,8,206,280,right_hip,True,1.0,Нарушение позиционирования/ротации правого бедра; Нарушение корректности области интереса правого бедра,,,,1.0,1.0,,,579,364.77,579,364.77,True,6.311748876259158,,,,,,,,-13.848490052062598,13.848490052062598,11.4,64.05,2.209624537281859,-4.621967213114737,82.8,12.650449497620281,44.1,9.6,216.3,168.0,206.0,0.5178571428571429,0.22182732316227463,1.0,0.3142857142857143,0.1,0.5467362185730376,0.2244892960606017,0.9281598954380242,-6.321290322580626,2.4475938656795164,-7.187054468535131,3.111052353252222,-7.686377578001037,4.058646218931756,-8.55214172395556,5.922104706504461,-9.417905869910067,7.185563194077184,-9.683670015864589,7.84902168164989,-10.549434161819113,6.712480169222613,-10.448757271285,6.460074034902147,-9.514521417239523,5.323532522474852,-9.180285563194047,8.386991010047575,-8.24604970914857,12.650449497620281,-8.24604970914857,12.650449497620281,-8.24604970914857,12.650449497620281,-8.24604970914857,12.650449497620281,-8.24604970914857,12.650449497620281,-8.24604970914857,12.650449497620281,-8.24604970914857,12.650449497620281,-8.24604970914857,12.650449497620281,-8.24604970914857,12.650449497620281,-8.24604970914857,12.650449497620281,right,1.1615128272768795,13.848490052062598,0.4928571428571428,1.0,1.0,,,1.0,1.0
2.25.127126130998341190348103034690069487890,/home/user/workspace/dataset_extracted/Датасет/НД_для_обучения/Исследования/2.25.127126130998341190348103034690069487890/series_002_2_CR/A250428736 DXA/CR DXA/CR000004.dcm,1.2.643.5.1.13.13.12.2.77.8252.14080500031007021314121106040303,1,317,300,spine,True,1.0,Нарушение оси позвоночника (отклонение более 5 градусов),0.0,1.0,0.0,,,,,12,7.5600000000000005,12,7.5600000000000005,True,3.607582730325269,1.8107588252214557,0.4643285266456898,317.0,-0.028847624321046227,0.0,0.0031545741324921135,0.4266666666666667,,,,,,,,,,,,,,,,,,,,,,,,,,,,,,,,,,,,,,,,,,,,,,,,,,,,,,,,,,,,,,,,,,,,,,,
2.25.127126130998341190348103034690069487890,/home/user/workspace/dataset_extracted/Датасет/НД_для_обучения/Исследования/2.25.127126130998341190348103034690069487890/series_002_2_CR/A250428736 DXA/CR DXA/CR000005.dcm,1.2.643.5.1.13.13.12.2.77.8252.03020502031409151006020306090105,5,206,280,right_hip,True,1.0,Нарушение позиционирования/ротации правого бедра; Нарушение корректности области интереса правого бедра,,,,1.0,1.0,,,579,364.77,579,364.77,True,6.311748876259158,,,,,,,,-13.848490052062598,13.848490052062598,11.4,64.05,2.209624537281859,-4.621967213114737,82.8,12.650449497620281,44.1,9.6,216.3,168.0,206.0,0.5178571428571429,0.22182732316227463,1.0,0.3142857142857143,0.1,0.5467362185730376,0.2244892960606017,0.9281598954380242,-6.321290322580626,2.4475938656795164,-7.187054468535131,3.111052353252222,-7.686377578001037,4.058646218931756,-8.55214172395556,5.922104706504461,-9.417905869910067,7.185563194077184,-9.683670015864589,7.84902168164989,-10.549434161819113,6.712480169222613,-10.448757271285,6.460074034902147,-9.514521417239523,5.323532522474852,-9.180285563194047,8.386991010047575,-8.24604970914857,12.650449497620281,-8.24604970914857,12.650449497620281,-8.24604970914857,12.650449497620281,-8.24604970914857,12.650449497620281,-8.24604970914857,12.650449497620281,-8.24604970914857,12.650449497620281,-8.24604970914857,12.650449497620281,-8.24604970914857,12.650449497620281,-8.24604970914857,12.650449497620281,-8.24604970914857,12.650449497620281,right,1.1615128272768795,13.848490052062598,0.4928571428571428,1.0,1.0,,,1.0,1.0
2.25.12798473087614376830819854616447908612,/home/user/workspace/dataset_extracted/Датасет/НД_для_обучения/Исследования/2.25.12798473087614376830819854616447908612/series_002_2_CR/A2507538847 DXA/CR DXA/CR000000.dcm,1.2.643.5.1.13.13.12.2.77.8252.07111115111305011108141412010801,1,318,300,spine,True,0.0,,0.0,0.0,0.0,,,,,202,127.26,202,127.26,True,3.91346045985884,1.779656519941667,1.8159807660789675,318.0,-0.012761679069831852,0.0,0.0031446540880503146,0.37666666666666665,,,,,,,,,,,,,,,,,,,,,,,,,,,,,,,,,,,,,,,,,,,,,,,,,,,,,,,,,,,,,,,,,,,,,,,
2.25.12798473087614376830819854616447908612,/home/user/workspace/dataset_extracted/Датасет/НД_для_обучения/Исследования/2.25.12798473087614376830819854616447908612/series_002_2_CR/A2507538847 DXA/CR DXA/CR000001.dcm,1.2.643.5.1.13.13.12.2.77.8252.02011409120209130807021302101100,3,401,248,left_hip,False,,,,,,,,,,0,0.0,0,0.0,False,0.0,,,,,,,,-3.3216179083247037,3.3216179083247037,27.599999999999998,240.45000000000002,0.0,-1.8391154457246244,55.199999999999996,13.365548749412932,61.95,28.799999999999997,421.05,148.79999999999998,373.0,0.4576612903225806,0.21372978843214543,0.9301745635910225,0.09274193548387097,0.1774193548387097,0.5802586906732486,0.13520080477662275,0.9820821220346047,-4.071411869335384,2.006983302189394,-3.8536268523977526,2.937247409391148,-3.6902880896945245,2.7349454897924543,-4.072503072756885,3.665209596994191,-4.454718055819254,4.5954737041959275,-4.236933038881614,4.325737811397681,-4.019148021943982,4.656001918599418,-3.8558092592407545,4.453699999000724,-3.638024242303123,4.783964106202478,-2.8202392253654835,5.114228213404215,-2.002454208427852,5.444492320605951,-2.3846691914902123,6.3747564278077045,-2.166884174552581,8.505020535009441,-2.6035454118493533,10.702718615410747,-2.3857603949117134,12.832982722612485,-2.8768678864428976,13.298114776213362,-2.8768678864428976,13.298114776213362,-2.8768678864428976,13.298114776213362,-2.8768678864428976,13.298114776213362,-2.8768678864428976,13.298114776213362,left,-1.0488549141052705,3.3216179083247037,0.3709677419354839,,,,,,
2.25.12798473087614376830819854616447908612,/home/user/workspace/dataset_extracted/Датасет/НД_для_обучения/Исследования/2.25.12798473087614376830819854616447908612/series_002_2_CR/A2507538847 DXA/CR DXA/CR000002.dcm,1.2.643.5.1.13.13.12.2.77.8252.07050602130910101513020700010509,4,405,248,right_hip,False,,,,,,,,,,0,0.0,0,0.0,False,0.0,,,,,,,,0.6893504981864698,0.6893504981864698,27.0,205.8,5.797425877965402,-0.929754480472397,51.0,13.42800994509478,100.80000000000001,24.599999999999998,425.25,148.79999999999998,400.0,0.45161290322580644,0.21584030266825965,0.9876543209876543,0.21370967741935484,0.1774193548387097,0.5600933482073704,0.13647248890149782,0.9830321360263495,-1.3867086358166858,2.9656707759245817,-1.4502845667747806,3.603163783279808,-1.4979665149933452,3.6312835387962195,-0.96154244595144,3.6687765461514457,-1.025118376909535,3.7062695535066723,-1.088694307867621,4.343762560861898,-1.1522702388257158,5.5812555682171245,-1.1999521870442804,6.209375323733553,-3.0635281180023752,7.44686833108878,-3.72710404896047,8.084361338444007,-3.790679979918556,8.721854345799231,-4.454255910876651,8.759347353154459,-4.517831841834737,8.196840360509684,-4.56551379005331,1.0249601160260966,-4.629089721011405,1.0624531233813228,-4.692665651969492,1.6999461307365493,-4.756241582927586,2.3374391380917756,-4.819817513885672,3.574932145447002,-4.867499462104246,4.2030519009634215,-4.931075393062332,4.840544908318648,right,0.41991548881500096,0.6893504981864698,0.342741935483871,,,,,,
2.25.128197189461989832465575162384360009377,/home/user/workspace/dataset_extracted/Датасет/НД_для_обучения/Исследования/2.25.128197189461989832465575162384360009377/series_001_2_CR/A2507216909 DXA/CR DXA/CR000000.dcm,1.2.643.5.1.13.13.12.2.77.8252.02030508140000071310150302011113,1,317,300,spine,True,0.0,,0.0,0.0,0.0,,,,,23,14.49,23,14.49,True,3.5895123121999375,1.6506382919863254,1.9781903040694253,317.0,0.010469970546804935,0.0,0.0031545741324921135,0.5066666666666667,,,,,,,,,,,,,,,,,,,,,,,,,,,,,,,,,,,,,,,,,,,,,,,,,,,,,,,,,,,,,,,,,,,,,,,
2.25.128630285053087246379265602913470285158,/home/user/workspace/dataset_extracted/Датасет/НД_для_обучения/Исследования/2.25.128630285053087246379265602913470285158/series_003_2_CR/A2504394821 DXA/CR DXA/CR000000.dcm,1.2.643.5.1.13.13.12.2.77.8252.09070705131210061514041509120513,1,313,300,spine,True,0.0,,0.0,0.0,0.0,,,,,498,313.74,498,313.74,True,4.580238745383816,2.7034689929220965,0.936133040827368,313.0,0.006686111473887403,0.0,0.003194888178913738,0.5233333333333333,,,,,,,,,,,,,,,,,,,,,,,,,,,,,,,,,,,,,,,,,,,,,,,,,,,,,,,,,,,,,,,,,,,,,,,
2.25.128990540359421489042453547244535073735,/home/user/workspace/dataset_extracted/Датасет/НД_для_обучения/Исследования/2.25.128990540359421489042453547244535073735/series_002_2_CR/A2507388698 DXA/CR DXA/CR000000.dcm,1.2.643.5.1.13.13.12.2.77.8252.09150805131402040209060509150410,10,266,280,left_hip,True,1.0,Нарушение позиционирования/ротации левого бедра,,,,,,1.0,0.0,0,0.0,0,0.0,False,0.0,,,,,,,,2.681922594961017,2.681922594961017,30.0,101.85000000000001,7.9320934146854585,3.750725857353248,66.6,10.95495476541132,61.95,3.5999999999999996,279.3,168.0,156.0,0.5339285714285714,0.2414205155746509,0.5864661654135338,0.3,0.17142857142857143,0.5873433594752001,0.18578623488292667,0.9630571142651668,0.7543867031348668,2.424237323795495,1.574668630338732,3.0379970544919104,1.8898800757416439,3.6483168525142045,2.110162002945509,3.662076583210603,2.9304439301493828,4.275836313907001,3.750725857353248,5.489596044603417,-14.028992215442878,6.103355775299815,-14.313780770039974,7.313675573322109,-15.293498842836101,7.927435304018524,-16.273216915632236,9.741195034714922,-17.25293498842836,10.95495476541132,-17.632653061224495,-11.23128550389228,-18.012371134020622,-11.217525773195865,-17.69715968861772,-11.20720597517357,-18.076877761413844,-16.59344624447717,-18.266736797811912,-18.986566379128963,-18.266736797811912,-18.986566379128963,-18.266736797811912,-18.986566379128963,-18.266736797811912,-18.986566379128963,-18.266736797811912,-18.986566379128963,left,-0.7813801578082633,2.681922594961017,0.3964285714285714,,,1.0,0.0,1.0,0.0
2.25.128990540359421489042453547244535073735,/home/user/workspace/dataset_extracted/Датасет/НД_для_обучения/Исследования/2.25.128990540359421489042453547244535073735/series_002_2_CR/A2507388698 DXA/CR DXA/CR000001.dcm,1.2.643.5.1.13.13.12.2.77.8252.11000605051111050207041006140905,8,320,300,spine,True,1.0,Нарушение укладки поясничного отдела позвоночника,1.0,0.0,0.0,,,,,21,13.23,21,13.23,True,3.3361753055464276,1.5712226953969608,0.9626306966885849,320.0,0.03044242947610826,0.0,0.003125,0.3466666666666667,,,,,,,,,,,,,,,,,,,,,,,,,,,,,,,,,,,,,,,,,,,,,,,,,,,,,,,,,,,,,,,,,,,,,,,
2.25.128990540359421489042453547244535073735,/home/user/workspace/dataset_extracted/Датасет/НД_для_обучения/Исследования/2.25.128990540359421489042453547244535073735/series_002_2_CR/A2507388698 DXA/CR DXA/CR000002.dcm,1.2.643.5.1.13.13.12.2.77.8252.09060004140611120111091509030603,3,266,280,left_hip,True,1.0,Нарушение позиционирования/ротации левого бедра,,,,,,1.0,0.0,0,0.0,0,0.0,False,0.0,,,,,,,,2.681922594961017,2.681922594961017,30.0,101.85000000000001,7.9320934146854585,3.750725857353248,66.6,10.95495476541132,61.95,3.5999999999999996,279.3,168.0,156.0,0.5339285714285714,0.2414205155746509,0.5864661654135338,0.3,0.17142857142857143,0.5873433594752001,0.18578623488292667,0.9630571142651668,0.7543867031348668,2.424237323795495,1.574668630338732,3.0379970544919104,1.8898800757416439,3.6483168525142045,2.110162002945509,3.662076583210603,2.9304439301493828,4.275836313907001,3.750725857353248,5.489596044603417,-14.028992215442878,6.103355775299815,-14.313780770039974,7.313675573322109,-15.293498842836101,7.927435304018524,-16.273216915632236,9.741195034714922,-17.25293498842836,10.95495476541132,-17.632653061224495,-11.23128550389228,-18.012371134020622,-11.217525773195865,-17.69715968861772,-11.20720597517357,-18.076877761413844,-16.59344624447717,-18.266736797811912,-18.986566379128963,-18.266736797811912,-18.986566379128963,-18.266736797811912,-18.986566379128963,-18.266736797811912,-18.986566379128963,-18.266736797811912,-18.986566379128963,left,-0.7813801578082633,2.681922594961017,0.3964285714285714,,,1.0,0.0,1.0,0.0
2.25.128990540359421489042453547244535073735,/home/user/workspace/dataset_extracted/Датасет/НД_для_обучения/Исследования/2.25.128990540359421489042453547244535073735/series_002_2_CR/A2507388698 DXA/CR DXA/CR000003.dcm,1.2.643.5.1.13.13.12.2.77.8252.02111507100612121000021204080801,9,268,280,right_hip,True,1.0,Нарушение позиционирования/ротации правого бедра,,,,1.0,0.0,,,0,0.0,0,0.0,False,0.0,,,,,,,,4.326978937807832,4.326978937807832,31.2,103.95,14.877254174397034,2.270268398268396,75.6,45.686030921459526,177.45000000000002,36.0,281.40000000000003,168.0,268.0,0.6160714285714286,0.2302638592750533,1.0,0.30714285714285716,0.17142857142857143,0.5568217808456802,0.16337651498976688,0.96259140460923,2.0973481756338885,2.6278342609771412,-14.072091527520103,3.2939715522573008,-18.099171304885594,3.9435745207174078,-21.06861100803958,4.60971181199755,-21.63805071119357,5.27584910327771,-22.207490414347564,6.541986394557853,-22.776930117501546,8.408123685837994,-23.20400989486704,9.657726654298118,-30.0,10.923863945578262,-30.0,13.390001236858405,-30.0,38.05613852813856,-30.0,41.722275819418705,-30.0,42.98841311069885,-30.0,44.838016079158955,-30.0,45.50415337043911,-30.0,45.570290661719255,-30.0,45.6364279529994,-30.0,45.10256524427956,-30.0,44.552168212739666,-30.0,44.61830550401981,right,0.9607219347691993,4.326978937807832,0.44999999999999996,1.0,0.0,,,1.0,0.0
2.25.128990540359421489042453547244535073735,/home/user/workspace/dataset_extracted/Датасет/НД_для_обучения/Исследования/2.25.128990540359421489042453547244535073735/series_002_2_CR/A2507388698 DXA/CR DXA/CR000004.dcm,1.2.643.5.1.13.13.12.2.77.8252.04071014120313000711051010091409,1,320,300,spine,True,1.0,Нарушение укладки поясничного отдела позвоночника,1.0,0.0,0.0,,,,,21,13.23,21,13.23,True,3.3361753055464276,1.5712226953969608,0.9626306966885849,320.0,0.03044242947610826,0.0,0.003125,0.3466666666666667,,,,,,,,,,,,,,,,,,,,,,,,,,,,,,,,,,,,,,,,,,,,,,,,,,,,,,,,,,,,,,,,,,,,,,,
2.25.128990540359421489042453547244535073735,/home/user/workspace/dataset_extracted/Датасет/НД_для_обучения/Исследования/2.25.128990540359421489042453547244535073735/series_002_2_CR/A2507388698 DXA/CR DXA/CR000005.dcm,1.2.643.5.1.13.13.12.2.77.8252.12120911020011140507050515090906,5,268,280,right_hip,True,1.0,Нарушение позиционирования/ротации правого бедра,,,,1.0,0.0,,,0,0.0,0,0.0,False,0.0,,,,,,,,4.326978937807832,4.326978937807832,31.2,103.95,14.877254174397034,2.270268398268396,75.6,45.686030921459526,177.45000000000002,36.0,281.40000000000003,168.0,268.0,0.6160714285714286,0.2302638592750533,1.0,0.30714285714285716,0.17142857142857143,0.5568217808456802,0.16337651498976688,0.96259140460923,2.0973481756338885,2.6278342609771412,-14.072091527520103,3.2939715522573008,-18.099171304885594,3.9435745207174078,-21.06861100803958,4.60971181199755,-21.63805071119357,5.27584910327771,-22.207490414347564,6.541986394557853,-22.776930117501546,8.408123685837994,-23.20400989486704,9.657726654298118,-30.0,10.923863945578262,-30.0,13.390001236858405,-30.0,38.05613852813856,-30.0,41.722275819418705,-30.0,42.98841311069885,-30.0,44.838016079158955,-30.0,45.50415337043911,-30.0,45.570290661719255,-30.0,45.6364279529994,-30.0,45.10256524427956,-30.0,44.552168212739666,-30.0,44.61830550401981,right,0.9607219347691993,4.326978937807832,0.44999999999999996,1.0,0.0,,,1.0,0.0
2.25.129239680100193368599713239115902740628,/home/user/workspace/dataset_extracted/Датасет/НД_для_обучения/Исследования/2.25.129239680100193368599713239115902740628/series_003_3_CR/A250757345 DXA/CR DXA/CR000000.dcm,1.2.643.5.1.13.13.12.2.77.8252.00131503020212110600101502020700,1,320,280,left_hip,True,1.0,Нарушение позиционирования/ротации левого бедра,,,,,,1.0,0.0,0,0.0,0,0.0,False,0.0,,,,,,,,-6.782246757445483,6.782246757445483,27.0,113.4,0.0,3.938189145159907,47.4,-16.1406022845275,84.0,3.5999999999999996,336.0,168.0,188.0,0.35892857142857143,0.21207589285714284,0.5875,0.3,0.15714285714285714,0.4922356329262404,0.10971937216866015,0.9722748986365046,-0.41611077767299204,-16.548953480617705,-0.5615793535111038,-17.093421742071296,-0.8206807853897004,-17.5017729381615,-0.9661493612278207,-17.44624119961511,-0.5116179370659409,-17.9907094610687,-0.6570865129040612,-18.535177722522292,-0.8025550887421815,-19.079645983975897,-1.0616565206207695,-19.487997180066106,-0.6071250964588898,-20.032465441519694,-0.7525936722970101,-19.9769337029733,-0.2980622481351304,-19.92140196442691,-0.44353082397325067,-19.865870225880503,0.011000600188629051,-19.21033848733409,0.351899168310041,-18.418689683424297,0.8064305924719122,-18.963157944877906,1.2609620166338005,-19.507626206331498,2.3154934407956715,-17.652094467785105,3.3700248649575597,-18.196562729238696,3.710923433078963,-18.6049139253289,-4.834545142759157,-19.149382186782507,left,-0.5872381982087346,6.782246757445483,0.28214285714285714,,,1.0,0.0,1.0,0.0
2.25.13069823278093578548407087310307113784,/home/user/workspace/dataset_extracted/Датасет/НД_для_обучения/Исследования/2.25.13069823278093578548407087310307113784/series_003_2_CR/A2507242667 DXA/CR DXA/CR000000.dcm,1.2.643.5.1.13.13.12.2.77.8252.12051101030200021506031210090702,3,206,280,left_hip,True,1.0,Нарушение корректности области интереса левого бедра,,,,,,0.0,1.0,0,0.0,0,0.0,False,0.0,,,,,,,,-9.025336608778057,9.025336608778057,13.2,63.0,0.0,-5.099322033898344,59.4,10.510647402056128,42.0,8.4,216.3,168.0,201.0,0.4017857142857143,0.2384361997226075,0.9757281553398058,0.2642857142857143,0.16428571428571428,0.6155731334530861,0.22236072654852626,0.9628327582248892,-6.9199110864129265,2.965851625451535,-6.747363156432374,4.204162267296487,-6.767952208946957,4.982895248680211,-7.1954042789664125,6.821205890525164,-7.622856348985851,8.059516532370116,-9.250308419005307,7.497827174215069,-9.677760489024745,7.536137816060022,-9.698349541539345,8.914870797443745,-8.925801611558784,8.953181439288699,-8.153253681578223,10.191492081133651,-7.166979716587951,10.510647402056128,-7.166979716587951,10.510647402056128,-7.166979716587951,10.510647402056128,-7.166979716587951,10.510647402056128,-7.166979716587951,10.510647402056128,-7.166979716587951,10.510647402056128,-7.166979716587951,10.510647402056128,-7.166979716587951,10.510647402056128,-7.166979716587951,10.510647402056128,-7.166979716587951,10.510647402056128,left,-0.42097004942697536,9.025336608778057,0.35357142857142854,,,0.0,1.0,0.0,1.0
2.25.13069823278093578548407087310307113784,/home/user/workspace/dataset_extracted/Датасет/НД_для_обучения/Исследования/2.25.13069823278093578548407087310307113784/series_003_2_CR/A2507242667 DXA/CR DXA/CR000001.dcm,1.2.643.5.1.13.13.12.2.77.8252.05100110120015150515030506140402,1,343,300,spine,True,0.0,,0.0,0.0,0.0,,,,,220,138.6,220,138.6,True,3.312878560863845,0.0531836924506002,0.7071368188845186,343.0,0.009918441263169011,0.0,0.0029154518950437317,0.33666666666666667,,,,,,,,,,,,,,,,,,,,,,,,,,,,,,,,,,,,,,,,,,,,,,,,,,,,,,,,,,,,,,,,,,,,,,,
2.25.13069823278093578548407087310307113784,/home/user/workspace/dataset_extracted/Датасет/НД_для_обучения/Исследования/2.25.13069823278093578548407087310307113784/series_003_2_CR/A2507242667 DXA/CR DXA/CR000002.dcm,1.2.643.5.1.13.13.12.2.77.8252.06081211090913150712130913130401,5,180,280,right_hip,True,1.0,Нарушение корректности области интереса правого бедра,,,,0.0,1.0,,,387,243.81,387,243.81,True,4.1308622320251684,,,,,,,,-12.416375640681165,12.416375640681165,15.0,56.7,0.0,-3.0806708595388046,72.6,8.102001143510586,32.550000000000004,10.2,189.0,168.0,180.0,0.4857142857142857,0.23748015873015874,1.0,0.24642857142857144,0.175,0.6565413378168898,0.24038269329549813,0.9437153784768125,-4.451740041928735,3.6245397369925794,-4.472368972746346,4.154534019439688,-4.187840670859555,6.052029731275025,-3.608469601677166,7.182024013722133,-3.6290985324947767,6.512018296169242,-4.249727463312388,6.4420125786163505,-3.670356394129999,6.97200686106346,-3.3858280922432074,7.669502572898796,-3.6909853249476097,8.102001143510586,-3.6909853249476097,8.102001143510586,-3.6909853249476097,8.102001143510586,-3.6909853249476097,8.102001143510586,-3.6909853249476097,8.102001143510586,-3.6909853249476097,8.102001143510586,-3.6909853249476097,8.102001143510586,-3.6909853249476097,8.102001143510586,-3.6909853249476097,8.102001143510586,-3.6909853249476097,8.102001143510586,-3.6909853249476097,8.102001143510586,-3.6909853249476097,8.102001143510586,right,0.7462125738474547,12.416375640681165,0.4321428571428571,0.0,1.0,,,0.0,1.0
2.25.132083163398091874662674590622589534350,/home/user/workspace/dataset_extracted/Датасет/НД_для_обучения/Исследования/2.25.132083163398091874662674590622589534350/series_003_2_CR/A2507386583 DXA Exam/CR DXA Images/CR000000.dcm,1.2.643.5.1.13.13.12.2.77.8252.13151303131009131214000609090104,2,346,280,left_hip,True,0.0,,,,,,,0.0,0.0,0,0.0,0,0.0,False,0.0,,,,,,,,-9.876633892987881,9.876633892987881,33.6,108.15,0.0,-11.658999253174008,45.0,21.982396872117054,73.5,12.0,363.3,168.0,346.0,0.3625,0.2782411230388109,1.0,0.12857142857142856,0.19285714285714287,0.5123258545643347,0.09846627422465562,0.95676238622768,-13.653545226903306,5.2952642446075,-13.27060800421737,6.615696525062629,-13.133405087202917,7.456020735403978,-12.15046786451698,8.77645301585909,-11.767530641831044,9.496885296314218,-13.784593419145098,9.017317576769345,-13.401656196459163,9.137749857224458,-12.664453279444709,9.378074067565807,-13.481516056758773,9.498506348020936,-16.09857883407283,10.218938628476064,-17.51564161138689,10.939370908931176,-18.332704388700954,12.259803189386304,-19.149767166015017,13.580235469841432,-19.612564249000563,15.020559680182782,-19.82962702631462,16.94099196063789,-20.04668980362869,19.46142424109302,-19.063752580942747,20.78185652154815,-18.6808153582568,21.50228880200326,-18.43508105258532,21.982396872117054,-18.43508105258532,21.982396872117054,left,-1.0938761592824409,9.876633892987881,0.26785714285714285,,,0.0,0.0,0.0,0.0
2.25.132083163398091874662674590622589534350,/home/user/workspace/dataset_extracted/Датасет/НД_для_обучения/Исследования/2.25.132083163398091874662674590622589534350/series_003_2_CR/A2507386583 DXA Exam/CR DXA Images/CR000001.dcm,1.2.643.5.1.13.13.12.2.77.8252.15080409060108110106110204020115,1,320,300,spine,True,0.0,,0.0,0.0,0.0,,,,,467,294.21,467,294.21,True,4.690790102078172,3.77738603722455,0.0255893684020303,320.0,-0.07938780209924128,0.0,0.003125,0.41,,,,,,,,,,,,,,,,,,,,,,,,,,,,,,,,,,,,,,,,,,,,,,,,,,,,,,,,,,,,,,,,,,,,,,,
2.25.132083163398091874662674590622589534350,/home/user/workspace/dataset_extracted/Датасет/НД_для_обучения/Исследования/2.25.132083163398091874662674590622589534350/series_003_2_CR/A2507386583 DXA Exam/CR DXA Images/CR000002.dcm,1.2.643.5.1.13.13.12.2.77.8252.06120903051105150112061201080014,3,346,280,right_hip,True,0.0,,,,,0.0,0.0,,,0,0.0,0,0.0,False,0.0,,,,,,,,6.515935893086084,6.515935893086084,34.199999999999996,58.800000000000004,7.210925495557078,9.47294600136705,48.0,37.682522214627475,139.65,5.3999999999999995,363.3,168.0,189.0,0.38392857142857145,0.28913088356729977,0.546242774566474,0.075,0.2,0.4948425481970193,0.09621913851726836,0.9466627867214605,0.28747095010253076,-8.217764866712212,0.3933629528366396,-7.152447026657534,0.472781954887219,-6.353458646616522,0.5786739576213279,-5.888140806561836,0.6845659603554367,-4.822822966507158,0.7904579630895455,-3.75750512645248,0.8963499658236543,-3.8921872863977938,0.9757689678742337,-3.693198906356781,1.0816609706083427,-2.6278810663021033,1.1875529733424515,-1.5625632262474254,1.2934449760765603,-0.4972453861927391,1.399336978810669,2.3680724538619384,2.1052289815447693,5.233390293916625,2.184647983595357,7.232378673957629,2.2905399863294575,10.097696514012314,2.9964319890635664,12.963014354066994,3.702323991797675,16.42833219412168,5.6082159945317835,18.693650034176358,8.087634996582363,20.69263841421737,9.393526999316473,23.557956254272046,right,1.1684067387923451,6.515935893086084,0.2857142857142857,0.0,0.0,,,0.0,0.0
2.25.132272637351979990811754009849547633391,/home/user/workspace/dataset_extracted/Датасет/НД_для_обучения/Исследования/2.25.132272637351979990811754009849547633391/series_003_3_CR/A2504141080 DXA/CR DXA/CR000000.dcm,1.2.643.5.1.13.13.12.2.77.8252.05020106091400040809110708040301,3,261,280,left_hip,True,0.0,,,,,,,0.0,0.0,0,0.0,0,0.0,False,0.0,,,,,,,,-14.140795901404564,14.140795901404564,16.2,91.35000000000001,0.0,8.24340599256398,48.0,12.854137202012089,34.65,12.0,274.05,168.0,256.0,0.3678571428571429,0.21253420908593323,0.9808429118773946,0.28214285714285714,0.16428571428571428,0.5018746209248258,0.10492326137695189,0.9474053555692755,3.2118174527958216,1.3729532696653564,4.759998541955258,2.6048407086097254,5.921134358824827,3.3787562878179984,7.469315447984263,4.610643726762384,3.6174965371436993,5.842531165706771,0.965677626303136,7.07441860465114,-1.6861412845374275,9.50630604359551,-2.3250054676678586,11.480221622803798,-2.363869650798273,12.854137202012089,-2.363869650798273,12.854137202012089,-2.363869650798273,12.854137202012089,-2.363869650798273,12.854137202012089,-2.363869650798273,12.854137202012089,-2.363869650798273,12.854137202012089,-2.363869650798273,12.854137202012089,-2.363869650798273,12.854137202012089,-2.363869650798273,12.854137202012089,-2.363869650798273,12.854137202012089,-2.363869650798273,12.854137202012089,-2.363869650798273,12.854137202012089,left,-0.8468986640075085,14.140795901404564,0.2857142857142857,,,0.0,0.0,0.0,0.0
2.25.132272637351979990811754009849547633391,/home/user/workspace/dataset_extracted/Датасет/НД_для_обучения/Исследования/2.25.132272637351979990811754009849547633391/series_003_3_CR/A2504141080 DXA/CR DXA/CR000001.dcm,1.2.643.5.1.13.13.12.2.77.8252.15140601101305061400021505010802,5,261,280,right_hip,True,0.0,,,,,0.0,0.0,,,0,0.0,0,0.0,False,0.0,,,,,,,,-13.813503674582204,13.813503674582204,14.399999999999999,81.9,0.0,11.327163975265227,70.2,31.121268604812933,57.75,9.6,274.05,168.0,261.0,0.4982142857142857,0.19090038314176244,1.0,0.30714285714285716,0.16428571428571428,0.5083538790558615,0.13304637078624082,0.9604218708610471,3.1699591547692876,1.5795976175723125,4.222878387435344,1.167179655787271,4.862567811934895,1.457866184448477,6.515487044600968,1.6454482226634355,8.168406277267025,2.4330302608783767,9.221325509933097,3.220612299093335,10.274244742599171,4.6081943373082765,10.913934167098704,4.8988808659695,6.566853399764779,6.28646290418444,5.819772632430852,7.674044942399399,6.272691865096908,10.26162698061434,6.725611097762965,12.2492090188293,7.778530330429055,29.23679105704424,9.01821975492859,30.127477585705446,9.844679371261634,31.121268604812933,9.844679371261634,31.121268604812933,9.844679371261634,31.121268604812933,9.844679371261634,31.121268604812933,9.844679371261634,31.121268604812933,9.844679371261634,31.121268604812933,right,1.0370605695117658,13.813503674582204,0.41785714285714287,0.0,0.0,,,0.0,0.0
2.25.132272637351979990811754009849547633391,/home/user/workspace/dataset_extracted/Датасет/НД_для_обучения/Исследования/2.25.132272637351979990811754009849547633391/series_003_3_CR/A2504141080 DXA/CR DXA/CR000002.dcm,1.2.643.5.1.13.13.12.2.77.8252.07151108041411120004040810151209,1,289,300,spine,True,0.0,,0.0,0.0,0.0,,,,,390,245.7,390,245.7,True,4.437088971289471,3.8530953962448136,1.1144605099080183,289.0,-0.03255762455963766,0.0,0.0034602076124567475,0.3933333333333333,,,,,,,,,,,,,,,,,,,,,,,,,,,,,,,,,,,,,,,,,,,,,,,,,,,,,,,,,,,,,,,,,,,,,,,
2.25.13325817932854000792938662637654885530,/home/user/workspace/dataset_extracted/Датасет/НД_для_обучения/Исследования/2.25.13325817932854000792938662637654885530/series_002_2_CR/A2507365486 DXA/CR DXA/CR000000.dcm,1.2.643.5.1.13.13.12.2.77.8252.02090003020511130407030106110206,13,317,300,spine,True,0.0,,0.0,0.0,0.0,,,,,1091,687.33,1091,687.33,True,4.0230855701921024,0.6442590622906721,6.686269081750701,317.0,-0.033370042413870066,0.0,0.0031545741324921135,0.56,,,,,,,,,,,,,,,,,,,,,,,,,,,,,,,,,,,,,,,,,,,,,,,,,,,,,,,,,,,,,,,,,,,,,,,
2.25.13325817932854000792938662637654885530,/home/user/workspace/dataset_extracted/Датасет/НД_для_обучения/Исследования/2.25.13325817932854000792938662637654885530/series_002_2_CR/A2507365486 DXA/CR DXA/CR000001.dcm,1.2.643.5.1.13.13.12.2.77.8252.04080409110008071309041404000111,9,235,280,right_hip,True,0.0,,,,,0.0,0.0,,,0,0.0,0,0.0,False,0.0,,,,,,,,-14.396726003198436,14.396726003198436,28.2,73.5,0.0,23.647946811302585,33.0,10.916073834310208,61.95,12.6,246.75,168.0,235.0,0.28035714285714286,0.2302127659574468,1.0,0.21071428571428572,0.16428571428571428,0.5588196085140277,0.10870065221339734,0.9412065541675735,0.8934441431195665,3.9681882599947613,2.5865663546496136,4.105068672907021,3.8564080132971554,3.7577289825912086,4.949530224827202,3.2946093955034597,6.642652436357258,2.831489808415719,8.335774647887305,2.3683702213279787,10.028896859417353,2.5052506342402294,11.898738518064894,2.7579109439244176,14.191860729594941,2.894791356836677,17.084982941124995,3.6316717697489365,21.178105152655043,4.968552182661187,9.0712273641851,6.305432595573438,8.364349575715147,7.642313008485697,8.434191234362697,9.094973318169886,7.727313445892736,10.431853731082144,7.973874551657763,10.800293937538271,7.973874551657763,10.800293937538271,7.973874551657763,10.800293937538271,7.973874551657763,10.800293937538271,7.973874551657763,10.800293937538271,left,-0.13547228985969528,14.396726003198436,0.19642857142857142,,,0.0,1.0,0.0,1.0
2.25.13325817932854000792938662637654885530,/home/user/workspace/dataset_extracted/Датасет/НД_для_обучения/Исследования/2.25.13325817932854000792938662637654885530/series_002_2_CR/A2507365486 DXA/CR DXA/CR000002.dcm,1.2.643.5.1.13.13.12.2.77.8252.11150104101400000200001411070008,6,235,280,right_hip,True,0.0,,,,,0.0,0.0,,,0,0.0,0,0.0,False,0.0,,,,,,,,-14.396726003198436,14.396726003198436,28.2,73.5,0.0,23.647946811302585,33.0,10.916073834310208,61.95,12.6,246.75,168.0,235.0,0.28035714285714286,0.2302127659574468,1.0,0.21071428571428572,0.16428571428571428,0.5588196085140277,0.10870065221339734,0.9412065541675735,0.8934441431195665,3.9681882599947613,2.5865663546496136,4.105068672907021,3.8564080132971554,3.7577289825912086,4.949530224827202,3.2946093955034597,6.642652436357258,2.831489808415719,8.335774647887305,2.3683702213279787,10.028896859417353,2.5052506342402294,11.898738518064894,2.7579109439244176,14.191860729594941,2.894791356836677,17.084982941124995,3.6316717697489365,21.178105152655043,4.968552182661187,9.0712273641851,6.305432595573438,8.364349575715147,7.642313008485697,8.434191234362697,9.094973318169886,7.727313445892736,10.431853731082144,7.973874551657763,10.800293937538271,7.973874551657763,10.800293937538271,7.973874551657763,10.800293937538271,7.973874551657763,10.800293937538271,7.973874551657763,10.800293937538271,left,-0.13547228985969528,14.396726003198436,0.19642857142857142,,,0.0,1.0,0.0,1.0
2.25.13325817932854000792938662637654885530,/home/user/workspace/dataset_extracted/Датасет/НД_для_обучения/Исследования/2.25.13325817932854000792938662637654885530/series_002_2_CR/A2507365486 DXA/CR DXA/CR000003.dcm,1.2.643.5.1.13.13.12.2.77.8252.00090714091003060206031503010409,15,235,280,right_hip,True,0.0,,,,,0.0,0.0,,,0,0.0,0,0.0,False,0.0,,,,,,,,-14.396726003198436,14.396726003198436,28.2,73.5,0.0,23.647946811302585,33.0,10.916073834310208,61.95,12.6,246.75,168.0,235.0,0.28035714285714286,0.2302127659574468,1.0,0.21071428571428572,0.16428571428571428,0.5588196085140277,0.10870065221339734,0.9412065541675735,0.8934441431195665,3.9681882599947613,2.5865663546496136,4.105068672907021,3.8564080132971554,3.7577289825912086,4.949530224827202,3.2946093955034597,6.642652436357258,2.831489808415719,8.335774647887305,2.3683702213279787,10.028896859417353,2.5052506342402294,11.898738518064894,2.7579109439244176,14.191860729594941,2.894791356836677,17.084982941124995,3.6316717697489365,21.178105152655043,4.968552182661187,9.0712273641851,6.305432595573438,8.364349575715147,7.642313008485697,8.434191234362697,9.094973318169886,7.727313445892736,10.431853731082144,7.973874551657763,10.800293937538271,7.973874551657763,10.800293937538271,7.973874551657763,10.800293937538271,7.973874551657763,10.800293937538271,7.973874551657763,10.800293937538271,left,-0.13547228985969528,14.396726003198436,0.19642857142857142,,,0.0,1.0,0.0,1.0
2.25.13325817932854000792938662637654885530,/home/user/workspace/dataset_extracted/Датасет/НД_для_обучения/Исследования/2.25.13325817932854000792938662637654885530/series_002_2_CR/A2507365486 DXA/CR DXA/CR000004.dcm,1.2.643.5.1.13.13.12.2.77.8252.13150808100913111314080101030008,3,235,280,right_hip,True,0.0,,,,,0.0,0.0,,,0,0.0,0,0.0,False,0.0,,,,,,,,-14.396726003198436,14.396726003198436,28.2,73.5,0.0,23.647946811302585,33.0,10.916073834310208,61.95,12.6,246.75,168.0,235.0,0.28035714285714286,0.2302127659574468,1.0,0.21071428571428572,0.16428571428571428,0.5588196085140277,0.10870065221339734,0.9412065541675735,0.8934441431195665,3.9681882599947613,2.5865663546496136,4.105068672907021,3.8564080132971554,3.7577289825912086,4.949530224827202,3.2946093955034597,6.642652436357258,2.831489808415719,8.335774647887305,2.3683702213279787,10.028896859417353,2.5052506342402294,11.898738518064894,2.7579109439244176,14.191860729594941,2.894791356836677,17.084982941124995,3.6316717697489365,21.178105152655043,4.968552182661187,9.0712273641851,6.305432595573438,8.364349575715147,7.642313008485697,8.434191234362697,9.094973318169886,7.727313445892736,10.431853731082144,7.973874551657763,10.800293937538271,7.973874551657763,10.800293937538271,7.973874551657763,10.800293937538271,7.973874551657763,10.800293937538271,7.973874551657763,10.800293937538271,left,-0.13547228985969528,14.396726003198436,0.19642857142857142,,,0.0,1.0,0.0,1.0
2.25.13325817932854000792938662637654885530,/home/user/workspace/dataset_extracted/Датасет/НД_для_обучения/Исследования/2.25.13325817932854000792938662637654885530/series_002_2_CR/A2507365486 DXA/CR DXA/CR000005.dcm,1.2.643.5.1.13.13.12.2.77.8252.11020707081006150000011408140609,14,233,280,right_hip,True,0.0,,,,,0.0,0.0,,,0,0.0,0,0.0,False,0.0,,,,,,,,-15.564893403978473,15.564893403978473,25.5,84.0,0.0,21.95067510548523,42.0,5.117025316455681,43.050000000000004,13.2,244.65,168.0,233.0,0.3339285714285714,0.24520232985898222,1.0,0.22857142857142856,0.17142857142857143,0.5727075841606405,0.11600995348274944,0.9347423217700145,3.7616455696202618,-1.3659071729957986,5.359957805907174,-1.5073699015471334,6.55869198312237,-1.463466947960626,8.757004219409291,-1.0049296765119606,14.555316455696202,0.05360759493670457,16.753628691983124,0.5121448663853698,20.151940928270044,1.570682137834035,21.95067510548523,2.8145850914205255,1.9489873417721526,4.473122362869191,1.7472995780590737,4.931659634317856,2.34603375527426,4.375562587904346,2.34603375527426,4.375562587904346,2.34603375527426,4.375562587904346,2.34603375527426,4.375562587904346,2.34603375527426,4.375562587904346,2.34603375527426,4.375562587904346,2.34603375527426,4.375562587904346,2.34603375527426,4.375562587904346,2.34603375527426,4.375562587904346,2.34603375527426,4.375562587904346,right,0.33760411244692373,15.564893403978473,0.25,0.0,0.0,,,0.0,0.0
2.25.13325817932854000792938662637654885530,/home/user/workspace/dataset_extracted/Датасет/НД_для_обучения/Исследования/2.25.13325817932854000792938662637654885530/series_002_2_CR/A2507365486 DXA/CR DXA/CR000006.dcm,1.2.643.5.1.13.13.12.2.77.8252.10001304041304060303041004101403,10,233,280,right_hip,True,0.0,,,,,0.0,0.0,,,0,0.0,0,0.0,False,0.0,,,,,,,,-15.564893403978473,15.564893403978473,25.5,84.0,0.0,21.95067510548523,42.0,5.117025316455681,43.050000000000004,13.2,244.65,168.0,233.0,0.3339285714285714,0.24520232985898222,1.0,0.22857142857142856,0.17142857142857143,0.5727075841606405,0.11600995348274944,0.9347423217700145,3.7616455696202618,-1.3659071729957986,5.359957805907174,-1.5073699015471334,6.55869198312237,-1.463466947960626,8.757004219409291,-1.0049296765119606,14.555316455696202,0.05360759493670457,16.753628691983124,0.5121448663853698,20.151940928270044,1.570682137834035,21.95067510548523,2.8145850914205255,1.9489873417721526,4.473122362869191,1.7472995780590737,4.931659634317856,2.34603375527426,4.375562587904346,2.34603375527426,4.375562587904346,2.34603375527426,4.375562587904346,2.34603375527426,4.375562587904346,2.34603375527426,4.375562587904346,2.34603375527426,4.375562587904346,2.34603375527426,4.375562587904346,2.34603375527426,4.375562587904346,2.34603375527426,4.375562587904346,2.34603375527426,4.375562587904346,right,0.33760411244692373,15.564893403978473,0.25,0.0,0.0,,,0.0,0.0
2.25.13325817932854000792938662637654885530,/home/user/workspace/dataset_extracted/Датасет/НД_для_обучения/Исследования/2.25.13325817932854000792938662637654885530/series_002_2_CR/A2507365486 DXA/CR DXA/CR000007.dcm,1.2.643.5.1.13.13.12.2.77.8252.12151114030903000211100702060009,8,235,280,right_hip,True,0.0,,,,,0.0,0.0,,,0,0.0,0,0.0,False,0.0,,,,,,,,-14.396726003198436,14.396726003198436,28.2,73.5,0.0,23.647946811302585,33.0,10.916073834310208,61.95,12.6,246.75,168.0,235.0,0.28035714285714286,0.2302127659574468,1.0,0.21071428571428572,0.16428571428571428,0.5588196085140277,0.10870065221339734,0.9412065541675735,0.8934441431195665,3.9681882599947613,2.5865663546496136,4.105068672907021,3.8564080132971554,3.7577289825912086,4.949530224827202,3.2946093955034597,6.642652436357258,2.831489808415719,8.335774647887305,2.3683702213279787,10.028896859417353,2.5052506342402294,11.898738518064894,2.7579109439244176,14.191860729594941,2.894791356836677,17.084982941124995,3.6316717697489365,21.178105152655043,4.968552182661187,9.0712273641851,6.305432595573438,8.364349575715147,7.642313008485697,8.434191234362697,9.094973318169886,7.727313445892736,10.431853731082144,7.973874551657763,10.800293937538271,7.973874551657763,10.800293937538271,7.973874551657763,10.800293937538271,7.973874551657763,10.800293937538271,7.973874551657763,10.800293937538271,left,-0.13547228985969528,14.396726003198436,0.19642857142857142,,,0.0,1.0,0.0,1.0
2.25.13325817932854000792938662637654885530,/home/user/workspace/dataset_extracted/Датасет/НД_для_обучения/Исследования/2.25.13325817932854000792938662637654885530/series_002_2_CR/A2507365486 DXA/CR DXA/CR000008.dcm,1.2.643.5.1.13.13.12.2.77.8252.02031303080313100507120501150506,7,233,280,right_hip,True,0.0,,,,,0.0,0.0,,,0,0.0,0,0.0,False,0.0,,,,,,,,-15.564893403978473,15.564893403978473,25.5,84.0,0.0,21.95067510548523,42.0,5.117025316455681,43.050000000000004,13.2,244.65,168.0,233.0,0.3339285714285714,0.24520232985898222,1.0,0.22857142857142856,0.17142857142857143,0.5727075841606405,0.11600995348274944,0.9347423217700145,3.7616455696202618,-1.3659071729957986,5.359957805907174,-1.5073699015471334,6.55869198312237,-1.463466947960626,8.757004219409291,-1.0049296765119606,14.555316455696202,0.05360759493670457,16.753628691983124,0.5121448663853698,20.151940928270044,1.570682137834035,21.95067510548523,2.8145850914205255,1.9489873417721526,4.473122362869191,1.7472995780590737,4.931659634317856,2.34603375527426,4.375562587904346,2.34603375527426,4.375562587904346,2.34603375527426,4.375562587904346,2.34603375527426,4.375562587904346,2.34603375527426,4.375562587904346,2.34603375527426,4.375562587904346,2.34603375527426,4.375562587904346,2.34603375527426,4.375562587904346,2.34603375527426,4.375562587904346,2.34603375527426,4.375562587904346,right,0.33760411244692373,15.564893403978473,0.25,0.0,0.0,,,0.0,0.0
2.25.13325817932854000792938662637654885530,/home/user/workspace/dataset_extracted/Датасет/НД_для_обучения/Исследования/2.25.13325817932854000792938662637654885530/series_002_2_CR/A2507365486 DXA/CR DXA/CR000009.dcm,1.2.643.5.1.13.13.12.2.77.8252.06150706081207041203070111090707,5,233,280,right_hip,True,0.0,,,,,0.0,0.0,,,0,0.0,0,0.0,False,0.0,,,,,,,,-15.564893403978473,15.564893403978473,25.5,84.0,0.0,21.95067510548523,42.0,5.117025316455681,43.050000000000004,13.2,244.65,168.0,233.0,0.3339285714285714,0.24520232985898222,1.0,0.22857142857142856,0.17142857142857143,0.5727075841606405,0.11600995348274944,0.9347423217700145,3.7616455696202618,-1.3659071729957986,5.359957805907174,-1.5073699015471334,6.55869198312237,-1.463466947960626,8.757004219409291,-1.0049296765119606,14.555316455696202,0.05360759493670457,16.753628691983124,0.5121448663853698,20.151940928270044,1.570682137834035,21.95067510548523,2.8145850914205255,1.9489873417721526,4.473122362869191,1.7472995780590737,4.931659634317856,2.34603375527426,4.375562587904346,2.34603375527426,4.375562587904346,2.34603375527426,4.375562587904346,2.34603375527426,4.375562587904346,2.34603375527426,4.375562587904346,2.34603375527426,4.375562587904346,2.34603375527426,4.375562587904346,2.34603375527426,4.375562587904346,2.34603375527426,4.375562587904346,2.34603375527426,4.375562587904346,right,0.33760411244692373,15.564893403978473,0.25,0.0,0.0,,,0.0,0.0
2.25.13325817932854000792938662637654885530,/home/user/workspace/dataset_extracted/Датасет/НД_для_обучения/Исследования/2.25.13325817932854000792938662637654885530/series_002_2_CR/A2507365486 DXA/CR DXA/CR000010.dcm,1.2.643.5.1.13.13.12.2.77.8252.06150108111302000413130014070915,4,317,300,spine,True,0.0,,0.0,0.0,0.0,,,,,1091,687.33,1091,687.33,True,4.0230855701921024,0.6442590622906721,6.686269081750701,317.0,-0.033370042413870066,0.0,0.0031545741324921135,0.56,,,,,,,,,,,,,,,,,,,,,,,,,,,,,,,,,,,,,,,,,,,,,,,,,,,,,,,,,,,,,,,,,,,,,,,
2.25.13325817932854000792938662637654885530,/home/user/workspace/dataset_extracted/Датасет/НД_для_обучения/Исследования/2.25.13325817932854000792938662637654885530/series_002_2_CR/A2507365486 DXA/CR DXA/CR000011.dcm,1.2.643.5.1.13.13.12.2.77.8252.07031408150101110505001201030207,2,233,280,right_hip,True,0.0,,,,,0.0,0.0,,,0,0.0,0,0.0,False,0.0,,,,,,,,-15.564893403978473,15.564893403978473,25.5,84.0,0.0,21.95067510548523,42.0,5.117025316455681,43.050000000000004,13.2,244.65,168.0,233.0,0.3339285714285714,0.24520232985898222,1.0,0.22857142857142856,0.17142857142857143,0.5727075841606405,0.11600995348274944,0.9347423217700145,3.7616455696202618,-1.3659071729957986,5.359957805907174,-1.5073699015471334,6.55869198312237,-1.463466947960626,8.757004219409291,-1.0049296765119606,14.555316455696202,0.05360759493670457,16.753628691983124,0.5121448663853698,20.151940928270044,1.570682137834035,21.95067510548523,2.8145850914205255,1.9489873417721526,4.473122362869191,1.7472995780590737,4.931659634317856,2.34603375527426,4.375562587904346,2.34603375527426,4.375562587904346,2.34603375527426,4.375562587904346,2.34603375527426,4.375562587904346,2.34603375527426,4.375562587904346,2.34603375527426,4.375562587904346,2.34603375527426,4.375562587904346,2.34603375527426,4.375562587904346,2.34603375527426,4.375562587904346,2.34603375527426,4.375562587904346,right,0.33760411244692373,15.564893403978473,0.25,0.0,0.0,,,0.0,0.0
2.25.13325817932854000792938662637654885530,/home/user/workspace/dataset_extracted/Датасет/НД_для_обучения/Исследования/2.25.13325817932854000792938662637654885530/series_002_2_CR/A2507365486 DXA/CR DXA/CR000012.dcm,1.2.643.5.1.13.13.12.2.77.8252.14070208080209001506081402060503,1,317,300,spine,True,0.0,,0.0,0.0,0.0,,,,,1091,687.33,1091,687.33,True,4.0230855701921024,0.6442590622906721,6.686269081750701,317.0,-0.033370042413870066,0.0,0.0031545741324921135,0.56,,,,,,,,,,,,,,,,,,,,,,,,,,,,,,,,,,,,,,,,,,,,,,,,,,,,,,,,,,,,,,,,,,,,,,,
2.25.134456506307367483341018281460841912845,/home/user/workspace/dataset_extracted/Датасет/НД_для_обучения/Исследования/2.25.134456506307367483341018281460841912845/series_002_2_CR/A2507120612 DXA/CR DXA/CR000000.dcm,1.2.643.5.1.13.13.12.2.77.8252.04040803080402061202041005000304,3,292,280,right_hip,True,0.0,,,,,0.0,0.0,,,0,0.0,0,0.0,False,0.0,,,,,,,,4.289660871890593,4.289660871890593,28.2,117.60000000000001,2.864874431954075,6.178867837496159,35.4,6.215948850240892,93.45,5.3999999999999995,306.6,168.0,201.0,0.36607142857142855,0.24036203522504893,0.6883561643835616,0.2392857142857143,0.15714285714285714,0.5978072368895506,0.14432375956755866,0.9623309556372839,0.9695211330167154,2.6490270611952043,1.718972733795752,2.8285534902791567,1.9810614343800252,2.9631983120921235,2.7305130351590576,3.1427247411760675,3.4799646359380945,3.32225117026002,4.229416236717126,4.101777599343973,6.178867837496159,4.881304028427925,5.8409565380804365,6.215948850240892,5.390408138859473,-14.604524720675164,-9.460140260361499,-14.42499829159121,-10.510688659582462,-14.245471862507259,-10.961237058803425,-14.065945433423305,-11.411785458024392,-13.286419004339352,-11.14969675744012,-13.151774182526395,-11.000245156661082,-13.572247753442442,-10.850793555882051,-14.59272132435849,-9.501341955103017,-15.613194895274537,-9.95189035432398,-20.233668466190583,-10.289801653739703,-21.299023644377627,0.059649947039324046,-22.319497215293673,left,-0.32523166511477203,4.289660871890593,0.21071428571428572,,,0.0,0.0,0.0,0.0
2.25.134456506307367483341018281460841912845,/home/user/workspace/dataset_extracted/Датасет/НД_для_обучения/Исследования/2.25.134456506307367483341018281460841912845/series_002_2_CR/A2507120612 DXA/CR DXA/CR000001.dcm,1.2.643.5.1.13.13.12.2.77.8252.13090607110001000310151006050113,1,315,300,spine,True,0.0,,0.0,0.0,0.0,,,,,727,458.01,727,458.01,True,3.9747599536926126,1.0344485217128523,1.5317119335459892,315.0,0.06197679924242427,0.0,0.0031746031746031746,0.33666666666666667,,,,,,,,,,,,,,,,,,,,,,,,,,,,,,,,,,,,,,,,,,,,,,,,,,,,,,,,,,,,,,,,,,,,,,,
2.25.134456506307367483341018281460841912845,/home/user/workspace/dataset_extracted/Датасет/НД_для_обучения/Исследования/2.25.134456506307367483341018281460841912845/series_002_2_CR/A2507120612 DXA/CR DXA/CR000002.dcm,1.2.643.5.1.13.13.12.2.77.8252.14121200111500000012151207021305,5,291,280,right_hip,True,0.0,,,,,0.0,0.0,,,0,0.0,0,0.0,False,0.0,,,,,,,,-0.9916216286493104,0.9916216286493104,27.599999999999998,108.15,0.0,-17.502455739577382,37.8,21.969046259280425,82.95,12.0,305.55,168.0,291.0,0.30714285714285716,0.21880216003927344,1.0,0.26785714285714285,0.15357142857142858,0.49754848449978256,0.12639210706485773,0.9579550377349668,-19.33357202477705,2.0730879058120704,-19.375060405043275,2.4862056846637186,-19.406176690242937,2.9460440188024504,-20.047665070509158,3.3591617976540986,-20.08915345077538,3.772279576505747,-20.730641831041602,4.185397355357386,-23.172130211307824,3.9985151342090344,-23.803246496507494,4.458353468347767,-25.644734876773715,4.871471247199414,-25.686223257039938,5.284589026051063,-25.727711637306157,6.897706804902702,-25.76920001757238,7.9108245837543505,-26.4106883978386,9.523942362605998,-26.441804683038267,10.58378069674473,-26.48329306330449,12.796898475596379,-26.524781443570713,15.010016254448018,-30.0,17.223134033299665,-30.0,18.836251812151314,-30.0,19.896090146290046,-30.0,20.309207925141695,right,0.39333303717385215,0.9916216286493104,0.22499999999999998,0.0,0.0,,,0.0,0.0
2.25.135241889065705954191821710363605596815,/home/user/workspace/dataset_extracted/Датасет/НД_для_обучения/Исследования/2.25.135241889065705954191821710363605596815/series_003_3_CR/A250715060 DXA/CR DXA/CR000000.dcm,1.2.643.5.1.13.13.12.2.77.8252.04060811050000140014040410080212,3,263,280,left_hip,True,0.0,,,,,,,0.0,0.0,0,0.0,0,0.0,False,0.0,,,,,,,,1.0915046843493723,1.0915046843493723,34.199999999999996,64.05,0.0,3.0912850343733482,47.4,-19.08209413008988,66.15,6.0,276.15000000000003,168.0,124.0,0.39107142857142857,0.2552417164584465,0.4714828897338403,0.18571428571428572,0.19642857142857142,0.5112676253792543,0.09954968479056553,0.9388871183753624,-0.24234796404020073,-19.193463775779993,0.22730830248544862,-19.163765203595965,0.1295505023796835,-19.141491274457934,-0.0007932310946671351,-19.111792702273906,0.4688630354309822,-19.08209413008988,0.33851930195663155,-20.25239555790584,0.8081755684822809,-23.822696985721812,0.7104177683765158,-25.0004230565838,1.1800740349021652,-25.570724484399772,1.6497303014278144,-25.54102591221573,2.119386567953464,-25.511327340031702,2.589042834479113,-25.481628767847678,3.058699101004754,-25.451930195663653,2.9609413008989973,-25.42965626652562,2.8305975674246384,-23.599957694341594,2.1002538339502874,-23.57025912215757,-5.1649180327868836,-25.355409836065547,-5.1649180327868836,-25.355409836065547,-5.1649180327868836,-25.355409836065547,-5.1649180327868836,-25.355409836065547,left,-0.5694697959154505,1.0915046843493723,0.28214285714285714,,,0.0,0.0,0.0,0.0
2.25.135241889065705954191821710363605596815,/home/user/workspace/dataset_extracted/Датасет/НД_для_обучения/Исследования/2.25.135241889065705954191821710363605596815/series_003_3_CR/A250715060 DXA/CR DXA/CR000001.dcm,1.2.643.5.1.13.13.12.2.77.8252.12060607091105150404131215110908,1,346,300,spine,True,0.0,,0.0,0.0,0.0,,,,,302,190.26,302,190.26,True,3.56833462346736,1.0684689986956488,0.8987033848914352,346.0,0.003941517315725681,0.0,0.002890173410404624,0.36333333333333334,,,,,,,,,,,,,,,,,,,,,,,,,,,,,,,,,,,,,,,,,,,,,,,,,,,,,,,,,,,,,,,,,,,,,,,
2.25.13566237352084812982996047541944701548,/home/user/workspace/dataset_extracted/Датасет/НД_для_обучения/Исследования/2.25.13566237352084812982996047541944701548/series_002_2_CR/A2504268931 DXA/CR DXA/CR000000.dcm,1.2.643.5.1.13.13.12.2.77.8252.09030712140506070904071003000708,1,320,300,spine,True,0.0,,0.0,0.0,0.0,,,,,1576,992.88,1576,992.88,True,4.877431040173727,1.6539362680142895,0.09813370917705244,320.0,-0.02249510348843368,0.0,0.003125,0.37333333333333335,,,,,,,,,,,,,,,,,,,,,,,,,,,,,,,,,,,,,,,,,,,,,,,,,,,,,,,,,,,,,,,,,,,,,,,
2.25.137344827330550141320158285144101816664,/home/user/workspace/dataset_extracted/Датасет/НД_для_обучения/Исследования/2.25.137344827330550141320158285144101816664/series_003_3_CR/A2507146630 DXA/CR DXA/CR000000.dcm,1.2.643.5.1.13.13.12.2.77.8252.02050314081501100100131400110412,1,317,300,spine,True,0.0,,0.0,0.0,0.0,,,,,518,326.34,518,326.34,True,4.986782714022663,0.6766458254204741,0.017041490926460012,317.0,-0.002261337950271714,0.0,0.0031545741324921135,0.32666666666666666,,,,,,,,,,,,,,,,,,,,,,,,,,,,,,,,,,,,,,,,,,,,,,,,,,,,,,,,,,,,,,,,,,,,,,,
2.25.137344827330550141320158285144101816664,/home/user/workspace/dataset_extracted/Датасет/НД_для_обучения/Исследования/2.25.137344827330550141320158285144101816664/series_003_3_CR/A2507146630 DXA/CR DXA/CR000001.dcm,1.2.643.5.1.13.13.12.2.77.8252.14140312010015010504081306061203,3,263,280,right_hip,True,0.0,,,,,0.0,0.0,,,30,18.9,30,18.9,True,3.466292360843515,,,,,,,,-7.704949963832452,7.704949963832452,26.4,81.9,0.0,-1.178593558340367,41.4,11.441313117262496,46.2,9.0,276.15000000000003,168.0,263.0,0.32857142857142857,0.18916349809885932,1.0,0.26785714285714285,0.15357142857142858,0.5430460855642554,0.15653902549215162,0.9688046447913606,-5.910785417114511,2.106597200268095,-5.640850288951538,2.4400687919675335,-4.988398942829304,2.2401724857421184,-4.11846381466633,2.573644077441557,-2.0485286865033485,2.907115669140995,-1.178593558340367,3.8405872608404334,-2.108658430177394,4.774058852539872,-6.85620708405516,5.174162546314457,-6.586271955892187,6.707634138013895,-10.516336827729214,8.841105729713334,-13.246401699566231,10.374577321412772,-12.811434135484745,11.441313117262496,-12.811434135484745,11.441313117262496,-12.811434135484745,11.441313117262496,-12.811434135484745,11.441313117262496,-12.811434135484745,11.441313117262496,-12.811434135484745,11.441313117262496,-12.811434135484745,11.441313117262496,-12.811434135484745,11.441313117262496,-12.811434135484745,11.441313117262496,left,-0.2699231199805129,7.704949963832452,0.2464285714285714,,,0.0,0.0,0.0,0.0
2.25.137344827330550141320158285144101816664,/home/user/workspace/dataset_extracted/Датасет/НД_для_обучения/Исследования/2.25.137344827330550141320158285144101816664/series_003_3_CR/A2507146630 DXA/CR DXA/CR000002.dcm,1.2.643.5.1.13.13.12.2.77.8252.03131510081105080011060404010511,5,235,280,right_hip,True,0.0,,,,,0.0,0.0,,,0,0.0,0,0.0,False,0.0,,,,,,,,-11.214108172882952,11.214108172882952,25.8,82.95,0.0,-0.31697176241480346,53.4,7.166991236611483,39.9,10.2,246.75,168.0,235.0,0.4,0.20513677811550152,1.0,0.25,0.15357142857142858,0.5307202502096077,0.1566027996006663,0.9516094627564456,-2.5975559883154915,-0.03219084712757194,-1.4572638753651432,0.042706913339816306,-0.6020447906523884,0.8488802336903575,-0.6617526777020487,1.5237779941577287,-4.921460564751709,2.1986757546251168,-4.381168451801369,3.4735735150924882,-6.240876338851029,4.748471275559877,-8.385657254138266,6.154644595910417,-7.845365141187926,6.829542356377789,-7.305073028237587,6.904440116845177,-7.305073028237587,6.904440116845177,-7.305073028237587,6.904440116845177,-7.305073028237587,6.904440116845177,-7.305073028237587,6.904440116845177,-7.305073028237587,6.904440116845177,-7.305073028237587,6.904440116845177,-7.305073028237587,6.904440116845177,-7.305073028237587,6.904440116845177,-7.305073028237587,6.904440116845177,-7.305073028237587,6.904440116845177,right,0.5005740169616659,11.214108172882952,0.31785714285714284,0.0,0.0,,,0.0,0.0
2.25.137675513852774974135210999345676405116,/home/user/workspace/dataset_extracted/Датасет/НД_для_обучения/Исследования/2.25.137675513852774974135210999345676405116/series_001_2_CR/A2504106597 DXA/CR DXA/CR000000.dcm,1.2.643.5.1.13.13.12.2.77.8252.05060902130204131205041207051405,1,317,300,spine,True,0.0,,0.0,0.0,0.0,,,,,508,320.04,508,320.04,True,3.9161407789982507,1.1434661156587804,0.0028071938209297542,317.0,-0.026011781843794494,0.0,0.0031545741324921135,0.3233333333333333,,,,,,,,,,,,,,,,,,,,,,,,,,,,,,,,,,,,,,,,,,,,,,,,,,,,,,,,,,,,,,,,,,,,,,,
2.25.13983650679559142983913935144968795415,/home/user/workspace/dataset_extracted/Датасет/НД_для_обучения/Исследования/2.25.13983650679559142983913935144968795415/series_003_2_CR/A2504335111 DXA/CR DXA/CR000000.dcm,1.2.643.5.1.13.13.12.2.77.8252.01100509051301061200120505020711,3,289,300,spine,True,0.0,,0.0,0.0,0.0,,,,,513,323.19,513,323.19,True,4.346054879847351,0.027948552928025727,0.3476214964648685,289.0,-0.010677376729953399,0.0,0.0034602076124567475,0.31,,,,,,,,,,,,,,,,,,,,,,,,,,,,,,,,,,,,,,,,,,,,,,,,,,,,,,,,,,,,,,,,,,,,,,,
2.25.13983650679559142983913935144968795415,/home/user/workspace/dataset_extracted/Датасет/НД_для_обучения/Исследования/2.25.13983650679559142983913935144968795415/series_003_2_CR/A2504335111 DXA/CR DXA/CR000001.dcm,1.2.643.5.1.13.13.12.2.77.8252.02030711120805150008090200030710,8,289,280,left_hip,True,0.0,,,,,,,0.0,0.0,0,0.0,0,0.0,False,0.0,,,,,,,,-0.8238101956102266,0.8238101956102266,27.0,78.75,0.0,-2.0819459459459577,26.4,1.4904238975817747,87.15,3.5999999999999996,303.45,168.0,158.0,0.2392857142857143,0.20258279782501235,0.5467128027681661,0.23214285714285715,0.10714285714285714,0.4887399571101966,0.12677315747563747,0.9577478376035328,-2.9378890469416885,0.5920625889046732,-3.879146514935998,0.7300199146514756,-4.135089615931733,0.9834879089615753,-5.076347083926038,1.1214452347083779,-6.017604551920351,1.2594025604551802,-6.958862019914656,-17.802640113798024,-7.300119487908969,-19.464682788051224,-8.1560625889047,-21.01121479374112,-8.497320056899008,-22.67325746799433,-8.838577524893319,-23.13530014224752,-9.779834992887631,-24.197342816500726,-10.121092460881936,-24.659385490753923,-10.46234992887625,-25.72142816500712,-10.718293029871981,-26.067960170697027,-11.05955049786629,-26.530002844950225,-10.8008079658606,-26.992045519203423,-11.142065433854908,-28.05408819345662,-11.483322901849217,-29.116130867709817,-11.13926600284495,-29.462662873399726,-11.480523470839259,-29.924705547652923,right,0.3025491291308113,0.8238101956102266,0.15714285714285714,0.0,0.0,,,0.0,0.0
2.25.13983650679559142983913935144968795415,/home/user/workspace/dataset_extracted/Датасет/НД_для_обучения/Исследования/2.25.13983650679559142983913935144968795415/series_003_2_CR/A2504335111 DXA/CR DXA/CR000002.dcm,1.2.643.5.1.13.13.12.2.77.8252.05100908130706051511060907050202,6,289,280,right_hip,True,0.0,,,,,0.0,0.0,,,0,0.0,0,0.0,False,0.0,,,,,,,,-5.607319320022947,5.607319320022947,25.8,90.3,0.0,-9.932189254210106,28.799999999999997,20.131187320156602,80.85000000000001,11.4,303.45,168.0,289.0,0.2571428571428571,0.19416707859614435,1.0,0.2357142857142857,0.14642857142857144,0.4974205922615119,0.1321452219155075,0.9623353856338531,-11.310810887306014,1.1275097881975313,-11.926994669559884,1.486615406387068,-12.089132506250303,1.9059446200292227,-11.505316288504172,2.8650502382187595,-11.52150007075806,3.224155856408305,-10.937683853011938,4.183261474597842,-10.353867635265816,5.142367092787379,-10.516005471956236,5.561696306429533,-9.932189254210106,5.92080192461907,-9.948373036463993,5.679907542808607,-9.964556818717872,6.0390131609981434,-10.580740600971751,6.99811877918768,-10.596924383225637,7.957224397377217,-10.759062219916041,8.976553611019371,-13.775246002169927,9.935659229208909,-15.591429784423797,11.494764847398454,-15.607613566677685,13.053870465587991,-18.023797348931563,14.612976083777527,-18.785935185621973,16.232305297419682,-20.00211896787585,18.99141091560922,left,-0.4253782886817829,5.607319320022947,0.1714285714285714,,,0.0,0.0,0.0,0.0
2.25.13983650679559142983913935144968795415,/home/user/workspace/dataset_extracted/Датасет/НД_для_обучения/Исследования/2.25.13983650679559142983913935144968795415/series_003_2_CR/A2504335111 DXA/CR DXA/CR000003.dcm,1.2.643.5.1.13.13.12.2.77.8252.07080813110202150000000512100700,1,289,300,spine,True,0.0,,0.0,0.0,0.0,,,,,513,323.19,513,323.19,True,4.346054879847351,0.027948552928025727,0.3476214964648685,289.0,-0.010677376729953399,0.0,0.0034602076124567475,0.31,,,,,,,,,,,,,,,,,,,,,,,,,,,,,,,,,,,,,,,,,,,,,,,,,,,,,,,,,,,,,,,,,,,,,,,
2.25.13983650679559142983913935144968795415,/home/user/workspace/dataset_extracted/Датасет/НД_для_обучения/Исследования/2.25.13983650679559142983913935144968795415/series_003_2_CR/A2504335111 DXA/CR DXA/CR000004.dcm,1.2.643.5.1.13.13.12.2.77.8252.04081012050615111107130109120010,4,289,280,right_hip,True,0.0,,,,,0.0,0.0,,,0,0.0,0,0.0,False,0.0,,,,,,,,-5.607319320022947,5.607319320022947,25.8,90.3,0.0,-9.932189254210106,28.799999999999997,20.131187320156602,80.85000000000001,11.4,303.45,168.0,289.0,0.2571428571428571,0.19416707859614435,1.0,0.2357142857142857,0.14642857142857144,0.4974205922615119,0.1321452219155075,0.9623353856338531,-11.310810887306014,1.1275097881975313,-11.926994669559884,1.486615406387068,-12.089132506250303,1.9059446200292227,-11.505316288504172,2.8650502382187595,-11.52150007075806,3.224155856408305,-10.937683853011938,4.183261474597842,-10.353867635265816,5.142367092787379,-10.516005471956236,5.561696306429533,-9.932189254210106,5.92080192461907,-9.948373036463993,5.679907542808607,-9.964556818717872,6.0390131609981434,-10.580740600971751,6.99811877918768,-10.596924383225637,7.957224397377217,-10.759062219916041,8.976553611019371,-13.775246002169927,9.935659229208909,-15.591429784423797,11.494764847398454,-15.607613566677685,13.053870465587991,-18.023797348931563,14.612976083777527,-18.785935185621973,16.232305297419682,-20.00211896787585,18.99141091560922,left,-0.4253782886817829,5.607319320022947,0.1714285714285714,,,0.0,0.0,0.0,0.0
2.25.13983650679559142983913935144968795415,/home/user/workspace/dataset_extracted/Датасет/НД_для_обучения/Исследования/2.25.13983650679559142983913935144968795415/series_003_2_CR/A2504335111 DXA/CR DXA/CR000005.dcm,1.2.643.5.1.13.13.12.2.77.8252.02081511091502140105000012140914,5,289,280,left_hip,True,0.0,,,,,,,0.0,0.0,0,0.0,0,0.0,False,0.0,,,,,,,,-0.8238101956102266,0.8238101956102266,27.0,78.75,0.0,-2.0819459459459577,26.4,1.4904238975817747,87.15,3.5999999999999996,303.45,168.0,158.0,0.2392857142857143,0.20258279782501235,0.5467128027681661,0.23214285714285715,0.10714285714285714,0.4887399571101966,0.12677315747563747,0.9577478376035328,-2.9378890469416885,0.5920625889046732,-3.879146514935998,0.7300199146514756,-4.135089615931733,0.9834879089615753,-5.076347083926038,1.1214452347083779,-6.017604551920351,1.2594025604551802,-6.958862019914656,-17.802640113798024,-7.300119487908969,-19.464682788051224,-8.1560625889047,-21.01121479374112,-8.497320056899008,-22.67325746799433,-8.838577524893319,-23.13530014224752,-9.779834992887631,-24.197342816500726,-10.121092460881936,-24.659385490753923,-10.46234992887625,-25.72142816500712,-10.718293029871981,-26.067960170697027,-11.05955049786629,-26.530002844950225,-10.8008079658606,-26.992045519203423,-11.142065433854908,-28.05408819345662,-11.483322901849217,-29.116130867709817,-11.13926600284495,-29.462662873399726,-11.480523470839259,-29.924705547652923,right,0.3025491291308113,0.8238101956102266,0.15714285714285714,0.0,0.0,,,0.0,0.0
2.25.144941557565802351596730914409170713112,/home/user/workspace/dataset_extracted/Датасет/НД_для_обучения/Исследования/2.25.144941557565802351596730914409170713112/series_001_2_CR/A250728979 DXA/CR DXA/CR000000.dcm,1.2.643.5.1.13.13.12.2.77.8252.01100715050305071000110707040014,10,268,280,left_hip,True,0.0,,,,,,,0.0,0.0,0,0.0,0,0.0,False,0.0,,,,,,,,-9.597427252769998,9.597427252769998,28.2,84.0,0.0,5.029796061884704,43.199999999999996,9.696891701828372,50.400000000000006,12.6,281.40000000000003,168.0,268.0,0.3464285714285714,0.22642590618336886,1.0,0.33214285714285713,0.16785714285714284,0.5320824746434017,0.15189223361761708,0.9601140403601238,-2.2860970464134707,2.397426160337528,0.07058368495080458,2.7337412095639677,1.5380942334740069,3.1359774964837954,3.2947749648382825,3.4722925457102347,4.451455696202566,3.208607594936683,4.408136427566842,3.544922644163114,0.7648171589311176,4.481237693389562,0.4323277074543199,4.88347398030939,-0.810991561181396,5.819789029535838,-1.4543108298171206,6.756104078762268,-1.497630098452845,8.292419127988717,-1.5409493670885694,9.228734177215147,-1.5626090014064318,9.696891701828372,-1.5626090014064318,9.696891701828372,-1.5626090014064318,9.696891701828372,-1.5626090014064318,9.696891701828372,-1.5626090014064318,9.696891701828372,-1.5626090014064318,9.696891701828372,-1.5626090014064318,9.696891701828372,-1.5626090014064318,9.696891701828372,left,-0.42089200460156656,9.597427252769998,0.2571428571428571,,,0.0,0.0,0.0,0.0
2.25.144941557565802351596730914409170713112,/home/user/workspace/dataset_extracted/Датасет/НД_для_обучения/Исследования/2.25.144941557565802351596730914409170713112/series_001_2_CR/A250728979 DXA/CR DXA/CR000001.dcm,1.2.643.5.1.13.13.12.2.77.8252.05030004000114011306070703000900,12,268,280,left_hip,True,0.0,,,,,,,0.0,0.0,0,0.0,0,0.0,False,0.0,,,,,,,,-9.597427252769998,9.597427252769998,28.2,84.0,0.0,5.029796061884704,43.199999999999996,9.696891701828372,50.400000000000006,12.6,281.40000000000003,168.0,268.0,0.3464285714285714,0.22642590618336886,1.0,0.33214285714285713,0.16785714285714284,0.5320824746434017,0.15189223361761708,0.9601140403601238,-2.2860970464134707,2.397426160337528,0.07058368495080458,2.7337412095639677,1.5380942334740069,3.1359774964837954,3.2947749648382825,3.4722925457102347,4.451455696202566,3.208607594936683,4.408136427566842,3.544922644163114,0.7648171589311176,4.481237693389562,0.4323277074543199,4.88347398030939,-0.810991561181396,5.819789029535838,-1.4543108298171206,6.756104078762268,-1.497630098452845,8.292419127988717,-1.5409493670885694,9.228734177215147,-1.5626090014064318,9.696891701828372,-1.5626090014064318,9.696891701828372,-1.5626090014064318,9.696891701828372,-1.5626090014064318,9.696891701828372,-1.5626090014064318,9.696891701828372,-1.5626090014064318,9.696891701828372,-1.5626090014064318,9.696891701828372,-1.5626090014064318,9.696891701828372,left,-0.42089200460156656,9.597427252769998,0.2571428571428571,,,0.0,0.0,0.0,0.0
2.25.144941557565802351596730914409170713112,/home/user/workspace/dataset_extracted/Датасет/НД_для_обучения/Исследования/2.25.144941557565802351596730914409170713112/series_001_2_CR/A250728979 DXA/CR DXA/CR000002.dcm,1.2.643.5.1.13.13.12.2.77.8252.14070202101304120203120502100808,2,268,280,right_hip,True,1.0,Нарушение позиционирования/ротации правого бедра,,,,1.0,0.0,,,0,0.0,0,0.0,False,0.0,,,,,,,,-12.166281463850176,12.166281463850176,28.2,84.0,0.0,8.726976090014107,38.4,11.40834036568211,53.550000000000004,7.8,281.40000000000003,168.0,268.0,0.3107142857142857,0.21608475479744135,1.0,0.33214285714285713,0.16785714285714284,0.49207871657340413,0.1015457175174148,0.95392387976937,-2.1970464135020817,1.958649789029522,-0.7563150492264071,2.188410689170169,0.9242334739803425,2.5107313642756566,4.164964838256009,3.3404922644163038,6.2056962025316835,3.570253164556942,7.64642756680735,3.800014064697589,7.887158931083024,4.029774964838237,0.5677074542897742,4.952095639943724,0.8084388185654404,5.181856540084362,-1.3508298171588848,6.611617440225018,-1.7100984528832186,8.041378340365656,-0.8693670886075437,9.471139240506304,0.5713642756681224,10.90090014064695,0.9315471167370389,11.40834036568211,0.9315471167370389,11.40834036568211,0.9315471167370389,11.40834036568211,0.9315471167370389,11.40834036568211,0.9315471167370389,11.40834036568211,0.9315471167370389,11.40834036568211,0.9315471167370389,11.40834036568211,right,0.30501475268917144,12.166281463850176,0.22857142857142856,1.0,0.0,,,1.0,0.0
2.25.144941557565802351596730914409170713112,/home/user/workspace/dataset_extracted/Датасет/НД_для_обучения/Исследования/2.25.144941557565802351596730914409170713112/series_001_2_CR/A250728979 DXA/CR DXA/CR000003.dcm,1.2.643.5.1.13.13.12.2.77.8252.03000804151513141409051310151514,11,268,280,right_hip,True,1.0,Нарушение позиционирования/ротации правого бедра,,,,1.0,0.0,,,0,0.0,0,0.0,False,0.0,,,,,,,,-12.166281463850176,12.166281463850176,28.2,84.0,0.0,8.726976090014107,38.4,11.40834036568211,53.550000000000004,7.8,281.40000000000003,168.0,268.0,0.3107142857142857,0.21608475479744135,1.0,0.33214285714285713,0.16785714285714284,0.49207871657340413,0.1015457175174148,0.95392387976937,-2.1970464135020817,1.958649789029522,-0.7563150492264071,2.188410689170169,0.9242334739803425,2.5107313642756566,4.164964838256009,3.3404922644163038,6.2056962025316835,3.570253164556942,7.64642756680735,3.800014064697589,7.887158931083024,4.029774964838237,0.5677074542897742,4.952095639943724,0.8084388185654404,5.181856540084362,-1.3508298171588848,6.611617440225018,-1.7100984528832186,8.041378340365656,-0.8693670886075437,9.471139240506304,0.5713642756681224,10.90090014064695,0.9315471167370389,11.40834036568211,0.9315471167370389,11.40834036568211,0.9315471167370389,11.40834036568211,0.9315471167370389,11.40834036568211,0.9315471167370389,11.40834036568211,0.9315471167370389,11.40834036568211,0.9315471167370389,11.40834036568211,right,0.30501475268917144,12.166281463850176,0.22857142857142856,1.0,0.0,,,1.0,0.0
2.25.144941557565802351596730914409170713112,/home/user/workspace/dataset_extracted/Датасет/НД_для_обучения/Исследования/2.25.144941557565802351596730914409170713112/series_001_2_CR/A250728979 DXA/CR DXA/CR000004.dcm,1.2.643.5.1.13.13.12.2.77.8252.10050606131001041108060208080404,13,268,280,right_hip,True,1.0,Нарушение позиционирования/ротации правого бедра,,,,1.0,0.0,,,0,0.0,0,0.0,False,0.0,,,,,,,,-12.166281463850176,12.166281463850176,28.2,84.0,0.0,8.726976090014107,38.4,11.40834036568211,53.550000000000004,7.8,281.40000000000003,168.0,268.0,0.3107142857142857,0.21608475479744135,1.0,0.33214285714285713,0.16785714285714284,0.49207871657340413,0.1015457175174148,0.95392387976937,-2.1970464135020817,1.958649789029522,-0.7563150492264071,2.188410689170169,0.9242334739803425,2.5107313642756566,4.164964838256009,3.3404922644163038,6.2056962025316835,3.570253164556942,7.64642756680735,3.800014064697589,7.887158931083024,4.029774964838237,0.5677074542897742,4.952095639943724,0.8084388185654404,5.181856540084362,-1.3508298171588848,6.611617440225018,-1.7100984528832186,8.041378340365656,-0.8693670886075437,9.471139240506304,0.5713642756681224,10.90090014064695,0.9315471167370389,11.40834036568211,0.9315471167370389,11.40834036568211,0.9315471167370389,11.40834036568211,0.9315471167370389,11.40834036568211,0.9315471167370389,11.40834036568211,0.9315471167370389,11.40834036568211,0.9315471167370389,11.40834036568211,right,0.30501475268917144,12.166281463850176,0.22857142857142856,1.0,0.0,,,1.0,0.0
2.25.144941557565802351596730914409170713112,/home/user/workspace/dataset_extracted/Датасет/НД_для_обучения/Исследования/2.25.144941557565802351596730914409170713112/series_001_2_CR/A250728979 DXA/CR DXA/CR000005.dcm,1.2.643.5.1.13.13.12.2.77.8252.13110302070015120304051003100511,5,268,280,right_hip,True,1.0,Нарушение позиционирования/ротации правого бедра,,,,1.0,0.0,,,0,0.0,0,0.0,False,0.0,,,,,,,,-12.166281463850176,12.166281463850176,28.2,84.0,0.0,8.726976090014107,38.4,11.40834036568211,53.550000000000004,7.8,281.40000000000003,168.0,268.0,0.3107142857142857,0.21608475479744135,1.0,0.33214285714285713,0.16785714285714284,0.49207871657340413,0.1015457175174148,0.95392387976937,-2.1970464135020817,1.958649789029522,-0.7563150492264071,2.188410689170169,0.9242334739803425,2.5107313642756566,4.164964838256009,3.3404922644163038,6.2056962025316835,3.570253164556942,7.64642756680735,3.800014064697589,7.887158931083024,4.029774964838237,0.5677074542897742,4.952095639943724,0.8084388185654404,5.181856540084362,-1.3508298171588848,6.611617440225018,-1.7100984528832186,8.041378340365656,-0.8693670886075437,9.471139240506304,0.5713642756681224,10.90090014064695,0.9315471167370389,11.40834036568211,0.9315471167370389,11.40834036568211,0.9315471167370389,11.40834036568211,0.9315471167370389,11.40834036568211,0.9315471167370389,11.40834036568211,0.9315471167370389,11.40834036568211,0.9315471167370389,11.40834036568211,right,0.30501475268917144,12.166281463850176,0.22857142857142856,1.0,0.0,,,1.0,0.0
2.25.144941557565802351596730914409170713112,/home/user/workspace/dataset_extracted/Датасет/НД_для_обучения/Исследования/2.25.144941557565802351596730914409170713112/series_001_2_CR/A250728979 DXA/CR DXA/CR000006.dcm,1.2.643.5.1.13.13.12.2.77.8252.14021109030605071205090308080911,9,322,300,spine,True,0.0,,0.0,0.0,0.0,,,,,532,335.16,532,335.16,True,3.665089390395213,1.557101601100957,0.3665642608405655,322.0,-0.01976997413910444,0.0,0.003105590062111801,0.39,,,,,,,,,,,,,,,,,,,,,,,,,,,,,,,,,,,,,,,,,,,,,,,,,,,,,,,,,,,,,,,,,,,,,,,
2.25.144941557565802351596730914409170713112,/home/user/workspace/dataset_extracted/Датасет/НД_для_обучения/Исследования/2.25.144941557565802351596730914409170713112/series_001_2_CR/A250728979 DXA/CR DXA/CR000007.dcm,1.2.643.5.1.13.13.12.2.77.8252.02000707141211070603071400111001,6,268,280,left_hip,True,0.0,,,,,,,0.0,0.0,0,0.0,0,0.0,False,0.0,,,,,,,,-9.597427252769998,9.597427252769998,28.2,84.0,0.0,5.029796061884704,43.199999999999996,9.696891701828372,50.400000000000006,12.6,281.40000000000003,168.0,268.0,0.3464285714285714,0.22642590618336886,1.0,0.33214285714285713,0.16785714285714284,0.5320824746434017,0.15189223361761708,0.9601140403601238,-2.2860970464134707,2.397426160337528,0.07058368495080458,2.7337412095639677,1.5380942334740069,3.1359774964837954,3.2947749648382825,3.4722925457102347,4.451455696202566,3.208607594936683,4.408136427566842,3.544922644163114,0.7648171589311176,4.481237693389562,0.4323277074543199,4.88347398030939,-0.810991561181396,5.819789029535838,-1.4543108298171206,6.756104078762268,-1.497630098452845,8.292419127988717,-1.5409493670885694,9.228734177215147,-1.5626090014064318,9.696891701828372,-1.5626090014064318,9.696891701828372,-1.5626090014064318,9.696891701828372,-1.5626090014064318,9.696891701828372,-1.5626090014064318,9.696891701828372,-1.5626090014064318,9.696891701828372,-1.5626090014064318,9.696891701828372,-1.5626090014064318,9.696891701828372,left,-0.42089200460156656,9.597427252769998,0.2571428571428571,,,0.0,0.0,0.0,0.0
2.25.144941557565802351596730914409170713112,/home/user/workspace/dataset_extracted/Датасет/НД_для_обучения/Исследования/2.25.144941557565802351596730914409170713112/series_001_2_CR/A250728979 DXA/CR DXA/CR000008.dcm,1.2.643.5.1.13.13.12.2.77.8252.12001403040706100907100308030007,4,322,300,spine,True,0.0,,0.0,0.0,0.0,,,,,532,335.16,532,335.16,True,3.665089390395213,1.557101601100957,0.3665642608405655,322.0,-0.01976997413910444,0.0,0.003105590062111801,0.39,,,,,,,,,,,,,,,,,,,,,,,,,,,,,,,,,,,,,,,,,,,,,,,,,,,,,,,,,,,,,,,,,,,,,,,
2.25.144941557565802351596730914409170713112,/home/user/workspace/dataset_extracted/Датасет/НД_для_обучения/Исследования/2.25.144941557565802351596730914409170713112/series_001_2_CR/A250728979 DXA/CR DXA/CR000009.dcm,1.2.643.5.1.13.13.12.2.77.8252.03150209000513130305020013101408,1,322,300,spine,True,0.0,,0.0,0.0,0.0,,,,,532,335.16,532,335.16,True,3.665089390395213,1.557101601100957,0.3665642608405655,322.0,-0.01976997413910444,0.0,0.003105590062111801,0.39,,,,,,,,,,,,,,,,,,,,,,,,,,,,,,,,,,,,,,,,,,,,,,,,,,,,,,,,,,,,,,,,,,,,,,,
2.25.144941557565802351596730914409170713112,/home/user/workspace/dataset_extracted/Датасет/НД_для_обучения/Исследования/2.25.144941557565802351596730914409170713112/series_001_2_CR/A250728979 DXA/CR DXA/CR000010.dcm,1.2.643.5.1.13.13.12.2.77.8252.08060612000510000609001512070103,3,268,280,left_hip,True,0.0,,,,,,,0.0,0.0,0,0.0,0,0.0,False,0.0,,,,,,,,-9.597427252769998,9.597427252769998,28.2,84.0,0.0,5.029796061884704,43.199999999999996,9.696891701828372,50.400000000000006,12.6,281.40000000000003,168.0,268.0,0.3464285714285714,0.22642590618336886,1.0,0.33214285714285713,0.16785714285714284,0.5320824746434017,0.15189223361761708,0.9601140403601238,-2.2860970464134707,2.397426160337528,0.07058368495080458,2.7337412095639677,1.5380942334740069,3.1359774964837954,3.2947749648382825,3.4722925457102347,4.451455696202566,3.208607594936683,4.408136427566842,3.544922644163114,0.7648171589311176,4.481237693389562,0.4323277074543199,4.88347398030939,-0.810991561181396,5.819789029535838,-1.4543108298171206,6.756104078762268,-1.497630098452845,8.292419127988717,-1.5409493670885694,9.228734177215147,-1.5626090014064318,9.696891701828372,-1.5626090014064318,9.696891701828372,-1.5626090014064318,9.696891701828372,-1.5626090014064318,9.696891701828372,-1.5626090014064318,9.696891701828372,-1.5626090014064318,9.696891701828372,-1.5626090014064318,9.696891701828372,-1.5626090014064318,9.696891701828372,left,-0.42089200460156656,9.597427252769998,0.2571428571428571,,,0.0,0.0,0.0,0.0
2.25.145848300160680194368420189079847088556,/home/user/workspace/dataset_extracted/Датасет/НД_для_обучения/Исследования/2.25.145848300160680194368420189079847088556/series_002_2_CR/A2504248615 DXA Exam/CR DXA Images/CR000000.dcm,1.2.643.5.1.13.13.12.2.77.8252.06130104100900080002100912090901,3,346,280,right_hip,True,0.0,,,,,0.0,0.0,,,392,246.96,392,246.96,True,3.7922337977187377,,,,,,,,-13.731340737795506,13.731340737795506,29.4,108.15,0.0,-0.15442823880860032,38.4,11.769678864824515,35.7,11.4,363.3,168.0,346.0,0.3142857142857143,0.21997316267547481,1.0,0.04642857142857143,0.175,0.45994148447429944,0.08958085024473868,0.9587457080761977,-3.0004678645169975,2.6912884944866846,-1.577448051662799,2.661740543865062,-0.5101831920221457,2.7895795808988453,-2.087163379167964,3.3600316302772226,-2.4641435663137656,4.5304836796556005,-2.241123753459567,5.7009357290339775,-2.0181039406053682,7.471387778412355,-2.150839080964732,9.399226815446138,-3.7278192681105335,11.769678864824515,-3.7278192681105335,11.769678864824515,-3.7278192681105335,11.769678864824515,-3.7278192681105335,11.769678864824515,-3.7278192681105335,11.769678864824515,-3.7278192681105335,11.769678864824515,-3.7278192681105335,11.769678864824515,-3.7278192681105335,11.769678864824515,-3.7278192681105335,11.769678864824515,-3.7278192681105335,11.769678864824515,-3.7278192681105335,11.769678864824515,-3.7278192681105335,11.769678864824515,right,0.5849347969040892,13.731340737795506,0.22857142857142856,0.0,0.0,,,0.0,0.0
2.25.145848300160680194368420189079847088556,/home/user/workspace/dataset_extracted/Датасет/НД_для_обучения/Исследования/2.25.145848300160680194368420189079847088556/series_002_2_CR/A2504248615 DXA Exam/CR DXA Images/CR000001.dcm,1.2.643.5.1.13.13.12.2.77.8252.09091111090903031309150614110215,2,344,280,left_hip,True,1.0,Нарушение позиционирования/ротации левого бедра,,,,,,1.0,0.0,313,197.19,313,197.19,True,3.804627137977869,,,,,,,,-7.927125626580588,7.927125626580588,12.0,96.60000000000001,0.0,2.2021978021977984,44.4,14.542895673751211,46.2,10.2,361.2,168.0,308.0,0.35,0.18833056478405316,0.8953488372093024,0.0,0.16785714285714284,0.43422828786874756,0.09070193838723885,0.9553936373159481,1.0369819521292214,3.375606861581616,0.6833608187044348,3.6523357427985843,0.11814496863584906,4.009882403711293,0.36452383521107096,4.286611284928261,0.010902701786292823,4.563340166145212,0.8572815683615147,6.040069047362181,1.103660434936728,7.516797928579131,0.5384445848681594,8.474344589491858,-0.4151765485566443,9.951073470708808,-1.968797681981414,12.027802351925777,-2.3224188154061833,14.104531233142728,-2.4992293821185854,14.542895673751211,-2.4992293821185854,14.542895673751211,-2.4992293821185854,14.542895673751211,-2.4992293821185854,14.542895673751211,-2.4992293821185854,14.542895673751211,-2.4992293821185854,14.542895673751211,-2.4992293821185854,14.542895673751211,-2.4992293821185854,14.542895673751211,-2.4992293821185854,14.542895673751211,left,-0.552760026129673,7.927125626580588,0.2642857142857143,,,1.0,0.0,1.0,0.0
2.25.145848300160680194368420189079847088556,/home/user/workspace/dataset_extracted/Датасет/НД_для_обучения/Исследования/2.25.145848300160680194368420189079847088556/series_002_2_CR/A2504248615 DXA Exam/CR DXA Images/CR000002.dcm,1.2.643.5.1.13.13.12.2.77.8252.07040802010906150312000007110303,1,289,300,spine,True,0.0,,0.0,0.0,0.0,,,,,69,43.47,69,43.47,True,3.5188183223996563,1.7580441301695702,1.513074193110957,289.0,-0.03215054689518562,0.0,0.0034602076124567475,0.4066666666666667,,,,,,,,,,,,,,,,,,,,,,,,,,,,,,,,,,,,,,,,,,,,,,,,,,,,,,,,,,,,,,,,,,,,,,,
2.25.151186844055172005615813066162721550889,/home/user/workspace/dataset_extracted/Датасет/НД_для_обучения/Исследования/2.25.151186844055172005615813066162721550889/series_002_2_CR/A250436130 DXA/CR DXA/CR000000.dcm,1.2.643.5.1.13.13.12.2.77.8252.07051313070907070603030815070904,1,344,300,spine,True,0.0,,0.0,0.0,0.0,,,,,2801,1764.63,2801,1764.63,True,5.046538310409812,1.1468751648120217,0.7014256228148197,344.0,-0.038492720159066116,0.0,0.0029069767441860465,0.37333333333333335,,,,,,,,,,,,,,,,,,,,,,,,,,,,,,,,,,,,,,,,,,,,,,,,,,,,,,,,,,,,,,,,,,,,,,,
2.25.151186844055172005615813066162721550889,/home/user/workspace/dataset_extracted/Датасет/НД_для_обучения/Исследования/2.25.151186844055172005615813066162721550889/series_002_2_CR/A250436130 DXA/CR DXA/CR000001.dcm,1.2.643.5.1.13.13.12.2.77.8252.06120514140811101106020900110711,3,289,280,left_hip,True,0.0,,,,,,,0.0,0.0,0,0.0,0,0.0,False,0.0,,,,,,,,-3.905219126424325,3.905219126424325,27.599999999999998,90.3,0.0,-6.132781734987509,64.2,22.94766356903629,124.95,7.199999999999999,303.45,168.0,289.0,0.4767857142857143,0.18544241225902125,1.0,0.25357142857142856,0.15714285714285714,0.4945112920106723,0.1258316477672674,0.9677916911279937,-8.910799566017275,0.9789688192839093,-8.387597528185305,0.9287475824331295,-7.995195999811318,1.4910816547950276,-8.071993961979347,2.0408604179442307,-7.548791924147377,2.5906391810934335,-7.625589886315407,3.1404179442426368,-7.102387848483437,3.690196707391857,-6.709986320109442,4.252530779753755,-6.186784282277472,4.802309542902958,-6.263582244445502,5.352088306052161,-6.940380206613531,5.901867069201364,-8.21717816878156,7.051645832350585,-9.49397613094959,7.601424595499787,-9.101574602575612,7.563758667861685,-8.578372564743642,8.113537431010888,-9.855170526911655,8.063316194160109,-10.531968489079684,8.013094957309312,-12.408766451247715,9.162873720458515,-12.616364922873737,9.725207792820413,-13.893162885041766,10.274986555969615,left,-0.9648026316483296,3.905219126424325,0.3821428571428572,,,0.0,0.0,0.0,0.0
2.25.151186844055172005615813066162721550889,/home/user/workspace/dataset_extracted/Датасет/НД_для_обучения/Исследования/2.25.151186844055172005615813066162721550889/series_002_2_CR/A250436130 DXA/CR DXA/CR000002.dcm,1.2.643.5.1.13.13.12.2.77.8252.07071507091013150605060411110414,2,261,280,right_hip,True,0.0,,,,,0.0,0.0,,,0,0.0,0,0.0,False,0.0,,,,,,,,-15.510011338698465,15.510011338698465,13.799999999999999,81.9,0.0,21.977799415774058,40.199999999999996,12.391666561286842,86.10000000000001,8.4,274.05,168.0,261.0,0.32321428571428573,0.18732895457033388,1.0,0.25,0.17142857142857143,0.4593012029674698,0.11682447365292499,0.9491015101914693,7.243622200584213,1.714073268503654,9.045374878286264,1.7847190783899691,9.796689386562786,1.9877034358047183,10.398442064264838,2.0583492456910335,11.600194741966874,2.728995055577349,12.801947419668908,2.799640865463664,13.40370009737096,2.270286675349979,11.1550146056475,2.473271032764711,11.156767283349534,2.543916842651026,11.75851996105157,3.2145626525373587,12.360272638753623,3.8852084624236736,13.562025316455674,5.1558542723099885,14.163777994157709,5.826500082196304,14.315092502434249,6.629484439611036,14.916845180136283,7.300130249497351,15.518597857838335,8.570776059383666,16.72035053554037,9.84142186926998,17.322103213242404,11.112067679156313,18.673417721518945,11.315052036571046,19.875170399220995,11.985697846457361,right,0.7006017521649055,15.510011338698465,0.23928571428571427,0.0,0.0,,,0.0,0.0
2.25.156021661584944120526934974594604520993,/home/user/workspace/dataset_extracted/Датасет/НД_для_обучения/Исследования/2.25.156021661584944120526934974594604520993/series_003_2_CR/A2507142228 DXA/CR DXA/CR000000.dcm,1.2.643.5.1.13.13.12.2.77.8252.09130714090405151215050914040809,12,315,300,spine,True,0.0,,0.0,0.0,0.0,,,,,448,282.24,448,282.24,True,3.444812587830556,1.3199659410897475,0.048687583377603705,315.0,-0.058625447112927984,0.0,0.0031746031746031746,0.3566666666666667,,,,,,,,,,,,,,,,,,,,,,,,,,,,,,,,,,,,,,,,,,,,,,,,,,,,,,,,,,,,,,,,,,,,,,,
2.25.156021661584944120526934974594604520993,/home/user/workspace/dataset_extracted/Датасет/НД_для_обучения/Исследования/2.25.156021661584944120526934974594604520993/series_003_2_CR/A2507142228 DXA/CR DXA/CR000001.dcm,1.2.643.5.1.13.13.12.2.77.8252.09091502110711081102050610090100,8,261,280,right_hip,True,0.0,,,,,0.0,0.0,,,0,0.0,0,0.0,False,0.0,,,,,,,,2.837656024303365,2.837656024303365,31.799999999999997,80.85000000000001,0.0,4.734838845365155,42.6,-18.20997949418998,67.2,3.0,274.05,168.0,141.0,0.38392857142857145,0.21542145593869733,0.5402298850574713,0.30714285714285716,0.17857142857142858,0.4758788216220568,0.13770781079053898,0.938455652416128,-0.09164519690835675,-25.415941952784028,0.08404227351595636,-27.823891897576065,0.3658078763341848,-29.029854356170112,0.5414953467584979,-30.0,0.7171828171828111,-30.0,1.492870287607124,-30.0,1.6685577580314372,-30.0,2.5503233608496743,-30.0,2.7260108312739875,-30.0,3.5016983016982963,-30.0,4.277385772122609,-30.0,4.453073242546918,-30.0,4.628760712971231,-30.0,4.310526315789468,-30.0,3.8862137862137813,-30.0,3.46190125663809,-30.0,3.143666859456323,-30.0,3.143666859456323,-30.0,3.143666859456323,-30.0,3.143666859456323,-30.0,left,-0.3795069145564666,2.837656024303365,0.25357142857142856,,,0.0,0.0,0.0,0.0
2.25.156021661584944120526934974594604520993,/home/user/workspace/dataset_extracted/Датасет/НД_для_обучения/Исследования/2.25.156021661584944120526934974594604520993/series_003_2_CR/A2507142228 DXA/CR DXA/CR000002.dcm,1.2.643.5.1.13.13.12.2.77.8252.02061505000012091414020201140711,14,261,280,right_hip,True,0.0,,,,,0.0,0.0,,,0,0.0,0,0.0,False,0.0,,,,,,,,2.837656024303365,2.837656024303365,31.799999999999997,80.85000000000001,0.0,4.734838845365155,42.6,-18.20997949418998,67.2,3.0,274.05,168.0,141.0,0.38392857142857145,0.21542145593869733,0.5402298850574713,0.30714285714285716,0.17857142857142858,0.4758788216220568,0.13770781079053898,0.938455652416128,-0.09164519690835675,-25.415941952784028,0.08404227351595636,-27.823891897576065,0.3658078763341848,-29.029854356170112,0.5414953467584979,-30.0,0.7171828171828111,-30.0,1.492870287607124,-30.0,1.6685577580314372,-30.0,2.5503233608496743,-30.0,2.7260108312739875,-30.0,3.5016983016982963,-30.0,4.277385772122609,-30.0,4.453073242546918,-30.0,4.628760712971231,-30.0,4.310526315789468,-30.0,3.8862137862137813,-30.0,3.46190125663809,-30.0,3.143666859456323,-30.0,3.143666859456323,-30.0,3.143666859456323,-30.0,3.143666859456323,-30.0,left,-0.3795069145564666,2.837656024303365,0.25357142857142856,,,0.0,0.0,0.0,0.0
2.25.156021661584944120526934974594604520993,/home/user/workspace/dataset_extracted/Датасет/НД_для_обучения/Исследования/2.25.156021661584944120526934974594604520993/series_003_2_CR/A2507142228 DXA/CR DXA/CR000003.dcm,1.2.643.5.1.13.13.12.2.77.8252.12020806150405080200131300151004,7,261,280,left_hip,True,0.0,,,,,,,0.0,0.0,0,0.0,0,0.0,False,0.0,,,,,,,,0.10889160045115928,0.10889160045115928,30.599999999999998,88.2,0.0,-14.306024096385551,30.599999999999998,18.53172623266177,78.75,10.2,274.05,168.0,261.0,0.29464285714285715,0.2111247947454844,1.0,0.29642857142857143,0.17142857142857143,0.512079767623658,0.16587932680485531,0.952294762833604,-24.686953528399318,1.530355371064107,-25.528192771084342,1.9050804900273561,-26.90912220309811,1.7361243292497932,-27.750361445783135,2.7108494482130423,-27.991600688468164,3.0855745671762915,-28.23283993115319,3.460299686139541,-26.674079173838212,4.43502480510279,-26.85500860585198,4.866068644325227,-30.0,6.440793763288476,-30.0,7.4155188822517255,-30.0,8.990244001214975,-30.0,10.564969120178224,-30.0,12.739694239141473,-30.0,14.37073807836391,-30.0,15.34546319732716,-30.0,15.72018831629041,-30.0,16.09491343525366,-30.0,17.06963855421691,-30.0,17.500682393439337,-30.0,18.53172623266177,right,0.17335134169106858,0.10889160045115928,0.18214285714285713,0.0,0.0,,,0.0,0.0
2.25.156021661584944120526934974594604520993,/home/user/workspace/dataset_extracted/Датасет/НД_для_обучения/Исследования/2.25.156021661584944120526934974594604520993/series_003_2_CR/A2507142228 DXA/CR DXA/CR000004.dcm,1.2.643.5.1.13.13.12.2.77.8252.04040506120312070613131201100500,9,261,280,left_hip,True,0.0,,,,,,,0.0,0.0,0,0.0,0,0.0,False,0.0,,,,,,,,0.10889160045115928,0.10889160045115928,30.599999999999998,88.2,0.0,-14.306024096385551,30.599999999999998,18.53172623266177,78.75,10.2,274.05,168.0,261.0,0.29464285714285715,0.2111247947454844,1.0,0.29642857142857143,0.17142857142857143,0.512079767623658,0.16587932680485531,0.952294762833604,-24.686953528399318,1.530355371064107,-25.528192771084342,1.9050804900273561,-26.90912220309811,1.7361243292497932,-27.750361445783135,2.7108494482130423,-27.991600688468164,3.0855745671762915,-28.23283993115319,3.460299686139541,-26.674079173838212,4.43502480510279,-26.85500860585198,4.866068644325227,-30.0,6.440793763288476,-30.0,7.4155188822517255,-30.0,8.990244001214975,-30.0,10.564969120178224,-30.0,12.739694239141473,-30.0,14.37073807836391,-30.0,15.34546319732716,-30.0,15.72018831629041,-30.0,16.09491343525366,-30.0,17.06963855421691,-30.0,17.500682393439337,-30.0,18.53172623266177,right,0.17335134169106858,0.10889160045115928,0.18214285714285713,0.0,0.0,,,0.0,0.0
2.25.156021661584944120526934974594604520993,/home/user/workspace/dataset_extracted/Датасет/НД_для_обучения/Исследования/2.25.156021661584944120526934974594604520993/series_003_2_CR/A2507142228 DXA/CR DXA/CR000005.dcm,1.2.643.5.1.13.13.12.2.77.8252.04130713101511140710050408091506,5,261,280,left_hip,True,0.0,,,,,,,0.0,0.0,0,0.0,0,0.0,False,0.0,,,,,,,,0.10889160045115928,0.10889160045115928,30.599999999999998,88.2,0.0,-14.306024096385551,30.599999999999998,18.53172623266177,78.75,10.2,274.05,168.0,261.0,0.29464285714285715,0.2111247947454844,1.0,0.29642857142857143,0.17142857142857143,0.512079767623658,0.16587932680485531,0.952294762833604,-24.686953528399318,1.530355371064107,-25.528192771084342,1.9050804900273561,-26.90912220309811,1.7361243292497932,-27.750361445783135,2.7108494482130423,-27.991600688468164,3.0855745671762915,-28.23283993115319,3.460299686139541,-26.674079173838212,4.43502480510279,-26.85500860585198,4.866068644325227,-30.0,6.440793763288476,-30.0,7.4155188822517255,-30.0,8.990244001214975,-30.0,10.564969120178224,-30.0,12.739694239141473,-30.0,14.37073807836391,-30.0,15.34546319732716,-30.0,15.72018831629041,-30.0,16.09491343525366,-30.0,17.06963855421691,-30.0,17.500682393439337,-30.0,18.53172623266177,right,0.17335134169106858,0.10889160045115928,0.18214285714285713,0.0,0.0,,,0.0,0.0
2.25.156021661584944120526934974594604520993,/home/user/workspace/dataset_extracted/Датасет/НД_для_обучения/Исследования/2.25.156021661584944120526934974594604520993/series_003_2_CR/A2507142228 DXA/CR DXA/CR000006.dcm,1.2.643.5.1.13.13.12.2.77.8252.11080103090607140209131008021505,6,261,280,right_hip,True,0.0,,,,,0.0,0.0,,,0,0.0,0,0.0,False,0.0,,,,,,,,2.837656024303365,2.837656024303365,31.799999999999997,80.85000000000001,0.0,4.734838845365155,42.6,-18.20997949418998,67.2,3.0,274.05,168.0,141.0,0.38392857142857145,0.21542145593869733,0.5402298850574713,0.30714285714285716,0.17857142857142858,0.4758788216220568,0.13770781079053898,0.938455652416128,-0.09164519690835675,-25.415941952784028,0.08404227351595636,-27.823891897576065,0.3658078763341848,-29.029854356170112,0.5414953467584979,-30.0,0.7171828171828111,-30.0,1.492870287607124,-30.0,1.6685577580314372,-30.0,2.5503233608496743,-30.0,2.7260108312739875,-30.0,3.5016983016982963,-30.0,4.277385772122609,-30.0,4.453073242546918,-30.0,4.628760712971231,-30.0,4.310526315789468,-30.0,3.8862137862137813,-30.0,3.46190125663809,-30.0,3.143666859456323,-30.0,3.143666859456323,-30.0,3.143666859456323,-30.0,3.143666859456323,-30.0,left,-0.3795069145564666,2.837656024303365,0.25357142857142856,,,0.0,0.0,0.0,0.0
2.25.156021661584944120526934974594604520993,/home/user/workspace/dataset_extracted/Датасет/НД_для_обучения/Исследования/2.25.156021661584944120526934974594604520993/series_003_2_CR/A2507142228 DXA/CR DXA/CR000007.dcm,1.2.643.5.1.13.13.12.2.77.8252.05041404051513101304111210060012,3,261,280,right_hip,True,0.0,,,,,0.0,0.0,,,0,0.0,0,0.0,False,0.0,,,,,,,,2.837656024303365,2.837656024303365,31.799999999999997,80.85000000000001,0.0,4.734838845365155,42.6,-18.20997949418998,67.2,3.0,274.05,168.0,141.0,0.38392857142857145,0.21542145593869733,0.5402298850574713,0.30714285714285716,0.17857142857142858,0.4758788216220568,0.13770781079053898,0.938455652416128,-0.09164519690835675,-25.415941952784028,0.08404227351595636,-27.823891897576065,0.3658078763341848,-29.029854356170112,0.5414953467584979,-30.0,0.7171828171828111,-30.0,1.492870287607124,-30.0,1.6685577580314372,-30.0,2.5503233608496743,-30.0,2.7260108312739875,-30.0,3.5016983016982963,-30.0,4.277385772122609,-30.0,4.453073242546918,-30.0,4.628760712971231,-30.0,4.310526315789468,-30.0,3.8862137862137813,-30.0,3.46190125663809,-30.0,3.143666859456323,-30.0,3.143666859456323,-30.0,3.143666859456323,-30.0,3.143666859456323,-30.0,left,-0.3795069145564666,2.837656024303365,0.25357142857142856,,,0.0,0.0,0.0,0.0
2.25.156021661584944120526934974594604520993,/home/user/workspace/dataset_extracted/Датасет/НД_для_обучения/Исследования/2.25.156021661584944120526934974594604520993/series_003_2_CR/A2507142228 DXA/CR DXA/CR000008.dcm,1.2.643.5.1.13.13.12.2.77.8252.10050703151214090610040504130101,4,315,300,spine,True,0.0,,0.0,0.0,0.0,,,,,448,282.24,448,282.24,True,3.444812587830556,1.3199659410897475,0.048687583377603705,315.0,-0.058625447112927984,0.0,0.0031746031746031746,0.3566666666666667,,,,,,,,,,,,,,,,,,,,,,,,,,,,,,,,,,,,,,,,,,,,,,,,,,,,,,,,,,,,,,,,,,,,,,,
2.25.156021661584944120526934974594604520993,/home/user/workspace/dataset_extracted/Датасет/НД_для_обучения/Исследования/2.25.156021661584944120526934974594604520993/series_003_2_CR/A2507142228 DXA/CR DXA/CR000009.dcm,1.2.643.5.1.13.13.12.2.77.8252.01020015070311140900060907010202,13,261,280,left_hip,True,0.0,,,,,,,0.0,0.0,0,0.0,0,0.0,False,0.0,,,,,,,,0.10889160045115928,0.10889160045115928,30.599999999999998,88.2,0.0,-14.306024096385551,30.599999999999998,18.53172623266177,78.75,10.2,274.05,168.0,261.0,0.29464285714285715,0.2111247947454844,1.0,0.29642857142857143,0.17142857142857143,0.512079767623658,0.16587932680485531,0.952294762833604,-24.686953528399318,1.530355371064107,-25.528192771084342,1.9050804900273561,-26.90912220309811,1.7361243292497932,-27.750361445783135,2.7108494482130423,-27.991600688468164,3.0855745671762915,-28.23283993115319,3.460299686139541,-26.674079173838212,4.43502480510279,-26.85500860585198,4.866068644325227,-30.0,6.440793763288476,-30.0,7.4155188822517255,-30.0,8.990244001214975,-30.0,10.564969120178224,-30.0,12.739694239141473,-30.0,14.37073807836391,-30.0,15.34546319732716,-30.0,15.72018831629041,-30.0,16.09491343525366,-30.0,17.06963855421691,-30.0,17.500682393439337,-30.0,18.53172623266177,right,0.17335134169106858,0.10889160045115928,0.18214285714285713,0.0,0.0,,,0.0,0.0
2.25.156021661584944120526934974594604520993,/home/user/workspace/dataset_extracted/Датасет/НД_для_обучения/Исследования/2.25.156021661584944120526934974594604520993/series_003_2_CR/A2507142228 DXA/CR DXA/CR000010.dcm,1.2.643.5.1.13.13.12.2.77.8252.11001008080504080903151311021305,2,261,280,left_hip,True,0.0,,,,,,,0.0,0.0,0,0.0,0,0.0,False,0.0,,,,,,,,0.10889160045115928,0.10889160045115928,30.599999999999998,88.2,0.0,-14.306024096385551,30.599999999999998,18.53172623266177,78.75,10.2,274.05,168.0,261.0,0.29464285714285715,0.2111247947454844,1.0,0.29642857142857143,0.17142857142857143,0.512079767623658,0.16587932680485531,0.952294762833604,-24.686953528399318,1.530355371064107,-25.528192771084342,1.9050804900273561,-26.90912220309811,1.7361243292497932,-27.750361445783135,2.7108494482130423,-27.991600688468164,3.0855745671762915,-28.23283993115319,3.460299686139541,-26.674079173838212,4.43502480510279,-26.85500860585198,4.866068644325227,-30.0,6.440793763288476,-30.0,7.4155188822517255,-30.0,8.990244001214975,-30.0,10.564969120178224,-30.0,12.739694239141473,-30.0,14.37073807836391,-30.0,15.34546319732716,-30.0,15.72018831629041,-30.0,16.09491343525366,-30.0,17.06963855421691,-30.0,17.500682393439337,-30.0,18.53172623266177,right,0.17335134169106858,0.10889160045115928,0.18214285714285713,0.0,0.0,,,0.0,0.0
2.25.156021661584944120526934974594604520993,/home/user/workspace/dataset_extracted/Датасет/НД_для_обучения/Исследования/2.25.156021661584944120526934974594604520993/series_003_2_CR/A2507142228 DXA/CR DXA/CR000011.dcm,1.2.643.5.1.13.13.12.2.77.8252.10070914150303091307080902000612,1,315,300,spine,True,0.0,,0.0,0.0,0.0,,,,,448,282.24,448,282.24,True,3.444812587830556,1.3199659410897475,0.048687583377603705,315.0,-0.058625447112927984,0.0,0.0031746031746031746,0.3566666666666667,,,,,,,,,,,,,,,,,,,,,,,,,,,,,,,,,,,,,,,,,,,,,,,,,,,,,,,,,,,,,,,,,,,,,,,
2.25.156375884487675936513403083218009333856,/home/user/workspace/dataset_extracted/Датасет/НД_для_обучения/Исследования/2.25.156375884487675936513403083218009333856/series_003_2_CR/A250727121 DXA/CR DXA/CR000000.dcm,1.2.643.5.1.13.13.12.2.77.8252.04001402031200081204010009090110,3,291,280,left_hip,True,0.0,,,,,,,0.0,0.0,0,0.0,0,0.0,False,0.0,,,,,,,,-3.689337577741102,3.689337577741102,30.0,117.60000000000001,0.0,1.3855203813168429,31.2,27.129752793248375,54.6,20.4,305.55,168.0,291.0,0.26785714285714285,0.25108001963672066,1.0,0.34285714285714286,0.16785714285714284,0.5613190552429007,0.15595682966523486,0.9651873766509597,0.0018604571701970939,3.0343415792530775,-0.44855468616529776,3.2422925137526817,-0.3363660436669221,3.5482557146273934,-0.18678118700242122,4.956206649126997,-0.03719633033792036,5.76415758362661,0.11238852632658052,7.172108518126214,0.26197338299108563,8.580059452625827,0.3741620254894613,10.08602265350053,0.5237468821539665,12.093973588000141,1.2733317388184673,14.701924522499745,-10.577083404517031,17.30987545699935,-11.62749854785253,20.51782639149896,-30.0,25.525777325998575,-30.0,27.129752793248375,-30.0,27.129752793248375,-30.0,27.129752793248375,-30.0,27.129752793248375,-30.0,27.129752793248375,-30.0,27.129752793248375,-30.0,27.129752793248375,left,-0.4975938776213642,3.689337577741102,0.18571428571428572,,,0.0,0.0,0.0,0.0
2.25.156375884487675936513403083218009333856,/home/user/workspace/dataset_extracted/Датасет/НД_для_обучения/Исследования/2.25.156375884487675936513403083218009333856/series_003_2_CR/A250727121 DXA/CR DXA/CR000001.dcm,1.2.643.5.1.13.13.12.2.77.8252.07090311111312140315080706100515,4,317,300,spine,True,1.0,"Наличие посторонних предметов, артефактов или наложений",0.0,0.0,1.0,,,,,1065,670.95,1065,670.95,True,4.851584726076441,0.520849122138754,1.2912700681168907,317.0,0.01175882967607104,0.0,0.0031545741324921135,0.38666666666666666,,,,,,,,,,,,,,,,,,,,,,,,,,,,,,,,,,,,,,,,,,,,,,,,,,,,,,,,,,,,,,,,,,,,,,,
2.25.156375884487675936513403083218009333856,/home/user/workspace/dataset_extracted/Датасет/НД_для_обучения/Исследования/2.25.156375884487675936513403083218009333856/series_003_2_CR/A250727121 DXA/CR DXA/CR000002.dcm,1.2.643.5.1.13.13.12.2.77.8252.14151108130201081305130506031009,6,291,280,left_hip,True,0.0,,,,,,,0.0,0.0,0,0.0,0,0.0,False,0.0,,,,,,,,-3.689337577741102,3.689337577741102,30.0,117.60000000000001,0.0,1.3855203813168429,31.2,27.129752793248375,54.6,20.4,305.55,168.0,291.0,0.26785714285714285,0.25108001963672066,1.0,0.34285714285714286,0.16785714285714284,0.5613190552429007,0.15595682966523486,0.9651873766509597,0.0018604571701970939,3.0343415792530775,-0.44855468616529776,3.2422925137526817,-0.3363660436669221,3.5482557146273934,-0.18678118700242122,4.956206649126997,-0.03719633033792036,5.76415758362661,0.11238852632658052,7.172108518126214,0.26197338299108563,8.580059452625827,0.3741620254894613,10.08602265350053,0.5237468821539665,12.093973588000141,1.2733317388184673,14.701924522499745,-10.577083404517031,17.30987545699935,-11.62749854785253,20.51782639149896,-30.0,25.525777325998575,-30.0,27.129752793248375,-30.0,27.129752793248375,-30.0,27.129752793248375,-30.0,27.129752793248375,-30.0,27.129752793248375,-30.0,27.129752793248375,-30.0,27.129752793248375,left,-0.4975938776213642,3.689337577741102,0.18571428571428572,,,0.0,0.0,0.0,0.0
2.25.156375884487675936513403083218009333856,/home/user/workspace/dataset_extracted/Датасет/НД_для_обучения/Исследования/2.25.156375884487675936513403083218009333856/series_003_2_CR/A250727121 DXA/CR DXA/CR000003.dcm,1.2.643.5.1.13.13.12.2.77.8252.14051207080309081314081508110108,9,317,300,spine,True,1.0,"Наличие посторонних предметов, артефактов или наложений",0.0,0.0,1.0,,,,,1065,670.95,1065,670.95,True,4.851584726076441,0.520849122138754,1.2912700681168907,317.0,0.01175882967607104,0.0,0.0031545741324921135,0.38666666666666666,,,,,,,,,,,,,,,,,,,,,,,,,,,,,,,,,,,,,,,,,,,,,,,,,,,,,,,,,,,,,,,,,,,,,,,
2.25.156375884487675936513403083218009333856,/home/user/workspace/dataset_extracted/Датасет/НД_для_обучения/Исследования/2.25.156375884487675936513403083218009333856/series_003_2_CR/A250727121 DXA/CR DXA/CR000004.dcm,1.2.643.5.1.13.13.12.2.77.8252.00010208150107110206110212130810,2,291,280,right_hip,True,0.0,,,,,0.0,0.0,,,0,0.0,0,0.0,False,0.0,,,,,,,,-4.038986557940336,4.038986557940336,30.0,96.60000000000001,0.0,0.722657706949434,61.8,24.45649399688669,55.650000000000006,39.0,305.55,168.0,291.0,0.45,0.2738831615120275,1.0,0.3607142857142857,0.16785714285714284,0.5836309636828831,0.18249035534000937,0.9577482359210653,0.13499375799516145,2.9037159194241835,-0.31654824838555556,3.6590447420741836,-0.20520475317109116,3.9255413590616794,-0.05674675955180816,4.0808701817116795,0.09171123406747483,4.83619900436168,0.24016922768675783,5.59152782701168,0.3886272213060408,6.946856649661697,0.4999707165205052,8.413353266649192,0.6484287101397882,9.768682089299192,0.19688670375907122,11.724010911949193,-0.25465530262164576,14.879339734599192,-2.5061973090023626,18.034668557249194,-4.757739315383071,21.189997379899193,-11.246395820168615,24.45649399688669,-11.246395820168615,24.45649399688669,-11.246395820168615,24.45649399688669,-11.246395820168615,24.45649399688669,-11.246395820168615,24.45649399688669,-11.246395820168615,24.45649399688669,-11.246395820168615,24.45649399688669,right,1.028245904963153,4.038986557940336,0.3678571428571428,0.0,0.0,,,0.0,0.0
2.25.156375884487675936513403083218009333856,/home/user/workspace/dataset_extracted/Датасет/НД_для_обучения/Исследования/2.25.156375884487675936513403083218009333856/series_003_2_CR/A250727121 DXA/CR DXA/CR000005.dcm,1.2.643.5.1.13.13.12.2.77.8252.09011413060403000011030100010009,12,291,280,left_hip,True,0.0,,,,,,,0.0,0.0,0,0.0,0,0.0,False,0.0,,,,,,,,-3.689337577741102,3.689337577741102,30.0,117.60000000000001,0.0,1.3855203813168429,31.2,27.129752793248375,54.6,20.4,305.55,168.0,291.0,0.26785714285714285,0.25108001963672066,1.0,0.34285714285714286,0.16785714285714284,0.5613190552429007,0.15595682966523486,0.9651873766509597,0.0018604571701970939,3.0343415792530775,-0.44855468616529776,3.2422925137526817,-0.3363660436669221,3.5482557146273934,-0.18678118700242122,4.956206649126997,-0.03719633033792036,5.76415758362661,0.11238852632658052,7.172108518126214,0.26197338299108563,8.580059452625827,0.3741620254894613,10.08602265350053,0.5237468821539665,12.093973588000141,1.2733317388184673,14.701924522499745,-10.577083404517031,17.30987545699935,-11.62749854785253,20.51782639149896,-30.0,25.525777325998575,-30.0,27.129752793248375,-30.0,27.129752793248375,-30.0,27.129752793248375,-30.0,27.129752793248375,-30.0,27.129752793248375,-30.0,27.129752793248375,-30.0,27.129752793248375,left,-0.4975938776213642,3.689337577741102,0.18571428571428572,,,0.0,0.0,0.0,0.0
2.25.156375884487675936513403083218009333856,/home/user/workspace/dataset_extracted/Датасет/НД_для_обучения/Исследования/2.25.156375884487675936513403083218009333856/series_003_2_CR/A250727121 DXA/CR DXA/CR000006.dcm,1.2.643.5.1.13.13.12.2.77.8252.08030713030704060311150311011102,7,291,280,left_hip,True,0.0,,,,,,,0.0,0.0,0,0.0,0,0.0,False,0.0,,,,,,,,-3.689337577741102,3.689337577741102,30.0,117.60000000000001,0.0,1.3855203813168429,31.2,27.129752793248375,54.6,20.4,305.55,168.0,291.0,0.26785714285714285,0.25108001963672066,1.0,0.34285714285714286,0.16785714285714284,0.5613190552429007,0.15595682966523486,0.9651873766509597,0.0018604571701970939,3.0343415792530775,-0.44855468616529776,3.2422925137526817,-0.3363660436669221,3.5482557146273934,-0.18678118700242122,4.956206649126997,-0.03719633033792036,5.76415758362661,0.11238852632658052,7.172108518126214,0.26197338299108563,8.580059452625827,0.3741620254894613,10.08602265350053,0.5237468821539665,12.093973588000141,1.2733317388184673,14.701924522499745,-10.577083404517031,17.30987545699935,-11.62749854785253,20.51782639149896,-30.0,25.525777325998575,-30.0,27.129752793248375,-30.0,27.129752793248375,-30.0,27.129752793248375,-30.0,27.129752793248375,-30.0,27.129752793248375,-30.0,27.129752793248375,-30.0,27.129752793248375,left,-0.4975938776213642,3.689337577741102,0.18571428571428572,,,0.0,0.0,0.0,0.0
2.25.156375884487675936513403083218009333856,/home/user/workspace/dataset_extracted/Датасет/НД_для_обучения/Исследования/2.25.156375884487675936513403083218009333856/series_003_2_CR/A250727121 DXA/CR DXA/CR000007.dcm,1.2.643.5.1.13.13.12.2.77.8252.05051104100602100505120514140315,11,291,280,right_hip,True,0.0,,,,,0.0,0.0,,,0,0.0,0,0.0,False,0.0,,,,,,,,-4.038986557940336,4.038986557940336,30.0,96.60000000000001,0.0,0.722657706949434,61.8,24.45649399688669,55.650000000000006,39.0,305.55,168.0,291.0,0.45,0.2738831615120275,1.0,0.3607142857142857,0.16785714285714284,0.5836309636828831,0.18249035534000937,0.9577482359210653,0.13499375799516145,2.9037159194241835,-0.31654824838555556,3.6590447420741836,-0.20520475317109116,3.9255413590616794,-0.05674675955180816,4.0808701817116795,0.09171123406747483,4.83619900436168,0.24016922768675783,5.59152782701168,0.3886272213060408,6.946856649661697,0.4999707165205052,8.413353266649192,0.6484287101397882,9.768682089299192,0.19688670375907122,11.724010911949193,-0.25465530262164576,14.879339734599192,-2.5061973090023626,18.034668557249194,-4.757739315383071,21.189997379899193,-11.246395820168615,24.45649399688669,-11.246395820168615,24.45649399688669,-11.246395820168615,24.45649399688669,-11.246395820168615,24.45649399688669,-11.246395820168615,24.45649399688669,-11.246395820168615,24.45649399688669,-11.246395820168615,24.45649399688669,right,1.028245904963153,4.038986557940336,0.3678571428571428,0.0,0.0,,,0.0,0.0
2.25.156375884487675936513403083218009333856,/home/user/workspace/dataset_extracted/Датасет/НД_для_обучения/Исследования/2.25.156375884487675936513403083218009333856/series_003_2_CR/A250727121 DXA/CR DXA/CR000008.dcm,1.2.643.5.1.13.13.12.2.77.8252.02120313110611140813031405011300,5,291,280,right_hip,True,0.0,,,,,0.0,0.0,,,0,0.0,0,0.0,False,0.0,,,,,,,,-4.038986557940336,4.038986557940336,30.0,96.60000000000001,0.0,0.722657706949434,61.8,24.45649399688669,55.650000000000006,39.0,305.55,168.0,291.0,0.45,0.2738831615120275,1.0,0.3607142857142857,0.16785714285714284,0.5836309636828831,0.18249035534000937,0.9577482359210653,0.13499375799516145,2.9037159194241835,-0.31654824838555556,3.6590447420741836,-0.20520475317109116,3.9255413590616794,-0.05674675955180816,4.0808701817116795,0.09171123406747483,4.83619900436168,0.24016922768675783,5.59152782701168,0.3886272213060408,6.946856649661697,0.4999707165205052,8.413353266649192,0.6484287101397882,9.768682089299192,0.19688670375907122,11.724010911949193,-0.25465530262164576,14.879339734599192,-2.5061973090023626,18.034668557249194,-4.757739315383071,21.189997379899193,-11.246395820168615,24.45649399688669,-11.246395820168615,24.45649399688669,-11.246395820168615,24.45649399688669,-11.246395820168615,24.45649399688669,-11.246395820168615,24.45649399688669,-11.246395820168615,24.45649399688669,-11.246395820168615,24.45649399688669,right,1.028245904963153,4.038986557940336,0.3678571428571428,0.0,0.0,,,0.0,0.0
2.25.156375884487675936513403083218009333856,/home/user/workspace/dataset_extracted/Датасет/НД_для_обучения/Исследования/2.25.156375884487675936513403083218009333856/series_003_2_CR/A250727121 DXA/CR DXA/CR000009.dcm,1.2.643.5.1.13.13.12.2.77.8252.01081107130715100908030700130001,1,317,300,spine,True,1.0,"Наличие посторонних предметов, артефактов или наложений",0.0,0.0,1.0,,,,,1065,670.95,1065,670.95,True,4.851584726076441,0.520849122138754,1.2912700681168907,317.0,0.01175882967607104,0.0,0.0031545741324921135,0.38666666666666666,,,,,,,,,,,,,,,,,,,,,,,,,,,,,,,,,,,,,,,,,,,,,,,,,,,,,,,,,,,,,,,,,,,,,,,
2.25.156375884487675936513403083218009333856,/home/user/workspace/dataset_extracted/Датасет/НД_для_обучения/Исследования/2.25.156375884487675936513403083218009333856/series_003_2_CR/A250727121 DXA/CR DXA/CR000010.dcm,1.2.643.5.1.13.13.12.2.77.8252.02031105000207140511130815071303,10,291,280,left_hip,True,0.0,,,,,,,0.0,0.0,0,0.0,0,0.0,False,0.0,,,,,,,,-3.689337577741102,3.689337577741102,30.0,117.60000000000001,0.0,1.3855203813168429,31.2,27.129752793248375,54.6,20.4,305.55,168.0,291.0,0.26785714285714285,0.25108001963672066,1.0,0.34285714285714286,0.16785714285714284,0.5613190552429007,0.15595682966523486,0.9651873766509597,0.0018604571701970939,3.0343415792530775,-0.44855468616529776,3.2422925137526817,-0.3363660436669221,3.5482557146273934,-0.18678118700242122,4.956206649126997,-0.03719633033792036,5.76415758362661,0.11238852632658052,7.172108518126214,0.26197338299108563,8.580059452625827,0.3741620254894613,10.08602265350053,0.5237468821539665,12.093973588000141,1.2733317388184673,14.701924522499745,-10.577083404517031,17.30987545699935,-11.62749854785253,20.51782639149896,-30.0,25.525777325998575,-30.0,27.129752793248375,-30.0,27.129752793248375,-30.0,27.129752793248375,-30.0,27.129752793248375,-30.0,27.129752793248375,-30.0,27.129752793248375,-30.0,27.129752793248375,left,-0.4975938776213642,3.689337577741102,0.18571428571428572,,,0.0,0.0,0.0,0.0
2.25.156389075510671877606923458507011517218,/home/user/workspace/dataset_extracted/Датасет/НД_для_обучения/Исследования/2.25.156389075510671877606923458507011517218/series_001_2_CR/A2507389755 DXA/CR DXA/CR000000.dcm,1.2.643.5.1.13.13.12.2.77.8252.12101514000107101207120412120213,5,292,280,right_hip,True,0.0,,,,,0.0,0.0,,,51,32.13,51,32.13,True,3.50732476527712,,,,,,,,0.5656551069254987,0.5656551069254987,33.6,88.2,0.0,-0.3437035537106197,63.0,-19.512220309810704,50.400000000000006,3.0,306.6,168.0,132.0,0.48928571428571427,0.2218811154598826,0.4520547945205479,0.33214285714285713,0.18214285714285713,0.5365709202057475,0.14924585482269614,0.9646140069168966,-0.9866032196010734,-22.03610812999901,-1.2347190442441813,-22.8012918902501,-0.8208059127265187,-24.725179710438425,-1.0689217373696265,-26.09036347068951,-1.3170375620127344,-26.255547230940596,-1.565153386655851,-29.42073099119168,-1.2132692112989587,-29.585914751442765,-1.3993560797812876,-30.0,-1.0474719044243954,-30.0,-0.6955877290675119,-30.0,-0.3437035537106197,-30.0,-0.5918193783537277,-30.0,-0.7158772906752858,-30.0,-0.7158772906752858,-30.0,-0.7158772906752858,-30.0,-0.7158772906752858,-30.0,-0.7158772906752858,-30.0,-0.7158772906752858,-30.0,-0.7158772906752858,-30.0,-0.7158772906752858,-30.0,right,0.8283037201322221,0.5656551069254987,0.375,0.0,0.0,,,0.0,0.0
2.25.156389075510671877606923458507011517218,/home/user/workspace/dataset_extracted/Датасет/НД_для_обучения/Исследования/2.25.156389075510671877606923458507011517218/series_001_2_CR/A2507389755 DXA/CR DXA/CR000001.dcm,1.2.643.5.1.13.13.12.2.77.8252.05051100060005040907000403081502,4,292,280,left_hip,True,0.0,,,,,,,0.0,0.0,0,0.0,0,0.0,False,0.0,,,,,,,,-2.253058617890333,2.253058617890333,32.4,101.85000000000001,0.0,-18.23002577319589,42.6,14.890498106459091,72.45,10.2,306.6,168.0,292.0,0.34285714285714286,0.23686399217221135,1.0,0.34285714285714286,0.175,0.5643558460258912,0.13271492769248272,0.9685086565688283,-18.240321901956673,1.8839785398695765,-18.254050073637718,2.7397643593520113,-18.8643462023985,3.0816037239638376,-24.87807437407954,3.3373895434462555,-24.891802545760587,2.99317536292869,-24.905530717441632,3.248961182411125,-23.71925888912267,3.5047470018935596,-23.729555017883452,3.246586366505386,-23.743283189564497,4.102372185987804,-23.757011361245535,4.9581580054702385,-23.770739532926584,5.813943824952673,-30.0,6.669729644435108,-30.0,7.525515463917543,-30.0,9.06735482852937,-30.0,10.523140648011786,-30.0,12.578926467494222,-30.0,13.434712286976657,-30.0,14.890498106459091,-30.0,14.890498106459091,-30.0,14.890498106459091,left,-0.4340709329426117,2.253058617890333,0.25357142857142856,,,0.0,0.0,0.0,0.0
2.25.156389075510671877606923458507011517218,/home/user/workspace/dataset_extracted/Датасет/НД_для_обучения/Исследования/2.25.156389075510671877606923458507011517218/series_001_2_CR/A2507389755 DXA/CR DXA/CR000002.dcm,1.2.643.5.1.13.13.12.2.77.8252.10040508121311001415130412050515,3,289,300,spine,True,0.0,,0.0,0.0,0.0,,,,,408,257.04,408,257.04,True,3.8570941922441593,0.0376815218235733,1.3410242230649276,289.0,0.01620945587739167,0.0,0.0034602076124567475,0.31666666666666665,,,,,,,,,,,,,,,,,,,,,,,,,,,,,,,,,,,,,,,,,,,,,,,,,,,,,,,,,,,,,,,,,,,,,,,
2.25.156389075510671877606923458507011517218,/home/user/workspace/dataset_extracted/Датасет/НД_для_обучения/Исследования/2.25.156389075510671877606923458507011517218/series_001_2_CR/A2507389755 DXA/CR DXA/CR000003.dcm,1.2.643.5.1.13.13.12.2.77.8252.12071112070710000412111310090807,1,289,300,spine,True,0.0,,0.0,0.0,0.0,,,,,408,257.04,408,257.04,True,3.8570941922441593,0.0376815218235733,1.3410242230649276,289.0,0.01620945587739167,0.0,0.0034602076124567475,0.31666666666666665,,,,,,,,,,,,,,,,,,,,,,,,,,,,,,,,,,,,,,,,,,,,,,,,,,,,,,,,,,,,,,,,,,,,,,,
2.25.156389075510671877606923458507011517218,/home/user/workspace/dataset_extracted/Датасет/НД_для_обучения/Исследования/2.25.156389075510671877606923458507011517218/series_001_2_CR/A2507389755 DXA/CR DXA/CR000004.dcm,1.2.643.5.1.13.13.12.2.77.8252.05071102020515091408100612011404,6,292,280,left_hip,True,0.0,,,,,,,0.0,0.0,0,0.0,0,0.0,False,0.0,,,,,,,,-2.253058617890333,2.253058617890333,32.4,101.85000000000001,0.0,-18.23002577319589,42.6,14.890498106459091,72.45,10.2,306.6,168.0,292.0,0.34285714285714286,0.23686399217221135,1.0,0.34285714285714286,0.175,0.5643558460258912,0.13271492769248272,0.9685086565688283,-18.240321901956673,1.8839785398695765,-18.254050073637718,2.7397643593520113,-18.8643462023985,3.0816037239638376,-24.87807437407954,3.3373895434462555,-24.891802545760587,2.99317536292869,-24.905530717441632,3.248961182411125,-23.71925888912267,3.5047470018935596,-23.729555017883452,3.246586366505386,-23.743283189564497,4.102372185987804,-23.757011361245535,4.9581580054702385,-23.770739532926584,5.813943824952673,-30.0,6.669729644435108,-30.0,7.525515463917543,-30.0,9.06735482852937,-30.0,10.523140648011786,-30.0,12.578926467494222,-30.0,13.434712286976657,-30.0,14.890498106459091,-30.0,14.890498106459091,-30.0,14.890498106459091,left,-0.4340709329426117,2.253058617890333,0.25357142857142856,,,0.0,0.0,0.0,0.0
2.25.156389075510671877606923458507011517218,/home/user/workspace/dataset_extracted/Датасет/НД_для_обучения/Исследования/2.25.156389075510671877606923458507011517218/series_001_2_CR/A2507389755 DXA/CR DXA/CR000005.dcm,1.2.643.5.1.13.13.12.2.77.8252.06010215090214010805091400020206,8,292,280,right_hip,True,0.0,,,,,0.0,0.0,,,51,32.13,51,32.13,True,3.50732476527712,,,,,,,,0.5656551069254987,0.5656551069254987,33.6,88.2,0.0,-0.3437035537106197,63.0,-19.512220309810704,50.400000000000006,3.0,306.6,168.0,132.0,0.48928571428571427,0.2218811154598826,0.4520547945205479,0.33214285714285713,0.18214285714285713,0.5365709202057475,0.14924585482269614,0.9646140069168966,-0.9866032196010734,-22.03610812999901,-1.2347190442441813,-22.8012918902501,-0.8208059127265187,-24.725179710438425,-1.0689217373696265,-26.09036347068951,-1.3170375620127344,-26.255547230940596,-1.565153386655851,-29.42073099119168,-1.2132692112989587,-29.585914751442765,-1.3993560797812876,-30.0,-1.0474719044243954,-30.0,-0.6955877290675119,-30.0,-0.3437035537106197,-30.0,-0.5918193783537277,-30.0,-0.7158772906752858,-30.0,-0.7158772906752858,-30.0,-0.7158772906752858,-30.0,-0.7158772906752858,-30.0,-0.7158772906752858,-30.0,-0.7158772906752858,-30.0,-0.7158772906752858,-30.0,-0.7158772906752858,-30.0,right,0.8283037201322221,0.5656551069254987,0.375,0.0,0.0,,,0.0,0.0
2.25.157462338378550185821790046400986801350,/home/user/workspace/dataset_extracted/Датасет/НД_для_обучения/Исследования/2.25.157462338378550185821790046400986801350/series_001_2_CR/A2507498707 DXA/CR DXA/CR000000.dcm,1.2.643.5.1.13.13.12.2.77.8252.15011410150513090204040606151204,1,289,300,spine,True,0.0,,0.0,0.0,0.0,,,,,27,17.01,27,17.01,True,3.229898355008279,0.1768553478130811,1.0219107157739233,289.0,-0.010887696557586063,0.0,0.0034602076124567475,0.33,,,,,,,,,,,,,,,,,,,,,,,,,,,,,,,,,,,,,,,,,,,,,,,,,,,,,,,,,,,,,,,,,,,,,,,
2.25.157462338378550185821790046400986801350,/home/user/workspace/dataset_extracted/Датасет/НД_для_обучения/Исследования/2.25.157462338378550185821790046400986801350/series_001_2_CR/A2507498707 DXA/CR DXA/CR000001.dcm,1.2.643.5.1.13.13.12.2.77.8252.14100604010411121207140303140506,5,235,280,right_hip,True,1.0,Нарушение позиционирования/ротации правого бедра,,,,1.0,0.0,,,0,0.0,0,0.0,False,0.0,,,,,,,,-9.755956736754984,9.755956736754984,24.3,73.5,0.0,-1.9840993788819843,61.199999999999996,0.8158026419386033,44.1,8.4,246.75,168.0,235.0,0.44285714285714284,0.18193009118541034,1.0,0.22142857142857142,0.1392857142857143,0.5623483172231297,0.15595186715358147,0.9636414820755319,-4.715031055900627,-0.5048272242148301,-4.441490683229824,-1.0755699413874424,-3.786335403726707,-1.5036269792668975,-2.9127950310558957,-2.0743696964394926,-2.0392546583850844,-2.045112413612105,-7.16571428571429,-2.0158551307847006,-7.492173913043478,-1.9865978479572959,-8.637018633540379,-1.214654885836751,-8.963478260869566,-0.5853976030093463,-9.289937888198756,0.043859679818041286,-9.616397515527945,0.673116962645446,-9.616397515527945,0.673116962645446,-9.616397515527945,0.673116962645446,-9.616397515527945,0.673116962645446,-9.616397515527945,0.673116962645446,-9.616397515527945,0.673116962645446,-9.616397515527945,0.673116962645446,-9.616397515527945,0.673116962645446,-9.616397515527945,0.673116962645446,-9.616397515527945,0.673116962645446,right,0.43581197477015526,9.755956736754984,0.36428571428571427,1.0,0.0,,,1.0,0.0
2.25.157462338378550185821790046400986801350,/home/user/workspace/dataset_extracted/Датасет/НД_для_обучения/Исследования/2.25.157462338378550185821790046400986801350/series_001_2_CR/A2507498707 DXA/CR DXA/CR000002.dcm,1.2.643.5.1.13.13.12.2.77.8252.15141103121505150805131303080314,3,289,300,spine,True,0.0,,0.0,0.0,0.0,,,,,27,17.01,27,17.01,True,3.229898355008279,0.1768553478130811,1.0219107157739233,289.0,-0.010887696557586063,0.0,0.0034602076124567475,0.33,,,,,,,,,,,,,,,,,,,,,,,,,,,,,,,,,,,,,,,,,,,,,,,,,,,,,,,,,,,,,,,,,,,,,,,
2.25.157462338378550185821790046400986801350,/home/user/workspace/dataset_extracted/Датасет/НД_для_обучения/Исследования/2.25.157462338378550185821790046400986801350/series_001_2_CR/A2507498707 DXA/CR DXA/CR000003.dcm,1.2.643.5.1.13.13.12.2.77.8252.01041213150709070704090905040703,6,235,280,left_hip,True,1.0,Нарушение позиционирования/ротации левого бедра,,,,,,1.0,0.0,0,0.0,0,0.0,False,0.0,,,,,,,,-8.913468959941651,8.913468959941651,24.599999999999998,73.5,0.0,-0.5011110139095365,59.4,5.493871052401357,55.650000000000006,12.0,246.75,168.0,235.0,0.42142857142857143,0.18598784194528875,1.0,0.2357142857142857,0.1392857142857143,0.5658149035591403,0.14791912720780176,0.9657246555464556,-8.09435744904207,1.9911118887236396,-7.33503280552882,2.03300848569678,-7.96553932289388,1.6144309334266438,-9.006214679380621,1.056327530399784,-8.246890035867372,1.0982241273729243,-6.887565392354122,1.1401207243460647,-5.528240748840863,0.582017321319222,-4.358747266205924,0.7634397690490686,-2.999422622692674,0.8053363660222089,-2.2400979791794158,1.447232962995349,-0.8807733356661572,2.0891295599684896,-10.321448692152899,2.73102615694163,-11.962124048639657,4.572922753914787,-11.992630566004708,5.354345201644634,-11.992630566004708,5.354345201644634,-11.992630566004708,5.354345201644634,-11.992630566004708,5.354345201644634,-11.992630566004708,5.354345201644634,-11.992630566004708,5.354345201644634,-11.992630566004708,5.354345201644634,left,-0.47178518838115846,8.913468959941651,0.35357142857142854,,,1.0,0.0,1.0,0.0
2.25.157462338378550185821790046400986801350,/home/user/workspace/dataset_extracted/Датасет/НД_для_обучения/Исследования/2.25.157462338378550185821790046400986801350/series_001_2_CR/A2507498707 DXA/CR DXA/CR000004.dcm,1.2.643.5.1.13.13.12.2.77.8252.01050311070609101401120201090506,8,235,280,right_hip,True,1.0,Нарушение позиционирования/ротации правого бедра,,,,1.0,0.0,,,0,0.0,0,0.0,False,0.0,,,,,,,,-9.755956736754984,9.755956736754984,24.3,73.5,0.0,-1.9840993788819843,61.199999999999996,0.8158026419386033,44.1,8.4,246.75,168.0,235.0,0.44285714285714284,0.18193009118541034,1.0,0.22142857142857142,0.1392857142857143,0.5623483172231297,0.15595186715358147,0.9636414820755319,-4.715031055900627,-0.5048272242148301,-4.441490683229824,-1.0755699413874424,-3.786335403726707,-1.5036269792668975,-2.9127950310558957,-2.0743696964394926,-2.0392546583850844,-2.045112413612105,-7.16571428571429,-2.0158551307847006,-7.492173913043478,-1.9865978479572959,-8.637018633540379,-1.214654885836751,-8.963478260869566,-0.5853976030093463,-9.289937888198756,0.043859679818041286,-9.616397515527945,0.673116962645446,-9.616397515527945,0.673116962645446,-9.616397515527945,0.673116962645446,-9.616397515527945,0.673116962645446,-9.616397515527945,0.673116962645446,-9.616397515527945,0.673116962645446,-9.616397515527945,0.673116962645446,-9.616397515527945,0.673116962645446,-9.616397515527945,0.673116962645446,-9.616397515527945,0.673116962645446,right,0.43581197477015526,9.755956736754984,0.36428571428571427,1.0,0.0,,,1.0,0.0
2.25.157462338378550185821790046400986801350,/home/user/workspace/dataset_extracted/Датасет/НД_для_обучения/Исследования/2.25.157462338378550185821790046400986801350/series_001_2_CR/A2507498707 DXA/CR DXA/CR000005.dcm,1.2.643.5.1.13.13.12.2.77.8252.04150901080711131310091006050208,4,235,280,left_hip,True,1.0,Нарушение позиционирования/ротации левого бедра,,,,,,1.0,0.0,0,0.0,0,0.0,False,0.0,,,,,,,,-8.913468959941651,8.913468959941651,24.599999999999998,73.5,0.0,-0.5011110139095365,59.4,5.493871052401357,55.650000000000006,12.0,246.75,168.0,235.0,0.42142857142857143,0.18598784194528875,1.0,0.2357142857142857,0.1392857142857143,0.5658149035591403,0.14791912720780176,0.9657246555464556,-8.09435744904207,1.9911118887236396,-7.33503280552882,2.03300848569678,-7.96553932289388,1.6144309334266438,-9.006214679380621,1.056327530399784,-8.246890035867372,1.0982241273729243,-6.887565392354122,1.1401207243460647,-5.528240748840863,0.582017321319222,-4.358747266205924,0.7634397690490686,-2.999422622692674,0.8053363660222089,-2.2400979791794158,1.447232962995349,-0.8807733356661572,2.0891295599684896,-10.321448692152899,2.73102615694163,-11.962124048639657,4.572922753914787,-11.992630566004708,5.354345201644634,-11.992630566004708,5.354345201644634,-11.992630566004708,5.354345201644634,-11.992630566004708,5.354345201644634,-11.992630566004708,5.354345201644634,-11.992630566004708,5.354345201644634,-11.992630566004708,5.354345201644634,left,-0.47178518838115846,8.913468959941651,0.35357142857142854,,,1.0,0.0,1.0,0.0
2.25.158197739569377798130962967413133224194,/home/user/workspace/dataset_extracted/Датасет/НД_для_обучения/Исследования/2.25.158197739569377798130962967413133224194/series_002_2_CR/A2504245497 DXA/CR DXA/CR000000.dcm,1.2.643.5.1.13.13.12.2.77.8252.09040703010601060814101313081104,1,291,300,spine,True,0.0,,0.0,0.0,0.0,,,,,101,63.63,101,63.63,True,3.2773839693019657,1.5749070386823656,0.01664017010702823,291.0,0.008056944177401798,0.0,0.003436426116838488,0.3333333333333333,,,,,,,,,,,,,,,,,,,,,,,,,,,,,,,,,,,,,,,,,,,,,,,,,,,,,,,,,,,,,,,,,,,,,,,
2.25.158646777318759504110695916200521633609,/home/user/workspace/dataset_extracted/Датасет/НД_для_обучения/Исследования/2.25.158646777318759504110695916200521633609/series_003_6_CR/A2507266260 DXA/CR DXA/CR000000.dcm,1.2.643.5.1.13.13.12.2.77.8252.11050703151212091005010115120315,15,291,280,right_hip,True,0.0,,,,,0.0,0.0,,,0,0.0,0,0.0,False,0.0,,,,,,,,-1.9840909678934753,1.9840909678934753,24.0,115.5,0.0,2.6974478732276936,46.199999999999996,26.38379730856793,79.8,16.8,305.55,168.0,291.0,0.34285714285714286,0.21860579283259696,1.0,0.35,0.1392857142857143,0.5313868732096814,0.13395113828920438,0.965979099814012,0.2022685571309438,3.5336771634019186,-0.3372810675562931,4.503128282577808,-0.2919432860717251,4.930216621959727,-0.231492910758962,5.2996677411356155,-0.17104253544619893,5.069118860311505,0.4894078398665641,5.4385699794873945,0.5498582151793187,5.808021098663283,0.5951959966638952,6.235109438045202,1.2556463719766497,7.2045605572210825,1.3160967472894127,7.574011676396981,1.9765471226021758,8.54346279557286,2.636997497914939,10.11291391474876,2.6974478732276936,11.68236503392464,-11.05721434528773,13.309453373306559,-17.596763969974976,14.878904492482455,-17.53631359466221,17.648355611658335,-16.875863219349448,21.017806730834234,-16.815412844036693,25.587257850010115,-30.0,26.014346189392032,-30.0,26.38379730856793,right,0.6331261772548111,1.9840909678934753,0.27499999999999997,0.0,0.0,,,0.0,0.0
2.25.158646777318759504110695916200521633609,/home/user/workspace/dataset_extracted/Датасет/НД_для_обучения/Исследования/2.25.158646777318759504110695916200521633609/series_003_6_CR/A2507266260 DXA/CR DXA/CR000001.dcm,1.2.643.5.1.13.13.12.2.77.8252.08140602091513140007031414030212,13,287,300,spine,True,1.0,"Наличие посторонних предметов, артефактов или наложений",0.0,0.0,1.0,,,,,177,111.51,177,111.51,True,3.9107531812165455,1.1810348257130119,4.9177085665342,287.0,-0.016453305166798677,0.0,0.003484320557491289,0.3333333333333333,,,,,,,,,,,,,,,,,,,,,,,,,,,,,,,,,,,,,,,,,,,,,,,,,,,,,,,,,,,,,,,,,,,,,,,
2.25.158646777318759504110695916200521633609,/home/user/workspace/dataset_extracted/Датасет/НД_для_обучения/Исследования/2.25.158646777318759504110695916200521633609/series_003_6_CR/A2507266260 DXA/CR DXA/CR000002.dcm,1.2.643.5.1.13.13.12.2.77.8252.09070206070204150105120502020002,11,287,300,spine,True,1.0,"Наличие посторонних предметов, артефактов или наложений",0.0,0.0,1.0,,,,,177,111.51,177,111.51,True,3.9107531812165455,1.1810348257130119,4.9177085665342,287.0,-0.016453305166798677,0.0,0.003484320557491289,0.3333333333333333,,,,,,,,,,,,,,,,,,,,,,,,,,,,,,,,,,,,,,,,,,,,,,,,,,,,,,,,,,,,,,,,,,,,,,,
2.25.158646777318759504110695916200521633609,/home/user/workspace/dataset_extracted/Датасет/НД_для_обучения/Исследования/2.25.158646777318759504110695916200521633609/series_003_6_CR/A2507266260 DXA/CR DXA/CR000003.dcm,1.2.643.5.1.13.13.12.2.77.8252.03110108081008000413081502071511,14,289,280,left_hip,True,0.0,,,,,,,0.0,0.0,0,0.0,0,0.0,False,0.0,,,,,,,,-1.6540063076409945,1.6540063076409945,24.599999999999998,111.30000000000001,13.012414640904856,0.04794014661058838,42.0,17.152016525178233,106.05000000000001,3.0,303.45,168.0,207.0,0.31785714285714284,0.21134453781512605,0.7162629757785467,0.33214285714285713,0.1392857142857143,0.5208932378731321,0.12047592161252764,0.9679246265334865,0.028678237650208868,3.1572723379600487,0.04794014661058838,3.5339768748268168,-15.537613421669136,3.9665052774768865,-16.118351512708756,3.7432098143436545,-16.099089603748386,4.119914351210423,-16.079827694788012,3.8966188880771906,-17.860565785827635,4.873323424943959,-19.04611935410735,4.705851827594029,-19.626857445146978,5.682556364460797,-19.607595536186608,6.059260901327565,-19.588333627226227,7.035965438194332,-18.969071718265855,8.612669975061092,-17.74980980930548,10.189374511927861,-16.535363377585202,11.221902914577939,-16.51610146862482,12.798607451444706,-16.49683955966445,14.375311988311466,-15.277577650704071,17.152016525178233,-12.8583157417437,-4.671278937954997,-11.643869310023415,-9.038750535304928,-12.224607401063045,-9.26204599843816,left,-0.5321770447929617,1.6540063076409945,0.25,,,0.0,0.0,0.0,0.0
2.25.158646777318759504110695916200521633609,/home/user/workspace/dataset_extracted/Датасет/НД_для_обучения/Исследования/2.25.158646777318759504110695916200521633609/series_003_6_CR/A2507266260 DXA/CR DXA/CR000004.dcm,1.2.643.5.1.13.13.12.2.77.8252.12001515051514100814070205030801,16,289,280,left_hip,True,0.0,,,,,,,0.0,0.0,0,0.0,0,0.0,False,0.0,,,,,,,,-1.6540063076409945,1.6540063076409945,24.599999999999998,111.30000000000001,13.012414640904856,0.04794014661058838,42.0,17.152016525178233,106.05000000000001,3.0,303.45,168.0,207.0,0.31785714285714284,0.21134453781512605,0.7162629757785467,0.33214285714285713,0.1392857142857143,0.5208932378731321,0.12047592161252764,0.9679246265334865,0.028678237650208868,3.1572723379600487,0.04794014661058838,3.5339768748268168,-15.537613421669136,3.9665052774768865,-16.118351512708756,3.7432098143436545,-16.099089603748386,4.119914351210423,-16.079827694788012,3.8966188880771906,-17.860565785827635,4.873323424943959,-19.04611935410735,4.705851827594029,-19.626857445146978,5.682556364460797,-19.607595536186608,6.059260901327565,-19.588333627226227,7.035965438194332,-18.969071718265855,8.612669975061092,-17.74980980930548,10.189374511927861,-16.535363377585202,11.221902914577939,-16.51610146862482,12.798607451444706,-16.49683955966445,14.375311988311466,-15.277577650704071,17.152016525178233,-12.8583157417437,-4.671278937954997,-11.643869310023415,-9.038750535304928,-12.224607401063045,-9.26204599843816,left,-0.5321770447929617,1.6540063076409945,0.25,,,0.0,0.0,0.0,0.0
2.25.158646777318759504110695916200521633609,/home/user/workspace/dataset_extracted/Датасет/НД_для_обучения/Исследования/2.25.158646777318759504110695916200521633609/series_003_6_CR/A2507266260 DXA/CR DXA/CR000005.dcm,1.2.643.5.1.13.13.12.2.77.8252.15131010101502051307000500101007,8,291,280,right_hip,True,0.0,,,,,0.0,0.0,,,0,0.0,0,0.0,False,0.0,,,,,,,,-1.9840909678934753,1.9840909678934753,24.0,115.5,0.0,2.6974478732276936,46.199999999999996,26.38379730856793,79.8,16.8,305.55,168.0,291.0,0.34285714285714286,0.21860579283259696,1.0,0.35,0.1392857142857143,0.5313868732096814,0.13395113828920438,0.965979099814012,0.2022685571309438,3.5336771634019186,-0.3372810675562931,4.503128282577808,-0.2919432860717251,4.930216621959727,-0.231492910758962,5.2996677411356155,-0.17104253544619893,5.069118860311505,0.4894078398665641,5.4385699794873945,0.5498582151793187,5.808021098663283,0.5951959966638952,6.235109438045202,1.2556463719766497,7.2045605572210825,1.3160967472894127,7.574011676396981,1.9765471226021758,8.54346279557286,2.636997497914939,10.11291391474876,2.6974478732276936,11.68236503392464,-11.05721434528773,13.309453373306559,-17.596763969974976,14.878904492482455,-17.53631359466221,17.648355611658335,-16.875863219349448,21.017806730834234,-16.815412844036693,25.587257850010115,-30.0,26.014346189392032,-30.0,26.38379730856793,right,0.6331261772548111,1.9840909678934753,0.27499999999999997,0.0,0.0,,,0.0,0.0
2.25.158646777318759504110695916200521633609,/home/user/workspace/dataset_extracted/Датасет/НД_для_обучения/Исследования/2.25.158646777318759504110695916200521633609/series_003_6_CR/A2507266260 DXA/CR DXA/CR000006.dcm,1.2.643.5.1.13.13.12.2.77.8252.04030712110411040711120105080700,5,291,280,right_hip,True,0.0,,,,,0.0,0.0,,,0,0.0,0,0.0,False,0.0,,,,,,,,-1.9840909678934753,1.9840909678934753,24.0,115.5,0.0,2.6974478732276936,46.199999999999996,26.38379730856793,79.8,16.8,305.55,168.0,291.0,0.34285714285714286,0.21860579283259696,1.0,0.35,0.1392857142857143,0.5313868732096814,0.13395113828920438,0.965979099814012,0.2022685571309438,3.5336771634019186,-0.3372810675562931,4.503128282577808,-0.2919432860717251,4.930216621959727,-0.231492910758962,5.2996677411356155,-0.17104253544619893,5.069118860311505,0.4894078398665641,5.4385699794873945,0.5498582151793187,5.808021098663283,0.5951959966638952,6.235109438045202,1.2556463719766497,7.2045605572210825,1.3160967472894127,7.574011676396981,1.9765471226021758,8.54346279557286,2.636997497914939,10.11291391474876,2.6974478732276936,11.68236503392464,-11.05721434528773,13.309453373306559,-17.596763969974976,14.878904492482455,-17.53631359466221,17.648355611658335,-16.875863219349448,21.017806730834234,-16.815412844036693,25.587257850010115,-30.0,26.014346189392032,-30.0,26.38379730856793,right,0.6331261772548111,1.9840909678934753,0.27499999999999997,0.0,0.0,,,0.0,0.0
2.25.158646777318759504110695916200521633609,/home/user/workspace/dataset_extracted/Датасет/НД_для_обучения/Исследования/2.25.158646777318759504110695916200521633609/series_003_6_CR/A2507266260 DXA/CR DXA/CR000007.dcm,1.2.643.5.1.13.13.12.2.77.8252.14150106081013050013050511140613,6,289,280,left_hip,True,0.0,,,,,,,0.0,0.0,0,0.0,0,0.0,False,0.0,,,,,,,,-1.6540063076409945,1.6540063076409945,24.599999999999998,111.30000000000001,13.012414640904856,0.04794014661058838,42.0,17.152016525178233,106.05000000000001,3.0,303.45,168.0,207.0,0.31785714285714284,0.21134453781512605,0.7162629757785467,0.33214285714285713,0.1392857142857143,0.5208932378731321,0.12047592161252764,0.9679246265334865,0.028678237650208868,3.1572723379600487,0.04794014661058838,3.5339768748268168,-15.537613421669136,3.9665052774768865,-16.118351512708756,3.7432098143436545,-16.099089603748386,4.119914351210423,-16.079827694788012,3.8966188880771906,-17.860565785827635,4.873323424943959,-19.04611935410735,4.705851827594029,-19.626857445146978,5.682556364460797,-19.607595536186608,6.059260901327565,-19.588333627226227,7.035965438194332,-18.969071718265855,8.612669975061092,-17.74980980930548,10.189374511927861,-16.535363377585202,11.221902914577939,-16.51610146862482,12.798607451444706,-16.49683955966445,14.375311988311466,-15.277577650704071,17.152016525178233,-12.8583157417437,-4.671278937954997,-11.643869310023415,-9.038750535304928,-12.224607401063045,-9.26204599843816,left,-0.5321770447929617,1.6540063076409945,0.25,,,0.0,0.0,0.0,0.0
2.25.158646777318759504110695916200521633609,/home/user/workspace/dataset_extracted/Датасет/НД_для_обучения/Исследования/2.25.158646777318759504110695916200521633609/series_003_6_CR/A2507266260 DXA/CR DXA/CR000008.dcm,1.2.643.5.1.13.13.12.2.77.8252.01120709131111081211081313110800,1,287,300,spine,True,1.0,"Наличие посторонних предметов, артефактов или наложений",0.0,0.0,1.0,,,,,177,111.51,177,111.51,True,3.9107531812165455,1.1810348257130119,4.9177085665342,287.0,-0.016453305166798677,0.0,0.003484320557491289,0.3333333333333333,,,,,,,,,,,,,,,,,,,,,,,,,,,,,,,,,,,,,,,,,,,,,,,,,,,,,,,,,,,,,,,,,,,,,,,
2.25.158646777318759504110695916200521633609,/home/user/workspace/dataset_extracted/Датасет/НД_для_обучения/Исследования/2.25.158646777318759504110695916200521633609/series_003_6_CR/A2507266260 DXA/CR DXA/CR000009.dcm,1.2.643.5.1.13.13.12.2.77.8252.10080511020009041308131206080209,3,287,300,spine,True,1.0,"Наличие посторонних предметов, артефактов или наложений",0.0,0.0,1.0,,,,,177,111.51,177,111.51,True,3.9107531812165455,1.1810348257130119,4.9177085665342,287.0,-0.016453305166798677,0.0,0.003484320557491289,0.3333333333333333,,,,,,,,,,,,,,,,,,,,,,,,,,,,,,,,,,,,,,,,,,,,,,,,,,,,,,,,,,,,,,,,,,,,,,,
2.25.158646777318759504110695916200521633609,/home/user/workspace/dataset_extracted/Датасет/НД_для_обучения/Исследования/2.25.158646777318759504110695916200521633609/series_003_6_CR/A2507266260 DXA/CR DXA/CR000010.dcm,1.2.643.5.1.13.13.12.2.77.8252.13040700151412120600060201031309,4,289,280,left_hip,True,0.0,,,,,,,0.0,0.0,0,0.0,0,0.0,False,0.0,,,,,,,,-1.6540063076409945,1.6540063076409945,24.599999999999998,111.30000000000001,13.012414640904856,0.04794014661058838,42.0,17.152016525178233,106.05000000000001,3.0,303.45,168.0,207.0,0.31785714285714284,0.21134453781512605,0.7162629757785467,0.33214285714285713,0.1392857142857143,0.5208932378731321,0.12047592161252764,0.9679246265334865,0.028678237650208868,3.1572723379600487,0.04794014661058838,3.5339768748268168,-15.537613421669136,3.9665052774768865,-16.118351512708756,3.7432098143436545,-16.099089603748386,4.119914351210423,-16.079827694788012,3.8966188880771906,-17.860565785827635,4.873323424943959,-19.04611935410735,4.705851827594029,-19.626857445146978,5.682556364460797,-19.607595536186608,6.059260901327565,-19.588333627226227,7.035965438194332,-18.969071718265855,8.612669975061092,-17.74980980930548,10.189374511927861,-16.535363377585202,11.221902914577939,-16.51610146862482,12.798607451444706,-16.49683955966445,14.375311988311466,-15.277577650704071,17.152016525178233,-12.8583157417437,-4.671278937954997,-11.643869310023415,-9.038750535304928,-12.224607401063045,-9.26204599843816,left,-0.5321770447929617,1.6540063076409945,0.25,,,0.0,0.0,0.0,0.0
2.25.158646777318759504110695916200521633609,/home/user/workspace/dataset_extracted/Датасет/НД_для_обучения/Исследования/2.25.158646777318759504110695916200521633609/series_004_2_CR/A2507266260 DXA/CR DXA/CR000000.dcm,1.2.643.5.1.13.13.12.2.77.8252.01101303110802020807060303150105,3,287,300,spine,True,1.0,"Наличие посторонних предметов, артефактов или наложений",0.0,0.0,1.0,,,,,177,111.51,177,111.51,True,3.9107531812165455,1.1810348257130119,4.9177085665342,287.0,-0.016453305166798677,0.0,0.003484320557491289,0.3333333333333333,,,,,,,,,,,,,,,,,,,,,,,,,,,,,,,,,,,,,,,,,,,,,,,,,,,,,,,,,,,,,,,,,,,,,,,
2.25.158646777318759504110695916200521633609,/home/user/workspace/dataset_extracted/Датасет/НД_для_обучения/Исследования/2.25.158646777318759504110695916200521633609/series_004_2_CR/A2507266260 DXA/CR DXA/CR000001.dcm,1.2.643.5.1.13.13.12.2.77.8252.07040712050005061000030214131300,15,291,280,right_hip,True,0.0,,,,,0.0,0.0,,,0,0.0,0,0.0,False,0.0,,,,,,,,-1.9840909678934753,1.9840909678934753,24.0,115.5,0.0,2.6974478732276936,46.199999999999996,26.38379730856793,79.8,16.8,305.55,168.0,291.0,0.34285714285714286,0.21860579283259696,1.0,0.35,0.1392857142857143,0.5313868732096814,0.13395113828920438,0.965979099814012,0.2022685571309438,3.5336771634019186,-0.3372810675562931,4.503128282577808,-0.2919432860717251,4.930216621959727,-0.231492910758962,5.2996677411356155,-0.17104253544619893,5.069118860311505,0.4894078398665641,5.4385699794873945,0.5498582151793187,5.808021098663283,0.5951959966638952,6.235109438045202,1.2556463719766497,7.2045605572210825,1.3160967472894127,7.574011676396981,1.9765471226021758,8.54346279557286,2.636997497914939,10.11291391474876,2.6974478732276936,11.68236503392464,-11.05721434528773,13.309453373306559,-17.596763969974976,14.878904492482455,-17.53631359466221,17.648355611658335,-16.875863219349448,21.017806730834234,-16.815412844036693,25.587257850010115,-30.0,26.014346189392032,-30.0,26.38379730856793,right,0.6331261772548111,1.9840909678934753,0.27499999999999997,0.0,0.0,,,0.0,0.0
2.25.158646777318759504110695916200521633609,/home/user/workspace/dataset_extracted/Датасет/НД_для_обучения/Исследования/2.25.158646777318759504110695916200521633609/series_004_2_CR/A2507266260 DXA/CR DXA/CR000002.dcm,1.2.643.5.1.13.13.12.2.77.8252.07100810031004120210110309111304,13,287,300,spine,True,1.0,"Наличие посторонних предметов, артефактов или наложений",0.0,0.0,1.0,,,,,177,111.51,177,111.51,True,3.9107531812165455,1.1810348257130119,4.9177085665342,287.0,-0.016453305166798677,0.0,0.003484320557491289,0.3333333333333333,,,,,,,,,,,,,,,,,,,,,,,,,,,,,,,,,,,,,,,,,,,,,,,,,,,,,,,,,,,,,,,,,,,,,,,
2.25.158646777318759504110695916200521633609,/home/user/workspace/dataset_extracted/Датасет/НД_для_обучения/Исследования/2.25.158646777318759504110695916200521633609/series_004_2_CR/A2507266260 DXA/CR DXA/CR000003.dcm,1.2.643.5.1.13.13.12.2.77.8252.07071202031002110807120405030608,4,289,280,left_hip,True,0.0,,,,,,,0.0,0.0,0,0.0,0,0.0,False,0.0,,,,,,,,-1.6540063076409945,1.6540063076409945,24.599999999999998,111.30000000000001,13.012414640904856,0.04794014661058838,42.0,17.152016525178233,106.05000000000001,3.0,303.45,168.0,207.0,0.31785714285714284,0.21134453781512605,0.7162629757785467,0.33214285714285713,0.1392857142857143,0.5208932378731321,0.12047592161252764,0.9679246265334865,0.028678237650208868,3.1572723379600487,0.04794014661058838,3.5339768748268168,-15.537613421669136,3.9665052774768865,-16.118351512708756,3.7432098143436545,-16.099089603748386,4.119914351210423,-16.079827694788012,3.8966188880771906,-17.860565785827635,4.873323424943959,-19.04611935410735,4.705851827594029,-19.626857445146978,5.682556364460797,-19.607595536186608,6.059260901327565,-19.588333627226227,7.035965438194332,-18.969071718265855,8.612669975061092,-17.74980980930548,10.189374511927861,-16.535363377585202,11.221902914577939,-16.51610146862482,12.798607451444706,-16.49683955966445,14.375311988311466,-15.277577650704071,17.152016525178233,-12.8583157417437,-4.671278937954997,-11.643869310023415,-9.038750535304928,-12.224607401063045,-9.26204599843816,left,-0.5321770447929617,1.6540063076409945,0.25,,,0.0,0.0,0.0,0.0
2.25.158646777318759504110695916200521633609,/home/user/workspace/dataset_extracted/Датасет/НД_для_обучения/Исследования/2.25.158646777318759504110695916200521633609/series_004_2_CR/A2507266260 DXA/CR DXA/CR000004.dcm,1.2.643.5.1.13.13.12.2.77.8252.02070215040314000714060301121012,5,291,280,right_hip,True,0.0,,,,,0.0,0.0,,,0,0.0,0,0.0,False,0.0,,,,,,,,-1.9840909678934753,1.9840909678934753,24.0,115.5,0.0,2.6974478732276936,46.199999999999996,26.38379730856793,79.8,16.8,305.55,168.0,291.0,0.34285714285714286,0.21860579283259696,1.0,0.35,0.1392857142857143,0.5313868732096814,0.13395113828920438,0.965979099814012,0.2022685571309438,3.5336771634019186,-0.3372810675562931,4.503128282577808,-0.2919432860717251,4.930216621959727,-0.231492910758962,5.2996677411356155,-0.17104253544619893,5.069118860311505,0.4894078398665641,5.4385699794873945,0.5498582151793187,5.808021098663283,0.5951959966638952,6.235109438045202,1.2556463719766497,7.2045605572210825,1.3160967472894127,7.574011676396981,1.9765471226021758,8.54346279557286,2.636997497914939,10.11291391474876,2.6974478732276936,11.68236503392464,-11.05721434528773,13.309453373306559,-17.596763969974976,14.878904492482455,-17.53631359466221,17.648355611658335,-16.875863219349448,21.017806730834234,-16.815412844036693,25.587257850010115,-30.0,26.014346189392032,-30.0,26.38379730856793,right,0.6331261772548111,1.9840909678934753,0.27499999999999997,0.0,0.0,,,0.0,0.0
2.25.158646777318759504110695916200521633609,/home/user/workspace/dataset_extracted/Датасет/НД_для_обучения/Исследования/2.25.158646777318759504110695916200521633609/series_004_2_CR/A2507266260 DXA/CR DXA/CR000005.dcm,1.2.643.5.1.13.13.12.2.77.8252.14020109130502120101091201060702,21,287,300,spine,True,1.0,"Наличие посторонних предметов, артефактов или наложений",0.0,0.0,1.0,,,,,177,111.51,177,111.51,True,3.9107531812165455,1.1810348257130119,4.9177085665342,287.0,-0.016453305166798677,0.0,0.003484320557491289,0.3333333333333333,,,,,,,,,,,,,,,,,,,,,,,,,,,,,,,,,,,,,,,,,,,,,,,,,,,,,,,,,,,,,,,,,,,,,,,
2.25.158646777318759504110695916200521633609,/home/user/workspace/dataset_extracted/Датасет/НД_для_обучения/Исследования/2.25.158646777318759504110695916200521633609/series_004_2_CR/A2507266260 DXA/CR DXA/CR000006.dcm,1.2.643.5.1.13.13.12.2.77.8252.10080501080902141107071310080400,16,289,280,left_hip,True,0.0,,,,,,,0.0,0.0,0,0.0,0,0.0,False,0.0,,,,,,,,-1.6540063076409945,1.6540063076409945,24.599999999999998,111.30000000000001,13.012414640904856,0.04794014661058838,42.0,17.152016525178233,106.05000000000001,3.0,303.45,168.0,207.0,0.31785714285714284,0.21134453781512605,0.7162629757785467,0.33214285714285713,0.1392857142857143,0.5208932378731321,0.12047592161252764,0.9679246265334865,0.028678237650208868,3.1572723379600487,0.04794014661058838,3.5339768748268168,-15.537613421669136,3.9665052774768865,-16.118351512708756,3.7432098143436545,-16.099089603748386,4.119914351210423,-16.079827694788012,3.8966188880771906,-17.860565785827635,4.873323424943959,-19.04611935410735,4.705851827594029,-19.626857445146978,5.682556364460797,-19.607595536186608,6.059260901327565,-19.588333627226227,7.035965438194332,-18.969071718265855,8.612669975061092,-17.74980980930548,10.189374511927861,-16.535363377585202,11.221902914577939,-16.51610146862482,12.798607451444706,-16.49683955966445,14.375311988311466,-15.277577650704071,17.152016525178233,-12.8583157417437,-4.671278937954997,-11.643869310023415,-9.038750535304928,-12.224607401063045,-9.26204599843816,left,-0.5321770447929617,1.6540063076409945,0.25,,,0.0,0.0,0.0,0.0
2.25.158646777318759504110695916200521633609,/home/user/workspace/dataset_extracted/Датасет/НД_для_обучения/Исследования/2.25.158646777318759504110695916200521633609/series_004_2_CR/A2507266260 DXA/CR DXA/CR000007.dcm,1.2.643.5.1.13.13.12.2.77.8252.05110305041311030310151512080811,28,291,280,right_hip,True,0.0,,,,,0.0,0.0,,,0,0.0,0,0.0,False,0.0,,,,,,,,-1.9840909678934753,1.9840909678934753,24.0,115.5,0.0,2.6974478732276936,46.199999999999996,26.38379730856793,79.8,16.8,305.55,168.0,291.0,0.34285714285714286,0.21860579283259696,1.0,0.35,0.1392857142857143,0.5313868732096814,0.13395113828920438,0.965979099814012,0.2022685571309438,3.5336771634019186,-0.3372810675562931,4.503128282577808,-0.2919432860717251,4.930216621959727,-0.231492910758962,5.2996677411356155,-0.17104253544619893,5.069118860311505,0.4894078398665641,5.4385699794873945,0.5498582151793187,5.808021098663283,0.5951959966638952,6.235109438045202,1.2556463719766497,7.2045605572210825,1.3160967472894127,7.574011676396981,1.9765471226021758,8.54346279557286,2.636997497914939,10.11291391474876,2.6974478732276936,11.68236503392464,-11.05721434528773,13.309453373306559,-17.596763969974976,14.878904492482455,-17.53631359466221,17.648355611658335,-16.875863219349448,21.017806730834234,-16.815412844036693,25.587257850010115,-30.0,26.014346189392032,-30.0,26.38379730856793,right,0.6331261772548111,1.9840909678934753,0.27499999999999997,0.0,0.0,,,0.0,0.0
2.25.158646777318759504110695916200521633609,/home/user/workspace/dataset_extracted/Датасет/НД_для_обучения/Исследования/2.25.158646777318759504110695916200521633609/series_004_2_CR/A2507266260 DXA/CR DXA/CR000008.dcm,1.2.643.5.1.13.13.12.2.77.8252.05050408000609040210110603090612,1,287,300,spine,True,1.0,"Наличие посторонних предметов, артефактов или наложений",0.0,0.0,1.0,,,,,177,111.51,177,111.51,True,3.9107531812165455,1.1810348257130119,4.9177085665342,287.0,-0.016453305166798677,0.0,0.003484320557491289,0.3333333333333333,,,,,,,,,,,,,,,,,,,,,,,,,,,,,,,,,,,,,,,,,,,,,,,,,,,,,,,,,,,,,,,,,,,,,,,
2.25.158646777318759504110695916200521633609,/home/user/workspace/dataset_extracted/Датасет/НД_для_обучения/Исследования/2.25.158646777318759504110695916200521633609/series_004_2_CR/A2507266260 DXA/CR DXA/CR000009.dcm,1.2.643.5.1.13.13.12.2.77.8252.09030907130311001200011206051201,26,289,280,left_hip,True,0.0,,,,,,,0.0,0.0,0,0.0,0,0.0,False,0.0,,,,,,,,-1.6540063076409945,1.6540063076409945,24.599999999999998,111.30000000000001,13.012414640904856,0.04794014661058838,42.0,17.152016525178233,106.05000000000001,3.0,303.45,168.0,207.0,0.31785714285714284,0.21134453781512605,0.7162629757785467,0.33214285714285713,0.1392857142857143,0.5208932378731321,0.12047592161252764,0.9679246265334865,0.028678237650208868,3.1572723379600487,0.04794014661058838,3.5339768748268168,-15.537613421669136,3.9665052774768865,-16.118351512708756,3.7432098143436545,-16.099089603748386,4.119914351210423,-16.079827694788012,3.8966188880771906,-17.860565785827635,4.873323424943959,-19.04611935410735,4.705851827594029,-19.626857445146978,5.682556364460797,-19.607595536186608,6.059260901327565,-19.588333627226227,7.035965438194332,-18.969071718265855,8.612669975061092,-17.74980980930548,10.189374511927861,-16.535363377585202,11.221902914577939,-16.51610146862482,12.798607451444706,-16.49683955966445,14.375311988311466,-15.277577650704071,17.152016525178233,-12.8583157417437,-4.671278937954997,-11.643869310023415,-9.038750535304928,-12.224607401063045,-9.26204599843816,left,-0.5321770447929617,1.6540063076409945,0.25,,,0.0,0.0,0.0,0.0
2.25.158646777318759504110695916200521633609,/home/user/workspace/dataset_extracted/Датасет/НД_для_обучения/Исследования/2.25.158646777318759504110695916200521633609/series_004_2_CR/A2507266260 DXA/CR DXA/CR000010.dcm,1.2.643.5.1.13.13.12.2.77.8252.14070407100802110204090510100607,8,291,280,right_hip,True,0.0,,,,,0.0,0.0,,,0,0.0,0,0.0,False,0.0,,,,,,,,-1.9840909678934753,1.9840909678934753,24.0,115.5,0.0,2.6974478732276936,46.199999999999996,26.38379730856793,79.8,16.8,305.55,168.0,291.0,0.34285714285714286,0.21860579283259696,1.0,0.35,0.1392857142857143,0.5313868732096814,0.13395113828920438,0.965979099814012,0.2022685571309438,3.5336771634019186,-0.3372810675562931,4.503128282577808,-0.2919432860717251,4.930216621959727,-0.231492910758962,5.2996677411356155,-0.17104253544619893,5.069118860311505,0.4894078398665641,5.4385699794873945,0.5498582151793187,5.808021098663283,0.5951959966638952,6.235109438045202,1.2556463719766497,7.2045605572210825,1.3160967472894127,7.574011676396981,1.9765471226021758,8.54346279557286,2.636997497914939,10.11291391474876,2.6974478732276936,11.68236503392464,-11.05721434528773,13.309453373306559,-17.596763969974976,14.878904492482455,-17.53631359466221,17.648355611658335,-16.875863219349448,21.017806730834234,-16.815412844036693,25.587257850010115,-30.0,26.014346189392032,-30.0,26.38379730856793,right,0.6331261772548111,1.9840909678934753,0.27499999999999997,0.0,0.0,,,0.0,0.0
2.25.158646777318759504110695916200521633609,/home/user/workspace/dataset_extracted/Датасет/НД_для_обучения/Исследования/2.25.158646777318759504110695916200521633609/series_004_2_CR/A2507266260 DXA/CR DXA/CR000011.dcm,1.2.643.5.1.13.13.12.2.77.8252.02001101060409110302091107020305,24,289,280,left_hip,True,0.0,,,,,,,0.0,0.0,0,0.0,0,0.0,False,0.0,,,,,,,,-1.6540063076409945,1.6540063076409945,24.599999999999998,111.30000000000001,13.012414640904856,0.04794014661058838,42.0,17.152016525178233,106.05000000000001,3.0,303.45,168.0,207.0,0.31785714285714284,0.21134453781512605,0.7162629757785467,0.33214285714285713,0.1392857142857143,0.5208932378731321,0.12047592161252764,0.9679246265334865,0.028678237650208868,3.1572723379600487,0.04794014661058838,3.5339768748268168,-15.537613421669136,3.9665052774768865,-16.118351512708756,3.7432098143436545,-16.099089603748386,4.119914351210423,-16.079827694788012,3.8966188880771906,-17.860565785827635,4.873323424943959,-19.04611935410735,4.705851827594029,-19.626857445146978,5.682556364460797,-19.607595536186608,6.059260901327565,-19.588333627226227,7.035965438194332,-18.969071718265855,8.612669975061092,-17.74980980930548,10.189374511927861,-16.535363377585202,11.221902914577939,-16.51610146862482,12.798607451444706,-16.49683955966445,14.375311988311466,-15.277577650704071,17.152016525178233,-12.8583157417437,-4.671278937954997,-11.643869310023415,-9.038750535304928,-12.224607401063045,-9.26204599843816,left,-0.5321770447929617,1.6540063076409945,0.25,,,0.0,0.0,0.0,0.0
2.25.158646777318759504110695916200521633609,/home/user/workspace/dataset_extracted/Датасет/НД_для_обучения/Исследования/2.25.158646777318759504110695916200521633609/series_004_2_CR/A2507266260 DXA/CR DXA/CR000012.dcm,1.2.643.5.1.13.13.12.2.77.8252.02081311121209090807151401120110,11,287,300,spine,True,1.0,"Наличие посторонних предметов, артефактов или наложений",0.0,0.0,1.0,,,,,177,111.51,177,111.51,True,3.9107531812165455,1.1810348257130119,4.9177085665342,287.0,-0.016453305166798677,0.0,0.003484320557491289,0.3333333333333333,,,,,,,,,,,,,,,,,,,,,,,,,,,,,,,,,,,,,,,,,,,,,,,,,,,,,,,,,,,,,,,,,,,,,,,
2.25.158646777318759504110695916200521633609,/home/user/workspace/dataset_extracted/Датасет/НД_для_обучения/Исследования/2.25.158646777318759504110695916200521633609/series_004_2_CR/A2507266260 DXA/CR DXA/CR000013.dcm,1.2.643.5.1.13.13.12.2.77.8252.04021100060501150502031503091205,23,287,300,spine,True,1.0,"Наличие посторонних предметов, артефактов или наложений",0.0,0.0,1.0,,,,,177,111.51,177,111.51,True,3.9107531812165455,1.1810348257130119,4.9177085665342,287.0,-0.016453305166798677,0.0,0.003484320557491289,0.3333333333333333,,,,,,,,,,,,,,,,,,,,,,,,,,,,,,,,,,,,,,,,,,,,,,,,,,,,,,,,,,,,,,,,,,,,,,,
2.25.158646777318759504110695916200521633609,/home/user/workspace/dataset_extracted/Датасет/НД_для_обучения/Исследования/2.25.158646777318759504110695916200521633609/series_004_2_CR/A2507266260 DXA/CR DXA/CR000014.dcm,1.2.643.5.1.13.13.12.2.77.8252.08031403081214020202010408050515,6,289,280,left_hip,True,0.0,,,,,,,0.0,0.0,0,0.0,0,0.0,False,0.0,,,,,,,,-1.6540063076409945,1.6540063076409945,24.599999999999998,111.30000000000001,13.012414640904856,0.04794014661058838,42.0,17.152016525178233,106.05000000000001,3.0,303.45,168.0,207.0,0.31785714285714284,0.21134453781512605,0.7162629757785467,0.33214285714285713,0.1392857142857143,0.5208932378731321,0.12047592161252764,0.9679246265334865,0.028678237650208868,3.1572723379600487,0.04794014661058838,3.5339768748268168,-15.537613421669136,3.9665052774768865,-16.118351512708756,3.7432098143436545,-16.099089603748386,4.119914351210423,-16.079827694788012,3.8966188880771906,-17.860565785827635,4.873323424943959,-19.04611935410735,4.705851827594029,-19.626857445146978,5.682556364460797,-19.607595536186608,6.059260901327565,-19.588333627226227,7.035965438194332,-18.969071718265855,8.612669975061092,-17.74980980930548,10.189374511927861,-16.535363377585202,11.221902914577939,-16.51610146862482,12.798607451444706,-16.49683955966445,14.375311988311466,-15.277577650704071,17.152016525178233,-12.8583157417437,-4.671278937954997,-11.643869310023415,-9.038750535304928,-12.224607401063045,-9.26204599843816,left,-0.5321770447929617,1.6540063076409945,0.25,,,0.0,0.0,0.0,0.0
2.25.158646777318759504110695916200521633609,/home/user/workspace/dataset_extracted/Датасет/НД_для_обучения/Исследования/2.25.158646777318759504110695916200521633609/series_004_2_CR/A2507266260 DXA/CR DXA/CR000015.dcm,1.2.643.5.1.13.13.12.2.77.8252.12010614051405051206130410050708,14,289,280,left_hip,True,0.0,,,,,,,0.0,0.0,0,0.0,0,0.0,False,0.0,,,,,,,,-1.6540063076409945,1.6540063076409945,24.599999999999998,111.30000000000001,13.012414640904856,0.04794014661058838,42.0,17.152016525178233,106.05000000000001,3.0,303.45,168.0,207.0,0.31785714285714284,0.21134453781512605,0.7162629757785467,0.33214285714285713,0.1392857142857143,0.5208932378731321,0.12047592161252764,0.9679246265334865,0.028678237650208868,3.1572723379600487,0.04794014661058838,3.5339768748268168,-15.537613421669136,3.9665052774768865,-16.118351512708756,3.7432098143436545,-16.099089603748386,4.119914351210423,-16.079827694788012,3.8966188880771906,-17.860565785827635,4.873323424943959,-19.04611935410735,4.705851827594029,-19.626857445146978,5.682556364460797,-19.607595536186608,6.059260901327565,-19.588333627226227,7.035965438194332,-18.969071718265855,8.612669975061092,-17.74980980930548,10.189374511927861,-16.535363377585202,11.221902914577939,-16.51610146862482,12.798607451444706,-16.49683955966445,14.375311988311466,-15.277577650704071,17.152016525178233,-12.8583157417437,-4.671278937954997,-11.643869310023415,-9.038750535304928,-12.224607401063045,-9.26204599843816,left,-0.5321770447929617,1.6540063076409945,0.25,,,0.0,0.0,0.0,0.0
2.25.158646777318759504110695916200521633609,/home/user/workspace/dataset_extracted/Датасет/НД_для_обучения/Исследования/2.25.158646777318759504110695916200521633609/series_004_2_CR/A2507266260 DXA/CR DXA/CR000016.dcm,1.2.643.5.1.13.13.12.2.77.8252.05131012021403090403150713091114,25,291,280,right_hip,True,0.0,,,,,0.0,0.0,,,0,0.0,0,0.0,False,0.0,,,,,,,,-1.9840909678934753,1.9840909678934753,24.0,115.5,0.0,2.6974478732276936,46.199999999999996,26.38379730856793,79.8,16.8,305.55,168.0,291.0,0.34285714285714286,0.21860579283259696,1.0,0.35,0.1392857142857143,0.5313868732096814,0.13395113828920438,0.965979099814012,0.2022685571309438,3.5336771634019186,-0.3372810675562931,4.503128282577808,-0.2919432860717251,4.930216621959727,-0.231492910758962,5.2996677411356155,-0.17104253544619893,5.069118860311505,0.4894078398665641,5.4385699794873945,0.5498582151793187,5.808021098663283,0.5951959966638952,6.235109438045202,1.2556463719766497,7.2045605572210825,1.3160967472894127,7.574011676396981,1.9765471226021758,8.54346279557286,2.636997497914939,10.11291391474876,2.6974478732276936,11.68236503392464,-11.05721434528773,13.309453373306559,-17.596763969974976,14.878904492482455,-17.53631359466221,17.648355611658335,-16.875863219349448,21.017806730834234,-16.815412844036693,25.587257850010115,-30.0,26.014346189392032,-30.0,26.38379730856793,right,0.6331261772548111,1.9840909678934753,0.27499999999999997,0.0,0.0,,,0.0,0.0
2.25.158646777318759504110695916200521633609,/home/user/workspace/dataset_extracted/Датасет/НД_для_обучения/Исследования/2.25.158646777318759504110695916200521633609/series_004_2_CR/A2507266260 DXA/CR DXA/CR000017.dcm,1.2.643.5.1.13.13.12.2.77.8252.11030505061512110108000404010908,18,291,280,right_hip,True,0.0,,,,,0.0,0.0,,,0,0.0,0,0.0,False,0.0,,,,,,,,-1.9840909678934753,1.9840909678934753,24.0,115.5,0.0,2.6974478732276936,46.199999999999996,26.38379730856793,79.8,16.8,305.55,168.0,291.0,0.34285714285714286,0.21860579283259696,1.0,0.35,0.1392857142857143,0.5313868732096814,0.13395113828920438,0.965979099814012,0.2022685571309438,3.5336771634019186,-0.3372810675562931,4.503128282577808,-0.2919432860717251,4.930216621959727,-0.231492910758962,5.2996677411356155,-0.17104253544619893,5.069118860311505,0.4894078398665641,5.4385699794873945,0.5498582151793187,5.808021098663283,0.5951959966638952,6.235109438045202,1.2556463719766497,7.2045605572210825,1.3160967472894127,7.574011676396981,1.9765471226021758,8.54346279557286,2.636997497914939,10.11291391474876,2.6974478732276936,11.68236503392464,-11.05721434528773,13.309453373306559,-17.596763969974976,14.878904492482455,-17.53631359466221,17.648355611658335,-16.875863219349448,21.017806730834234,-16.815412844036693,25.587257850010115,-30.0,26.014346189392032,-30.0,26.38379730856793,right,0.6331261772548111,1.9840909678934753,0.27499999999999997,0.0,0.0,,,0.0,0.0
2.25.159930383074323525630608416881201447861,/home/user/workspace/dataset_extracted/Датасет/НД_для_обучения/Исследования/2.25.159930383074323525630608416881201447861/series_002_2_CR/A2507139428 DXA/CR DXA/CR000000.dcm,1.2.643.5.1.13.13.12.2.77.8252.03050413050004110015050414021412,1,289,300,spine,True,0.0,,0.0,0.0,0.0,,,,,0,0.0,0,0.0,False,0.0,0.13695918346692176,0.00022012862436104896,289.0,-0.026709623586130153,0.0,0.0034602076124567475,0.38,,,,,,,,,,,,,,,,,,,,,,,,,,,,,,,,,,,,,,,,,,,,,,,,,,,,,,,,,,,,,,,,,,,,,,,
2.25.164566280810634620154538016595892212884,/home/user/workspace/dataset_extracted/Датасет/НД_для_обучения/Исследования/2.25.164566280810634620154538016595892212884/series_001_2_CR/A2504291878 DXA Exam/CR DXA Images/CR000000.dcm,1.2.643.5.1.13.13.12.2.77.8252.05080909100510090906081209130901,3,346,280,right_hip,True,1.0,Нарушение позиционирования/ротации правого бедра,,,,1.0,0.0,,,0,0.0,0,0.0,False,0.0,,,,,,,,-5.811271759935146,5.811271759935146,30.0,116.55000000000001,0.0,7.894478764478762,39.0,6.693994383994385,24.150000000000002,44.4,363.3,168.0,346.0,0.30892857142857144,0.3934351775392238,1.0,0.3678571428571429,0.15714285714285714,0.5574632690242702,0.14425940775277954,0.9280069901412653,2.642220077220074,-1.6974394524394596,3.9374324324324332,-1.2571375921375931,4.608841698841701,-0.6269111969111975,6.504054054054052,0.41339066339066904,7.199266409266403,2.0536925236925185,7.894478764478762,6.693994383994385,7.894478764478762,6.693994383994385,7.894478764478762,6.693994383994385,7.894478764478762,6.693994383994385,7.894478764478762,6.693994383994385,7.894478764478762,6.693994383994385,7.894478764478762,6.693994383994385,7.894478764478762,6.693994383994385,7.894478764478762,6.693994383994385,7.894478764478762,6.693994383994385,7.894478764478762,6.693994383994385,7.894478764478762,6.693994383994385,7.894478764478762,6.693994383994385,7.894478764478762,6.693994383994385,7.894478764478762,6.693994383994385,right,1.0653275079020272,5.811271759935146,0.23214285714285715,1.0,0.0,,,1.0,0.0
2.25.164566280810634620154538016595892212884,/home/user/workspace/dataset_extracted/Датасет/НД_для_обучения/Исследования/2.25.164566280810634620154538016595892212884/series_001_2_CR/A2504291878 DXA Exam/CR DXA Images/CR000001.dcm,1.2.643.5.1.13.13.12.2.77.8252.02030112081401101404040904010405,1,287,300,spine,True,1.0,Нарушение укладки поясничного отдела позвоночника,1.0,0.0,0.0,,,,,0,0.0,0,0.0,False,0.0,1.0455757435560795,0.5515940666232999,287.0,0.00038660879438860246,0.0,0.003484320557491289,0.2733333333333333,,,,,,,,,,,,,,,,,,,,,,,,,,,,,,,,,,,,,,,,,,,,,,,,,,,,,,,,,,,,,,,,,,,,,,,
2.25.164566280810634620154538016595892212884,/home/user/workspace/dataset_extracted/Датасет/НД_для_обучения/Исследования/2.25.164566280810634620154538016595892212884/series_001_2_CR/A2504291878 DXA Exam/CR DXA Images/CR000002.dcm,1.2.643.5.1.13.13.12.2.77.8252.00071210060602011311010906021407,2,346,280,left_hip,True,0.0,,,,,,,0.0,0.0,0,0.0,0,0.0,False,0.0,,,,,,,,-0.6050525515313454,0.6050525515313454,32.4,112.35000000000001,0.0,6.232046082407583,35.4,7.325004408393578,29.400000000000002,49.8,363.3,168.0,346.0,0.34464285714285714,0.3791184971098266,1.0,0.3892857142857143,0.17142857142857143,0.5220124538408821,0.1280330551401148,0.9209928472932428,2.9647328513489866,-0.02086051842709935,5.077752307059323,0.20345030270968323,5.462516898842076,1.1216834185622702,5.775536354552417,1.9459942396990355,6.088555810262754,2.770305060835818,5.80157526597309,4.794615881972601,5.514594721683431,6.8189267031093665,5.442849585611015,7.325004408393578,5.442849585611015,7.325004408393578,5.442849585611015,7.325004408393578,5.442849585611015,7.325004408393578,5.442849585611015,7.325004408393578,5.442849585611015,7.325004408393578,5.442849585611015,7.325004408393578,5.442849585611015,7.325004408393578,5.442849585611015,7.325004408393578,5.442849585611015,7.325004408393578,5.442849585611015,7.325004408393578,5.442849585611015,7.325004408393578,5.442849585611015,7.325004408393578,left,-1.08815529059626,0.6050525515313454,0.21071428571428572,,,0.0,0.0,0.0,0.0
2.25.165091430504580219034019815337441064349,/home/user/workspace/dataset_extracted/Датасет/НД_для_обучения/Исследования/2.25.165091430504580219034019815337441064349/series_001_2_CR/A2504415443 DXA/CR DXA/CR000000.dcm,1.2.643.5.1.13.13.12.2.77.8252.14100208080000030010140812001111,5,235,280,right_hip,True,0.0,,,,,0.0,0.0,,,0,0.0,0,0.0,False,0.0,,,,,,,,-0.08963568904647916,0.08963568904647916,29.7,81.9,0.0,-14.708691308691307,48.0,12.478286270691342,44.1,12.0,246.75,168.0,235.0,0.3892857142857143,0.20887537993920974,1.0,0.225,0.16071428571428573,0.5349829862527636,0.1320189694535115,0.943490103602276,-15.465339723567569,1.9873417721519047,-22.27420427673592,1.765335929892899,-24.23085269161219,2.198831548198649,-24.439717244780535,2.576825705939643,-24.648581797948882,2.9548198636806373,-25.45744635111724,3.9328140214216316,-26.866310904285587,4.910808179162626,-27.02295931916185,5.944303797468376,-27.2318238723302,8.122297955209353,-25.640688425498556,9.700292112950365,-30.0,12.478286270691342,-30.0,12.478286270691342,-30.0,12.478286270691342,-30.0,12.478286270691342,-30.0,12.478286270691342,-30.0,12.478286270691342,-30.0,12.478286270691342,-30.0,12.478286270691342,-30.0,12.478286270691342,-30.0,12.478286270691342,right,0.37852421321596186,0.08963568904647916,0.2857142857142857,0.0,0.0,,,0.0,0.0
2.25.165091430504580219034019815337441064349,/home/user/workspace/dataset_extracted/Датасет/НД_для_обучения/Исследования/2.25.165091430504580219034019815337441064349/series_001_2_CR/A2504415443 DXA/CR DXA/CR000001.dcm,1.2.643.5.1.13.13.12.2.77.8252.12140710150813060013011403140807,9,261,280,left_hip,True,1.0,Нарушение позиционирования/ротации левого бедра,,,,,,1.0,0.0,0,0.0,0,0.0,False,0.0,,,,,,,,-0.9164630271675296,0.9164630271675296,28.2,82.95,0.0,-17.829990262901678,74.39999999999999,17.08545277507304,57.75,10.799999999999999,274.05,168.0,261.0,0.5267857142857143,0.2046934865900383,1.0,0.2892857142857143,0.15714285714285714,0.5098526355944697,0.12467810130774877,0.9538725390456535,-18.471353456669934,2.101869522882197,-18.52650438169427,2.5123466407010824,-18.567867575462532,2.970204479065251,-21.62301850048687,3.9806815968841534,-22.27816942551122,4.391158714703039,-22.933320350535556,4.801635832521924,-22.988471275559895,5.21211295034081,-23.029834469328158,5.669970788704978,-21.884985394352498,6.680447906523864,-23.140136319376836,7.690925024342766,-27.39528724440118,9.30140214216165,-28.65043816942552,10.911879259980537,-28.705589094449866,13.122356377799422,-30.0,15.38021421616359,-30.0,17.08545277507304,-30.0,17.08545277507304,-30.0,17.08545277507304,-30.0,17.08545277507304,-30.0,17.08545277507304,-30.0,17.08545277507304,left,-1.0396087642237943,0.9164630271675296,0.4428571428571428,,,1.0,0.0,1.0,0.0
2.25.165091430504580219034019815337441064349,/home/user/workspace/dataset_extracted/Датасет/НД_для_обучения/Исследования/2.25.165091430504580219034019815337441064349/series_001_2_CR/A2504415443 DXA/CR DXA/CR000002.dcm,1.2.643.5.1.13.13.12.2.77.8252.01120104060301100213100004141203,1,287,300,spine,True,0.0,,0.0,0.0,0.0,,,,,27,17.01,27,17.01,True,4.004511290478012,1.8674447945984405,0.14069015812639796,287.0,-0.061489059687023936,0.0,0.003484320557491289,0.3566666666666667,,,,,,,,,,,,,,,,,,,,,,,,,,,,,,,,,,,,,,,,,,,,,,,,,,,,,,,,,,,,,,,,,,,,,,,
2.25.165091430504580219034019815337441064349,/home/user/workspace/dataset_extracted/Датасет/НД_для_обучения/Исследования/2.25.165091430504580219034019815337441064349/series_001_2_CR/A2504415443 DXA/CR DXA/CR000003.dcm,1.2.643.5.1.13.13.12.2.77.8252.03000107141315000207090502080502,7,287,300,spine,True,0.0,,0.0,0.0,0.0,,,,,27,17.01,27,17.01,True,4.004511290478012,1.8674447945984405,0.14069015812639796,287.0,-0.061489059687023936,0.0,0.003484320557491289,0.3566666666666667,,,,,,,,,,,,,,,,,,,,,,,,,,,,,,,,,,,,,,,,,,,,,,,,,,,,,,,,,,,,,,,,,,,,,,,
2.25.165091430504580219034019815337441064349,/home/user/workspace/dataset_extracted/Датасет/НД_для_обучения/Исследования/2.25.165091430504580219034019815337441064349/series_001_2_CR/A2504415443 DXA/CR DXA/CR000004.dcm,1.2.643.5.1.13.13.12.2.77.8252.12050607100307101401110010080508,8,235,280,right_hip,True,0.0,,,,,0.0,0.0,,,0,0.0,0,0.0,False,0.0,,,,,,,,-0.08963568904647916,0.08963568904647916,29.7,81.9,0.0,-14.708691308691307,48.0,12.478286270691342,44.1,12.0,246.75,168.0,235.0,0.3892857142857143,0.20887537993920974,1.0,0.225,0.16071428571428573,0.5349829862527636,0.1320189694535115,0.943490103602276,-15.465339723567569,1.9873417721519047,-22.27420427673592,1.765335929892899,-24.23085269161219,2.198831548198649,-24.439717244780535,2.576825705939643,-24.648581797948882,2.9548198636806373,-25.45744635111724,3.9328140214216316,-26.866310904285587,4.910808179162626,-27.02295931916185,5.944303797468376,-27.2318238723302,8.122297955209353,-25.640688425498556,9.700292112950365,-30.0,12.478286270691342,-30.0,12.478286270691342,-30.0,12.478286270691342,-30.0,12.478286270691342,-30.0,12.478286270691342,-30.0,12.478286270691342,-30.0,12.478286270691342,-30.0,12.478286270691342,-30.0,12.478286270691342,-30.0,12.478286270691342,right,0.37852421321596186,0.08963568904647916,0.2857142857142857,0.0,0.0,,,0.0,0.0
2.25.165091430504580219034019815337441064349,/home/user/workspace/dataset_extracted/Датасет/НД_для_обучения/Исследования/2.25.165091430504580219034019815337441064349/series_001_2_CR/A2504415443 DXA/CR DXA/CR000005.dcm,1.2.643.5.1.13.13.12.2.77.8252.02080910050503150405130310031107,3,261,280,left_hip,True,1.0,Нарушение позиционирования/ротации левого бедра,,,,,,1.0,0.0,0,0.0,0,0.0,False,0.0,,,,,,,,-0.9164630271675296,0.9164630271675296,28.2,82.95,0.0,-17.829990262901678,74.39999999999999,17.08545277507304,57.75,10.799999999999999,274.05,168.0,261.0,0.5267857142857143,0.2046934865900383,1.0,0.2892857142857143,0.15714285714285714,0.5098526355944697,0.12467810130774877,0.9538725390456535,-18.471353456669934,2.101869522882197,-18.52650438169427,2.5123466407010824,-18.567867575462532,2.970204479065251,-21.62301850048687,3.9806815968841534,-22.27816942551122,4.391158714703039,-22.933320350535556,4.801635832521924,-22.988471275559895,5.21211295034081,-23.029834469328158,5.669970788704978,-21.884985394352498,6.680447906523864,-23.140136319376836,7.690925024342766,-27.39528724440118,9.30140214216165,-28.65043816942552,10.911879259980537,-28.705589094449866,13.122356377799422,-30.0,15.38021421616359,-30.0,17.08545277507304,-30.0,17.08545277507304,-30.0,17.08545277507304,-30.0,17.08545277507304,-30.0,17.08545277507304,-30.0,17.08545277507304,left,-1.0396087642237943,0.9164630271675296,0.4428571428571428,,,1.0,0.0,1.0,0.0
2.25.165355673991587715046346525964554729786,/home/user/workspace/dataset_extracted/Датасет/НД_для_обучения/Исследования/2.25.165355673991587715046346525964554729786/series_003_3_CR/A2506448267 DXA/CR DXA/CR000000.dcm,1.2.643.5.1.13.13.12.2.77.8252.03030806061309020808141008071213,3,261,280,right_hip,False,,,,,,,,,,71,44.73,71,44.73,True,3.843542058133271,,,,,,,,-5.3029186473907455,5.3029186473907455,27.0,81.9,0.0,1.6728891361802651,46.199999999999996,15.79683354620063,74.55,13.2,274.05,168.0,261.0,0.3767857142857143,0.19692118226600985,1.0,0.25,0.15714285714285714,0.5490573911522493,0.1544335323363165,0.9670039225756579,-3.2116566977326557,1.9658240493683337,-3.030129364306589,2.5676753626120528,-2.443983864237043,3.1690638475448423,-1.6624565308109764,3.7709151607885616,-0.2809291973849099,3.772766474032281,0.5005981360411568,3.774617787276,1.2821254694672233,3.7764691005197193,1.2682709695367775,3.7778575854525087,-0.9502016970371556,4.379708898696228,-0.168674363611089,4.981560211939947,0.012852969814977655,6.183411525183666,0.1943803032410443,6.785262838427386,-0.824092363332889,7.987114151671104,-0.8379468632633348,9.188502636603895,-1.256419529837268,10.390353949847613,-1.6748921964112014,12.192205263091333,-1.4933648629851348,14.594056576335051,-2.511837529559068,15.795907889578771,-2.721073862846043,15.79683354620063,-2.721073862846043,15.79683354620063,left,-0.3054757847255824,5.3029186473907455,0.27499999999999997,,,0.0,0.0,0.0,0.0
2.25.165355673991587715046346525964554729786,/home/user/workspace/dataset_extracted/Датасет/НД_для_обучения/Исследования/2.25.165355673991587715046346525964554729786/series_003_3_CR/A2506448267 DXA/CR DXA/CR000001.dcm,1.2.643.5.1.13.13.12.2.77.8252.05130006080703150808130311150104,1,317,300,spine,True,1.0,"Наличие посторонних предметов, артефактов или наложений",0.0,0.0,1.0,,,,,143,90.09,143,90.09,True,4.236385023532637,1.255909284047378,0.1634979680128783,317.0,-0.019285029861521252,0.0,0.0031545741324921135,0.6766666666666666,,,,,,,,,,,,,,,,,,,,,,,,,,,,,,,,,,,,,,,,,,,,,,,,,,,,,,,,,,,,,,,,,,,,,,,
2.25.167344201679287285499405412654740659745,/home/user/workspace/dataset_extracted/Датасет/НД_для_обучения/Исследования/2.25.167344201679287285499405412654740659745/series_003_2_CR/A2504249537 DXA/CR DXA/CR000000.dcm,1.2.643.5.1.13.13.12.2.77.8252.05050004021105041108010100020012,5,265,280,left_hip,True,0.0,,,,,,,0.0,0.0,0,0.0,0,0.0,False,0.0,,,,,,,,-3.193425403612334,3.193425403612334,26.4,82.95,0.0,1.9446543330087478,44.4,19.22430379746837,69.3,12.0,278.25,168.0,265.0,0.3375,0.21688679245283018,1.0,0.2892857142857143,0.15,0.549007947314292,0.1744704959348259,0.9568649193130487,-0.08260954235638848,3.6893573515092584,0.027692307692296934,4.530993184031169,0.11041869522880461,4.262220058422593,0.22072054527749854,5.103855890944504,0.9310223953261754,5.345491723466415,1.0413242453748608,5.587127555988325,1.1516260954235462,5.828763388510237,1.8343524829600624,6.15999026290167,1.9446543330087478,6.40162609542358,-20.745043816942566,7.243261927945491,-20.63474196689388,8.684897760467384,-20.524440116845195,10.126533592989295,-30.0,11.568169425511206,-30.0,13.099396299902638,-30.0,15.141032132424549,-30.0,17.78266796494646,-30.0,19.22430379746837,-30.0,19.134712755598848,-30.0,19.134712755598848,-30.0,19.134712755598848,right,0.2848470143233872,3.193425403612334,0.2642857142857143,0.0,0.0,,,0.0,0.0
2.25.167344201679287285499405412654740659745,/home/user/workspace/dataset_extracted/Датасет/НД_для_обучения/Исследования/2.25.167344201679287285499405412654740659745/series_003_2_CR/A2504249537 DXA/CR DXA/CR000001.dcm,1.2.643.5.1.13.13.12.2.77.8252.03020203090713120707041512070302,4,263,280,right_hip,True,0.0,,,,,0.0,0.0,,,0,0.0,0,0.0,False,0.0,,,,,,,,-3.0230366308302754,3.0230366308302754,25.8,95.55,0.0,1.6994362159579453,36.6,23.139646440516014,70.35000000000001,9.6,276.15000000000003,168.0,263.0,0.2892857142857143,0.1983432916892993,1.0,0.24642857142857144,0.14642857142857144,0.5129354826933629,0.16492721683293962,0.9554914596408715,0.36910654562827006,3.5260678451982925,0.4961204013377795,5.0094696607740214,1.1913807931199158,5.372021022455823,1.3183946488294167,5.655422838031552,1.4454085045389262,6.538824653607281,1.5724223602484357,6.8222264691830015,1.6994362159579453,7.105628284758731,-22.805303392259926,7.4681796464405235,-23.878289536550415,8.351581462016252,-24.351275680840907,9.234983277591981,-24.224261825131396,10.718385093167711,-30.0,12.80178690874344,-30.0,14.28518872431917,-30.0,16.44774008600097,-30.0,19.13114190157669,-30.0,20.61454371715242,-30.0,22.09794553272815,-30.0,23.139646440516014,-30.0,23.139646440516014,-30.0,23.139646440516014,left,-0.24711989560932496,3.0230366308302754,0.21785714285714286,,,0.0,0.0,0.0,0.0
2.25.167344201679287285499405412654740659745,/home/user/workspace/dataset_extracted/Датасет/НД_для_обучения/Исследования/2.25.167344201679287285499405412654740659745/series_003_2_CR/A2504249537 DXA/CR DXA/CR000002.dcm,1.2.643.5.1.13.13.12.2.77.8252.06020510071406141308051102110806,1,292,300,spine,True,0.0,,0.0,0.0,0.0,,,,,0,0.0,0,0.0,False,0.0,0.7522542398919556,1.154504460307891,292.0,0.010726094960230626,0.0,0.003424657534246575,0.31666666666666665,,,,,,,,,,,,,,,,,,,,,,,,,,,,,,,,,,,,,,,,,,,,,,,,,,,,,,,,,,,,,,,,,,,,,,,
2.25.167344201679287285499405412654740659745,/home/user/workspace/dataset_extracted/Датасет/НД_для_обучения/Исследования/2.25.167344201679287285499405412654740659745/series_003_2_CR/A2504249537 DXA/CR DXA/CR000003.dcm,1.2.643.5.1.13.13.12.2.77.8252.03110714040901011514120512140506,8,263,280,right_hip,True,0.0,,,,,0.0,0.0,,,0,0.0,0,0.0,False,0.0,,,,,,,,-3.0230366308302754,3.0230366308302754,25.8,95.55,0.0,1.6994362159579453,36.6,23.139646440516014,70.35000000000001,9.6,276.15000000000003,168.0,263.0,0.2892857142857143,0.1983432916892993,1.0,0.24642857142857144,0.14642857142857144,0.5129354826933629,0.16492721683293962,0.9554914596408715,0.36910654562827006,3.5260678451982925,0.4961204013377795,5.0094696607740214,1.1913807931199158,5.372021022455823,1.3183946488294167,5.655422838031552,1.4454085045389262,6.538824653607281,1.5724223602484357,6.8222264691830015,1.6994362159579453,7.105628284758731,-22.805303392259926,7.4681796464405235,-23.878289536550415,8.351581462016252,-24.351275680840907,9.234983277591981,-24.224261825131396,10.718385093167711,-30.0,12.80178690874344,-30.0,14.28518872431917,-30.0,16.44774008600097,-30.0,19.13114190157669,-30.0,20.61454371715242,-30.0,22.09794553272815,-30.0,23.139646440516014,-30.0,23.139646440516014,-30.0,23.139646440516014,left,-0.24711989560932496,3.0230366308302754,0.21785714285714286,,,0.0,0.0,0.0,0.0
2.25.167344201679287285499405412654740659745,/home/user/workspace/dataset_extracted/Датасет/НД_для_обучения/Исследования/2.25.167344201679287285499405412654740659745/series_003_2_CR/A2504249537 DXA/CR DXA/CR000004.dcm,1.2.643.5.1.13.13.12.2.77.8252.04140115150705031110051301090913,6,292,300,spine,True,0.0,,0.0,0.0,0.0,,,,,0,0.0,0,0.0,False,0.0,0.7522542398919556,1.154504460307891,292.0,0.010726094960230626,0.0,0.003424657534246575,0.31666666666666665,,,,,,,,,,,,,,,,,,,,,,,,,,,,,,,,,,,,,,,,,,,,,,,,,,,,,,,,,,,,,,,,,,,,,,,
2.25.167344201679287285499405412654740659745,/home/user/workspace/dataset_extracted/Датасет/НД_для_обучения/Исследования/2.25.167344201679287285499405412654740659745/series_003_2_CR/A2504249537 DXA/CR DXA/CR000005.dcm,1.2.643.5.1.13.13.12.2.77.8252.10110808050405011511051303070302,7,265,280,left_hip,True,0.0,,,,,,,0.0,0.0,0,0.0,0,0.0,False,0.0,,,,,,,,-3.193425403612334,3.193425403612334,26.4,82.95,0.0,1.9446543330087478,44.4,19.22430379746837,69.3,12.0,278.25,168.0,265.0,0.3375,0.21688679245283018,1.0,0.2892857142857143,0.15,0.549007947314292,0.1744704959348259,0.9568649193130487,-0.08260954235638848,3.6893573515092584,0.027692307692296934,4.530993184031169,0.11041869522880461,4.262220058422593,0.22072054527749854,5.103855890944504,0.9310223953261754,5.345491723466415,1.0413242453748608,5.587127555988325,1.1516260954235462,5.828763388510237,1.8343524829600624,6.15999026290167,1.9446543330087478,6.40162609542358,-20.745043816942566,7.243261927945491,-20.63474196689388,8.684897760467384,-20.524440116845195,10.126533592989295,-30.0,11.568169425511206,-30.0,13.099396299902638,-30.0,15.141032132424549,-30.0,17.78266796494646,-30.0,19.22430379746837,-30.0,19.134712755598848,-30.0,19.134712755598848,-30.0,19.134712755598848,right,0.2848470143233872,3.193425403612334,0.2642857142857143,0.0,0.0,,,0.0,0.0
2.25.16773626720107440979805052259711419763,/home/user/workspace/dataset_extracted/Датасет/НД_для_обучения/Исследования/2.25.16773626720107440979805052259711419763/series_004_2_CR/A2507537392 DXA/CR DXA/CR000000.dcm,1.2.643.5.1.13.13.12.2.77.8252.09031014151115011007041507060209,16,289,300,spine,True,0.0,,0.0,0.0,0.0,,,,,26,16.38,26,16.38,True,3.5461061632440365,1.462735274834444,0.046022342663345484,289.0,-0.0030009594298245662,0.0,0.0034602076124567475,0.34,,,,,,,,,,,,,,,,,,,,,,,,,,,,,,,,,,,,,,,,,,,,,,,,,,,,,,,,,,,,,,,,,,,,,,,
2.25.16773626720107440979805052259711419763,/home/user/workspace/dataset_extracted/Датасет/НД_для_обучения/Исследования/2.25.16773626720107440979805052259711419763/series_004_2_CR/A2507537392 DXA/CR DXA/CR000001.dcm,1.2.643.5.1.13.13.12.2.77.8252.15000110101510080415120006131402,9,261,280,right_hip,True,0.0,,,,,0.0,0.0,,,0,0.0,0,0.0,False,0.0,,,,,,,,-8.42151469104292,8.42151469104292,27.9,81.9,0.0,-1.3218022483845373,40.199999999999996,23.065443417342163,69.3,12.0,274.05,168.0,261.0,0.3196428571428571,0.23738368910782703,1.0,0.35714285714285715,0.16428571428571428,0.5004035718985923,0.09586205346118301,0.9446324761077376,-2.799089518076863,1.7181400877603465,-1.886786631090436,1.9868157159296458,-1.8025594658506092,2.3383224370566182,-2.090256578864182,3.2069980652259176,-1.7779536918777465,4.075673693395217,-2.0656508048913196,5.544349321564516,-2.3533479179048924,6.413024949733815,-5.869120752665066,7.364531670860788,-5.556817865678639,9.433207299030096,-6.444514978692212,10.901882927199386,-7.332212091705776,12.970558555368694,-16.619909204719356,15.039234183537992,-18.10760631773292,18.307909811707294,-19.223379152493095,20.459416532834265,-19.511076265506677,21.328092161003564,-19.79877337852024,21.596767789172873,-19.48647049153381,23.065443417342163,-19.858394769787203,22.98261232438449,-19.858394769787203,22.98261232438449,-19.858394769787203,22.98261232438449,right,0.46674391519326575,8.42151469104292,0.23928571428571427,0.0,0.0,,,0.0,0.0
2.25.16773626720107440979805052259711419763,/home/user/workspace/dataset_extracted/Датасет/НД_для_обучения/Исследования/2.25.16773626720107440979805052259711419763/series_004_2_CR/A2507537392 DXA/CR DXA/CR000002.dcm,1.2.643.5.1.13.13.12.2.77.8252.07111109140703130315001513000701,4,261,280,right_hip,True,0.0,,,,,0.0,0.0,,,0,0.0,0,0.0,False,0.0,,,,,,,,-8.42151469104292,8.42151469104292,27.9,81.9,0.0,-1.3218022483845373,40.199999999999996,23.065443417342163,69.3,12.0,274.05,168.0,261.0,0.3196428571428571,0.23738368910782703,1.0,0.35714285714285715,0.16428571428571428,0.5004035718985923,0.09586205346118301,0.9446324761077376,-2.799089518076863,1.7181400877603465,-1.886786631090436,1.9868157159296458,-1.8025594658506092,2.3383224370566182,-2.090256578864182,3.2069980652259176,-1.7779536918777465,4.075673693395217,-2.0656508048913196,5.544349321564516,-2.3533479179048924,6.413024949733815,-5.869120752665066,7.364531670860788,-5.556817865678639,9.433207299030096,-6.444514978692212,10.901882927199386,-7.332212091705776,12.970558555368694,-16.619909204719356,15.039234183537992,-18.10760631773292,18.307909811707294,-19.223379152493095,20.459416532834265,-19.511076265506677,21.328092161003564,-19.79877337852024,21.596767789172873,-19.48647049153381,23.065443417342163,-19.858394769787203,22.98261232438449,-19.858394769787203,22.98261232438449,-19.858394769787203,22.98261232438449,right,0.46674391519326575,8.42151469104292,0.23928571428571427,0.0,0.0,,,0.0,0.0
2.25.16773626720107440979805052259711419763,/home/user/workspace/dataset_extracted/Датасет/НД_для_обучения/Исследования/2.25.16773626720107440979805052259711419763/series_004_2_CR/A2507537392 DXA/CR DXA/CR000003.dcm,1.2.643.5.1.13.13.12.2.77.8252.15061506101401070412150108010615,3,289,300,spine,True,0.0,,0.0,0.0,0.0,,,,,26,16.38,26,16.38,True,3.5461061632440365,1.462735274834444,0.046022342663345484,289.0,-0.0030009594298245662,0.0,0.0034602076124567475,0.34,,,,,,,,,,,,,,,,,,,,,,,,,,,,,,,,,,,,,,,,,,,,,,,,,,,,,,,,,,,,,,,,,,,,,,,
2.25.16773626720107440979805052259711419763,/home/user/workspace/dataset_extracted/Датасет/НД_для_обучения/Исследования/2.25.16773626720107440979805052259711419763/series_004_2_CR/A2507537392 DXA/CR DXA/CR000004.dcm,1.2.643.5.1.13.13.12.2.77.8252.13040605040810031203041510031012,18,261,280,left_hip,True,0.0,,,,,,,0.0,0.0,0,0.0,0,0.0,False,0.0,,,,,,,,-7.237080479408777,7.237080479408777,27.0,81.9,0.0,-2.2753120297424116,44.4,20.795538638576623,79.8,12.6,274.05,168.0,261.0,0.34464285714285714,0.21371100164203613,1.0,0.30714285714285716,0.15714285714285714,0.48127671838512454,0.1393380192065307,0.945147781991438,-5.013419491900504,1.552996370717895,-3.0443657608214494,1.855359830043386,-2.467575462512167,1.6321324245374937,-3.4985217314331294,1.9344958838629849,-3.9294680003540745,2.2368593431884674,-3.7604142692750284,2.53922280251395,-2.9913605381959827,3.441586261839433,-4.2145702398867,4.4183588563335485,-3.445516508807654,5.320722315659031,-5.676462777728608,6.223085774984514,-6.707409046649562,7.125449234309997,-5.938355315570516,8.627812693635496,-5.169301584491469,10.73017615296098,-4.592511286182178,11.706948747455096,-8.02345755510314,14.409312206780577,-17.454403824024087,17.11167566610606,-18.485350092945048,18.614039125431542,-18.916296361865992,18.916402584757027,-18.93950606355671,19.89317517925114,-19.370452332477665,20.795538638576623,left,-0.4030754156645347,7.237080479408777,0.2642857142857143,,,0.0,0.0,0.0,0.0
2.25.16773626720107440979805052259711419763,/home/user/workspace/dataset_extracted/Датасет/НД_для_обучения/Исследования/2.25.16773626720107440979805052259711419763/series_004_2_CR/A2507537392 DXA/CR DXA/CR000005.dcm,1.2.643.5.1.13.13.12.2.77.8252.02071412140202140114070213030205,17,261,280,right_hip,True,0.0,,,,,0.0,0.0,,,0,0.0,0,0.0,False,0.0,,,,,,,,-8.42151469104292,8.42151469104292,27.9,81.9,0.0,-1.3218022483845373,40.199999999999996,23.065443417342163,69.3,12.0,274.05,168.0,261.0,0.3196428571428571,0.23738368910782703,1.0,0.35714285714285715,0.16428571428571428,0.5004035718985923,0.09586205346118301,0.9446324761077376,-2.799089518076863,1.7181400877603465,-1.886786631090436,1.9868157159296458,-1.8025594658506092,2.3383224370566182,-2.090256578864182,3.2069980652259176,-1.7779536918777465,4.075673693395217,-2.0656508048913196,5.544349321564516,-2.3533479179048924,6.413024949733815,-5.869120752665066,7.364531670860788,-5.556817865678639,9.433207299030096,-6.444514978692212,10.901882927199386,-7.332212091705776,12.970558555368694,-16.619909204719356,15.039234183537992,-18.10760631773292,18.307909811707294,-19.223379152493095,20.459416532834265,-19.511076265506677,21.328092161003564,-19.79877337852024,21.596767789172873,-19.48647049153381,23.065443417342163,-19.858394769787203,22.98261232438449,-19.858394769787203,22.98261232438449,-19.858394769787203,22.98261232438449,right,0.46674391519326575,8.42151469104292,0.23928571428571427,0.0,0.0,,,0.0,0.0
2.25.16773626720107440979805052259711419763,/home/user/workspace/dataset_extracted/Датасет/НД_для_обучения/Исследования/2.25.16773626720107440979805052259711419763/series_004_2_CR/A2507537392 DXA/CR DXA/CR000006.dcm,1.2.643.5.1.13.13.12.2.77.8252.11120907150103150102101200080104,6,261,280,right_hip,True,0.0,,,,,0.0,0.0,,,0,0.0,0,0.0,False,0.0,,,,,,,,-8.42151469104292,8.42151469104292,27.9,81.9,0.0,-1.3218022483845373,40.199999999999996,23.065443417342163,69.3,12.0,274.05,168.0,261.0,0.3196428571428571,0.23738368910782703,1.0,0.35714285714285715,0.16428571428571428,0.5004035718985923,0.09586205346118301,0.9446324761077376,-2.799089518076863,1.7181400877603465,-1.886786631090436,1.9868157159296458,-1.8025594658506092,2.3383224370566182,-2.090256578864182,3.2069980652259176,-1.7779536918777465,4.075673693395217,-2.0656508048913196,5.544349321564516,-2.3533479179048924,6.413024949733815,-5.869120752665066,7.364531670860788,-5.556817865678639,9.433207299030096,-6.444514978692212,10.901882927199386,-7.332212091705776,12.970558555368694,-16.619909204719356,15.039234183537992,-18.10760631773292,18.307909811707294,-19.223379152493095,20.459416532834265,-19.511076265506677,21.328092161003564,-19.79877337852024,21.596767789172873,-19.48647049153381,23.065443417342163,-19.858394769787203,22.98261232438449,-19.858394769787203,22.98261232438449,-19.858394769787203,22.98261232438449,right,0.46674391519326575,8.42151469104292,0.23928571428571427,0.0,0.0,,,0.0,0.0
2.25.16773626720107440979805052259711419763,/home/user/workspace/dataset_extracted/Датасет/НД_для_обучения/Исследования/2.25.16773626720107440979805052259711419763/series_004_2_CR/A2507537392 DXA/CR DXA/CR000007.dcm,1.2.643.5.1.13.13.12.2.77.8252.00120605081302140615061408051413,7,261,280,left_hip,True,0.0,,,,,,,0.0,0.0,0,0.0,0,0.0,False,0.0,,,,,,,,-7.237080479408777,7.237080479408777,27.0,81.9,0.0,-2.2753120297424116,44.4,20.795538638576623,79.8,12.6,274.05,168.0,261.0,0.34464285714285714,0.21371100164203613,1.0,0.30714285714285716,0.15714285714285714,0.48127671838512454,0.1393380192065307,0.945147781991438,-5.013419491900504,1.552996370717895,-3.0443657608214494,1.855359830043386,-2.467575462512167,1.6321324245374937,-3.4985217314331294,1.9344958838629849,-3.9294680003540745,2.2368593431884674,-3.7604142692750284,2.53922280251395,-2.9913605381959827,3.441586261839433,-4.2145702398867,4.4183588563335485,-3.445516508807654,5.320722315659031,-5.676462777728608,6.223085774984514,-6.707409046649562,7.125449234309997,-5.938355315570516,8.627812693635496,-5.169301584491469,10.73017615296098,-4.592511286182178,11.706948747455096,-8.02345755510314,14.409312206780577,-17.454403824024087,17.11167566610606,-18.485350092945048,18.614039125431542,-18.916296361865992,18.916402584757027,-18.93950606355671,19.89317517925114,-19.370452332477665,20.795538638576623,left,-0.4030754156645347,7.237080479408777,0.2642857142857143,,,0.0,0.0,0.0,0.0
2.25.16773626720107440979805052259711419763,/home/user/workspace/dataset_extracted/Датасет/НД_для_обучения/Исследования/2.25.16773626720107440979805052259711419763/series_004_2_CR/A2507537392 DXA/CR DXA/CR000008.dcm,1.2.643.5.1.13.13.12.2.77.8252.13060012130706071508131506061110,5,261,280,left_hip,True,0.0,,,,,,,0.0,0.0,0,0.0,0,0.0,False,0.0,,,,,,,,-7.237080479408777,7.237080479408777,27.0,81.9,0.0,-2.2753120297424116,44.4,20.795538638576623,79.8,12.6,274.05,168.0,261.0,0.34464285714285714,0.21371100164203613,1.0,0.30714285714285716,0.15714285714285714,0.48127671838512454,0.1393380192065307,0.945147781991438,-5.013419491900504,1.552996370717895,-3.0443657608214494,1.855359830043386,-2.467575462512167,1.6321324245374937,-3.4985217314331294,1.9344958838629849,-3.9294680003540745,2.2368593431884674,-3.7604142692750284,2.53922280251395,-2.9913605381959827,3.441586261839433,-4.2145702398867,4.4183588563335485,-3.445516508807654,5.320722315659031,-5.676462777728608,6.223085774984514,-6.707409046649562,7.125449234309997,-5.938355315570516,8.627812693635496,-5.169301584491469,10.73017615296098,-4.592511286182178,11.706948747455096,-8.02345755510314,14.409312206780577,-17.454403824024087,17.11167566610606,-18.485350092945048,18.614039125431542,-18.916296361865992,18.916402584757027,-18.93950606355671,19.89317517925114,-19.370452332477665,20.795538638576623,left,-0.4030754156645347,7.237080479408777,0.2642857142857143,,,0.0,0.0,0.0,0.0
2.25.16773626720107440979805052259711419763,/home/user/workspace/dataset_extracted/Датасет/НД_для_обучения/Исследования/2.25.16773626720107440979805052259711419763/series_004_2_CR/A2507537392 DXA/CR DXA/CR000009.dcm,1.2.643.5.1.13.13.12.2.77.8252.09020303070910070711011409031209,10,261,280,left_hip,True,0.0,,,,,,,0.0,0.0,0,0.0,0,0.0,False,0.0,,,,,,,,-7.237080479408777,7.237080479408777,27.0,81.9,0.0,-2.2753120297424116,44.4,20.795538638576623,79.8,12.6,274.05,168.0,261.0,0.34464285714285714,0.21371100164203613,1.0,0.30714285714285716,0.15714285714285714,0.48127671838512454,0.1393380192065307,0.945147781991438,-5.013419491900504,1.552996370717895,-3.0443657608214494,1.855359830043386,-2.467575462512167,1.6321324245374937,-3.4985217314331294,1.9344958838629849,-3.9294680003540745,2.2368593431884674,-3.7604142692750284,2.53922280251395,-2.9913605381959827,3.441586261839433,-4.2145702398867,4.4183588563335485,-3.445516508807654,5.320722315659031,-5.676462777728608,6.223085774984514,-6.707409046649562,7.125449234309997,-5.938355315570516,8.627812693635496,-5.169301584491469,10.73017615296098,-4.592511286182178,11.706948747455096,-8.02345755510314,14.409312206780577,-17.454403824024087,17.11167566610606,-18.485350092945048,18.614039125431542,-18.916296361865992,18.916402584757027,-18.93950606355671,19.89317517925114,-19.370452332477665,20.795538638576623,left,-0.4030754156645347,7.237080479408777,0.2642857142857143,,,0.0,0.0,0.0,0.0
2.25.16773626720107440979805052259711419763,/home/user/workspace/dataset_extracted/Датасет/НД_для_обучения/Исследования/2.25.16773626720107440979805052259711419763/series_004_2_CR/A2507537392 DXA/CR DXA/CR000010.dcm,1.2.643.5.1.13.13.12.2.77.8252.04101314021103041302071314011203,12,261,280,right_hip,True,0.0,,,,,0.0,0.0,,,0,0.0,0,0.0,False,0.0,,,,,,,,-8.42151469104292,8.42151469104292,27.9,81.9,0.0,-1.3218022483845373,40.199999999999996,23.065443417342163,69.3,12.0,274.05,168.0,261.0,0.3196428571428571,0.23738368910782703,1.0,0.35714285714285715,0.16428571428571428,0.5004035718985923,0.09586205346118301,0.9446324761077376,-2.799089518076863,1.7181400877603465,-1.886786631090436,1.9868157159296458,-1.8025594658506092,2.3383224370566182,-2.090256578864182,3.2069980652259176,-1.7779536918777465,4.075673693395217,-2.0656508048913196,5.544349321564516,-2.3533479179048924,6.413024949733815,-5.869120752665066,7.364531670860788,-5.556817865678639,9.433207299030096,-6.444514978692212,10.901882927199386,-7.332212091705776,12.970558555368694,-16.619909204719356,15.039234183537992,-18.10760631773292,18.307909811707294,-19.223379152493095,20.459416532834265,-19.511076265506677,21.328092161003564,-19.79877337852024,21.596767789172873,-19.48647049153381,23.065443417342163,-19.858394769787203,22.98261232438449,-19.858394769787203,22.98261232438449,-19.858394769787203,22.98261232438449,right,0.46674391519326575,8.42151469104292,0.23928571428571427,0.0,0.0,,,0.0,0.0
2.25.16773626720107440979805052259711419763,/home/user/workspace/dataset_extracted/Датасет/НД_для_обучения/Исследования/2.25.16773626720107440979805052259711419763/series_004_2_CR/A2507537392 DXA/CR DXA/CR000011.dcm,1.2.643.5.1.13.13.12.2.77.8252.03120113151010021310000801051000,1,289,300,spine,True,0.0,,0.0,0.0,0.0,,,,,26,16.38,26,16.38,True,3.5461061632440365,1.462735274834444,0.046022342663345484,289.0,-0.0030009594298245662,0.0,0.0034602076124567475,0.34,,,,,,,,,,,,,,,,,,,,,,,,,,,,,,,,,,,,,,,,,,,,,,,,,,,,,,,,,,,,,,,,,,,,,,,
2.25.168317503020329569414190677927680518621,/home/user/workspace/dataset_extracted/Датасет/НД_для_обучения/Исследования/2.25.168317503020329569414190677927680518621/series_004_2_CR/A2507557128 DXA/CR DXA/CR000000.dcm,1.2.643.5.1.13.13.12.2.77.8252.10050700041001040614050614130103,18,261,280,right_hip,True,0.0,,,,,0.0,0.0,,,0,0.0,0,0.0,False,0.0,,,,,,,,-1.1297196033266215,1.1297196033266215,25.8,81.9,0.0,-12.65340229390863,33.6,21.808811441722842,78.75,9.6,274.05,168.0,261.0,0.2892857142857143,0.1960864805692392,1.0,0.30714285714285716,0.14642857142857144,0.4909441775158568,0.12981369342223079,0.9551036440674263,-14.129483175052803,1.3566711769243454,-13.99470150103062,1.9258058397298923,-13.893615245513987,3.1026568368340546,-13.758833571491806,4.271791499639602,-13.024051897469624,4.840926162445157,-12.889270223447447,5.410060825250704,-12.75448854942527,5.979195488056251,-12.65340229390863,6.556046485160413,-14.318620619886454,7.125181147965961,-17.78383894586427,7.694315810771516,-18.24905727184209,8.863450473577062,-18.71427559781991,10.03258513638261,-22.179493923797736,11.801719799188158,-26.878407668281103,13.57857079629232,-29.14362599425892,15.947705459097875,-30.0,18.31684012190342,-30.0,19.48597478470897,-30.0,20.055109447514514,-30.0,20.631960444618677,-30.0,21.808811441722842,left,-0.08758592915693414,1.1297196033266215,0.2,,,0.0,0.0,0.0,0.0
2.25.168317503020329569414190677927680518621,/home/user/workspace/dataset_extracted/Датасет/НД_для_обучения/Исследования/2.25.168317503020329569414190677927680518621/series_004_2_CR/A2507557128 DXA/CR DXA/CR000001.dcm,1.2.643.5.1.13.13.12.2.77.8252.04081410150705000907120005030306,7,261,280,right_hip,True,0.0,,,,,0.0,0.0,,,0,0.0,0,0.0,False,0.0,,,,,,,,-1.1297196033266215,1.1297196033266215,25.8,81.9,0.0,-12.65340229390863,33.6,21.808811441722842,78.75,9.6,274.05,168.0,261.0,0.2892857142857143,0.1960864805692392,1.0,0.30714285714285716,0.14642857142857144,0.4909441775158568,0.12981369342223079,0.9551036440674263,-14.129483175052803,1.3566711769243454,-13.99470150103062,1.9258058397298923,-13.893615245513987,3.1026568368340546,-13.758833571491806,4.271791499639602,-13.024051897469624,4.840926162445157,-12.889270223447447,5.410060825250704,-12.75448854942527,5.979195488056251,-12.65340229390863,6.556046485160413,-14.318620619886454,7.125181147965961,-17.78383894586427,7.694315810771516,-18.24905727184209,8.863450473577062,-18.71427559781991,10.03258513638261,-22.179493923797736,11.801719799188158,-26.878407668281103,13.57857079629232,-29.14362599425892,15.947705459097875,-30.0,18.31684012190342,-30.0,19.48597478470897,-30.0,20.055109447514514,-30.0,20.631960444618677,-30.0,21.808811441722842,left,-0.08758592915693414,1.1297196033266215,0.2,,,0.0,0.0,0.0,0.0
2.25.168317503020329569414190677927680518621,/home/user/workspace/dataset_extracted/Датасет/НД_для_обучения/Исследования/2.25.168317503020329569414190677927680518621/series_004_2_CR/A2507557128 DXA/CR DXA/CR000002.dcm,1.2.643.5.1.13.13.12.2.77.8252.10010207001309070508110212031008,9,261,280,right_hip,True,0.0,,,,,0.0,0.0,,,0,0.0,0,0.0,False,0.0,,,,,,,,-1.1297196033266215,1.1297196033266215,25.8,81.9,0.0,-12.65340229390863,33.6,21.808811441722842,78.75,9.6,274.05,168.0,261.0,0.2892857142857143,0.1960864805692392,1.0,0.30714285714285716,0.14642857142857144,0.4909441775158568,0.12981369342223079,0.9551036440674263,-14.129483175052803,1.3566711769243454,-13.99470150103062,1.9258058397298923,-13.893615245513987,3.1026568368340546,-13.758833571491806,4.271791499639602,-13.024051897469624,4.840926162445157,-12.889270223447447,5.410060825250704,-12.75448854942527,5.979195488056251,-12.65340229390863,6.556046485160413,-14.318620619886454,7.125181147965961,-17.78383894586427,7.694315810771516,-18.24905727184209,8.863450473577062,-18.71427559781991,10.03258513638261,-22.179493923797736,11.801719799188158,-26.878407668281103,13.57857079629232,-29.14362599425892,15.947705459097875,-30.0,18.31684012190342,-30.0,19.48597478470897,-30.0,20.055109447514514,-30.0,20.631960444618677,-30.0,21.808811441722842,left,-0.08758592915693414,1.1297196033266215,0.2,,,0.0,0.0,0.0,0.0
2.25.168317503020329569414190677927680518621,/home/user/workspace/dataset_extracted/Датасет/НД_для_обучения/Исследования/2.25.168317503020329569414190677927680518621/series_004_2_CR/A2507557128 DXA/CR DXA/CR000003.dcm,1.2.643.5.1.13.13.12.2.77.8252.08150001020008051511060800070004,3,259,300,spine,True,0.0,,0.0,0.0,0.0,,,,,61,38.43,61,38.43,True,3.2470607428804255,0.6599720652675279,0.11111188151966656,259.0,0.0045298627925746855,0.0,0.003861003861003861,0.35333333333333333,,,,,,,,,,,,,,,,,,,,,,,,,,,,,,,,,,,,,,,,,,,,,,,,,,,,,,,,,,,,,,,,,,,,,,,
2.25.168317503020329569414190677927680518621,/home/user/workspace/dataset_extracted/Датасет/НД_для_обучения/Исследования/2.25.168317503020329569414190677927680518621/series_004_2_CR/A2507557128 DXA/CR DXA/CR000004.dcm,1.2.643.5.1.13.13.12.2.77.8252.03110002011112060400010906040109,17,289,280,right_hip,True,0.0,,,,,0.0,0.0,,,0,0.0,0,0.0,False,0.0,,,,,,,,-2.5393923698867287,2.5393923698867287,25.8,90.3,0.0,-12.370177838577286,46.8,20.704174725222874,78.75,9.6,303.45,168.0,289.0,0.36428571428571427,0.2027805239742956,1.0,0.2857142857142857,0.14642857142857144,0.46202823487577027,0.11026224744786643,0.963386220311301,-12.761384970989194,1.375298834850679,-13.082994480871733,1.2811509976885447,-13.474201613283642,1.8105401198169544,-13.79581112316618,2.91639228265482,-13.517420633048726,4.022244445492694,-13.239030142931265,4.52809660833056,-14.16063965281381,5.033948771168434,-14.551846785225711,5.563337893296835,-14.873456295108257,6.069190056134709,-15.795065804990795,6.575042218972575,-16.716675314873342,7.08089438181045,-16.43828482475588,8.786746544648315,-16.159894334638427,10.49259870748619,-21.951101467050325,11.621987829614591,-24.672710976932873,13.927839992452457,-26.19432048681541,16.23369215529033,-27.715929996697955,17.939544318128195,-28.037539506580494,18.44539648096607,-28.428746638992404,19.574785603094472,-28.819953771404304,20.704174725222874,right,0.3987373565837704,2.5393923698867287,0.2785714285714286,0.0,0.0,,,0.0,0.0
2.25.168317503020329569414190677927680518621,/home/user/workspace/dataset_extracted/Датасет/НД_для_обучения/Исследования/2.25.168317503020329569414190677927680518621/series_004_2_CR/A2507557128 DXA/CR DXA/CR000005.dcm,1.2.643.5.1.13.13.12.2.77.8252.01130115100005150714080303151110,10,261,280,right_hip,True,0.0,,,,,0.0,0.0,,,0,0.0,0,0.0,False,0.0,,,,,,,,-1.1297196033266215,1.1297196033266215,25.8,81.9,0.0,-12.65340229390863,33.6,21.808811441722842,78.75,9.6,274.05,168.0,261.0,0.2892857142857143,0.1960864805692392,1.0,0.30714285714285716,0.14642857142857144,0.4909441775158568,0.12981369342223079,0.9551036440674263,-14.129483175052803,1.3566711769243454,-13.99470150103062,1.9258058397298923,-13.893615245513987,3.1026568368340546,-13.758833571491806,4.271791499639602,-13.024051897469624,4.840926162445157,-12.889270223447447,5.410060825250704,-12.75448854942527,5.979195488056251,-12.65340229390863,6.556046485160413,-14.318620619886454,7.125181147965961,-17.78383894586427,7.694315810771516,-18.24905727184209,8.863450473577062,-18.71427559781991,10.03258513638261,-22.179493923797736,11.801719799188158,-26.878407668281103,13.57857079629232,-29.14362599425892,15.947705459097875,-30.0,18.31684012190342,-30.0,19.48597478470897,-30.0,20.055109447514514,-30.0,20.631960444618677,-30.0,21.808811441722842,left,-0.08758592915693414,1.1297196033266215,0.2,,,0.0,0.0,0.0,0.0
2.25.168317503020329569414190677927680518621,/home/user/workspace/dataset_extracted/Датасет/НД_для_обучения/Исследования/2.25.168317503020329569414190677927680518621/series_004_2_CR/A2507557128 DXA/CR DXA/CR000006.dcm,1.2.643.5.1.13.13.12.2.77.8252.14030405080503070005090010011210,1,259,300,spine,True,0.0,,0.0,0.0,0.0,,,,,61,38.43,61,38.43,True,3.2470607428804255,0.6599720652675279,0.11111188151966656,259.0,0.0045298627925746855,0.0,0.003861003861003861,0.35333333333333333,,,,,,,,,,,,,,,,,,,,,,,,,,,,,,,,,,,,,,,,,,,,,,,,,,,,,,,,,,,,,,,,,,,,,,,
2.25.168317503020329569414190677927680518621,/home/user/workspace/dataset_extracted/Датасет/НД_для_обучения/Исследования/2.25.168317503020329569414190677927680518621/series_004_2_CR/A2507557128 DXA/CR DXA/CR000007.dcm,1.2.643.5.1.13.13.12.2.77.8252.02031311110004131100010706000003,6,289,280,right_hip,True,0.0,,,,,0.0,0.0,,,0,0.0,0,0.0,False,0.0,,,,,,,,-2.5393923698867287,2.5393923698867287,25.8,90.3,0.0,-12.370177838577286,46.8,20.704174725222874,78.75,9.6,303.45,168.0,289.0,0.36428571428571427,0.2027805239742956,1.0,0.2857142857142857,0.14642857142857144,0.46202823487577027,0.11026224744786643,0.963386220311301,-12.761384970989194,1.375298834850679,-13.082994480871733,1.2811509976885447,-13.474201613283642,1.8105401198169544,-13.79581112316618,2.91639228265482,-13.517420633048726,4.022244445492694,-13.239030142931265,4.52809660833056,-14.16063965281381,5.033948771168434,-14.551846785225711,5.563337893296835,-14.873456295108257,6.069190056134709,-15.795065804990795,6.575042218972575,-16.716675314873342,7.08089438181045,-16.43828482475588,8.786746544648315,-16.159894334638427,10.49259870748619,-21.951101467050325,11.621987829614591,-24.672710976932873,13.927839992452457,-26.19432048681541,16.23369215529033,-27.715929996697955,17.939544318128195,-28.037539506580494,18.44539648096607,-28.428746638992404,19.574785603094472,-28.819953771404304,20.704174725222874,right,0.3987373565837704,2.5393923698867287,0.2785714285714286,0.0,0.0,,,0.0,0.0
2.25.168317503020329569414190677927680518621,/home/user/workspace/dataset_extracted/Датасет/НД_для_обучения/Исследования/2.25.168317503020329569414190677927680518621/series_004_2_CR/A2507557128 DXA/CR DXA/CR000008.dcm,1.2.643.5.1.13.13.12.2.77.8252.14040413080712030012001414011512,4,289,280,right_hip,True,0.0,,,,,0.0,0.0,,,0,0.0,0,0.0,False,0.0,,,,,,,,-2.5393923698867287,2.5393923698867287,25.8,90.3,0.0,-12.370177838577286,46.8,20.704174725222874,78.75,9.6,303.45,168.0,289.0,0.36428571428571427,0.2027805239742956,1.0,0.2857142857142857,0.14642857142857144,0.46202823487577027,0.11026224744786643,0.963386220311301,-12.761384970989194,1.375298834850679,-13.082994480871733,1.2811509976885447,-13.474201613283642,1.8105401198169544,-13.79581112316618,2.91639228265482,-13.517420633048726,4.022244445492694,-13.239030142931265,4.52809660833056,-14.16063965281381,5.033948771168434,-14.551846785225711,5.563337893296835,-14.873456295108257,6.069190056134709,-15.795065804990795,6.575042218972575,-16.716675314873342,7.08089438181045,-16.43828482475588,8.786746544648315,-16.159894334638427,10.49259870748619,-21.951101467050325,11.621987829614591,-24.672710976932873,13.927839992452457,-26.19432048681541,16.23369215529033,-27.715929996697955,17.939544318128195,-28.037539506580494,18.44539648096607,-28.428746638992404,19.574785603094472,-28.819953771404304,20.704174725222874,right,0.3987373565837704,2.5393923698867287,0.2785714285714286,0.0,0.0,,,0.0,0.0
2.25.168317503020329569414190677927680518621,/home/user/workspace/dataset_extracted/Датасет/НД_для_обучения/Исследования/2.25.168317503020329569414190677927680518621/series_004_2_CR/A2507557128 DXA/CR DXA/CR000009.dcm,1.2.643.5.1.13.13.12.2.77.8252.09111007121406000411060915050407,16,259,300,spine,True,0.0,,0.0,0.0,0.0,,,,,61,38.43,61,38.43,True,3.2470607428804255,0.6599720652675279,0.11111188151966656,259.0,0.0045298627925746855,0.0,0.003861003861003861,0.35333333333333333,,,,,,,,,,,,,,,,,,,,,,,,,,,,,,,,,,,,,,,,,,,,,,,,,,,,,,,,,,,,,,,,,,,,,,,
2.25.168317503020329569414190677927680518621,/home/user/workspace/dataset_extracted/Датасет/НД_для_обучения/Исследования/2.25.168317503020329569414190677927680518621/series_004_2_CR/A2507557128 DXA/CR DXA/CR000010.dcm,1.2.643.5.1.13.13.12.2.77.8252.06080402070700011103140402140007,5,261,280,right_hip,True,0.0,,,,,0.0,0.0,,,0,0.0,0,0.0,False,0.0,,,,,,,,-1.1297196033266215,1.1297196033266215,25.8,81.9,0.0,-12.65340229390863,33.6,21.808811441722842,78.75,9.6,274.05,168.0,261.0,0.2892857142857143,0.1960864805692392,1.0,0.30714285714285716,0.14642857142857144,0.4909441775158568,0.12981369342223079,0.9551036440674263,-14.129483175052803,1.3566711769243454,-13.99470150103062,1.9258058397298923,-13.893615245513987,3.1026568368340546,-13.758833571491806,4.271791499639602,-13.024051897469624,4.840926162445157,-12.889270223447447,5.410060825250704,-12.75448854942527,5.979195488056251,-12.65340229390863,6.556046485160413,-14.318620619886454,7.125181147965961,-17.78383894586427,7.694315810771516,-18.24905727184209,8.863450473577062,-18.71427559781991,10.03258513638261,-22.179493923797736,11.801719799188158,-26.878407668281103,13.57857079629232,-29.14362599425892,15.947705459097875,-30.0,18.31684012190342,-30.0,19.48597478470897,-30.0,20.055109447514514,-30.0,20.631960444618677,-30.0,21.808811441722842,left,-0.08758592915693414,1.1297196033266215,0.2,,,0.0,0.0,0.0,0.0
2.25.168317503020329569414190677927680518621,/home/user/workspace/dataset_extracted/Датасет/НД_для_обучения/Исследования/2.25.168317503020329569414190677927680518621/series_004_2_CR/A2507557128 DXA/CR DXA/CR000011.dcm,1.2.643.5.1.13.13.12.2.77.8252.05090510080809140209120604081002,12,289,280,right_hip,True,0.0,,,,,0.0,0.0,,,0,0.0,0,0.0,False,0.0,,,,,,,,-2.5393923698867287,2.5393923698867287,25.8,90.3,0.0,-12.370177838577286,46.8,20.704174725222874,78.75,9.6,303.45,168.0,289.0,0.36428571428571427,0.2027805239742956,1.0,0.2857142857142857,0.14642857142857144,0.46202823487577027,0.11026224744786643,0.963386220311301,-12.761384970989194,1.375298834850679,-13.082994480871733,1.2811509976885447,-13.474201613283642,1.8105401198169544,-13.79581112316618,2.91639228265482,-13.517420633048726,4.022244445492694,-13.239030142931265,4.52809660833056,-14.16063965281381,5.033948771168434,-14.551846785225711,5.563337893296835,-14.873456295108257,6.069190056134709,-15.795065804990795,6.575042218972575,-16.716675314873342,7.08089438181045,-16.43828482475588,8.786746544648315,-16.159894334638427,10.49259870748619,-21.951101467050325,11.621987829614591,-24.672710976932873,13.927839992452457,-26.19432048681541,16.23369215529033,-27.715929996697955,17.939544318128195,-28.037539506580494,18.44539648096607,-28.428746638992404,19.574785603094472,-28.819953771404304,20.704174725222874,right,0.3987373565837704,2.5393923698867287,0.2785714285714286,0.0,0.0,,,0.0,0.0
2.25.169242707068684757906797344800977707240,/home/user/workspace/dataset_extracted/Датасет/НД_для_обучения/Исследования/2.25.169242707068684757906797344800977707240/series_003_2_CR/A2507185832 DXA/CR DXA/CR000000.dcm,1.2.643.5.1.13.13.12.2.77.8252.03020907090204060013031106111312,1,285,300,spine,True,0.0,,0.0,0.0,0.0,,,,,2512,1582.56,2512,1582.56,True,4.380837831214587,0.5309666748119826,0.5091611838895931,285.0,0.012888764975245407,0.0,0.0035087719298245615,0.31666666666666665,,,,,,,,,,,,,,,,,,,,,,,,,,,,,,,,,,,,,,,,,,,,,,,,,,,,,,,,,,,,,,,,,,,,,,,
2.25.172445998420765569384934552191547932566,/home/user/workspace/dataset_extracted/Датасет/НД_для_обучения/Исследования/2.25.172445998420765569384934552191547932566/series_004_2_CR/A2507368766 DXA/CR DXA/CR000000.dcm,1.2.643.5.1.13.13.12.2.77.8252.08131412000401011215150704040610,1,315,300,spine,True,1.0,"Наличие посторонних предметов, артефактов или наложений",0.0,0.0,1.0,,,,,241,151.83,241,151.83,True,4.156895765849998,1.9879326332204512,0.029305843143170085,315.0,-0.038022774815583776,0.0,0.0031746031746031746,0.36,,,,,,,,,,,,,,,,,,,,,,,,,,,,,,,,,,,,,,,,,,,,,,,,,,,,,,,,,,,,,,,,,,,,,,,
2.25.172445998420765569384934552191547932566,/home/user/workspace/dataset_extracted/Датасет/НД_для_обучения/Исследования/2.25.172445998420765569384934552191547932566/series_004_2_CR/A2507368766 DXA/CR DXA/CR000001.dcm,1.2.643.5.1.13.13.12.2.77.8252.05030907080814020708000711150507,5,291,280,right_hip,True,0.0,,,,,0.0,0.0,,,143,90.09,143,90.09,True,3.7110452021495455,,,,,,,,-6.12184535313687,6.12184535313687,25.8,91.35000000000001,0.0,-12.55188452285485,54.6,17.692155719180565,94.5,8.4,305.55,168.0,291.0,0.39464285714285713,0.17577319587628865,1.0,0.24642857142857144,0.14285714285714285,0.4781729911008599,0.11654452116071004,0.9676561745485343,-13.374779470729749,0.8529634759786973,-14.671972734562944,1.0548297732740195,-14.894867682437841,1.3562294962455155,-16.192060946271038,1.5580957935408377,-15.689254210104243,2.359962090836177,-15.78644747393744,3.1618283881314992,-15.283640737770645,3.3636946854268217,-15.506535685645542,4.265094408398317,-16.203728949478737,5.066960705693639,-15.700922213311934,5.868827002988979,-15.19811547714513,7.270693300284301,-15.895308740978336,7.4725595975796235,-15.39250200481154,7.074425894874963,-16.215396952686437,7.375825617846459,-17.512590216519634,8.777691915141782,-18.80978348035283,10.179558212437103,-22.506976744186026,11.581424509732425,-24.404170008019232,12.983290807027766,-26.427064955894128,14.484690529999261,-28.924258219727335,15.886556827294584,right,0.6513852484800488,6.12184535313687,0.325,0.0,0.0,,,0.0,0.0
2.25.172445998420765569384934552191547932566,/home/user/workspace/dataset_extracted/Датасет/НД_для_обучения/Исследования/2.25.172445998420765569384934552191547932566/series_004_2_CR/A2507368766 DXA/CR DXA/CR000002.dcm,1.2.643.5.1.13.13.12.2.77.8252.15151313120000020410110702050700,3,317,280,left_hip,True,0.0,,,,,,,0.0,0.0,104,65.52,104,65.52,True,3.682965367320799,,,,,,,,-3.787229827480624,3.787229827480624,27.0,126.0,1.3565629557608174,-18.32125633724562,46.8,16.72803597472045,84.0,10.799999999999999,332.85,168.0,317.0,0.3464285714285714,0.2060049571879225,1.0,0.3357142857142857,0.1392857142857143,0.5195982278388309,0.1213275259327413,0.9768830151900447,-19.56904298909645,3.0587117160913633,-19.430400027779687,4.44130772970343,-19.326417806792115,5.328254739912472,-19.187774845475364,6.110850753524522,-19.0491318841586,6.293446767136589,-20.110488922841846,6.47604278074864,-19.971845961525084,6.058638794360706,-19.867863740537523,5.745585804569748,-18.52922077922076,5.328181818181798,-18.390577817904,4.910777831793848,-18.851934856587246,5.693373845405915,-22.913291895270493,6.475969859017965,-22.77464893395373,7.258565872630032,-22.67066671296616,7.545512882839073,-22.532023751649408,8.928108896451123,-28.393380790332646,10.31070491006319,-30.0,12.293300923675242,-30.0,14.27589693728729,-30.0,15.162843947496333,-30.0,15.345439961108399,left,-0.5464870019735439,3.787229827480624,0.2785714285714286,,,0.0,0.0,0.0,0.0
2.25.173731186748227489808861376513577450951,/home/user/workspace/dataset_extracted/Датасет/НД_для_обучения/Исследования/2.25.173731186748227489808861376513577450951/series_002_2_CR/A2507188958 DXA/CR DXA/CR000000.dcm,1.2.643.5.1.13.13.12.2.77.8252.01091510011014070612050311031410,1,289,300,spine,True,0.0,,0.0,0.0,0.0,,,,,1681,1059.03,1681,1059.03,True,5.900331483174074,1.7521829486521139,0.241850559765745,289.0,0.032647957624528864,0.0,0.0034602076124567475,0.3466666666666667,,,,,,,,,,,,,,,,,,,,,,,,,,,,,,,,,,,,,,,,,,,,,,,,,,,,,,,,,,,,,,,,,,,,,,,
2.25.173731186748227489808861376513577450951,/home/user/workspace/dataset_extracted/Датасет/НД_для_обучения/Исследования/2.25.173731186748227489808861376513577450951/series_002_2_CR/A2507188958 DXA/CR DXA/CR000001.dcm,1.2.643.5.1.13.13.12.2.77.8252.04070212140009090002060410031413,3,263,280,left_hip,True,0.0,,,,,,,0.0,0.0,0,0.0,0,0.0,False,0.0,,,,,,,,-4.537489915910606,4.537489915910606,27.0,89.25,0.0,-17.000672268907564,66.6,12.14103576314248,66.15,8.4,276.15000000000003,168.0,263.0,0.46785714285714286,0.1910239000543183,1.0,0.26785714285714285,0.14642857142857144,0.48433915790427984,0.1328039906895259,0.9574432735551648,-18.073332030486615,2.545186632792672,-19.103545045925348,2.64834864178232,-20.176204807504398,2.875720148524556,-21.806417822943136,2.3788821575141865,-21.636630838381862,2.4820441665038344,-22.066843853820597,2.585206175493465,-23.097056869259333,2.688368184483113,-23.569716630838382,3.515739691225349,-24.59992964627712,4.218901700214997,-25.630142661715855,5.522063709204628,-28.46035567715458,6.825225718194275,-30.0,8.128387727183922,-30.0,10.031549736173554,-30.0,10.85892124291579,-30.0,11.562083251905436,-30.0,11.665245260895086,-30.0,12.016826265389891,-30.0,12.016826265389891,-30.0,12.016826265389891,-30.0,12.016826265389891,left,-0.7719768232119246,4.537489915910606,0.3964285714285714,,,0.0,0.0,0.0,0.0
2.25.173753313169335820519632380691065649420,/home/user/workspace/dataset_extracted/Датасет/НД_для_обучения/Исследования/2.25.173753313169335820519632380691065649420/series_003_2_CR/A2504265499 DXA/CR DXA/CR000000.dcm,1.2.643.5.1.13.13.12.2.77.8252.10100404000008120405081411021306,5,207,280,right_hip,True,1.0,Нарушение корректности области интереса правого бедра,,,,0.0,1.0,,,12,7.5600000000000005,12,7.5600000000000005,True,3.4511654363073476,,,,,,,,-19.285648326751303,19.285648326751303,15.0,65.10000000000001,0.0,26.263670015864566,40.199999999999996,10.126221953614902,44.1,12.0,217.35000000000002,168.0,207.0,0.3339285714285714,0.23269496204278814,1.0,0.29642857142857143,0.19285714285714287,0.4968715163482043,0.12620908624768293,0.9120093548873361,9.586809700083029,0.7452292815593068,12.323849814912682,1.1429931253305483,14.526629901034914,1.1413160081589921,26.263670015864566,2.1390798519302336,8.600710130694187,3.136843695701475,7.737750245523841,4.734607539472734,5.674790360353495,6.3323713832439745,6.077570446475726,7.530694266072419,6.414610561305364,9.72845810984366,6.751650676135,10.126221953614902,7.0886907909646535,9.32398579738616,7.0886907909646535,9.32398579738616,7.0886907909646535,9.32398579738616,7.0886907909646535,9.32398579738616,7.0886907909646535,9.32398579738616,7.0886907909646535,9.32398579738616,7.0886907909646535,9.32398579738616,7.0886907909646535,9.32398579738616,7.0886907909646535,9.32398579738616,7.0886907909646535,9.32398579738616,right,0.3546797650538802,19.285648326751303,0.23928571428571427,0.0,1.0,,,0.0,1.0
2.25.173753313169335820519632380691065649420,/home/user/workspace/dataset_extracted/Датасет/НД_для_обучения/Исследования/2.25.173753313169335820519632380691065649420/series_003_2_CR/A2504265499 DXA/CR DXA/CR000001.dcm,1.2.643.5.1.13.13.12.2.77.8252.04131502110204030305140811061103,11,207,280,right_hip,True,1.0,Нарушение корректности области интереса правого бедра,,,,0.0,1.0,,,12,7.5600000000000005,12,7.5600000000000005,True,3.4511654363073476,,,,,,,,-19.285648326751303,19.285648326751303,15.0,65.10000000000001,0.0,26.263670015864566,40.199999999999996,10.126221953614902,44.1,12.0,217.35000000000002,168.0,207.0,0.3339285714285714,0.23269496204278814,1.0,0.29642857142857143,0.19285714285714287,0.4968715163482043,0.12620908624768293,0.9120093548873361,9.586809700083029,0.7452292815593068,12.323849814912682,1.1429931253305483,14.526629901034914,1.1413160081589921,26.263670015864566,2.1390798519302336,8.600710130694187,3.136843695701475,7.737750245523841,4.734607539472734,5.674790360353495,6.3323713832439745,6.077570446475726,7.530694266072419,6.414610561305364,9.72845810984366,6.751650676135,10.126221953614902,7.0886907909646535,9.32398579738616,7.0886907909646535,9.32398579738616,7.0886907909646535,9.32398579738616,7.0886907909646535,9.32398579738616,7.0886907909646535,9.32398579738616,7.0886907909646535,9.32398579738616,7.0886907909646535,9.32398579738616,7.0886907909646535,9.32398579738616,7.0886907909646535,9.32398579738616,7.0886907909646535,9.32398579738616,right,0.3546797650538802,19.285648326751303,0.23928571428571427,0.0,1.0,,,0.0,1.0
2.25.173753313169335820519632380691065649420,/home/user/workspace/dataset_extracted/Датасет/НД_для_обучения/Исследования/2.25.173753313169335820519632380691065649420/series_003_2_CR/A2504265499 DXA/CR DXA/CR000002.dcm,1.2.643.5.1.13.13.12.2.77.8252.13001014110608151112110112061114,9,318,300,spine,True,1.0,Нарушение оси позвоночника (отклонение более 5 градусов),0.0,1.0,0.0,,,,,2637,1661.31,2637,1661.31,True,5.390739698245784,3.1269794664729345,0.15663730836063827,318.0,-0.04210876187525817,0.0,0.0031446540880503146,0.4033333333333333,,,,,,,,,,,,,,,,,,,,,,,,,,,,,,,,,,,,,,,,,,,,,,,,,,,,,,,,,,,,,,,,,,,,,,,
2.25.173753313169335820519632380691065649420,/home/user/workspace/dataset_extracted/Датасет/НД_для_обучения/Исследования/2.25.173753313169335820519632380691065649420/series_003_2_CR/A2504265499 DXA/CR DXA/CR000003.dcm,1.2.643.5.1.13.13.12.2.77.8252.04111300031205120703050100121209,3,237,280,left_hip,True,0.0,,,,,,,0.0,0.0,23,14.49,23,14.49,True,3.503107031485831,,,,,,,,-2.9297182465827523,2.9297182465827523,31.799999999999997,39.9,0.0,3.8733121785752984,74.39999999999999,-19.228165007112374,73.5,5.3999999999999995,248.85000000000002,168.0,108.0,0.5339285714285714,0.22239300783604582,0.45569620253164556,0.28214285714285714,0.18571428571428572,0.5168821564338565,0.13334296018602798,0.9368495002073579,0.24678848889374194,-20.029259218732907,0.4085567348725135,-20.29738483422695,-0.0701170806434078,-21.698479045847467,0.09165116533536377,-23.166604661341506,0.2534194113141353,-24.634730276835544,0.4151876572929069,-24.90285589232957,0.5769559032716784,-25.17098150782361,0.6982820877557572,-25.372075719444126,0.8600503337345288,-25.640201334938165,1.0218185797133004,-25.308326950432207,1.1835868256920719,-25.576452565926246,1.3453550716708433,-25.844578181420268,2.107123317649615,-26.112703796914307,2.228449502133685,-27.51379800853484,2.9902177481124568,-27.781923624028867,3.7519859940912283,-28.050049239522906,1.51375424007,-27.718174855016944,1.0755224860487715,-28.586300470510984,-0.08403545245654413,-28.65333187438449,-0.08403545245654413,-28.65333187438449,left,-1.4787662217348414,2.9297182465827523,0.4428571428571428,,,0.0,0.0,0.0,0.0
2.25.173753313169335820519632380691065649420,/home/user/workspace/dataset_extracted/Датасет/НД_для_обучения/Исследования/2.25.173753313169335820519632380691065649420/series_003_2_CR/A2504265499 DXA/CR DXA/CR000004.dcm,1.2.643.5.1.13.13.12.2.77.8252.14060111140409011305070812141414,13,207,280,right_hip,True,1.0,Нарушение корректности области интереса правого бедра,,,,0.0,1.0,,,12,7.5600000000000005,12,7.5600000000000005,True,3.4511654363073476,,,,,,,,-19.285648326751303,19.285648326751303,15.0,65.10000000000001,0.0,26.263670015864566,40.199999999999996,10.126221953614902,44.1,12.0,217.35000000000002,168.0,207.0,0.3339285714285714,0.23269496204278814,1.0,0.29642857142857143,0.19285714285714287,0.4968715163482043,0.12620908624768293,0.9120093548873361,9.586809700083029,0.7452292815593068,12.323849814912682,1.1429931253305483,14.526629901034914,1.1413160081589921,26.263670015864566,2.1390798519302336,8.600710130694187,3.136843695701475,7.737750245523841,4.734607539472734,5.674790360353495,6.3323713832439745,6.077570446475726,7.530694266072419,6.414610561305364,9.72845810984366,6.751650676135,10.126221953614902,7.0886907909646535,9.32398579738616,7.0886907909646535,9.32398579738616,7.0886907909646535,9.32398579738616,7.0886907909646535,9.32398579738616,7.0886907909646535,9.32398579738616,7.0886907909646535,9.32398579738616,7.0886907909646535,9.32398579738616,7.0886907909646535,9.32398579738616,7.0886907909646535,9.32398579738616,7.0886907909646535,9.32398579738616,right,0.3546797650538802,19.285648326751303,0.23928571428571427,0.0,1.0,,,0.0,1.0
2.25.173753313169335820519632380691065649420,/home/user/workspace/dataset_extracted/Датасет/НД_для_обучения/Исследования/2.25.173753313169335820519632380691065649420/series_003_2_CR/A2504265499 DXA/CR DXA/CR000005.dcm,1.2.643.5.1.13.13.12.2.77.8252.15000310101315070007100105150401,1,318,300,spine,True,1.0,Нарушение оси позвоночника (отклонение более 5 градусов),0.0,1.0,0.0,,,,,2637,1661.31,2637,1661.31,True,5.390739698245784,3.1269794664729345,0.15663730836063827,318.0,-0.04210876187525817,0.0,0.0031446540880503146,0.4033333333333333,,,,,,,,,,,,,,,,,,,,,,,,,,,,,,,,,,,,,,,,,,,,,,,,,,,,,,,,,,,,,,,,,,,,,,,
2.25.173753313169335820519632380691065649420,/home/user/workspace/dataset_extracted/Датасет/НД_для_обучения/Исследования/2.25.173753313169335820519632380691065649420/series_003_2_CR/A2504265499 DXA/CR DXA/CR000006.dcm,1.2.643.5.1.13.13.12.2.77.8252.05130004120107120511100914090711,2,207,280,right_hip,True,1.0,Нарушение корректности области интереса правого бедра,,,,0.0,1.0,,,12,7.5600000000000005,12,7.5600000000000005,True,3.4511654363073476,,,,,,,,-19.285648326751303,19.285648326751303,15.0,65.10000000000001,0.0,26.263670015864566,40.199999999999996,10.126221953614902,44.1,12.0,217.35000000000002,168.0,207.0,0.3339285714285714,0.23269496204278814,1.0,0.29642857142857143,0.19285714285714287,0.4968715163482043,0.12620908624768293,0.9120093548873361,9.586809700083029,0.7452292815593068,12.323849814912682,1.1429931253305483,14.526629901034914,1.1413160081589921,26.263670015864566,2.1390798519302336,8.600710130694187,3.136843695701475,7.737750245523841,4.734607539472734,5.674790360353495,6.3323713832439745,6.077570446475726,7.530694266072419,6.414610561305364,9.72845810984366,6.751650676135,10.126221953614902,7.0886907909646535,9.32398579738616,7.0886907909646535,9.32398579738616,7.0886907909646535,9.32398579738616,7.0886907909646535,9.32398579738616,7.0886907909646535,9.32398579738616,7.0886907909646535,9.32398579738616,7.0886907909646535,9.32398579738616,7.0886907909646535,9.32398579738616,7.0886907909646535,9.32398579738616,7.0886907909646535,9.32398579738616,right,0.3546797650538802,19.285648326751303,0.23928571428571427,0.0,1.0,,,0.0,1.0
2.25.173753313169335820519632380691065649420,/home/user/workspace/dataset_extracted/Датасет/НД_для_обучения/Исследования/2.25.173753313169335820519632380691065649420/series_003_2_CR/A2504265499 DXA/CR DXA/CR000007.dcm,1.2.643.5.1.13.13.12.2.77.8252.14100508051012080011140911030615,10,237,280,left_hip,True,0.0,,,,,,,0.0,0.0,23,14.49,23,14.49,True,3.503107031485831,,,,,,,,-2.9297182465827523,2.9297182465827523,31.799999999999997,39.9,0.0,3.8733121785752984,74.39999999999999,-19.228165007112374,73.5,5.3999999999999995,248.85000000000002,168.0,108.0,0.5339285714285714,0.22239300783604582,0.45569620253164556,0.28214285714285714,0.18571428571428572,0.5168821564338565,0.13334296018602798,0.9368495002073579,0.24678848889374194,-20.029259218732907,0.4085567348725135,-20.29738483422695,-0.0701170806434078,-21.698479045847467,0.09165116533536377,-23.166604661341506,0.2534194113141353,-24.634730276835544,0.4151876572929069,-24.90285589232957,0.5769559032716784,-25.17098150782361,0.6982820877557572,-25.372075719444126,0.8600503337345288,-25.640201334938165,1.0218185797133004,-25.308326950432207,1.1835868256920719,-25.576452565926246,1.3453550716708433,-25.844578181420268,2.107123317649615,-26.112703796914307,2.228449502133685,-27.51379800853484,2.9902177481124568,-27.781923624028867,3.7519859940912283,-28.050049239522906,1.51375424007,-27.718174855016944,1.0755224860487715,-28.586300470510984,-0.08403545245654413,-28.65333187438449,-0.08403545245654413,-28.65333187438449,left,-1.4787662217348414,2.9297182465827523,0.4428571428571428,,,0.0,0.0,0.0,0.0
2.25.173753313169335820519632380691065649420,/home/user/workspace/dataset_extracted/Датасет/НД_для_обучения/Исследования/2.25.173753313169335820519632380691065649420/series_003_2_CR/A2504265499 DXA/CR DXA/CR000008.dcm,1.2.643.5.1.13.13.12.2.77.8252.04041008080502040914000415071204,4,318,300,spine,True,1.0,Нарушение оси позвоночника (отклонение более 5 градусов),0.0,1.0,0.0,,,,,2637,1661.31,2637,1661.31,True,5.390739698245784,3.1269794664729345,0.15663730836063827,318.0,-0.04210876187525817,0.0,0.0031446540880503146,0.4033333333333333,,,,,,,,,,,,,,,,,,,,,,,,,,,,,,,,,,,,,,,,,,,,,,,,,,,,,,,,,,,,,,,,,,,,,,,
2.25.173753313169335820519632380691065649420,/home/user/workspace/dataset_extracted/Датасет/НД_для_обучения/Исследования/2.25.173753313169335820519632380691065649420/series_003_2_CR/A2504265499 DXA/CR DXA/CR000009.dcm,1.2.643.5.1.13.13.12.2.77.8252.03020200150014080308080615120500,12,237,280,left_hip,True,0.0,,,,,,,0.0,0.0,23,14.49,23,14.49,True,3.503107031485831,,,,,,,,-2.9297182465827523,2.9297182465827523,31.799999999999997,39.9,0.0,3.8733121785752984,74.39999999999999,-19.228165007112374,73.5,5.3999999999999995,248.85000000000002,168.0,108.0,0.5339285714285714,0.22239300783604582,0.45569620253164556,0.28214285714285714,0.18571428571428572,0.5168821564338565,0.13334296018602798,0.9368495002073579,0.24678848889374194,-20.029259218732907,0.4085567348725135,-20.29738483422695,-0.0701170806434078,-21.698479045847467,0.09165116533536377,-23.166604661341506,0.2534194113141353,-24.634730276835544,0.4151876572929069,-24.90285589232957,0.5769559032716784,-25.17098150782361,0.6982820877557572,-25.372075719444126,0.8600503337345288,-25.640201334938165,1.0218185797133004,-25.308326950432207,1.1835868256920719,-25.576452565926246,1.3453550716708433,-25.844578181420268,2.107123317649615,-26.112703796914307,2.228449502133685,-27.51379800853484,2.9902177481124568,-27.781923624028867,3.7519859940912283,-28.050049239522906,1.51375424007,-27.718174855016944,1.0755224860487715,-28.586300470510984,-0.08403545245654413,-28.65333187438449,-0.08403545245654413,-28.65333187438449,left,-1.4787662217348414,2.9297182465827523,0.4428571428571428,,,0.0,0.0,0.0,0.0
2.25.173753313169335820519632380691065649420,/home/user/workspace/dataset_extracted/Датасет/НД_для_обучения/Исследования/2.25.173753313169335820519632380691065649420/series_003_2_CR/A2504265499 DXA/CR DXA/CR000010.dcm,1.2.643.5.1.13.13.12.2.77.8252.13141514150708151311080810050711,6,237,280,left_hip,True,0.0,,,,,,,0.0,0.0,23,14.49,23,14.49,True,3.503107031485831,,,,,,,,-2.9297182465827523,2.9297182465827523,31.799999999999997,39.9,0.0,3.8733121785752984,74.39999999999999,-19.228165007112374,73.5,5.3999999999999995,248.85000000000002,168.0,108.0,0.5339285714285714,0.22239300783604582,0.45569620253164556,0.28214285714285714,0.18571428571428572,0.5168821564338565,0.13334296018602798,0.9368495002073579,0.24678848889374194,-20.029259218732907,0.4085567348725135,-20.29738483422695,-0.0701170806434078,-21.698479045847467,0.09165116533536377,-23.166604661341506,0.2534194113141353,-24.634730276835544,0.4151876572929069,-24.90285589232957,0.5769559032716784,-25.17098150782361,0.6982820877557572,-25.372075719444126,0.8600503337345288,-25.640201334938165,1.0218185797133004,-25.308326950432207,1.1835868256920719,-25.576452565926246,1.3453550716708433,-25.844578181420268,2.107123317649615,-26.112703796914307,2.228449502133685,-27.51379800853484,2.9902177481124568,-27.781923624028867,3.7519859940912283,-28.050049239522906,1.51375424007,-27.718174855016944,1.0755224860487715,-28.586300470510984,-0.08403545245654413,-28.65333187438449,-0.08403545245654413,-28.65333187438449,left,-1.4787662217348414,2.9297182465827523,0.4428571428571428,,,0.0,0.0,0.0,0.0
2.25.175881661753775295785039265792986971602,/home/user/workspace/dataset_extracted/Датасет/НД_для_обучения/Исследования/2.25.175881661753775295785039265792986971602/series_003_2_CR/A2507266462 DXA/CR DXA/CR000000.dcm,1.2.643.5.1.13.13.12.2.77.8252.06070803110509120507010310141201,1,235,280,right_hip,True,0.0,,,,,0.0,0.0,,,0,0.0,0,0.0,False,0.0,,,,,,,,-5.373432173767804,5.373432173767804,24.0,73.5,0.0,-2.04175312746043,61.8,14.002974367946825,68.25,6.6,246.75,168.0,235.0,0.4642857142857143,0.16234042553191488,1.0,0.175,0.1392857142857143,0.5053784427686554,0.1494427360524979,0.9603715045830222,-3.427626629341273,2.2361928090280796,-2.7346898784008515,2.1390254570903777,-2.2149873151955375,2.066149943137088,-2.7220505642551074,1.9689825911993692,-3.8291138133146774,1.8718152392616672,-6.136177062374247,2.374647887323948,-7.2432403114338335,2.877480535386229,-7.323537748228511,3.404605021432957,-8.430600997288082,4.507437669495237,-8.937664246347651,5.610270317557519,-10.044727495407239,6.713102965619816,-11.151790744466808,7.815935613682097,-11.658853993526378,8.918768261744377,-11.739151430321055,10.045892747791106,-11.646214679380643,11.748725395853386,-10.953277928440212,13.451558043915668,-10.860341177499782,13.954390691977965,-10.860341177499782,13.954390691977965,-10.860341177499782,13.954390691977965,-10.860341177499782,13.954390691977965,right,0.5014772725817189,5.373432173767804,0.3678571428571428,0.0,0.0,,,0.0,0.0
2.25.175881661753775295785039265792986971602,/home/user/workspace/dataset_extracted/Датасет/НД_для_обучения/Исследования/2.25.175881661753775295785039265792986971602/series_003_2_CR/A2507266462 DXA/CR DXA/CR000001.dcm,1.2.643.5.1.13.13.12.2.77.8252.14060403060314010506081209070311,2,315,300,spine,True,0.0,,0.0,0.0,0.0,,,,,1217,766.71,1217,766.71,True,4.151531222994689,2.3934172921988024,0.01607101345699391,315.0,-0.039110874955720853,0.0,0.0031746031746031746,0.38666666666666666,,,,,,,,,,,,,,,,,,,,,,,,,,,,,,,,,,,,,,,,,,,,,,,,,,,,,,,,,,,,,,,,,,,,,,,
2.25.175881661753775295785039265792986971602,/home/user/workspace/dataset_extracted/Датасет/НД_для_обучения/Исследования/2.25.175881661753775295785039265792986971602/series_003_2_CR/A2507266462 DXA/CR DXA/CR000002.dcm,1.2.643.5.1.13.13.12.2.77.8252.10000603030913050503020611051415,3,233,280,left_hip,True,0.0,,,,,,,0.0,0.0,0,0.0,0,0.0,False,0.0,,,,,,,,-10.571365651600468,10.571365651600468,24.0,72.45,0.0,-2.6754256485203483,66.0,10.992400438436317,76.65,7.199999999999999,244.65,168.0,233.0,0.4625,0.18087063151440833,1.0,0.2357142857142857,0.14285714285714285,0.4643665176995032,0.13582336910759846,0.9396786673507183,-4.593189623675602,0.9487029594446881,-4.19109974424557,0.383120204603631,-4.03953233467306,-0.041066861527178845,-4.837442455243012,-0.6066496163682359,-5.035352575812999,-0.5722323712092929,-5.833262696382951,-0.5378151260503671,-5.431172816952937,0.09660211910855877,-4.67960540738041,0.27241505297776597,-3.677515527950379,0.9068322981367088,-2.6754256485203483,1.5412495432956348,-7.073335769090318,2.1756667884545777,-9.671245889660286,2.8100840336135033,-9.869156010230256,4.644501278772446,-9.717588600657745,5.420314212641654,-9.915498721227697,6.65473145780058,-9.513408841797684,7.889148702959505,-8.511318962367636,8.523565948118447,-7.5092290829376225,9.757983193277392,-7.357661673365095,10.533796127146582,-7.107139203507591,10.992400438436317,left,-0.7542625179533544,10.571365651600468,0.39285714285714285,,,0.0,0.0,0.0,0.0
2.25.175881661753775295785039265792986971602,/home/user/workspace/dataset_extracted/Датасет/НД_для_обучения/Исследования/2.25.175881661753775295785039265792986971602/series_003_2_CR/A2507266462 DXA/CR DXA/CR000003.dcm,1.2.643.5.1.13.13.12.2.77.8252.06110514030914051115040913030103,4,235,280,right_hip,True,0.0,,,,,0.0,0.0,,,0,0.0,0,0.0,False,0.0,,,,,,,,-5.373432173767804,5.373432173767804,24.0,73.5,0.0,-2.04175312746043,61.8,14.002974367946825,68.25,6.6,246.75,168.0,235.0,0.4642857142857143,0.16234042553191488,1.0,0.175,0.1392857142857143,0.5053784427686554,0.1494427360524979,0.9603715045830222,-3.427626629341273,2.2361928090280796,-2.7346898784008515,2.1390254570903777,-2.2149873151955375,2.066149943137088,-2.7220505642551074,1.9689825911993692,-3.8291138133146774,1.8718152392616672,-6.136177062374247,2.374647887323948,-7.2432403114338335,2.877480535386229,-7.323537748228511,3.404605021432957,-8.430600997288082,4.507437669495237,-8.937664246347651,5.610270317557519,-10.044727495407239,6.713102965619816,-11.151790744466808,7.815935613682097,-11.658853993526378,8.918768261744377,-11.739151430321055,10.045892747791106,-11.646214679380643,11.748725395853386,-10.953277928440212,13.451558043915668,-10.860341177499782,13.954390691977965,-10.860341177499782,13.954390691977965,-10.860341177499782,13.954390691977965,-10.860341177499782,13.954390691977965,right,0.5014772725817189,5.373432173767804,0.3678571428571428,0.0,0.0,,,0.0,0.0
2.25.175903805423871105435148927871625232853,/home/user/workspace/dataset_extracted/Датасет/НД_для_обучения/Исследования/2.25.175903805423871105435148927871625232853/series_001_2_CR/A2507159447 DXA/CR DXA/CR000000.dcm,1.2.643.5.1.13.13.12.2.77.8252.12071204070300150506091512141413,1,315,300,spine,True,0.0,,0.0,0.0,0.0,,,,,811,510.93,811,510.93,True,4.102557310169409,0.5161670213788248,0.09847757403455337,315.0,-0.014196065176672714,0.0,0.0031746031746031746,0.3433333333333333,,,,,,,,,,,,,,,,,,,,,,,,,,,,,,,,,,,,,,,,,,,,,,,,,,,,,,,,,,,,,,,,,,,,,,,
2.25.175903805423871105435148927871625232853,/home/user/workspace/dataset_extracted/Датасет/НД_для_обучения/Исследования/2.25.175903805423871105435148927871625232853/series_001_2_CR/A2507159447 DXA/CR DXA/CR000001.dcm,1.2.643.5.1.13.13.12.2.77.8252.13151105000600070510031109011109,5,289,280,left_hip,True,0.0,,,,,,,0.0,0.0,0,0.0,0,0.0,False,0.0,,,,,,,,-1.979841941811529,1.979841941811529,25.2,116.55000000000001,0.0,-17.703292383292382,30.0,16.960775710775724,89.25,10.2,303.45,168.0,289.0,0.24821428571428572,0.19703410776075136,1.0,0.24642857142857144,0.12857142857142856,0.5210869071303077,0.14132237295182432,0.96717908397575,-18.919829764829764,3.018752193752192,-18.94187960687961,3.906326781326788,-18.95841698841699,4.872007722007723,-18.98046683046683,5.759582309582311,-19.002516672516673,6.047156897156898,-19.624566514566514,6.334731484731486,-20.24661635661636,6.0223060723060735,-20.86315373815374,6.387987012987017,-20.88520358020358,6.075561600561604,-20.907253422253426,6.363136188136193,-20.929303264303265,6.65071077571078,-20.351353106353105,7.538285363285368,-30.0,8.425859950859955,-30.0,8.7915408915409,-30.0,10.279115479115486,-30.0,11.766690066690074,-30.0,13.254264654264661,-30.0,14.74183924183925,-30.0,15.107520182520192,-30.0,16.59509477009478,right,0.12771810350076201,1.979841941811529,0.17857142857142858,0.0,0.0,,,0.0,0.0
2.25.175903805423871105435148927871625232853,/home/user/workspace/dataset_extracted/Датасет/НД_для_обучения/Исследования/2.25.175903805423871105435148927871625232853/series_001_2_CR/A2507159447 DXA/CR DXA/CR000002.dcm,1.2.643.5.1.13.13.12.2.77.8252.15100208060002090813060606131404,3,289,280,left_hip,True,0.0,,,,,,,0.0,0.0,0,0.0,0,0.0,False,0.0,,,,,,,,-2.3303384207659597,2.3303384207659597,25.2,100.80000000000001,0.0,-16.586116386326648,49.8,16.085946825827452,91.35000000000001,9.0,303.45,168.0,289.0,0.36607142857142855,0.20346020761245676,1.0,0.3107142857142857,0.14285714285714285,0.50166264576697,0.14272628620706926,0.9630901854082475,-16.607196147585466,2.504191535539871,-17.165036625067838,3.4045170916983123,-17.733416983179612,3.779761258817143,-18.291257460661974,4.0800868149755845,-18.249097938144338,4.980412371134025,-18.806938415626703,5.280737927292449,-18.764778893109067,5.58106348345089,-18.73315925122084,5.356307650569721,-20.490999728703212,5.056633206728162,-21.048840206185577,4.756958762886586,-24.00668068366794,5.057284319045027,-26.964521161150305,5.957609875203468,-28.722361638632666,6.857935431361909,-29.89074199674444,7.233179598480739,-30.0,8.73350515463918,-30.0,9.633830710797605,-30.0,11.134156266956046,-30.0,12.034481823114486,-30.0,11.809725990233318,-30.0,12.71005154639174,left,-0.41184920286882776,2.3303384207659597,0.29642857142857143,,,0.0,0.0,0.0,0.0
2.25.17706555930735581384953296958427669848,/home/user/workspace/dataset_extracted/Датасет/НД_для_обучения/Исследования/2.25.17706555930735581384953296958427669848/series_004_3_CR/A2504146513 DXA/CR DXA/CR000000.dcm,1.2.643.5.1.13.13.12.2.77.8252.11051514070611150905020505061111,3,261,280,left_hip,True,0.0,,,,,,,0.0,0.0,0,0.0,0,0.0,False,0.0,,,,,,,,-5.552229841621085,5.552229841621085,27.599999999999998,119.7,0.0,2.3477888256617008,39.0,15.805325935076246,43.050000000000004,13.2,274.05,168.0,261.0,0.30357142857142855,0.2219896004378763,1.0,0.28214285714285714,0.14642857142857144,0.5447077354757522,0.16740157968939037,0.9553172116333873,1.5573188068285475,3.348999817743663,2.30969482189507,5.0848188574553035,-28.776023166805036,6.386683137239021,-30.0,7.522502176950644,-30.0,10.458321216662284,-30.0,12.794140256373908,-30.0,13.92995929608553,-30.0,14.031823575869264,-30.0,15.167642615580888,-30.0,15.103461655292527,-30.0,15.805325935076246,-30.0,15.805325935076246,-30.0,15.805325935076246,-30.0,15.805325935076246,-30.0,15.805325935076246,-30.0,15.805325935076246,-30.0,15.805325935076246,-30.0,15.805325935076246,-30.0,15.805325935076246,-30.0,15.805325935076246,left,-0.3535090225231151,5.552229841621085,0.23214285714285715,,,0.0,0.0,0.0,0.0
2.25.17706555930735581384953296958427669848,/home/user/workspace/dataset_extracted/Датасет/НД_для_обучения/Исследования/2.25.17706555930735581384953296958427669848/series_004_3_CR/A2504146513 DXA/CR DXA/CR000001.dcm,1.2.643.5.1.13.13.12.2.77.8252.03050114141207061001080502130215,1,287,300,spine,True,1.0,"Наличие посторонних предметов, артефактов или наложений",0.0,0.0,1.0,,,,,50,31.5,50,31.5,True,3.394168376232241,2.1278342237735,2.356573824135692,287.0,-0.024137055386855573,0.0,0.003484320557491289,0.3333333333333333,,,,,,,,,,,,,,,,,,,,,,,,,,,,,,,,,,,,,,,,,,,,,,,,,,,,,,,,,,,,,,,,,,,,,,,
2.25.17706555930735581384953296958427669848,/home/user/workspace/dataset_extracted/Датасет/НД_для_обучения/Исследования/2.25.17706555930735581384953296958427669848/series_004_3_CR/A2504146513 DXA/CR DXA/CR000002.dcm,1.2.643.5.1.13.13.12.2.77.8252.02140511090200100603110807051014,7,287,300,spine,True,1.0,"Наличие посторонних предметов, артефактов или наложений",0.0,0.0,1.0,,,,,50,31.5,50,31.5,True,3.394168376232241,2.1278342237735,2.356573824135692,287.0,-0.024137055386855573,0.0,0.003484320557491289,0.3333333333333333,,,,,,,,,,,,,,,,,,,,,,,,,,,,,,,,,,,,,,,,,,,,,,,,,,,,,,,,,,,,,,,,,,,,,,,
2.25.17706555930735581384953296958427669848,/home/user/workspace/dataset_extracted/Датасет/НД_для_обучения/Исследования/2.25.17706555930735581384953296958427669848/series_004_3_CR/A2504146513 DXA/CR DXA/CR000003.dcm,1.2.643.5.1.13.13.12.2.77.8252.08081313070715151208110603030015,8,261,280,left_hip,True,0.0,,,,,,,0.0,0.0,0,0.0,0,0.0,False,0.0,,,,,,,,1.9399864063055776,1.9399864063055776,27.599999999999998,81.9,0.0,-4.557242757242757,19.2,21.23062760024786,85.05,15.0,274.05,168.0,261.0,0.22142857142857142,0.21877394636015327,1.0,0.29642857142857143,0.075,0.5302636963421397,0.14590558992802016,0.9461892521801882,-5.127705206186218,2.1953793042400775,-6.4883218047775,2.319288306630091,-7.058784253720961,2.5622200584225965,-7.819400852312243,2.086129060812618,-8.580017450903526,2.2100380632026315,-9.340634049494808,2.333947065592645,-10.10125064808609,2.4578560679826578,-10.671713097029551,2.7007878197751722,-11.432329695620833,3.4246968221651852,-12.192946294212115,4.148605824555198,-12.353562892803398,5.47251482694522,-13.114179491394681,7.396423829335234,-13.274796089985959,8.720332831725246,-13.245258538929424,10.16326458351776,-28.405875137520702,12.687173585907773,-30.0,15.811082588297795,-30.0,17.134991590687807,-30.0,20.258900593077822,-30.0,20.501832344870337,-30.0,20.625741347260348,right,0.0424155091616123,1.9399864063055776,0.11428571428571428,0.0,0.0,,,0.0,0.0
2.25.17706555930735581384953296958427669848,/home/user/workspace/dataset_extracted/Датасет/НД_для_обучения/Исследования/2.25.17706555930735581384953296958427669848/series_004_3_CR/A2504146513 DXA/CR DXA/CR000004.dcm,1.2.643.5.1.13.13.12.2.77.8252.04041511061006011303010701020104,5,261,280,left_hip,True,0.0,,,,,,,0.0,0.0,0,0.0,0,0.0,False,0.0,,,,,,,,1.9399864063055776,1.9399864063055776,27.599999999999998,81.9,0.0,-4.557242757242757,19.2,21.23062760024786,85.05,15.0,274.05,168.0,261.0,0.22142857142857142,0.21877394636015327,1.0,0.29642857142857143,0.075,0.5302636963421397,0.14590558992802016,0.9461892521801882,-5.127705206186218,2.1953793042400775,-6.4883218047775,2.319288306630091,-7.058784253720961,2.5622200584225965,-7.819400852312243,2.086129060812618,-8.580017450903526,2.2100380632026315,-9.340634049494808,2.333947065592645,-10.10125064808609,2.4578560679826578,-10.671713097029551,2.7007878197751722,-11.432329695620833,3.4246968221651852,-12.192946294212115,4.148605824555198,-12.353562892803398,5.47251482694522,-13.114179491394681,7.396423829335234,-13.274796089985959,8.720332831725246,-13.245258538929424,10.16326458351776,-28.405875137520702,12.687173585907773,-30.0,15.811082588297795,-30.0,17.134991590687807,-30.0,20.258900593077822,-30.0,20.501832344870337,-30.0,20.625741347260348,right,0.0424155091616123,1.9399864063055776,0.11428571428571428,0.0,0.0,,,0.0,0.0
2.25.17706555930735581384953296958427669848,/home/user/workspace/dataset_extracted/Датасет/НД_для_обучения/Исследования/2.25.17706555930735581384953296958427669848/series_004_3_CR/A2504146513 DXA/CR DXA/CR000005.dcm,1.2.643.5.1.13.13.12.2.77.8252.14111104000112000401050109111415,9,261,280,left_hip,True,0.0,,,,,,,0.0,0.0,0,0.0,0,0.0,False,0.0,,,,,,,,-5.552229841621085,5.552229841621085,27.599999999999998,119.7,0.0,2.3477888256617008,39.0,15.805325935076246,43.050000000000004,13.2,274.05,168.0,261.0,0.30357142857142855,0.2219896004378763,1.0,0.28214285714285714,0.14642857142857144,0.5447077354757522,0.16740157968939037,0.9553172116333873,1.5573188068285475,3.348999817743663,2.30969482189507,5.0848188574553035,-28.776023166805036,6.386683137239021,-30.0,7.522502176950644,-30.0,10.458321216662284,-30.0,12.794140256373908,-30.0,13.92995929608553,-30.0,14.031823575869264,-30.0,15.167642615580888,-30.0,15.103461655292527,-30.0,15.805325935076246,-30.0,15.805325935076246,-30.0,15.805325935076246,-30.0,15.805325935076246,-30.0,15.805325935076246,-30.0,15.805325935076246,-30.0,15.805325935076246,-30.0,15.805325935076246,-30.0,15.805325935076246,-30.0,15.805325935076246,left,-0.3535090225231151,5.552229841621085,0.23214285714285715,,,0.0,0.0,0.0,0.0
2.25.177745077805190810016231350557005569203,/home/user/workspace/dataset_extracted/Датасет/НД_для_обучения/Исследования/2.25.177745077805190810016231350557005569203/series_002_2_CR/A2504273759 DXA/CR DXA/CR000000.dcm,1.2.643.5.1.13.13.12.2.77.8252.04150214121314031409051312111410,3,233,280,left_hip,True,0.0,,,,,,,0.0,0.0,762,480.06,762,480.06,True,6.674243437653766,,,,,,,,-11.71858411455724,11.71858411455724,9.0,71.4,0.0,0.7983318700615086,80.39999999999999,6.8103790510363575,65.10000000000001,7.8,244.65,168.0,228.0,0.5035714285714286,0.1846259963212753,0.9785407725321889,0.30357142857142855,0.09642857142857143,0.49583755533743684,0.1541925012060828,0.9713097312494543,-0.42278505172343445,3.4834103141580783,-1.4509409474366974,3.1128564339427895,-1.4720578692216235,2.384941023781323,-1.3002137649348697,2.0143871435660343,-1.7283696606481327,1.6438332633507458,-0.9565255563613788,1.8732793831354568,-4.384681452074642,2.102725502920168,-6.8057983738595675,2.5748100927586846,-7.2339542695728305,4.004256212543396,-7.062110165286077,4.833702332328107,-8.090266060999323,5.063148452112818,-9.118421956712586,4.69259457189753,-9.546577852425832,5.522040691682241,-10.167694774210775,5.994125281520757,-11.195850669924022,5.623571401305469,-12.224006565637268,5.85301752109018,-12.631045539565587,6.8103790510363575,-12.631045539565587,6.8103790510363575,-12.631045539565587,6.8103790510363575,-12.631045539565587,6.8103790510363575,left,-1.00863994932114,11.71858411455724,0.47857142857142854,,,0.0,0.0,0.0,0.0
2.25.177745077805190810016231350557005569203,/home/user/workspace/dataset_extracted/Датасет/НД_для_обучения/Исследования/2.25.177745077805190810016231350557005569203/series_002_2_CR/A2504273759 DXA/CR DXA/CR000001.dcm,1.2.643.5.1.13.13.12.2.77.8252.03031110041309110901030612131412,7,318,300,spine,True,0.0,,0.0,0.0,0.0,,,,,1728,1088.64,1728,1088.64,True,3.953335659171067,1.3770208734154894,0.5732752673095334,318.0,0.019768533682716433,0.0,0.0031446540880503146,0.49,,,,,,,,,,,,,,,,,,,,,,,,,,,,,,,,,,,,,,,,,,,,,,,,,,,,,,,,,,,,,,,,,,,,,,,
2.25.177745077805190810016231350557005569203,/home/user/workspace/dataset_extracted/Датасет/НД_для_обучения/Исследования/2.25.177745077805190810016231350557005569203/series_002_2_CR/A2504273759 DXA/CR DXA/CR000002.dcm,1.2.643.5.1.13.13.12.2.77.8252.10151201011509101414030411060512,1,318,300,spine,True,0.0,,0.0,0.0,0.0,,,,,1728,1088.64,1728,1088.64,True,3.953335659171067,1.3770208734154894,0.5732752673095334,318.0,0.019768533682716433,0.0,0.0031446540880503146,0.49,,,,,,,,,,,,,,,,,,,,,,,,,,,,,,,,,,,,,,,,,,,,,,,,,,,,,,,,,,,,,,,,,,,,,,,
2.25.177745077805190810016231350557005569203,/home/user/workspace/dataset_extracted/Датасет/НД_для_обучения/Исследования/2.25.177745077805190810016231350557005569203/series_002_2_CR/A2504273759 DXA/CR DXA/CR000003.dcm,1.2.643.5.1.13.13.12.2.77.8252.00141000101506010405040508081209,9,233,280,left_hip,True,0.0,,,,,,,0.0,0.0,762,480.06,762,480.06,True,6.674243437653766,,,,,,,,-11.71858411455724,11.71858411455724,9.0,71.4,0.0,0.7983318700615086,80.39999999999999,6.8103790510363575,65.10000000000001,7.8,244.65,168.0,228.0,0.5035714285714286,0.1846259963212753,0.9785407725321889,0.30357142857142855,0.09642857142857143,0.49583755533743684,0.1541925012060828,0.9713097312494543,-0.42278505172343445,3.4834103141580783,-1.4509409474366974,3.1128564339427895,-1.4720578692216235,2.384941023781323,-1.3002137649348697,2.0143871435660343,-1.7283696606481327,1.6438332633507458,-0.9565255563613788,1.8732793831354568,-4.384681452074642,2.102725502920168,-6.8057983738595675,2.5748100927586846,-7.2339542695728305,4.004256212543396,-7.062110165286077,4.833702332328107,-8.090266060999323,5.063148452112818,-9.118421956712586,4.69259457189753,-9.546577852425832,5.522040691682241,-10.167694774210775,5.994125281520757,-11.195850669924022,5.623571401305469,-12.224006565637268,5.85301752109018,-12.631045539565587,6.8103790510363575,-12.631045539565587,6.8103790510363575,-12.631045539565587,6.8103790510363575,-12.631045539565587,6.8103790510363575,left,-1.00863994932114,11.71858411455724,0.47857142857142854,,,0.0,0.0,0.0,0.0
2.25.177745077805190810016231350557005569203,/home/user/workspace/dataset_extracted/Датасет/НД_для_обучения/Исследования/2.25.177745077805190810016231350557005569203/series_002_2_CR/A2504273759 DXA/CR DXA/CR000004.dcm,1.2.643.5.1.13.13.12.2.77.8252.06130700140211110505051411010711,8,233,280,right_hip,True,0.0,,,,,0.0,0.0,,,701,441.63,701,441.63,True,5.564139424800581,,,,,,,,-11.52543325735274,11.52543325735274,9.0,72.45,0.0,1.6168359517719977,71.39999999999999,8.17172086225798,63.0,10.799999999999999,244.65,168.0,233.0,0.45714285714285713,0.1949877375843041,1.0,0.2892857142857143,0.11785714285714285,0.5276123319357829,0.17276260108060293,0.9708662098796357,0.5630544391669445,3.6993642674461285,1.3738107416879586,2.7972378516624077,0.7818779685787148,2.7206430398246426,0.3926342710997289,2.418516624040939,1.203390573620726,2.116390208257235,1.41414687614174,1.814263792473531,1.024903178662737,2.112137376689827,-0.16702959444650672,2.635542564852062,-2.9562732919254926,4.133416149068341,-4.545516989404495,5.0312897332846545,-6.134760686883482,7.129163317500933,-6.524004384362468,7.427036901717247,-7.51324808184147,7.724910485933543,-8.105180854950714,7.648315674095761,-8.4944245524297,7.946189258312057,-8.486357325538943,7.269594446474275,-8.486357325538943,7.269594446474275,-8.486357325538943,7.269594446474275,-8.486357325538943,7.269594446474275,-8.486357325538943,7.269594446474275,right,0.8404601733528414,11.52543325735274,0.42499999999999993,0.0,0.0,,,0.0,0.0
2.25.177745077805190810016231350557005569203,/home/user/workspace/dataset_extracted/Датасет/НД_для_обучения/Исследования/2.25.177745077805190810016231350557005569203/series_002_2_CR/A2504273759 DXA/CR DXA/CR000005.dcm,1.2.643.5.1.13.13.12.2.77.8252.01001108050505090405071008120805,5,233,280,right_hip,True,0.0,,,,,0.0,0.0,,,701,441.63,701,441.63,True,5.564139424800581,,,,,,,,-11.52543325735274,11.52543325735274,9.0,72.45,0.0,1.6168359517719977,71.39999999999999,8.17172086225798,63.0,10.799999999999999,244.65,168.0,233.0,0.45714285714285713,0.1949877375843041,1.0,0.2892857142857143,0.11785714285714285,0.5276123319357829,0.17276260108060293,0.9708662098796357,0.5630544391669445,3.6993642674461285,1.3738107416879586,2.7972378516624077,0.7818779685787148,2.7206430398246426,0.3926342710997289,2.418516624040939,1.203390573620726,2.116390208257235,1.41414687614174,1.814263792473531,1.024903178662737,2.112137376689827,-0.16702959444650672,2.635542564852062,-2.9562732919254926,4.133416149068341,-4.545516989404495,5.0312897332846545,-6.134760686883482,7.129163317500933,-6.524004384362468,7.427036901717247,-7.51324808184147,7.724910485933543,-8.105180854950714,7.648315674095761,-8.4944245524297,7.946189258312057,-8.486357325538943,7.269594446474275,-8.486357325538943,7.269594446474275,-8.486357325538943,7.269594446474275,-8.486357325538943,7.269594446474275,-8.486357325538943,7.269594446474275,right,0.8404601733528414,11.52543325735274,0.42499999999999993,0.0,0.0,,,0.0,0.0
2.25.178533355209696795441380751187185128893,/home/user/workspace/dataset_extracted/Датасет/НД_для_обучения/Исследования/2.25.178533355209696795441380751187185128893/series_003_2_CR/A2507155452 DXA/CR DXA/CR000000.dcm,1.2.643.5.1.13.13.12.2.77.8252.14110604050810020100071004090404,1,317,300,spine,True,0.0,,0.0,0.0,0.0,,,,,1389,875.07,1389,875.07,True,4.719443074058692,3.50862570982094,0.010683753361430348,317.0,-0.06781768955681997,0.0,0.0031545741324921135,0.4066666666666667,,,,,,,,,,,,,,,,,,,,,,,,,,,,,,,,,,,,,,,,,,,,,,,,,,,,,,,,,,,,,,,,,,,,,,,
2.25.181196659018348153828200695057897449628,/home/user/workspace/dataset_extracted/Датасет/НД_для_обучения/Исследования/2.25.181196659018348153828200695057897449628/series_004_2_CR/A2507370620 DXA/CR DXA/CR000000.dcm,1.2.643.5.1.13.13.12.2.77.8252.14150808010700150501131415040808,9,291,280,right_hip,True,0.0,,,,,0.0,0.0,,,0,0.0,0,0.0,False,0.0,,,,,,,,-0.6781567732453808,0.6781567732453808,14.399999999999999,63.0,0.0,6.004067796610173,21.599999999999998,8.242672964712426,70.35000000000001,30.0,305.55,168.0,201.0,0.21964285714285714,0.23365243004418262,0.6907216494845361,0.3964285714285714,0.06785714285714285,0.5378568722373167,0.13981473267838046,0.9595130673849779,5.744795776604619,0.7420894692970365,5.3990997499305395,0.8969658238399717,5.1398277299249795,1.163123089747171,4.794131703250909,0.7179994442900977,4.448435676576829,0.8728757988330244,3.5027396499027543,1.027752153375951,3.1570436232286796,1.1826285079188779,2.89777160322312,2.0487857738260686,2.552075576549045,2.803662128368995,2.2063795498749696,3.5585384829119304,1.8606835232008905,4.913414837454857,1.5149874965268153,5.668291191997784,1.1692914698527404,5.82316754654071,0.9100194498471808,6.08932481244791,0.5643234231731099,6.844201166990836,0.21862739649903062,6.9990775215337635,-0.12706863017504447,7.7539538760766895,0.30008335648791584,8.131392053348153,0.30008335648791584,8.131392053348153,0.30008335648791584,8.131392053348153,left,-0.020260505797656064,0.6781567732453808,0.12857142857142856,,,0.0,0.0,0.0,0.0
2.25.181196659018348153828200695057897449628,/home/user/workspace/dataset_extracted/Датасет/НД_для_обучения/Исследования/2.25.181196659018348153828200695057897449628/series_004_2_CR/A2507370620 DXA/CR DXA/CR000001.dcm,1.2.643.5.1.13.13.12.2.77.8252.07040306041313130904140702020908,10,265,280,left_hip,True,0.0,,,,,,,0.0,0.0,0,0.0,0,0.0,False,0.0,,,,,,,,-2.766579773943538,2.766579773943538,30.0,106.05000000000001,0.0,1.7896563774024543,39.0,20.43743273150843,46.2,13.2,278.25,168.0,265.0,0.32142857142857145,0.24588948787061995,1.0,0.3142857142857143,0.16071428571428573,0.5379013503514157,0.13667951479612436,0.9420562261987854,1.2050739662201606,2.9133092603377975,-18.656596389050655,4.245721607454862,-19.302849155503775,5.095030867792661,-19.364519510774592,6.427443214909727,-19.42618986604542,7.759855562026791,-30.0,9.692267909143856,-30.0,11.624680256260904,-30.0,14.873989516598703,-30.0,17.406401863715768,-30.0,17.538814210832832,-30.0,19.471226557949898,-30.0,20.43743273150843,-30.0,20.43743273150843,-30.0,20.43743273150843,-30.0,20.43743273150843,-30.0,20.43743273150843,-30.0,20.43743273150843,-30.0,20.43743273150843,-30.0,20.43743273150843,-30.0,20.43743273150843,right,0.33435764128351664,2.766579773943538,0.23214285714285715,0.0,0.0,,,0.0,0.0
2.25.181196659018348153828200695057897449628,/home/user/workspace/dataset_extracted/Датасет/НД_для_обучения/Исследования/2.25.181196659018348153828200695057897449628/series_004_2_CR/A2507370620 DXA/CR DXA/CR000002.dcm,1.2.643.5.1.13.13.12.2.77.8252.08141015091400020302110912090508,13,317,300,spine,True,0.0,,0.0,0.0,0.0,,,,,2453,1545.39,2453,1545.39,True,5.0409620434918185,1.625793442324419,0.12355938972409208,317.0,0.06833715456101733,0.0,0.0031545741324921135,0.31,,,,,,,,,,,,,,,,,,,,,,,,,,,,,,,,,,,,,,,,,,,,,,,,,,,,,,,,,,,,,,,,,,,,,,,
2.25.181196659018348153828200695057897449628,/home/user/workspace/dataset_extracted/Датасет/НД_для_обучения/Исследования/2.25.181196659018348153828200695057897449628/series_004_2_CR/A2507370620 DXA/CR DXA/CR000003.dcm,1.2.643.5.1.13.13.12.2.77.8252.07130015011404020601141211131000,1,317,300,spine,True,0.0,,0.0,0.0,0.0,,,,,2453,1545.39,2453,1545.39,True,5.0409620434918185,1.625793442324419,0.12355938972409208,317.0,0.06833715456101733,0.0,0.0031545741324921135,0.31,,,,,,,,,,,,,,,,,,,,,,,,,,,,,,,,,,,,,,,,,,,,,,,,,,,,,,,,,,,,,,,,,,,,,,,
2.25.181196659018348153828200695057897449628,/home/user/workspace/dataset_extracted/Датасет/НД_для_обучения/Исследования/2.25.181196659018348153828200695057897449628/series_004_2_CR/A2507370620 DXA/CR DXA/CR000004.dcm,1.2.643.5.1.13.13.12.2.77.8252.07070209131108100009081313101204,2,265,280,left_hip,True,0.0,,,,,,,0.0,0.0,0,0.0,0,0.0,False,0.0,,,,,,,,-2.766579773943538,2.766579773943538,30.0,106.05000000000001,0.0,1.7896563774024543,39.0,20.43743273150843,46.2,13.2,278.25,168.0,265.0,0.32142857142857145,0.24588948787061995,1.0,0.3142857142857143,0.16071428571428573,0.5379013503514157,0.13667951479612436,0.9420562261987854,1.2050739662201606,2.9133092603377975,-18.656596389050655,4.245721607454862,-19.302849155503775,5.095030867792661,-19.364519510774592,6.427443214909727,-19.42618986604542,7.759855562026791,-30.0,9.692267909143856,-30.0,11.624680256260904,-30.0,14.873989516598703,-30.0,17.406401863715768,-30.0,17.538814210832832,-30.0,19.471226557949898,-30.0,20.43743273150843,-30.0,20.43743273150843,-30.0,20.43743273150843,-30.0,20.43743273150843,-30.0,20.43743273150843,-30.0,20.43743273150843,-30.0,20.43743273150843,-30.0,20.43743273150843,-30.0,20.43743273150843,right,0.33435764128351664,2.766579773943538,0.23214285714285715,0.0,0.0,,,0.0,0.0
2.25.181196659018348153828200695057897449628,/home/user/workspace/dataset_extracted/Датасет/НД_для_обучения/Исследования/2.25.181196659018348153828200695057897449628/series_004_2_CR/A2507370620 DXA/CR DXA/CR000005.dcm,1.2.643.5.1.13.13.12.2.77.8252.03001212011504090610110601060006,7,265,280,left_hip,True,0.0,,,,,,,0.0,0.0,0,0.0,0,0.0,False,0.0,,,,,,,,-2.766579773943538,2.766579773943538,30.0,106.05000000000001,0.0,1.7896563774024543,39.0,20.43743273150843,46.2,13.2,278.25,168.0,265.0,0.32142857142857145,0.24588948787061995,1.0,0.3142857142857143,0.16071428571428573,0.5379013503514157,0.13667951479612436,0.9420562261987854,1.2050739662201606,2.9133092603377975,-18.656596389050655,4.245721607454862,-19.302849155503775,5.095030867792661,-19.364519510774592,6.427443214909727,-19.42618986604542,7.759855562026791,-30.0,9.692267909143856,-30.0,11.624680256260904,-30.0,14.873989516598703,-30.0,17.406401863715768,-30.0,17.538814210832832,-30.0,19.471226557949898,-30.0,20.43743273150843,-30.0,20.43743273150843,-30.0,20.43743273150843,-30.0,20.43743273150843,-30.0,20.43743273150843,-30.0,20.43743273150843,-30.0,20.43743273150843,-30.0,20.43743273150843,-30.0,20.43743273150843,right,0.33435764128351664,2.766579773943538,0.23214285714285715,0.0,0.0,,,0.0,0.0
2.25.181196659018348153828200695057897449628,/home/user/workspace/dataset_extracted/Датасет/НД_для_обучения/Исследования/2.25.181196659018348153828200695057897449628/series_004_2_CR/A2507370620 DXA/CR DXA/CR000006.dcm,1.2.643.5.1.13.13.12.2.77.8252.11080509070315011108060003120408,3,291,280,right_hip,True,0.0,,,,,0.0,0.0,,,0,0.0,0,0.0,False,0.0,,,,,,,,-0.6781567732453808,0.6781567732453808,14.399999999999999,63.0,0.0,6.004067796610173,21.599999999999998,8.242672964712426,70.35000000000001,30.0,305.55,168.0,201.0,0.21964285714285714,0.23365243004418262,0.6907216494845361,0.3964285714285714,0.06785714285714285,0.5378568722373167,0.13981473267838046,0.9595130673849779,5.744795776604619,0.7420894692970365,5.3990997499305395,0.8969658238399717,5.1398277299249795,1.163123089747171,4.794131703250909,0.7179994442900977,4.448435676576829,0.8728757988330244,3.5027396499027543,1.027752153375951,3.1570436232286796,1.1826285079188779,2.89777160322312,2.0487857738260686,2.552075576549045,2.803662128368995,2.2063795498749696,3.5585384829119304,1.8606835232008905,4.913414837454857,1.5149874965268153,5.668291191997784,1.1692914698527404,5.82316754654071,0.9100194498471808,6.08932481244791,0.5643234231731099,6.844201166990836,0.21862739649903062,6.9990775215337635,-0.12706863017504447,7.7539538760766895,0.30008335648791584,8.131392053348153,0.30008335648791584,8.131392053348153,0.30008335648791584,8.131392053348153,left,-0.020260505797656064,0.6781567732453808,0.12857142857142856,,,0.0,0.0,0.0,0.0
2.25.181196659018348153828200695057897449628,/home/user/workspace/dataset_extracted/Датасет/НД_для_обучения/Исследования/2.25.181196659018348153828200695057897449628/series_004_2_CR/A2507370620 DXA/CR DXA/CR000007.dcm,1.2.643.5.1.13.13.12.2.77.8252.13100414021307020008020611130410,8,291,280,right_hip,True,0.0,,,,,0.0,0.0,,,0,0.0,0,0.0,False,0.0,,,,,,,,-0.6781567732453808,0.6781567732453808,14.399999999999999,63.0,0.0,6.004067796610173,21.599999999999998,8.242672964712426,70.35000000000001,30.0,305.55,168.0,201.0,0.21964285714285714,0.23365243004418262,0.6907216494845361,0.3964285714285714,0.06785714285714285,0.5378568722373167,0.13981473267838046,0.9595130673849779,5.744795776604619,0.7420894692970365,5.3990997499305395,0.8969658238399717,5.1398277299249795,1.163123089747171,4.794131703250909,0.7179994442900977,4.448435676576829,0.8728757988330244,3.5027396499027543,1.027752153375951,3.1570436232286796,1.1826285079188779,2.89777160322312,2.0487857738260686,2.552075576549045,2.803662128368995,2.2063795498749696,3.5585384829119304,1.8606835232008905,4.913414837454857,1.5149874965268153,5.668291191997784,1.1692914698527404,5.82316754654071,0.9100194498471808,6.08932481244791,0.5643234231731099,6.844201166990836,0.21862739649903062,6.9990775215337635,-0.12706863017504447,7.7539538760766895,0.30008335648791584,8.131392053348153,0.30008335648791584,8.131392053348153,0.30008335648791584,8.131392053348153,left,-0.020260505797656064,0.6781567732453808,0.12857142857142856,,,0.0,0.0,0.0,0.0
2.25.181196659018348153828200695057897449628,/home/user/workspace/dataset_extracted/Датасет/НД_для_обучения/Исследования/2.25.181196659018348153828200695057897449628/series_004_2_CR/A2507370620 DXA/CR DXA/CR000008.dcm,1.2.643.5.1.13.13.12.2.77.8252.00010603011503150401111314061209,15,291,280,right_hip,True,0.0,,,,,0.0,0.0,,,0,0.0,0,0.0,False,0.0,,,,,,,,-0.6781567732453808,0.6781567732453808,14.399999999999999,63.0,0.0,6.004067796610173,21.599999999999998,8.242672964712426,70.35000000000001,30.0,305.55,168.0,201.0,0.21964285714285714,0.23365243004418262,0.6907216494845361,0.3964285714285714,0.06785714285714285,0.5378568722373167,0.13981473267838046,0.9595130673849779,5.744795776604619,0.7420894692970365,5.3990997499305395,0.8969658238399717,5.1398277299249795,1.163123089747171,4.794131703250909,0.7179994442900977,4.448435676576829,0.8728757988330244,3.5027396499027543,1.027752153375951,3.1570436232286796,1.1826285079188779,2.89777160322312,2.0487857738260686,2.552075576549045,2.803662128368995,2.2063795498749696,3.5585384829119304,1.8606835232008905,4.913414837454857,1.5149874965268153,5.668291191997784,1.1692914698527404,5.82316754654071,0.9100194498471808,6.08932481244791,0.5643234231731099,6.844201166990836,0.21862739649903062,6.9990775215337635,-0.12706863017504447,7.7539538760766895,0.30008335648791584,8.131392053348153,0.30008335648791584,8.131392053348153,0.30008335648791584,8.131392053348153,left,-0.020260505797656064,0.6781567732453808,0.12857142857142856,,,0.0,0.0,0.0,0.0
2.25.181196659018348153828200695057897449628,/home/user/workspace/dataset_extracted/Датасет/НД_для_обучения/Исследования/2.25.181196659018348153828200695057897449628/series_004_2_CR/A2507370620 DXA/CR DXA/CR000009.dcm,1.2.643.5.1.13.13.12.2.77.8252.08041100070615121300141413020001,14,265,280,left_hip,True,0.0,,,,,,,0.0,0.0,0,0.0,0,0.0,False,0.0,,,,,,,,-2.766579773943538,2.766579773943538,30.0,106.05000000000001,0.0,1.7896563774024543,39.0,20.43743273150843,46.2,13.2,278.25,168.0,265.0,0.32142857142857145,0.24588948787061995,1.0,0.3142857142857143,0.16071428571428573,0.5379013503514157,0.13667951479612436,0.9420562261987854,1.2050739662201606,2.9133092603377975,-18.656596389050655,4.245721607454862,-19.302849155503775,5.095030867792661,-19.364519510774592,6.427443214909727,-19.42618986604542,7.759855562026791,-30.0,9.692267909143856,-30.0,11.624680256260904,-30.0,14.873989516598703,-30.0,17.406401863715768,-30.0,17.538814210832832,-30.0,19.471226557949898,-30.0,20.43743273150843,-30.0,20.43743273150843,-30.0,20.43743273150843,-30.0,20.43743273150843,-30.0,20.43743273150843,-30.0,20.43743273150843,-30.0,20.43743273150843,-30.0,20.43743273150843,-30.0,20.43743273150843,right,0.33435764128351664,2.766579773943538,0.23214285714285715,0.0,0.0,,,0.0,0.0
2.25.181196659018348153828200695057897449628,/home/user/workspace/dataset_extracted/Датасет/НД_для_обучения/Исследования/2.25.181196659018348153828200695057897449628/series_004_2_CR/A2507370620 DXA/CR DXA/CR000010.dcm,1.2.643.5.1.13.13.12.2.77.8252.08060613070108000200131403151214,6,291,280,right_hip,True,0.0,,,,,0.0,0.0,,,0,0.0,0,0.0,False,0.0,,,,,,,,-0.6781567732453808,0.6781567732453808,14.399999999999999,63.0,0.0,6.004067796610173,21.599999999999998,8.242672964712426,70.35000000000001,30.0,305.55,168.0,201.0,0.21964285714285714,0.23365243004418262,0.6907216494845361,0.3964285714285714,0.06785714285714285,0.5378568722373167,0.13981473267838046,0.9595130673849779,5.744795776604619,0.7420894692970365,5.3990997499305395,0.8969658238399717,5.1398277299249795,1.163123089747171,4.794131703250909,0.7179994442900977,4.448435676576829,0.8728757988330244,3.5027396499027543,1.027752153375951,3.1570436232286796,1.1826285079188779,2.89777160322312,2.0487857738260686,2.552075576549045,2.803662128368995,2.2063795498749696,3.5585384829119304,1.8606835232008905,4.913414837454857,1.5149874965268153,5.668291191997784,1.1692914698527404,5.82316754654071,0.9100194498471808,6.08932481244791,0.5643234231731099,6.844201166990836,0.21862739649903062,6.9990775215337635,-0.12706863017504447,7.7539538760766895,0.30008335648791584,8.131392053348153,0.30008335648791584,8.131392053348153,0.30008335648791584,8.131392053348153,left,-0.020260505797656064,0.6781567732453808,0.12857142857142856,,,0.0,0.0,0.0,0.0
2.25.181196659018348153828200695057897449628,/home/user/workspace/dataset_extracted/Датасет/НД_для_обучения/Исследования/2.25.181196659018348153828200695057897449628/series_004_2_CR/A2507370620 DXA/CR DXA/CR000011.dcm,1.2.643.5.1.13.13.12.2.77.8252.15131206051500011310060914011411,4,317,300,spine,True,0.0,,0.0,0.0,0.0,,,,,2453,1545.39,2453,1545.39,True,5.0409620434918185,1.625793442324419,0.12355938972409208,317.0,0.06833715456101733,0.0,0.0031545741324921135,0.31,,,,,,,,,,,,,,,,,,,,,,,,,,,,,,,,,,,,,,,,,,,,,,,,,,,,,,,,,,,,,,,,,,,,,,,
2.25.181196659018348153828200695057897449628,/home/user/workspace/dataset_extracted/Датасет/НД_для_обучения/Исследования/2.25.181196659018348153828200695057897449628/series_004_2_CR/A2507370620 DXA/CR DXA/CR000012.dcm,1.2.643.5.1.13.13.12.2.77.8252.00110402080602151505051001010810,5,265,280,left_hip,True,0.0,,,,,,,0.0,0.0,0,0.0,0,0.0,False,0.0,,,,,,,,-2.766579773943538,2.766579773943538,30.0,106.05000000000001,0.0,1.7896563774024543,39.0,20.43743273150843,46.2,13.2,278.25,168.0,265.0,0.32142857142857145,0.24588948787061995,1.0,0.3142857142857143,0.16071428571428573,0.5379013503514157,0.13667951479612436,0.9420562261987854,1.2050739662201606,2.9133092603377975,-18.656596389050655,4.245721607454862,-19.302849155503775,5.095030867792661,-19.364519510774592,6.427443214909727,-19.42618986604542,7.759855562026791,-30.0,9.692267909143856,-30.0,11.624680256260904,-30.0,14.873989516598703,-30.0,17.406401863715768,-30.0,17.538814210832832,-30.0,19.471226557949898,-30.0,20.43743273150843,-30.0,20.43743273150843,-30.0,20.43743273150843,-30.0,20.43743273150843,-30.0,20.43743273150843,-30.0,20.43743273150843,-30.0,20.43743273150843,-30.0,20.43743273150843,-30.0,20.43743273150843,right,0.33435764128351664,2.766579773943538,0.23214285714285715,0.0,0.0,,,0.0,0.0
2.25.184198356665635336833172191504278054074,/home/user/workspace/dataset_extracted/Датасет/НД_для_обучения/Исследования/2.25.184198356665635336833172191504278054074/series_004_2_CR/A250788286 DXA/CR DXA/CR000000.dcm,1.2.643.5.1.13.13.12.2.77.8252.04151306060901060605121400081206,1,291,300,spine,True,0.0,,0.0,0.0,0.0,,,,,3452,2174.76,3452,2174.76,True,4.922697204775087,1.1449069093704192,0.20017699300409864,291.0,0.03433913768744996,0.0,0.003436426116838488,0.33,,,,,,,,,,,,,,,,,,,,,,,,,,,,,,,,,,,,,,,,,,,,,,,,,,,,,,,,,,,,,,,,,,,,,,,
2.25.184198356665635336833172191504278054074,/home/user/workspace/dataset_extracted/Датасет/НД_для_обучения/Исследования/2.25.184198356665635336833172191504278054074/series_004_2_CR/A250788286 DXA/CR DXA/CR000001.dcm,1.2.643.5.1.13.13.12.2.77.8252.11141409010404080202090702050104,3,320,280,right_hip,True,0.0,,,,,0.0,0.0,,,0,0.0,0,0.0,False,0.0,,,,,,,,-2.2412655748485104,2.2412655748485104,26.4,123.9,0.0,0.1739243807040225,34.199999999999996,18.955978219188605,67.2,10.799999999999999,336.0,168.0,320.0,0.275,0.21262276785714285,1.0,0.29285714285714287,0.14642857142857144,0.5175726485570024,0.10213636656501918,0.9696186332983672,-0.37526103009654577,3.6710023774829605,-0.30750824449729774,5.210000766930006,-0.25669365529786603,6.214249559015289,-0.18894086969861804,7.153247948462334,-0.12118808409937003,8.09224633790937,-0.053435298500126294,7.831244727356414,-18.585682512900878,7.570243116803459,-20.934867923701447,7.374491908888743,-23.867115138102196,7.713490298335787,-23.79936235250295,8.052488687782823,-23.131609566903705,8.991487077229868,-22.463856781304457,10.530485466676913,-20.596103995705214,12.069483856123957,-30.0,13.07373264820924,-30.0,14.612731037656276,-30.0,17.351729427103322,-30.0,18.955978219188605,-30.0,18.955978219188605,-30.0,18.955978219188605,-30.0,18.955978219188605,left,-0.1477844102750933,2.2412655748485104,0.20357142857142854,,,0.0,0.0,0.0,0.0
2.25.184198356665635336833172191504278054074,/home/user/workspace/dataset_extracted/Датасет/НД_для_обучения/Исследования/2.25.184198356665635336833172191504278054074/series_004_2_CR/A250788286 DXA/CR DXA/CR000002.dcm,1.2.643.5.1.13.13.12.2.77.8252.02150805140008141106110606070801,5,318,280,left_hip,True,0.0,,,,,,,0.0,0.0,18,11.34,18,11.34,True,3.1339356130500797,,,,,,,,0.1688860019386654,0.1688860019386654,25.2,126.0,0.0,0.16767761650115176,44.4,21.709486769914577,80.85000000000001,9.0,333.90000000000003,168.0,318.0,0.35,0.1992026055705301,1.0,0.29285714285714287,0.14642857142857144,0.518336654027375,0.1521195236760821,0.9713135592082065,0.066818529064534,3.8548843669699435,-0.03826376831723337,5.574562122369621,-0.11707549135355463,6.714320438919378,-0.22215778873532202,8.433998194319056,-0.32724008611708083,8.953675949718743,0.16767761650115176,9.473353705118422,0.06259531911939291,9.393031460518099,-0.016216403916928357,8.732789777067856,-18.721298701298696,8.652467532467535,-23.026380998680455,8.57214528786722,-24.33146329606222,9.691823043266899,-28.03654559344398,10.211500798666577,-30.0,11.331178554066256,-30.0,12.47093687061602,-30.0,14.190614626015698,-30.0,15.910292381415376,-30.0,18.229970136815055,-30.0,20.549647892214733,-30.0,21.6894062087645,-30.0,21.609083964164174,right,0.24213182712177594,0.1688860019386654,0.2642857142857143,0.0,0.0,,,0.0,0.0
2.25.186201010600484120326273381077449377115,/home/user/workspace/dataset_extracted/Датасет/НД_для_обучения/Исследования/2.25.186201010600484120326273381077449377115/series_004_2_CR/A250777475 DXA/CR DXA/CR000000.dcm,1.2.643.5.1.13.13.12.2.77.8252.01110601131107041511021510061211,6,261,280,left_hip,True,0.0,,,,,,,0.0,0.0,53,33.39,53,33.39,True,3.867980474157005,,,,,,,,-6.762726950599207,6.762726950599207,28.2,81.9,0.0,-6.667810670342339,49.8,14.287722404178146,73.5,11.4,274.05,168.0,261.0,0.38571428571428573,0.20153256704980843,1.0,0.2714285714285714,0.16071428571428573,0.4978289539596237,0.14085470272590217,0.9533520865864242,-12.153069715095057,2.6095474146107223,-12.067385778778213,2.899133777614793,-12.153122826540573,3.2663235498678715,-11.467438890223729,3.5559099128719596,-10.781754953906878,3.24549627587603,-10.696071017590025,2.935082638880135,-11.810387081273182,2.624669001884206,-11.296124129035542,2.9918587741372673,-11.210440192718698,3.281445137141372,-10.524756256401854,3.5710315001454433,-10.439072320085003,4.460617863149531,-10.35338838376815,5.350204226153619,-9.667704447451309,6.239790589157707,-9.153441495213675,7.206980361410768,-8.467757558896823,8.096566724414856,-7.18207362257998,10.186153087418944,-16.096389686263127,11.675739450423032,-16.610705749946277,13.76532581342712,-17.039284765867073,14.287722404178146,-17.039284765867073,14.287722404178146,left,-0.46222750648935995,6.762726950599207,0.29642857142857143,,,0.0,0.0,0.0,0.0
2.25.186201010600484120326273381077449377115,/home/user/workspace/dataset_extracted/Датасет/НД_для_обучения/Исследования/2.25.186201010600484120326273381077449377115/series_004_2_CR/A250777475 DXA/CR DXA/CR000001.dcm,1.2.643.5.1.13.13.12.2.77.8252.09061504020803021006021501021304,10,261,280,left_hip,True,0.0,,,,,,,0.0,0.0,53,33.39,53,33.39,True,3.867980474157005,,,,,,,,-6.762726950599207,6.762726950599207,28.2,81.9,0.0,-6.667810670342339,49.8,14.287722404178146,73.5,11.4,274.05,168.0,261.0,0.38571428571428573,0.20153256704980843,1.0,0.2714285714285714,0.16071428571428573,0.4978289539596237,0.14085470272590217,0.9533520865864242,-12.153069715095057,2.6095474146107223,-12.067385778778213,2.899133777614793,-12.153122826540573,3.2663235498678715,-11.467438890223729,3.5559099128719596,-10.781754953906878,3.24549627587603,-10.696071017590025,2.935082638880135,-11.810387081273182,2.624669001884206,-11.296124129035542,2.9918587741372673,-11.210440192718698,3.281445137141372,-10.524756256401854,3.5710315001454433,-10.439072320085003,4.460617863149531,-10.35338838376815,5.350204226153619,-9.667704447451309,6.239790589157707,-9.153441495213675,7.206980361410768,-8.467757558896823,8.096566724414856,-7.18207362257998,10.186153087418944,-16.096389686263127,11.675739450423032,-16.610705749946277,13.76532581342712,-17.039284765867073,14.287722404178146,-17.039284765867073,14.287722404178146,left,-0.46222750648935995,6.762726950599207,0.29642857142857143,,,0.0,0.0,0.0,0.0
2.25.186201010600484120326273381077449377115,/home/user/workspace/dataset_extracted/Датасет/НД_для_обучения/Исследования/2.25.186201010600484120326273381077449377115/series_004_2_CR/A250777475 DXA/CR DXA/CR000002.dcm,1.2.643.5.1.13.13.12.2.77.8252.00091315091215060415120908060402,11,261,280,right_hip,True,0.0,,,,,0.0,0.0,,,31,19.53,31,19.53,True,3.6360424172866144,,,,,,,,-11.984783682504561,11.984783682504561,16.2,85.05,0.0,16.637841011743415,52.8,14.037651309846433,67.2,11.4,274.05,168.0,261.0,0.4017857142857143,0.1931855500821018,1.0,0.275,0.16428571428571428,0.49976236256769463,0.13702538406184073,0.9554846480752816,3.69803071364048,2.1278952122854435,5.195158084914203,1.8418789521228405,5.718003613369478,1.6273667570008796,7.215130984643184,1.9413504968382767,8.71225835591689,2.2553342366756906,10.809385727190596,2.5693179765130876,12.306513098464302,2.8833017163504846,11.629358626919577,3.268789521228541,10.726485998193299,4.182773261065938,11.023613369467006,5.096757000903335,12.520740740740711,6.010740740740732,14.017868112014435,7.524724480578129,15.514995483288123,9.038708220415526,16.637841011743415,10.024196025293582,9.13496838301712,12.13817976513098,8.832095754290828,13.052163504968377,8.754941282746119,14.037651309846433,8.754941282746119,14.037651309846433,8.754941282746119,14.037651309846433,8.754941282746119,14.037651309846433,right,0.4569550262872352,11.984783682504561,0.3142857142857143,0.0,0.0,,,0.0,0.0
2.25.186201010600484120326273381077449377115,/home/user/workspace/dataset_extracted/Датасет/НД_для_обучения/Исследования/2.25.186201010600484120326273381077449377115/series_004_2_CR/A250777475 DXA/CR DXA/CR000003.dcm,1.2.643.5.1.13.13.12.2.77.8252.01141302020713050903060503061314,13,261,280,right_hip,True,0.0,,,,,0.0,0.0,,,31,19.53,31,19.53,True,3.6360424172866144,,,,,,,,-11.984783682504561,11.984783682504561,16.2,85.05,0.0,16.637841011743415,52.8,14.037651309846433,67.2,11.4,274.05,168.0,261.0,0.4017857142857143,0.1931855500821018,1.0,0.275,0.16428571428571428,0.49976236256769463,0.13702538406184073,0.9554846480752816,3.69803071364048,2.1278952122854435,5.195158084914203,1.8418789521228405,5.718003613369478,1.6273667570008796,7.215130984643184,1.9413504968382767,8.71225835591689,2.2553342366756906,10.809385727190596,2.5693179765130876,12.306513098464302,2.8833017163504846,11.629358626919577,3.268789521228541,10.726485998193299,4.182773261065938,11.023613369467006,5.096757000903335,12.520740740740711,6.010740740740732,14.017868112014435,7.524724480578129,15.514995483288123,9.038708220415526,16.637841011743415,10.024196025293582,9.13496838301712,12.13817976513098,8.832095754290828,13.052163504968377,8.754941282746119,14.037651309846433,8.754941282746119,14.037651309846433,8.754941282746119,14.037651309846433,8.754941282746119,14.037651309846433,right,0.4569550262872352,11.984783682504561,0.3142857142857143,0.0,0.0,,,0.0,0.0
2.25.186201010600484120326273381077449377115,/home/user/workspace/dataset_extracted/Датасет/НД_для_обучения/Исследования/2.25.186201010600484120326273381077449377115/series_004_2_CR/A250777475 DXA/CR DXA/CR000004.dcm,1.2.643.5.1.13.13.12.2.77.8252.13051209051006081503100907110310,12,261,280,left_hip,True,0.0,,,,,,,0.0,0.0,53,33.39,53,33.39,True,3.867980474157005,,,,,,,,-6.762726950599207,6.762726950599207,28.2,81.9,0.0,-6.667810670342339,49.8,14.287722404178146,73.5,11.4,274.05,168.0,261.0,0.38571428571428573,0.20153256704980843,1.0,0.2714285714285714,0.16071428571428573,0.4978289539596237,0.14085470272590217,0.9533520865864242,-12.153069715095057,2.6095474146107223,-12.067385778778213,2.899133777614793,-12.153122826540573,3.2663235498678715,-11.467438890223729,3.5559099128719596,-10.781754953906878,3.24549627587603,-10.696071017590025,2.935082638880135,-11.810387081273182,2.624669001884206,-11.296124129035542,2.9918587741372673,-11.210440192718698,3.281445137141372,-10.524756256401854,3.5710315001454433,-10.439072320085003,4.460617863149531,-10.35338838376815,5.350204226153619,-9.667704447451309,6.239790589157707,-9.153441495213675,7.206980361410768,-8.467757558896823,8.096566724414856,-7.18207362257998,10.186153087418944,-16.096389686263127,11.675739450423032,-16.610705749946277,13.76532581342712,-17.039284765867073,14.287722404178146,-17.039284765867073,14.287722404178146,left,-0.46222750648935995,6.762726950599207,0.29642857142857143,,,0.0,0.0,0.0,0.0
2.25.186201010600484120326273381077449377115,/home/user/workspace/dataset_extracted/Датасет/НД_для_обучения/Исследования/2.25.186201010600484120326273381077449377115/series_004_2_CR/A250777475 DXA/CR DXA/CR000005.dcm,1.2.643.5.1.13.13.12.2.77.8252.07131015031512050310021202060000,5,261,280,right_hip,True,0.0,,,,,0.0,0.0,,,31,19.53,31,19.53,True,3.6360424172866144,,,,,,,,-11.984783682504561,11.984783682504561,16.2,85.05,0.0,16.637841011743415,52.8,14.037651309846433,67.2,11.4,274.05,168.0,261.0,0.4017857142857143,0.1931855500821018,1.0,0.275,0.16428571428571428,0.49976236256769463,0.13702538406184073,0.9554846480752816,3.69803071364048,2.1278952122854435,5.195158084914203,1.8418789521228405,5.718003613369478,1.6273667570008796,7.215130984643184,1.9413504968382767,8.71225835591689,2.2553342366756906,10.809385727190596,2.5693179765130876,12.306513098464302,2.8833017163504846,11.629358626919577,3.268789521228541,10.726485998193299,4.182773261065938,11.023613369467006,5.096757000903335,12.520740740740711,6.010740740740732,14.017868112014435,7.524724480578129,15.514995483288123,9.038708220415526,16.637841011743415,10.024196025293582,9.13496838301712,12.13817976513098,8.832095754290828,13.052163504968377,8.754941282746119,14.037651309846433,8.754941282746119,14.037651309846433,8.754941282746119,14.037651309846433,8.754941282746119,14.037651309846433,right,0.4569550262872352,11.984783682504561,0.3142857142857143,0.0,0.0,,,0.0,0.0
2.25.186201010600484120326273381077449377115,/home/user/workspace/dataset_extracted/Датасет/НД_для_обучения/Исследования/2.25.186201010600484120326273381077449377115/series_004_2_CR/A250777475 DXA/CR DXA/CR000006.dcm,1.2.643.5.1.13.13.12.2.77.8252.01060001050009070514040213010802,2,261,280,right_hip,True,0.0,,,,,0.0,0.0,,,31,19.53,31,19.53,True,3.6360424172866144,,,,,,,,-11.984783682504561,11.984783682504561,16.2,85.05,0.0,16.637841011743415,52.8,14.037651309846433,67.2,11.4,274.05,168.0,261.0,0.4017857142857143,0.1931855500821018,1.0,0.275,0.16428571428571428,0.49976236256769463,0.13702538406184073,0.9554846480752816,3.69803071364048,2.1278952122854435,5.195158084914203,1.8418789521228405,5.718003613369478,1.6273667570008796,7.215130984643184,1.9413504968382767,8.71225835591689,2.2553342366756906,10.809385727190596,2.5693179765130876,12.306513098464302,2.8833017163504846,11.629358626919577,3.268789521228541,10.726485998193299,4.182773261065938,11.023613369467006,5.096757000903335,12.520740740740711,6.010740740740732,14.017868112014435,7.524724480578129,15.514995483288123,9.038708220415526,16.637841011743415,10.024196025293582,9.13496838301712,12.13817976513098,8.832095754290828,13.052163504968377,8.754941282746119,14.037651309846433,8.754941282746119,14.037651309846433,8.754941282746119,14.037651309846433,8.754941282746119,14.037651309846433,right,0.4569550262872352,11.984783682504561,0.3142857142857143,0.0,0.0,,,0.0,0.0
2.25.186201010600484120326273381077449377115,/home/user/workspace/dataset_extracted/Датасет/НД_для_обучения/Исследования/2.25.186201010600484120326273381077449377115/series_004_2_CR/A250777475 DXA/CR DXA/CR000007.dcm,1.2.643.5.1.13.13.12.2.77.8252.07140512060315100814061103061308,9,315,300,spine,True,0.0,,0.0,0.0,0.0,,,,,711,447.93,711,447.93,True,4.7578455163108195,3.0170974407232114,0.789549207378454,315.0,0.005566477199880353,0.0,0.0031746031746031746,0.5366666666666666,,,,,,,,,,,,,,,,,,,,,,,,,,,,,,,,,,,,,,,,,,,,,,,,,,,,,,,,,,,,,,,,,,,,,,,
2.25.186201010600484120326273381077449377115,/home/user/workspace/dataset_extracted/Датасет/НД_для_обучения/Исследования/2.25.186201010600484120326273381077449377115/series_004_2_CR/A250777475 DXA/CR DXA/CR000008.dcm,1.2.643.5.1.13.13.12.2.77.8252.05080405071204150306061400051307,7,261,280,left_hip,True,0.0,,,,,,,0.0,0.0,53,33.39,53,33.39,True,3.867980474157005,,,,,,,,-6.762726950599207,6.762726950599207,28.2,81.9,0.0,-6.667810670342339,49.8,14.287722404178146,73.5,11.4,274.05,168.0,261.0,0.38571428571428573,0.20153256704980843,1.0,0.2714285714285714,0.16071428571428573,0.4978289539596237,0.14085470272590217,0.9533520865864242,-12.153069715095057,2.6095474146107223,-12.067385778778213,2.899133777614793,-12.153122826540573,3.2663235498678715,-11.467438890223729,3.5559099128719596,-10.781754953906878,3.24549627587603,-10.696071017590025,2.935082638880135,-11.810387081273182,2.624669001884206,-11.296124129035542,2.9918587741372673,-11.210440192718698,3.281445137141372,-10.524756256401854,3.5710315001454433,-10.439072320085003,4.460617863149531,-10.35338838376815,5.350204226153619,-9.667704447451309,6.239790589157707,-9.153441495213675,7.206980361410768,-8.467757558896823,8.096566724414856,-7.18207362257998,10.186153087418944,-16.096389686263127,11.675739450423032,-16.610705749946277,13.76532581342712,-17.039284765867073,14.287722404178146,-17.039284765867073,14.287722404178146,left,-0.46222750648935995,6.762726950599207,0.29642857142857143,,,0.0,0.0,0.0,0.0
2.25.186201010600484120326273381077449377115,/home/user/workspace/dataset_extracted/Датасет/НД_для_обучения/Исследования/2.25.186201010600484120326273381077449377115/series_004_2_CR/A250777475 DXA/CR DXA/CR000009.dcm,1.2.643.5.1.13.13.12.2.77.8252.13020010101411130307011411150509,3,261,280,left_hip,True,0.0,,,,,,,0.0,0.0,53,33.39,53,33.39,True,3.867980474157005,,,,,,,,-6.762726950599207,6.762726950599207,28.2,81.9,0.0,-6.667810670342339,49.8,14.287722404178146,73.5,11.4,274.05,168.0,261.0,0.38571428571428573,0.20153256704980843,1.0,0.2714285714285714,0.16071428571428573,0.4978289539596237,0.14085470272590217,0.9533520865864242,-12.153069715095057,2.6095474146107223,-12.067385778778213,2.899133777614793,-12.153122826540573,3.2663235498678715,-11.467438890223729,3.5559099128719596,-10.781754953906878,3.24549627587603,-10.696071017590025,2.935082638880135,-11.810387081273182,2.624669001884206,-11.296124129035542,2.9918587741372673,-11.210440192718698,3.281445137141372,-10.524756256401854,3.5710315001454433,-10.439072320085003,4.460617863149531,-10.35338838376815,5.350204226153619,-9.667704447451309,6.239790589157707,-9.153441495213675,7.206980361410768,-8.467757558896823,8.096566724414856,-7.18207362257998,10.186153087418944,-16.096389686263127,11.675739450423032,-16.610705749946277,13.76532581342712,-17.039284765867073,14.287722404178146,-17.039284765867073,14.287722404178146,left,-0.46222750648935995,6.762726950599207,0.29642857142857143,,,0.0,0.0,0.0,0.0
2.25.186201010600484120326273381077449377115,/home/user/workspace/dataset_extracted/Датасет/НД_для_обучения/Исследования/2.25.186201010600484120326273381077449377115/series_004_2_CR/A250777475 DXA/CR DXA/CR000010.dcm,1.2.643.5.1.13.13.12.2.77.8252.07061504011201061005090406100203,4,315,300,spine,True,0.0,,0.0,0.0,0.0,,,,,711,447.93,711,447.93,True,4.7578455163108195,3.0170974407232114,0.789549207378454,315.0,0.005566477199880353,0.0,0.0031746031746031746,0.5366666666666666,,,,,,,,,,,,,,,,,,,,,,,,,,,,,,,,,,,,,,,,,,,,,,,,,,,,,,,,,,,,,,,,,,,,,,,
2.25.186201010600484120326273381077449377115,/home/user/workspace/dataset_extracted/Датасет/НД_для_обучения/Исследования/2.25.186201010600484120326273381077449377115/series_004_2_CR/A250777475 DXA/CR DXA/CR000011.dcm,1.2.643.5.1.13.13.12.2.77.8252.04100315041404021215101114140602,1,315,300,spine,True,0.0,,0.0,0.0,0.0,,,,,711,447.93,711,447.93,True,4.7578455163108195,3.0170974407232114,0.789549207378454,315.0,0.005566477199880353,0.0,0.0031746031746031746,0.5366666666666666,,,,,,,,,,,,,,,,,,,,,,,,,,,,,,,,,,,,,,,,,,,,,,,,,,,,,,,,,,,,,,,,,,,,,,,
2.25.190331309633057244929837507901317950031,/home/user/workspace/dataset_extracted/Датасет/НД_для_обучения/Исследования/2.25.190331309633057244929837507901317950031/series_001_2_CR/A250791815 DXA/CR DXA/CR000000.dcm,1.2.643.5.1.13.13.12.2.77.8252.11050911061500091304001000100608,3,235,280,left_hip,True,0.0,,,,,,,0.0,0.0,29,18.27,29,18.27,True,3.3332848601526908,,,,,,,,-15.776045289945127,15.776045289945127,18.0,73.5,0.0,18.08519989502229,45.0,9.282180036742215,38.85,12.6,246.75,168.0,235.0,0.3482142857142857,0.216580547112462,1.0,0.30357142857142855,0.16428571428571428,0.53203960925945,0.11391314445279192,0.943167913602051,9.086869040328908,1.1937013384655983,9.640458402589433,1.1741229988627708,9.755650424284829,1.3094392441606373,11.509239786545345,1.8898609045578096,13.26282914880586,2.470282564954982,15.016418511066377,3.6507042253521376,16.770007873326893,4.831125885749293,18.08519989502229,5.566442131047176,5.438789257282804,7.346863791444331,4.9539812789781985,9.282180036742215,4.9539812789781985,9.282180036742215,4.9539812789781985,9.282180036742215,4.9539812789781985,9.282180036742215,4.9539812789781985,9.282180036742215,4.9539812789781985,9.282180036742215,4.9539812789781985,9.282180036742215,4.9539812789781985,9.282180036742215,4.9539812789781985,9.282180036742215,4.9539812789781985,9.282180036742215,4.9539812789781985,9.282180036742215,left,-0.24327908752271493,15.776045289945127,0.26785714285714285,,,0.0,0.0,0.0,0.0
2.25.190331309633057244929837507901317950031,/home/user/workspace/dataset_extracted/Датасет/НД_для_обучения/Исследования/2.25.190331309633057244929837507901317950031/series_001_2_CR/A250791815 DXA/CR DXA/CR000001.dcm,1.2.643.5.1.13.13.12.2.77.8252.13070805121401080100090313021511,6,235,280,left_hip,True,0.0,,,,,,,0.0,0.0,29,18.27,29,18.27,True,3.3332848601526908,,,,,,,,-15.776045289945127,15.776045289945127,18.0,73.5,0.0,18.08519989502229,45.0,9.282180036742215,38.85,12.6,246.75,168.0,235.0,0.3482142857142857,0.216580547112462,1.0,0.30357142857142855,0.16428571428571428,0.53203960925945,0.11391314445279192,0.943167913602051,9.086869040328908,1.1937013384655983,9.640458402589433,1.1741229988627708,9.755650424284829,1.3094392441606373,11.509239786545345,1.8898609045578096,13.26282914880586,2.470282564954982,15.016418511066377,3.6507042253521376,16.770007873326893,4.831125885749293,18.08519989502229,5.566442131047176,5.438789257282804,7.346863791444331,4.9539812789781985,9.282180036742215,4.9539812789781985,9.282180036742215,4.9539812789781985,9.282180036742215,4.9539812789781985,9.282180036742215,4.9539812789781985,9.282180036742215,4.9539812789781985,9.282180036742215,4.9539812789781985,9.282180036742215,4.9539812789781985,9.282180036742215,4.9539812789781985,9.282180036742215,4.9539812789781985,9.282180036742215,4.9539812789781985,9.282180036742215,left,-0.24327908752271493,15.776045289945127,0.26785714285714285,,,0.0,0.0,0.0,0.0
2.25.190331309633057244929837507901317950031,/home/user/workspace/dataset_extracted/Датасет/НД_для_обучения/Исследования/2.25.190331309633057244929837507901317950031/series_001_2_CR/A250791815 DXA/CR DXA/CR000002.dcm,1.2.643.5.1.13.13.12.2.77.8252.06100709031109071008120605101311,10,235,280,left_hip,True,0.0,,,,,,,0.0,0.0,29,18.27,29,18.27,True,3.3332848601526908,,,,,,,,-15.776045289945127,15.776045289945127,18.0,73.5,0.0,18.08519989502229,45.0,9.282180036742215,38.85,12.6,246.75,168.0,235.0,0.3482142857142857,0.216580547112462,1.0,0.30357142857142855,0.16428571428571428,0.53203960925945,0.11391314445279192,0.943167913602051,9.086869040328908,1.1937013384655983,9.640458402589433,1.1741229988627708,9.755650424284829,1.3094392441606373,11.509239786545345,1.8898609045578096,13.26282914880586,2.470282564954982,15.016418511066377,3.6507042253521376,16.770007873326893,4.831125885749293,18.08519989502229,5.566442131047176,5.438789257282804,7.346863791444331,4.9539812789781985,9.282180036742215,4.9539812789781985,9.282180036742215,4.9539812789781985,9.282180036742215,4.9539812789781985,9.282180036742215,4.9539812789781985,9.282180036742215,4.9539812789781985,9.282180036742215,4.9539812789781985,9.282180036742215,4.9539812789781985,9.282180036742215,4.9539812789781985,9.282180036742215,4.9539812789781985,9.282180036742215,4.9539812789781985,9.282180036742215,left,-0.24327908752271493,15.776045289945127,0.26785714285714285,,,0.0,0.0,0.0,0.0
2.25.190331309633057244929837507901317950031,/home/user/workspace/dataset_extracted/Датасет/НД_для_обучения/Исследования/2.25.190331309633057244929837507901317950031/series_001_2_CR/A250791815 DXA/CR DXA/CR000003.dcm,1.2.643.5.1.13.13.12.2.77.8252.11100109131006120600020910050910,1,318,300,spine,True,1.0,Нарушение оси позвоночника (отклонение более 5 градусов),0.0,1.0,0.0,,,,,976,614.88,976,614.88,True,4.563198167018305,2.883127945121833,2.401762635278888,318.0,0.016069217406797048,0.0,0.0031446540880503146,0.5,,,,,,,,,,,,,,,,,,,,,,,,,,,,,,,,,,,,,,,,,,,,,,,,,,,,,,,,,,,,,,,,,,,,,,,
2.25.190331309633057244929837507901317950031,/home/user/workspace/dataset_extracted/Датасет/НД_для_обучения/Исследования/2.25.190331309633057244929837507901317950031/series_001_2_CR/A250791815 DXA/CR DXA/CR000004.dcm,1.2.643.5.1.13.13.12.2.77.8252.03000010070307110614031003090302,5,235,280,right_hip,True,1.0,Нарушение позиционирования/ротации правого бедра,,,,1.0,0.0,,,0,0.0,0,0.0,False,0.0,,,,,,,,11.946568659340489,11.946568659340489,29.4,28.35,0.0,4.6085470085469975,58.199999999999996,13.943467643467576,66.15,3.0,246.75,168.0,90.0,0.43214285714285716,0.23661094224924012,0.3829787234042553,0.30714285714285716,0.175,0.5503513486991967,0.12900317343614823,0.935887516053005,0.3829059829059616,-8.019169719169701,-0.011965811965833949,-6.03675213675213,0.1418803418803236,-4.549938949938939,0.347008547008528,-2.567521367521368,0.5521367521367324,-0.5851037851037972,0.7572649572649368,0.7973137973137909,0.9623931623931412,2.779731379731362,1.1162393162392987,4.266544566544536,1.3213675213675031,6.248962148962124,1.526495726495716,8.231379731379695,2.3316239316239202,10.213797313797267,2.5367521367521246,10.996214896214838,3.341880341880329,11.778632478632426,3.495726495726487,12.0654456654456,4.300854700854691,13.447863247863179,4.505982905982895,13.03028083028076,4.6085470085469975,13.421489621489544,4.6085470085469975,13.421489621489544,4.6085470085469975,13.421489621489544,4.6085470085469975,13.421489621489544,right,0.6841429984130925,11.946568659340489,0.3464285714285714,1.0,0.0,,,1.0,0.0
2.25.190331309633057244929837507901317950031,/home/user/workspace/dataset_extracted/Датасет/НД_для_обучения/Исследования/2.25.190331309633057244929837507901317950031/series_001_2_CR/A250791815 DXA/CR DXA/CR000005.dcm,1.2.643.5.1.13.13.12.2.77.8252.02040104021012120313090806030008,9,318,300,spine,True,1.0,Нарушение оси позвоночника (отклонение более 5 градусов),0.0,1.0,0.0,,,,,976,614.88,976,614.88,True,4.563198167018305,2.883127945121833,2.401762635278888,318.0,0.016069217406797048,0.0,0.0031446540880503146,0.5,,,,,,,,,,,,,,,,,,,,,,,,,,,,,,,,,,,,,,,,,,,,,,,,,,,,,,,,,,,,,,,,,,,,,,,
2.25.190331309633057244929837507901317950031,/home/user/workspace/dataset_extracted/Датасет/НД_для_обучения/Исследования/2.25.190331309633057244929837507901317950031/series_001_2_CR/A250791815 DXA/CR DXA/CR000006.dcm,1.2.643.5.1.13.13.12.2.77.8252.03020007121211050710080207000313,13,235,280,right_hip,True,1.0,Нарушение позиционирования/ротации правого бедра,,,,1.0,0.0,,,0,0.0,0,0.0,False,0.0,,,,,,,,11.946568659340489,11.946568659340489,29.4,28.35,0.0,4.6085470085469975,58.199999999999996,13.943467643467576,66.15,3.0,246.75,168.0,90.0,0.43214285714285716,0.23661094224924012,0.3829787234042553,0.30714285714285716,0.175,0.5503513486991967,0.12900317343614823,0.935887516053005,0.3829059829059616,-8.019169719169701,-0.011965811965833949,-6.03675213675213,0.1418803418803236,-4.549938949938939,0.347008547008528,-2.567521367521368,0.5521367521367324,-0.5851037851037972,0.7572649572649368,0.7973137973137909,0.9623931623931412,2.779731379731362,1.1162393162392987,4.266544566544536,1.3213675213675031,6.248962148962124,1.526495726495716,8.231379731379695,2.3316239316239202,10.213797313797267,2.5367521367521246,10.996214896214838,3.341880341880329,11.778632478632426,3.495726495726487,12.0654456654456,4.300854700854691,13.447863247863179,4.505982905982895,13.03028083028076,4.6085470085469975,13.421489621489544,4.6085470085469975,13.421489621489544,4.6085470085469975,13.421489621489544,4.6085470085469975,13.421489621489544,right,0.6841429984130925,11.946568659340489,0.3464285714285714,1.0,0.0,,,1.0,0.0
2.25.190331309633057244929837507901317950031,/home/user/workspace/dataset_extracted/Датасет/НД_для_обучения/Исследования/2.25.190331309633057244929837507901317950031/series_001_2_CR/A250791815 DXA/CR DXA/CR000007.dcm,1.2.643.5.1.13.13.12.2.77.8252.10061312041507151308110106051414,2,235,280,right_hip,True,1.0,Нарушение позиционирования/ротации правого бедра,,,,1.0,0.0,,,0,0.0,0,0.0,False,0.0,,,,,,,,11.946568659340489,11.946568659340489,29.4,28.35,0.0,4.6085470085469975,58.199999999999996,13.943467643467576,66.15,3.0,246.75,168.0,90.0,0.43214285714285716,0.23661094224924012,0.3829787234042553,0.30714285714285716,0.175,0.5503513486991967,0.12900317343614823,0.935887516053005,0.3829059829059616,-8.019169719169701,-0.011965811965833949,-6.03675213675213,0.1418803418803236,-4.549938949938939,0.347008547008528,-2.567521367521368,0.5521367521367324,-0.5851037851037972,0.7572649572649368,0.7973137973137909,0.9623931623931412,2.779731379731362,1.1162393162392987,4.266544566544536,1.3213675213675031,6.248962148962124,1.526495726495716,8.231379731379695,2.3316239316239202,10.213797313797267,2.5367521367521246,10.996214896214838,3.341880341880329,11.778632478632426,3.495726495726487,12.0654456654456,4.300854700854691,13.447863247863179,4.505982905982895,13.03028083028076,4.6085470085469975,13.421489621489544,4.6085470085469975,13.421489621489544,4.6085470085469975,13.421489621489544,4.6085470085469975,13.421489621489544,right,0.6841429984130925,11.946568659340489,0.3464285714285714,1.0,0.0,,,1.0,0.0
2.25.190331309633057244929837507901317950031,/home/user/workspace/dataset_extracted/Датасет/НД_для_обучения/Исследования/2.25.190331309633057244929837507901317950031/series_001_2_CR/A250791815 DXA/CR DXA/CR000008.dcm,1.2.643.5.1.13.13.12.2.77.8252.06130501091009001200080400150413,4,318,300,spine,True,1.0,Нарушение оси позвоночника (отклонение более 5 градусов),0.0,1.0,0.0,,,,,976,614.88,976,614.88,True,4.563198167018305,2.883127945121833,2.401762635278888,318.0,0.016069217406797048,0.0,0.0031446540880503146,0.5,,,,,,,,,,,,,,,,,,,,,,,,,,,,,,,,,,,,,,,,,,,,,,,,,,,,,,,,,,,,,,,,,,,,,,,
2.25.190331309633057244929837507901317950031,/home/user/workspace/dataset_extracted/Датасет/НД_для_обучения/Исследования/2.25.190331309633057244929837507901317950031/series_001_2_CR/A250791815 DXA/CR DXA/CR000009.dcm,1.2.643.5.1.13.13.12.2.77.8252.11100404131302060711141306031414,12,235,280,left_hip,True,0.0,,,,,,,0.0,0.0,29,18.27,29,18.27,True,3.3332848601526908,,,,,,,,-15.776045289945127,15.776045289945127,18.0,73.5,0.0,18.08519989502229,45.0,9.282180036742215,38.85,12.6,246.75,168.0,235.0,0.3482142857142857,0.216580547112462,1.0,0.30357142857142855,0.16428571428571428,0.53203960925945,0.11391314445279192,0.943167913602051,9.086869040328908,1.1937013384655983,9.640458402589433,1.1741229988627708,9.755650424284829,1.3094392441606373,11.509239786545345,1.8898609045578096,13.26282914880586,2.470282564954982,15.016418511066377,3.6507042253521376,16.770007873326893,4.831125885749293,18.08519989502229,5.566442131047176,5.438789257282804,7.346863791444331,4.9539812789781985,9.282180036742215,4.9539812789781985,9.282180036742215,4.9539812789781985,9.282180036742215,4.9539812789781985,9.282180036742215,4.9539812789781985,9.282180036742215,4.9539812789781985,9.282180036742215,4.9539812789781985,9.282180036742215,4.9539812789781985,9.282180036742215,4.9539812789781985,9.282180036742215,4.9539812789781985,9.282180036742215,4.9539812789781985,9.282180036742215,left,-0.24327908752271493,15.776045289945127,0.26785714285714285,,,0.0,0.0,0.0,0.0
2.25.190331309633057244929837507901317950031,/home/user/workspace/dataset_extracted/Датасет/НД_для_обучения/Исследования/2.25.190331309633057244929837507901317950031/series_001_2_CR/A250791815 DXA/CR DXA/CR000010.dcm,1.2.643.5.1.13.13.12.2.77.8252.09051315030213060214031014080701,11,235,280,right_hip,True,1.0,Нарушение позиционирования/ротации правого бедра,,,,1.0,0.0,,,0,0.0,0,0.0,False,0.0,,,,,,,,11.946568659340489,11.946568659340489,29.4,28.35,0.0,4.6085470085469975,58.199999999999996,13.943467643467576,66.15,3.0,246.75,168.0,90.0,0.43214285714285716,0.23661094224924012,0.3829787234042553,0.30714285714285716,0.175,0.5503513486991967,0.12900317343614823,0.935887516053005,0.3829059829059616,-8.019169719169701,-0.011965811965833949,-6.03675213675213,0.1418803418803236,-4.549938949938939,0.347008547008528,-2.567521367521368,0.5521367521367324,-0.5851037851037972,0.7572649572649368,0.7973137973137909,0.9623931623931412,2.779731379731362,1.1162393162392987,4.266544566544536,1.3213675213675031,6.248962148962124,1.526495726495716,8.231379731379695,2.3316239316239202,10.213797313797267,2.5367521367521246,10.996214896214838,3.341880341880329,11.778632478632426,3.495726495726487,12.0654456654456,4.300854700854691,13.447863247863179,4.505982905982895,13.03028083028076,4.6085470085469975,13.421489621489544,4.6085470085469975,13.421489621489544,4.6085470085469975,13.421489621489544,4.6085470085469975,13.421489621489544,right,0.6841429984130925,11.946568659340489,0.3464285714285714,1.0,0.0,,,1.0,0.0
2.25.190807933410234695931591553323782771995,/home/user/workspace/dataset_extracted/Датасет/НД_для_обучения/Исследования/2.25.190807933410234695931591553323782771995/series_002_3_CR/A250762254 DXA/CR DXA/CR000000.dcm,1.2.643.5.1.13.13.12.2.77.8252.04000404020304020301120408100801,1,317,300,spine,True,1.0,"Наличие посторонних предметов, артефактов или наложений",0.0,0.0,1.0,,,,,135,85.05,135,85.05,True,3.960902746365472,2.7289111991735866,3.4120522746083886,317.0,-0.0037927640007012543,0.0,0.0031545741324921135,0.5866666666666667,,,,,,,,,,,,,,,,,,,,,,,,,,,,,,,,,,,,,,,,,,,,,,,,,,,,,,,,,,,,,,,,,,,,,,,
2.25.190807933410234695931591553323782771995,/home/user/workspace/dataset_extracted/Датасет/НД_для_обучения/Исследования/2.25.190807933410234695931591553323782771995/series_002_3_CR/A250762254 DXA/CR DXA/CR000001.dcm,1.2.643.5.1.13.13.12.2.77.8252.10101410111513000809081215030802,3,292,280,right_hip,False,,,,,,,,,,999,629.37,999,629.37,True,6.446972619722633,,,,,,,,1.801706058861849,1.801706058861849,26.4,115.5,0.0,5.946571692626736,43.8,11.975952933751113,51.45,14.399999999999999,306.6,168.0,292.0,0.3892857142857143,0.24373776908023484,1.0,0.3607142857142857,0.14642857142857144,0.5807822925242947,0.15961549749707127,0.9719857729764791,2.3930969501611683,2.542929919076721,3.260690214818652,2.474754187047773,3.6113851633117604,2.423622388026075,4.478978427969244,2.3554466559971274,5.946571692626736,2.2872709239681797,-12.98583504271578,2.819095191939249,-13.318241778058296,3.950919459910301,-14.167546829565188,4.499787660888586,-15.099953564907695,5.631611928859655,-15.432360300250211,6.763436196830708,-30.0,8.49526046480176,-30.0,10.227084732772829,-30.0,11.975952933751113,-30.0,11.975952933751113,-30.0,11.975952933751113,-30.0,11.975952933751113,-30.0,11.975952933751113,-30.0,11.975952933751113,-30.0,11.975952933751113,-30.0,11.975952933751113,left,-0.3258411333915341,1.801706058861849,0.2607142857142857,,,0.0,0.0,0.0,0.0
2.25.215177279960644564778148238928738915103,/home/user/workspace/dataset_extracted/Датасет/НД_для_обучения/Исследования/2.25.215177279960644564778148238928738915103/series_002_2_CR/A2504147013 DXA/CR DXA/CR000000.dcm,1.2.643.5.1.13.13.12.2.77.8252.02120211101306000510080011031411,4,320,280,left_hip,True,1.0,Нарушение позиционирования/ротации левого бедра,,,,,,1.0,0.0,0,0.0,0,0.0,False,0.0,,,,,,,,1.5370982178107666,1.5370982178107666,25.8,170.1,2.029201607201079,4.557962123232872,58.199999999999996,5.346131384594952,52.5,3.0,336.0,168.0,212.0,0.4607142857142857,0.18680803571428573,0.6625,0.175,0.1392857142857143,0.5433945222755572,0.1314293757018471,0.9712865376675723,0.12693162621144438,2.8404524098842328,-0.06324649536171591,3.4756787347878,0.39411991345841385,4.102098478465484,0.20394179188525355,5.337324803369051,0.6137636703120932,-15.027448871727364,1.023585548738933,-20.392222546823795,1.4334074271657726,-20.956996221920228,1.8907738359859023,-25.730576478242543,3.500595714412742,-28.095350153338977,4.510417592839581,-28.660123828435392,4.320239471266421,-29.224897503531825,3.5300613496932614,-30.0,2.739883228120101,-30.0,2.739883228120101,-30.0,2.739883228120101,-30.0,2.739883228120101,-30.0,2.739883228120101,-30.0,2.739883228120101,-30.0,2.739883228120101,-30.0,2.739883228120101,-30.0,left,-0.4785651197760572,1.5370982178107666,0.3464285714285714,,,1.0,0.0,1.0,0.0
2.25.215177279960644564778148238928738915103,/home/user/workspace/dataset_extracted/Датасет/НД_для_обучения/Исследования/2.25.215177279960644564778148238928738915103/series_002_2_CR/A2504147013 DXA/CR DXA/CR000001.dcm,1.2.643.5.1.13.13.12.2.77.8252.05011012001311141515001115080104,3,291,300,spine,True,0.0,,0.0,0.0,0.0,,,,,1012,637.5600000000001,1012,637.5600000000001,True,5.346034749538597,1.7225757175181278,0.001065157857618626,291.0,-0.07821340796153776,0.0,0.003436426116838488,0.29,,,,,,,,,,,,,,,,,,,,,,,,,,,,,,,,,,,,,,,,,,,,,,,,,,,,,,,,,,,,,,,,,,,,,,,
2.25.215177279960644564778148238928738915103,/home/user/workspace/dataset_extracted/Датасет/НД_для_обучения/Исследования/2.25.215177279960644564778148238928738915103/series_002_2_CR/A2504147013 DXA/CR DXA/CR000002.dcm,1.2.643.5.1.13.13.12.2.77.8252.00070615051510041500030210150312,5,292,280,left_hip,True,1.0,Нарушение позиционирования/ротации левого бедра,,,,,,1.0,0.0,0,0.0,0,0.0,False,0.0,,,,,,,,4.173996841547393,4.173996841547393,25.8,158.55,7.509333147438137,0.5181456953642339,43.8,11.15498919484142,38.85,3.5999999999999996,306.6,168.0,188.0,0.42142857142857143,0.1769324853228963,0.6438356164383562,0.16428571428571428,0.1392857142857143,0.581474672275334,0.17974220269201838,0.9775087505463158,-0.39486232136633814,3.185224119902415,-7.4122063436737555,3.9809048448936974,-19.725214360404326,4.727665388637166,-20.142558382711744,5.523346113628457,-20.559902405019173,6.31902683861974,-20.977246427326598,7.7147075636110225,-21.994590449634018,9.110388288602314,-22.30759846636459,9.857148832345773,-22.724942488672017,-4.347170442662934,-23.03795050540258,-6.000409898919465,-23.03795050540258,-6.000409898919465,-23.03795050540258,-6.000409898919465,-23.03795050540258,-6.000409898919465,-23.03795050540258,-6.000409898919465,-23.03795050540258,-6.000409898919465,-23.03795050540258,-6.000409898919465,-23.03795050540258,-6.000409898919465,-23.03795050540258,-6.000409898919465,-23.03795050540258,-6.000409898919465,-23.03795050540258,-6.000409898919465,right,0.19750996063985293,4.173996841547393,0.2607142857142857,1.0,0.0,,,1.0,0.0
2.25.215177279960644564778148238928738915103,/home/user/workspace/dataset_extracted/Датасет/НД_для_обучения/Исследования/2.25.215177279960644564778148238928738915103/series_002_2_CR/A2504147013 DXA/CR DXA/CR000003.dcm,1.2.643.5.1.13.13.12.2.77.8252.02080006130815010800091303020804,6,320,280,left_hip,True,1.0,Нарушение позиционирования/ротации левого бедра,,,,,,1.0,0.0,0,0.0,0,0.0,False,0.0,,,,,,,,1.5370982178107666,1.5370982178107666,25.8,170.1,2.029201607201079,4.557962123232872,58.199999999999996,5.346131384594952,52.5,3.0,336.0,168.0,212.0,0.4607142857142857,0.18680803571428573,0.6625,0.175,0.1392857142857143,0.5433945222755572,0.1314293757018471,0.9712865376675723,0.12693162621144438,2.8404524098842328,-0.06324649536171591,3.4756787347878,0.39411991345841385,4.102098478465484,0.20394179188525355,5.337324803369051,0.6137636703120932,-15.027448871727364,1.023585548738933,-20.392222546823795,1.4334074271657726,-20.956996221920228,1.8907738359859023,-25.730576478242543,3.500595714412742,-28.095350153338977,4.510417592839581,-28.660123828435392,4.320239471266421,-29.224897503531825,3.5300613496932614,-30.0,2.739883228120101,-30.0,2.739883228120101,-30.0,2.739883228120101,-30.0,2.739883228120101,-30.0,2.739883228120101,-30.0,2.739883228120101,-30.0,2.739883228120101,-30.0,2.739883228120101,-30.0,left,-0.4785651197760572,1.5370982178107666,0.3464285714285714,,,1.0,0.0,1.0,0.0
2.25.215177279960644564778148238928738915103,/home/user/workspace/dataset_extracted/Датасет/НД_для_обучения/Исследования/2.25.215177279960644564778148238928738915103/series_002_2_CR/A2504147013 DXA/CR DXA/CR000004.dcm,1.2.643.5.1.13.13.12.2.77.8252.13140203110104081414101201001405,1,291,300,spine,True,0.0,,0.0,0.0,0.0,,,,,1012,637.5600000000001,1012,637.5600000000001,True,5.346034749538597,1.7225757175181278,0.001065157857618626,291.0,-0.07821340796153776,0.0,0.003436426116838488,0.29,,,,,,,,,,,,,,,,,,,,,,,,,,,,,,,,,,,,,,,,,,,,,,,,,,,,,,,,,,,,,,,,,,,,,,,
2.25.217397325224876728316360420804118329081,/home/user/workspace/dataset_extracted/Датасет/НД_для_обучения/Исследования/2.25.217397325224876728316360420804118329081/series_002_2_CR/A250474631 DXA/CR DXA/CR000000.dcm,1.2.643.5.1.13.13.12.2.77.8252.02091115080411030312040600000701,3,263,280,left_hip,True,0.0,,,,,,,0.0,0.0,0,0.0,0,0.0,False,0.0,,,,,,,,-8.275609016065632,8.275609016065632,26.4,81.9,0.0,-7.193606393606387,67.8,13.171610667813184,61.95,7.8,276.15000000000003,168.0,263.0,0.4767857142857143,0.19429657794676805,1.0,0.2714285714285714,0.15,0.5249427445993261,0.15077824804892406,0.9608988198187011,-7.80714222486373,1.8191833482972697,-8.225189999873521,1.9793598806257022,-9.438725831130881,1.6494922798720266,-9.856773606140688,1.2096688122004422,-9.67482138115048,1.3698453445288747,-10.09286915616027,1.5300218768573075,-9.310916931170079,2.29019840918574,-8.724452762427438,3.1603308084320645,-9.142500537437229,3.920507340760497,-9.560548312447036,5.28068387308893,-11.178596087456826,6.040860405417345,-16.996643862466634,7.401036937745777,-18.614691637476426,9.36121347007421,-19.228227468733785,10.231345869320535,-20.246275243743593,12.191522401648967,-21.05529913124849,13.171610667813184,-21.05529913124849,13.171610667813184,-21.05529913124849,13.171610667813184,-21.05529913124849,13.171610667813184,-21.05529913124849,13.171610667813184,left,-0.8857224010513713,8.275609016065632,0.4035714285714286,,,0.0,0.0,0.0,0.0
2.25.217397325224876728316360420804118329081,/home/user/workspace/dataset_extracted/Датасет/НД_для_обучения/Исследования/2.25.217397325224876728316360420804118329081/series_002_2_CR/A250474631 DXA/CR DXA/CR000001.dcm,1.2.643.5.1.13.13.12.2.77.8252.10000400041408060608031009090710,2,235,280,right_hip,True,0.0,,,,,0.0,0.0,,,0,0.0,0,0.0,False,0.0,,,,,,,,-13.709163234165485,13.709163234165485,12.299999999999999,73.5,0.0,11.091712011197615,60.0,13.950999912518592,51.45,9.0,246.75,168.0,235.0,0.44107142857142856,0.18065349544072948,1.0,0.2571428571428571,0.15714285714285714,0.4827021236762426,0.14829465774745743,0.9450853378516217,4.103556994138733,0.315038054413435,5.810494269967625,1.1728527687866404,7.09069722683929,1.5162138045665188,8.797634502668165,1.774028518939724,10.504571778497075,3.231843233312912,10.411509054325949,4.089657947686118,10.918446330154824,5.547472662059306,8.598649287026506,6.490833697839201,6.1055865628553985,7.948648412212407,6.6125238386842735,10.006463126585595,7.119461114513165,11.4642778409588,7.626398390342057,12.922092555331988,8.306601347213723,13.865453591111883,8.306601347213723,13.865453591111883,8.306601347213723,13.865453591111883,8.306601347213723,13.865453591111883,8.306601347213723,13.865453591111883,8.306601347213723,13.865453591111883,8.306601347213723,13.865453591111883,8.306601347213723,13.865453591111883,right,0.5411635657859322,13.709163234165485,0.35714285714285715,0.0,0.0,,,0.0,0.0
2.25.217397325224876728316360420804118329081,/home/user/workspace/dataset_extracted/Датасет/НД_для_обучения/Исследования/2.25.217397325224876728316360420804118329081/series_002_2_CR/A250474631 DXA/CR DXA/CR000002.dcm,1.2.643.5.1.13.13.12.2.77.8252.04131001000110131311121304090609,1,318,300,spine,True,0.0,,0.0,0.0,0.0,,,,,1327,836.01,1327,836.01,True,4.868699204820015,5.636136983498067,4.795202937731219,318.0,0.06563402243347922,0.0,0.0031446540880503146,0.5866666666666667,,,,,,,,,,,,,,,,,,,,,,,,,,,,,,,,,,,,,,,,,,,,,,,,,,,,,,,,,,,,,,,,,,,,,,,
2.25.217397325224876728316360420804118329081,/home/user/workspace/dataset_extracted/Датасет/НД_для_обучения/Исследования/2.25.217397325224876728316360420804118329081/series_002_2_CR/A250474631 DXA/CR DXA/CR000003.dcm,1.2.643.5.1.13.13.12.2.77.8252.01120903030308120114061013030505,5,235,280,right_hip,True,0.0,,,,,0.0,0.0,,,0,0.0,0,0.0,False,0.0,,,,,,,,-13.709163234165485,13.709163234165485,12.299999999999999,73.5,0.0,11.091712011197615,60.0,13.950999912518592,51.45,9.0,246.75,168.0,235.0,0.44107142857142856,0.18065349544072948,1.0,0.2571428571428571,0.15714285714285714,0.4827021236762426,0.14829465774745743,0.9450853378516217,4.103556994138733,0.315038054413435,5.810494269967625,1.1728527687866404,7.09069722683929,1.5162138045665188,8.797634502668165,1.774028518939724,10.504571778497075,3.231843233312912,10.411509054325949,4.089657947686118,10.918446330154824,5.547472662059306,8.598649287026506,6.490833697839201,6.1055865628553985,7.948648412212407,6.6125238386842735,10.006463126585595,7.119461114513165,11.4642778409588,7.626398390342057,12.922092555331988,8.306601347213723,13.865453591111883,8.306601347213723,13.865453591111883,8.306601347213723,13.865453591111883,8.306601347213723,13.865453591111883,8.306601347213723,13.865453591111883,8.306601347213723,13.865453591111883,8.306601347213723,13.865453591111883,8.306601347213723,13.865453591111883,right,0.5411635657859322,13.709163234165485,0.35714285714285715,0.0,0.0,,,0.0,0.0
2.25.217397325224876728316360420804118329081,/home/user/workspace/dataset_extracted/Датасет/НД_для_обучения/Исследования/2.25.217397325224876728316360420804118329081/series_002_2_CR/A250474631 DXA/CR DXA/CR000004.dcm,1.2.643.5.1.13.13.12.2.77.8252.03000813041512141007100304081206,4,318,300,spine,True,0.0,,0.0,0.0,0.0,,,,,1327,836.01,1327,836.01,True,4.868699204820015,5.636136983498067,4.795202937731219,318.0,0.06563402243347922,0.0,0.0031446540880503146,0.5866666666666667,,,,,,,,,,,,,,,,,,,,,,,,,,,,,,,,,,,,,,,,,,,,,,,,,,,,,,,,,,,,,,,,,,,,,,,
2.25.217397325224876728316360420804118329081,/home/user/workspace/dataset_extracted/Датасет/НД_для_обучения/Исследования/2.25.217397325224876728316360420804118329081/series_002_2_CR/A250474631 DXA/CR DXA/CR000005.dcm,1.2.643.5.1.13.13.12.2.77.8252.13021514070905140715121507140313,9,318,300,spine,True,0.0,,0.0,0.0,0.0,,,,,1327,836.01,1327,836.01,True,4.868699204820015,5.636136983498067,4.795202937731219,318.0,0.06563402243347922,0.0,0.0031446540880503146,0.5866666666666667,,,,,,,,,,,,,,,,,,,,,,,,,,,,,,,,,,,,,,,,,,,,,,,,,,,,,,,,,,,,,,,,,,,,,,,
2.25.217397325224876728316360420804118329081,/home/user/workspace/dataset_extracted/Датасет/НД_для_обучения/Исследования/2.25.217397325224876728316360420804118329081/series_002_2_CR/A250474631 DXA/CR DXA/CR000006.dcm,1.2.643.5.1.13.13.12.2.77.8252.08100408121001020706011402110914,12,263,280,left_hip,True,0.0,,,,,,,0.0,0.0,0,0.0,0,0.0,False,0.0,,,,,,,,-8.275609016065632,8.275609016065632,26.4,81.9,0.0,-7.193606393606387,67.8,13.171610667813184,61.95,7.8,276.15000000000003,168.0,263.0,0.4767857142857143,0.19429657794676805,1.0,0.2714285714285714,0.15,0.5249427445993261,0.15077824804892406,0.9608988198187011,-7.80714222486373,1.8191833482972697,-8.225189999873521,1.9793598806257022,-9.438725831130881,1.6494922798720266,-9.856773606140688,1.2096688122004422,-9.67482138115048,1.3698453445288747,-10.09286915616027,1.5300218768573075,-9.310916931170079,2.29019840918574,-8.724452762427438,3.1603308084320645,-9.142500537437229,3.920507340760497,-9.560548312447036,5.28068387308893,-11.178596087456826,6.040860405417345,-16.996643862466634,7.401036937745777,-18.614691637476426,9.36121347007421,-19.228227468733785,10.231345869320535,-20.246275243743593,12.191522401648967,-21.05529913124849,13.171610667813184,-21.05529913124849,13.171610667813184,-21.05529913124849,13.171610667813184,-21.05529913124849,13.171610667813184,-21.05529913124849,13.171610667813184,left,-0.8857224010513713,8.275609016065632,0.4035714285714286,,,0.0,0.0,0.0,0.0
2.25.217397325224876728316360420804118329081,/home/user/workspace/dataset_extracted/Датасет/НД_для_обучения/Исследования/2.25.217397325224876728316360420804118329081/series_002_2_CR/A250474631 DXA/CR DXA/CR000007.dcm,1.2.643.5.1.13.13.12.2.77.8252.15101108070415081206070914081510,10,263,280,left_hip,True,0.0,,,,,,,0.0,0.0,0,0.0,0,0.0,False,0.0,,,,,,,,-8.275609016065632,8.275609016065632,26.4,81.9,0.0,-7.193606393606387,67.8,13.171610667813184,61.95,7.8,276.15000000000003,168.0,263.0,0.4767857142857143,0.19429657794676805,1.0,0.2714285714285714,0.15,0.5249427445993261,0.15077824804892406,0.9608988198187011,-7.80714222486373,1.8191833482972697,-8.225189999873521,1.9793598806257022,-9.438725831130881,1.6494922798720266,-9.856773606140688,1.2096688122004422,-9.67482138115048,1.3698453445288747,-10.09286915616027,1.5300218768573075,-9.310916931170079,2.29019840918574,-8.724452762427438,3.1603308084320645,-9.142500537437229,3.920507340760497,-9.560548312447036,5.28068387308893,-11.178596087456826,6.040860405417345,-16.996643862466634,7.401036937745777,-18.614691637476426,9.36121347007421,-19.228227468733785,10.231345869320535,-20.246275243743593,12.191522401648967,-21.05529913124849,13.171610667813184,-21.05529913124849,13.171610667813184,-21.05529913124849,13.171610667813184,-21.05529913124849,13.171610667813184,-21.05529913124849,13.171610667813184,left,-0.8857224010513713,8.275609016065632,0.4035714285714286,,,0.0,0.0,0.0,0.0
2.25.217397325224876728316360420804118329081,/home/user/workspace/dataset_extracted/Датасет/НД_для_обучения/Исследования/2.25.217397325224876728316360420804118329081/series_002_2_CR/A250474631 DXA/CR DXA/CR000008.dcm,1.2.643.5.1.13.13.12.2.77.8252.14010614131006141014100714050813,11,235,280,right_hip,True,0.0,,,,,0.0,0.0,,,0,0.0,0,0.0,False,0.0,,,,,,,,-13.709163234165485,13.709163234165485,12.299999999999999,73.5,0.0,11.091712011197615,60.0,13.950999912518592,51.45,9.0,246.75,168.0,235.0,0.44107142857142856,0.18065349544072948,1.0,0.2571428571428571,0.15714285714285714,0.4827021236762426,0.14829465774745743,0.9450853378516217,4.103556994138733,0.315038054413435,5.810494269967625,1.1728527687866404,7.09069722683929,1.5162138045665188,8.797634502668165,1.774028518939724,10.504571778497075,3.231843233312912,10.411509054325949,4.089657947686118,10.918446330154824,5.547472662059306,8.598649287026506,6.490833697839201,6.1055865628553985,7.948648412212407,6.6125238386842735,10.006463126585595,7.119461114513165,11.4642778409588,7.626398390342057,12.922092555331988,8.306601347213723,13.865453591111883,8.306601347213723,13.865453591111883,8.306601347213723,13.865453591111883,8.306601347213723,13.865453591111883,8.306601347213723,13.865453591111883,8.306601347213723,13.865453591111883,8.306601347213723,13.865453591111883,8.306601347213723,13.865453591111883,right,0.5411635657859322,13.709163234165485,0.35714285714285715,0.0,0.0,,,0.0,0.0
2.25.217397325224876728316360420804118329081,/home/user/workspace/dataset_extracted/Датасет/НД_для_обучения/Исследования/2.25.217397325224876728316360420804118329081/series_002_2_CR/A250474631 DXA/CR DXA/CR000009.dcm,1.2.643.5.1.13.13.12.2.77.8252.07081006110204030410140712110010,6,263,280,left_hip,True,0.0,,,,,,,0.0,0.0,0,0.0,0,0.0,False,0.0,,,,,,,,-8.275609016065632,8.275609016065632,26.4,81.9,0.0,-7.193606393606387,67.8,13.171610667813184,61.95,7.8,276.15000000000003,168.0,263.0,0.4767857142857143,0.19429657794676805,1.0,0.2714285714285714,0.15,0.5249427445993261,0.15077824804892406,0.9608988198187011,-7.80714222486373,1.8191833482972697,-8.225189999873521,1.9793598806257022,-9.438725831130881,1.6494922798720266,-9.856773606140688,1.2096688122004422,-9.67482138115048,1.3698453445288747,-10.09286915616027,1.5300218768573075,-9.310916931170079,2.29019840918574,-8.724452762427438,3.1603308084320645,-9.142500537437229,3.920507340760497,-9.560548312447036,5.28068387308893,-11.178596087456826,6.040860405417345,-16.996643862466634,7.401036937745777,-18.614691637476426,9.36121347007421,-19.228227468733785,10.231345869320535,-20.246275243743593,12.191522401648967,-21.05529913124849,13.171610667813184,-21.05529913124849,13.171610667813184,-21.05529913124849,13.171610667813184,-21.05529913124849,13.171610667813184,-21.05529913124849,13.171610667813184,left,-0.8857224010513713,8.275609016065632,0.4035714285714286,,,0.0,0.0,0.0,0.0
2.25.217397325224876728316360420804118329081,/home/user/workspace/dataset_extracted/Датасет/НД_для_обучения/Исследования/2.25.217397325224876728316360420804118329081/series_002_2_CR/A250474631 DXA/CR DXA/CR000010.dcm,1.2.643.5.1.13.13.12.2.77.8252.03030902090804040112070613130312,13,235,280,right_hip,True,0.0,,,,,0.0,0.0,,,0,0.0,0,0.0,False,0.0,,,,,,,,-13.709163234165485,13.709163234165485,12.299999999999999,73.5,0.0,11.091712011197615,60.0,13.950999912518592,51.45,9.0,246.75,168.0,235.0,0.44107142857142856,0.18065349544072948,1.0,0.2571428571428571,0.15714285714285714,0.4827021236762426,0.14829465774745743,0.9450853378516217,4.103556994138733,0.315038054413435,5.810494269967625,1.1728527687866404,7.09069722683929,1.5162138045665188,8.797634502668165,1.774028518939724,10.504571778497075,3.231843233312912,10.411509054325949,4.089657947686118,10.918446330154824,5.547472662059306,8.598649287026506,6.490833697839201,6.1055865628553985,7.948648412212407,6.6125238386842735,10.006463126585595,7.119461114513165,11.4642778409588,7.626398390342057,12.922092555331988,8.306601347213723,13.865453591111883,8.306601347213723,13.865453591111883,8.306601347213723,13.865453591111883,8.306601347213723,13.865453591111883,8.306601347213723,13.865453591111883,8.306601347213723,13.865453591111883,8.306601347213723,13.865453591111883,8.306601347213723,13.865453591111883,right,0.5411635657859322,13.709163234165485,0.35714285714285715,0.0,0.0,,,0.0,0.0
2.25.220866240977467582196609708837940253840,/home/user/workspace/dataset_extracted/Датасет/НД_для_обучения/Исследования/2.25.220866240977467582196609708837940253840/series_001_2_CR/A2504258893 DXA/CR DXA/CR000000.dcm,1.2.643.5.1.13.13.12.2.77.8252.03010603150012061509030005111300,1,317,300,spine,True,1.0,Нарушение оси позвоночника (отклонение более 5 градусов),0.0,1.0,0.0,,,,,26,16.38,26,16.38,True,3.2889968564763006,4.918411243393854,0.001019929858543378,317.0,-0.11587499439537283,0.0,0.0031545741324921135,0.41333333333333333,,,,,,,,,,,,,,,,,,,,,,,,,,,,,,,,,,,,,,,,,,,,,,,,,,,,,,,,,,,,,,,,,,,,,,,
2.25.234651502352368356456298825489565282446,/home/user/workspace/dataset_extracted/Датасет/НД_для_обучения/Исследования/2.25.234651502352368356456298825489565282446/series_002_2_CR/A2504307193 DXA/CR DXA/CR000000.dcm,1.2.643.5.1.13.13.12.2.77.8252.02051208030605070510050510081213,5,233,280,right_hip,True,1.0,Нарушение позиционирования/ротации правого бедра,,,,1.0,0.0,,,0,0.0,0,0.0,False,0.0,,,,,,,,-9.80443618723663,9.80443618723663,28.799999999999997,57.75,4.914805194805181,6.417489177489159,31.2,6.815584415584453,97.65,3.5999999999999996,244.65,168.0,148.0,0.26071428571428573,0.2881361128142244,0.6351931330472103,0.3892857142857143,0.15357142857142858,0.6520573667242399,0.20450699763932548,0.942030466121919,0.1813419913419608,2.2514285714286273,-0.003939393939423041,1.2145454545455094,0.30709956709953584,1.036883116883169,0.7218181818181563,0.6000000000000512,1.136536796536768,1.3631168831169247,1.5512554112553885,2.1262337662338067,1.9659740259740004,3.489350649350689,2.8770129870129635,3.9116883116883483,4.491731601731584,6.4748051948052305,6.106450216450196,-13.762077922077895,5.921168831168816,-14.798961038961004,5.735887445887428,-15.83584415584413,5.550606060606048,-17.47272727272724,5.261645021645012,-18.850389610389588,3.8763636363636236,-19.887272727272716,2.491082251082244,-20.924155844155823,2.905800865800856,-21.36103896103895,2.7205194805194766,-21.797922077922077,1.8315584415584396,-21.37558441558441,0.44627705627705155,-24.81246753246752,right,0.23808875901105522,9.80443618723663,0.18571428571428572,1.0,0.0,,,1.0,0.0
2.25.234651502352368356456298825489565282446,/home/user/workspace/dataset_extracted/Датасет/НД_для_обучения/Исследования/2.25.234651502352368356456298825489565282446/series_002_2_CR/A2504307193 DXA/CR DXA/CR000001.dcm,1.2.643.5.1.13.13.12.2.77.8252.05090510140315010003130007000910,2,233,280,right_hip,True,1.0,Нарушение позиционирования/ротации правого бедра,,,,1.0,0.0,,,0,0.0,0,0.0,False,0.0,,,,,,,,-9.80443618723663,9.80443618723663,28.799999999999997,57.75,4.914805194805181,6.417489177489159,31.2,6.815584415584453,97.65,3.5999999999999996,244.65,168.0,148.0,0.26071428571428573,0.2881361128142244,0.6351931330472103,0.3892857142857143,0.15357142857142858,0.6520573667242399,0.20450699763932548,0.942030466121919,0.1813419913419608,2.2514285714286273,-0.003939393939423041,1.2145454545455094,0.30709956709953584,1.036883116883169,0.7218181818181563,0.6000000000000512,1.136536796536768,1.3631168831169247,1.5512554112553885,2.1262337662338067,1.9659740259740004,3.489350649350689,2.8770129870129635,3.9116883116883483,4.491731601731584,6.4748051948052305,6.106450216450196,-13.762077922077895,5.921168831168816,-14.798961038961004,5.735887445887428,-15.83584415584413,5.550606060606048,-17.47272727272724,5.261645021645012,-18.850389610389588,3.8763636363636236,-19.887272727272716,2.491082251082244,-20.924155844155823,2.905800865800856,-21.36103896103895,2.7205194805194766,-21.797922077922077,1.8315584415584396,-21.37558441558441,0.44627705627705155,-24.81246753246752,right,0.23808875901105522,9.80443618723663,0.18571428571428572,1.0,0.0,,,1.0,0.0
2.25.234651502352368356456298825489565282446,/home/user/workspace/dataset_extracted/Датасет/НД_для_обучения/Исследования/2.25.234651502352368356456298825489565282446/series_002_2_CR/A2504307193 DXA/CR DXA/CR000002.dcm,1.2.643.5.1.13.13.12.2.77.8252.09031307051100020212010511060414,4,291,300,spine,True,0.0,,0.0,0.0,0.0,,,,,0,0.0,0,0.0,False,0.0,0.7902619391931267,2.057048998672936,291.0,0.0167001773209509,0.0,0.003436426116838488,0.34,,,,,,,,,,,,,,,,,,,,,,,,,,,,,,,,,,,,,,,,,,,,,,,,,,,,,,,,,,,,,,,,,,,,,,,
2.25.234651502352368356456298825489565282446,/home/user/workspace/dataset_extracted/Датасет/НД_для_обучения/Исследования/2.25.234651502352368356456298825489565282446/series_002_2_CR/A2504307193 DXA/CR DXA/CR000003.dcm,1.2.643.5.1.13.13.12.2.77.8252.09140613011500120102030800080807,3,207,280,left_hip,True,1.0,Нарушение позиционирования/ротации левого бедра,,,,,,1.0,0.0,12,7.5600000000000005,12,7.5600000000000005,True,3.2507740356987687,,,,,,,,-4.7870419166277225,4.7870419166277225,35.1,71.4,0.0,3.957384433332049,40.8,5.0591060045043434,26.25,46.8,217.35000000000002,168.0,207.0,0.3410714285714286,0.2859213250517598,1.0,0.3,0.16428571428571428,0.731492337949712,0.2913160913698486,0.9387811399399404,3.934057334809313,-0.3578883078214801,3.840748940718393,0.0453487040501102,3.770767645150192,1.2477764629537944,2.4774592510592726,3.4510134748253845,-1.815849143031656,4.4542504866969574,-1.9091575371225842,4.857487498568548,-1.9558117341680485,5.0591060045043434,-1.9558117341680485,5.0591060045043434,-1.9558117341680485,5.0591060045043434,-1.9558117341680485,5.0591060045043434,-1.9558117341680485,5.0591060045043434,-1.9558117341680485,5.0591060045043434,-1.9558117341680485,5.0591060045043434,-1.9558117341680485,5.0591060045043434,-1.9558117341680485,5.0591060045043434,-1.9558117341680485,5.0591060045043434,-1.9558117341680485,5.0591060045043434,-1.9558117341680485,5.0591060045043434,-1.9558117341680485,5.0591060045043434,-1.9558117341680485,5.0591060045043434,left,-0.35278461187599963,4.7870419166277225,0.24285714285714283,,,1.0,0.0,1.0,0.0
2.25.234651502352368356456298825489565282446,/home/user/workspace/dataset_extracted/Датасет/НД_для_обучения/Исследования/2.25.234651502352368356456298825489565282446/series_002_2_CR/A2504307193 DXA/CR DXA/CR000004.dcm,1.2.643.5.1.13.13.12.2.77.8252.09061112071413071402070608030006,10,207,280,left_hip,True,1.0,Нарушение позиционирования/ротации левого бедра,,,,,,1.0,0.0,12,7.5600000000000005,12,7.5600000000000005,True,3.2507740356987687,,,,,,,,-4.7870419166277225,4.7870419166277225,35.1,71.4,0.0,3.957384433332049,40.8,5.0591060045043434,26.25,46.8,217.35000000000002,168.0,207.0,0.3410714285714286,0.2859213250517598,1.0,0.3,0.16428571428571428,0.731492337949712,0.2913160913698486,0.9387811399399404,3.934057334809313,-0.3578883078214801,3.840748940718393,0.0453487040501102,3.770767645150192,1.2477764629537944,2.4774592510592726,3.4510134748253845,-1.815849143031656,4.4542504866969574,-1.9091575371225842,4.857487498568548,-1.9558117341680485,5.0591060045043434,-1.9558117341680485,5.0591060045043434,-1.9558117341680485,5.0591060045043434,-1.9558117341680485,5.0591060045043434,-1.9558117341680485,5.0591060045043434,-1.9558117341680485,5.0591060045043434,-1.9558117341680485,5.0591060045043434,-1.9558117341680485,5.0591060045043434,-1.9558117341680485,5.0591060045043434,-1.9558117341680485,5.0591060045043434,-1.9558117341680485,5.0591060045043434,-1.9558117341680485,5.0591060045043434,-1.9558117341680485,5.0591060045043434,-1.9558117341680485,5.0591060045043434,left,-0.35278461187599963,4.7870419166277225,0.24285714285714283,,,1.0,0.0,1.0,0.0
2.25.234651502352368356456298825489565282446,/home/user/workspace/dataset_extracted/Датасет/НД_для_обучения/Исследования/2.25.234651502352368356456298825489565282446/series_002_2_CR/A2504307193 DXA/CR DXA/CR000005.dcm,1.2.643.5.1.13.13.12.2.77.8252.14111506040710041211031511080401,12,207,280,left_hip,True,1.0,Нарушение позиционирования/ротации левого бедра,,,,,,1.0,0.0,12,7.5600000000000005,12,7.5600000000000005,True,3.2507740356987687,,,,,,,,-4.7870419166277225,4.7870419166277225,35.1,71.4,0.0,3.957384433332049,40.8,5.0591060045043434,26.25,46.8,217.35000000000002,168.0,207.0,0.3410714285714286,0.2859213250517598,1.0,0.3,0.16428571428571428,0.731492337949712,0.2913160913698486,0.9387811399399404,3.934057334809313,-0.3578883078214801,3.840748940718393,0.0453487040501102,3.770767645150192,1.2477764629537944,2.4774592510592726,3.4510134748253845,-1.815849143031656,4.4542504866969574,-1.9091575371225842,4.857487498568548,-1.9558117341680485,5.0591060045043434,-1.9558117341680485,5.0591060045043434,-1.9558117341680485,5.0591060045043434,-1.9558117341680485,5.0591060045043434,-1.9558117341680485,5.0591060045043434,-1.9558117341680485,5.0591060045043434,-1.9558117341680485,5.0591060045043434,-1.9558117341680485,5.0591060045043434,-1.9558117341680485,5.0591060045043434,-1.9558117341680485,5.0591060045043434,-1.9558117341680485,5.0591060045043434,-1.9558117341680485,5.0591060045043434,-1.9558117341680485,5.0591060045043434,-1.9558117341680485,5.0591060045043434,left,-0.35278461187599963,4.7870419166277225,0.24285714285714283,,,1.0,0.0,1.0,0.0
2.25.234651502352368356456298825489565282446,/home/user/workspace/dataset_extracted/Датасет/НД_для_обучения/Исследования/2.25.234651502352368356456298825489565282446/series_002_2_CR/A2504307193 DXA/CR DXA/CR000006.dcm,1.2.643.5.1.13.13.12.2.77.8252.10051211011505050506141504040101,1,291,300,spine,True,0.0,,0.0,0.0,0.0,,,,,0,0.0,0,0.0,False,0.0,0.7902619391931267,2.057048998672936,291.0,0.0167001773209509,0.0,0.003436426116838488,0.34,,,,,,,,,,,,,,,,,,,,,,,,,,,,,,,,,,,,,,,,,,,,,,,,,,,,,,,,,,,,,,,,,,,,,,,
2.25.234651502352368356456298825489565282446,/home/user/workspace/dataset_extracted/Датасет/НД_для_обучения/Исследования/2.25.234651502352368356456298825489565282446/series_002_2_CR/A2504307193 DXA/CR DXA/CR000007.dcm,1.2.643.5.1.13.13.12.2.77.8252.15100402090103120615100706141310,11,233,280,right_hip,True,1.0,Нарушение позиционирования/ротации правого бедра,,,,1.0,0.0,,,0,0.0,0,0.0,False,0.0,,,,,,,,-9.80443618723663,9.80443618723663,28.799999999999997,57.75,4.914805194805181,6.417489177489159,31.2,6.815584415584453,97.65,3.5999999999999996,244.65,168.0,148.0,0.26071428571428573,0.2881361128142244,0.6351931330472103,0.3892857142857143,0.15357142857142858,0.6520573667242399,0.20450699763932548,0.942030466121919,0.1813419913419608,2.2514285714286273,-0.003939393939423041,1.2145454545455094,0.30709956709953584,1.036883116883169,0.7218181818181563,0.6000000000000512,1.136536796536768,1.3631168831169247,1.5512554112553885,2.1262337662338067,1.9659740259740004,3.489350649350689,2.8770129870129635,3.9116883116883483,4.491731601731584,6.4748051948052305,6.106450216450196,-13.762077922077895,5.921168831168816,-14.798961038961004,5.735887445887428,-15.83584415584413,5.550606060606048,-17.47272727272724,5.261645021645012,-18.850389610389588,3.8763636363636236,-19.887272727272716,2.491082251082244,-20.924155844155823,2.905800865800856,-21.36103896103895,2.7205194805194766,-21.797922077922077,1.8315584415584396,-21.37558441558441,0.44627705627705155,-24.81246753246752,right,0.23808875901105522,9.80443618723663,0.18571428571428572,1.0,0.0,,,1.0,0.0
2.25.234651502352368356456298825489565282446,/home/user/workspace/dataset_extracted/Датасет/НД_для_обучения/Исследования/2.25.234651502352368356456298825489565282446/series_002_2_CR/A2504307193 DXA/CR DXA/CR000008.dcm,1.2.643.5.1.13.13.12.2.77.8252.10021305031009110615021114111114,9,291,300,spine,True,0.0,,0.0,0.0,0.0,,,,,0,0.0,0,0.0,False,0.0,0.7902619391931267,2.057048998672936,291.0,0.0167001773209509,0.0,0.003436426116838488,0.34,,,,,,,,,,,,,,,,,,,,,,,,,,,,,,,,,,,,,,,,,,,,,,,,,,,,,,,,,,,,,,,,,,,,,,,
2.25.234651502352368356456298825489565282446,/home/user/workspace/dataset_extracted/Датасет/НД_для_обучения/Исследования/2.25.234651502352368356456298825489565282446/series_002_2_CR/A2504307193 DXA/CR DXA/CR000009.dcm,1.2.643.5.1.13.13.12.2.77.8252.09110410141103030507060004110108,6,207,280,left_hip,True,1.0,Нарушение позиционирования/ротации левого бедра,,,,,,1.0,0.0,12,7.5600000000000005,12,7.5600000000000005,True,3.2507740356987687,,,,,,,,-4.7870419166277225,4.7870419166277225,35.1,71.4,0.0,3.957384433332049,40.8,5.0591060045043434,26.25,46.8,217.35000000000002,168.0,207.0,0.3410714285714286,0.2859213250517598,1.0,0.3,0.16428571428571428,0.731492337949712,0.2913160913698486,0.9387811399399404,3.934057334809313,-0.3578883078214801,3.840748940718393,0.0453487040501102,3.770767645150192,1.2477764629537944,2.4774592510592726,3.4510134748253845,-1.815849143031656,4.4542504866969574,-1.9091575371225842,4.857487498568548,-1.9558117341680485,5.0591060045043434,-1.9558117341680485,5.0591060045043434,-1.9558117341680485,5.0591060045043434,-1.9558117341680485,5.0591060045043434,-1.9558117341680485,5.0591060045043434,-1.9558117341680485,5.0591060045043434,-1.9558117341680485,5.0591060045043434,-1.9558117341680485,5.0591060045043434,-1.9558117341680485,5.0591060045043434,-1.9558117341680485,5.0591060045043434,-1.9558117341680485,5.0591060045043434,-1.9558117341680485,5.0591060045043434,-1.9558117341680485,5.0591060045043434,-1.9558117341680485,5.0591060045043434,left,-0.35278461187599963,4.7870419166277225,0.24285714285714283,,,1.0,0.0,1.0,0.0
2.25.234651502352368356456298825489565282446,/home/user/workspace/dataset_extracted/Датасет/НД_для_обучения/Исследования/2.25.234651502352368356456298825489565282446/series_002_2_CR/A2504307193 DXA/CR DXA/CR000010.dcm,1.2.643.5.1.13.13.12.2.77.8252.15060200100906151411000112060511,13,233,280,right_hip,True,1.0,Нарушение позиционирования/ротации правого бедра,,,,1.0,0.0,,,0,0.0,0,0.0,False,0.0,,,,,,,,-9.80443618723663,9.80443618723663,28.799999999999997,57.75,4.914805194805181,6.417489177489159,31.2,6.815584415584453,97.65,3.5999999999999996,244.65,168.0,148.0,0.26071428571428573,0.2881361128142244,0.6351931330472103,0.3892857142857143,0.15357142857142858,0.6520573667242399,0.20450699763932548,0.942030466121919,0.1813419913419608,2.2514285714286273,-0.003939393939423041,1.2145454545455094,0.30709956709953584,1.036883116883169,0.7218181818181563,0.6000000000000512,1.136536796536768,1.3631168831169247,1.5512554112553885,2.1262337662338067,1.9659740259740004,3.489350649350689,2.8770129870129635,3.9116883116883483,4.491731601731584,6.4748051948052305,6.106450216450196,-13.762077922077895,5.921168831168816,-14.798961038961004,5.735887445887428,-15.83584415584413,5.550606060606048,-17.47272727272724,5.261645021645012,-18.850389610389588,3.8763636363636236,-19.887272727272716,2.491082251082244,-20.924155844155823,2.905800865800856,-21.36103896103895,2.7205194805194766,-21.797922077922077,1.8315584415584396,-21.37558441558441,0.44627705627705155,-24.81246753246752,right,0.23808875901105522,9.80443618723663,0.18571428571428572,1.0,0.0,,,1.0,0.0
2.25.247714038039430659432048101646401574824,/home/user/workspace/dataset_extracted/Датасет/НД_для_обучения/Исследования/2.25.247714038039430659432048101646401574824/series_002_2_CR/A2504238024 DXA Exam/CR DXA Images/CR000000.dcm,1.2.643.5.1.13.13.12.2.77.8252.06051510010614000404080600020603,2,346,280,left_hip,True,0.0,,,,,,,0.0,0.0,0,0.0,0,0.0,False,0.0,,,,,,,,-0.8988742879474348,0.8988742879474348,30.0,91.35000000000001,10.50744696362177,6.162076255741039,39.0,14.587723263104225,94.5,4.2,363.3,168.0,177.0,0.33035714285714285,0.2808009909165978,0.5115606936416185,0.175,0.16428571428571428,0.5468490071171719,0.14843303912119055,0.9660470608689422,0.8090763286432775,2.853615951009746,1.2742655099511437,3.187012466282769,1.7731573959320457,2.9870598527375276,1.638346577239912,3.3204563680105506,2.7035357585477784,3.053852883283565,3.1687249398556445,3.387249398556588,3.6339141211635106,4.320645913829602,4.732806007144409,4.72069330028437,5.197995188452275,5.654089815557384,5.063184369760141,7.1874863308303985,6.128373551068007,8.720882846103422,5.993562732375874,10.254279361376435,5.858751913683736,12.38767587664945,5.157643799664638,14.587723263104225,3.222832980972504,-15.078880221622768,1.8880221622803701,-16.545483706349746,1.7532113435882366,-22.212087191076723,1.0184005248961028,-23.078690675803717,0.31729241087700044,-23.27864328934894,-1.0175184078151331,-23.545246774075917,left,-0.7324169563923194,0.8988742879474348,0.23214285714285715,,,0.0,0.0,0.0,0.0
2.25.247714038039430659432048101646401574824,/home/user/workspace/dataset_extracted/Датасет/НД_для_обучения/Исследования/2.25.247714038039430659432048101646401574824/series_002_2_CR/A2504238024 DXA Exam/CR DXA Images/CR000001.dcm,1.2.643.5.1.13.13.12.2.77.8252.13110800060502010303101404091303,3,344,280,right_hip,True,0.0,,,,,0.0,0.0,,,0,0.0,0,0.0,False,0.0,,,,,,,,-4.040816342574928,4.040816342574928,30.599999999999998,129.15,0.0,1.6055177928828257,26.4,15.97516993202725,33.6,39.6,361.2,168.0,344.0,0.24285714285714285,0.2903343023255814,1.0,0.3,0.16071428571428573,0.5204883171998382,0.1388574844116325,0.9650899543972966,-5.000588151836061,3.385950136074666,-5.0087294114612435,5.184410106925034,-9.81483535618013,6.533255085062808,-10.422976615805313,8.331715055913184,-10.431117875430495,10.730175026763543,-7.439259135055677,13.72863499761392,-6.847400394680859,14.92709496846428,-6.853506339399746,15.075939946602062,-6.857576969212337,15.97516993202725,-6.857576969212337,15.97516993202725,-6.857576969212337,15.97516993202725,-6.857576969212337,15.97516993202725,-6.857576969212337,15.97516993202725,-6.857576969212337,15.97516993202725,-6.857576969212337,15.97516993202725,-6.857576969212337,15.97516993202725,-6.857576969212337,15.97516993202725,-6.857576969212337,15.97516993202725,-6.857576969212337,15.97516993202725,-6.857576969212337,15.97516993202725,right,0.6942382853528188,4.040816342574928,0.15714285714285714,0.0,0.0,,,0.0,0.0
2.25.247714038039430659432048101646401574824,/home/user/workspace/dataset_extracted/Датасет/НД_для_обучения/Исследования/2.25.247714038039430659432048101646401574824/series_002_2_CR/A2504238024 DXA Exam/CR DXA Images/CR000002.dcm,1.2.643.5.1.13.13.12.2.77.8252.06030210110500061108030910090908,1,315,300,spine,True,1.0,"Наличие посторонних предметов, артефактов или наложений",0.0,0.0,1.0,,,,,678,427.14,678,427.14,True,5.152479457983003,0.2640815770373753,0.7573711254660882,315.0,0.002134409395863107,0.0,0.0031746031746031746,0.41,,,,,,,,,,,,,,,,,,,,,,,,,,,,,,,,,,,,,,,,,,,,,,,,,,,,,,,,,,,,,,,,,,,,,,,
2.25.269648774413746842548908998641183395622,/home/user/workspace/dataset_extracted/Датасет/НД_для_обучения/Исследования/2.25.269648774413746842548908998641183395622/series_001_2_CR/A2504393664 DXA/CR DXA/CR000000.dcm,1.2.643.5.1.13.13.12.2.77.8252.12031014110715041000030602140501,2,263,280,right_hip,True,0.0,,,,,0.0,0.0,,,0,0.0,0,0.0,False,0.0,,,,,,,,-8.097944761028456,8.097944761028456,27.599999999999998,81.9,0.0,-3.0287155882092405,58.8,17.603047585326042,65.10000000000001,10.799999999999999,276.15000000000003,168.0,263.0,0.4303571428571429,0.20784899511135252,1.0,0.28214285714285714,0.15714285714285714,0.5014952914285354,0.13657250703066895,0.9505338468313453,-6.283225635124356,2.2255769546908426,-5.398388952819317,2.5152240164898103,-4.13476144109054,2.8824593128390235,-3.2499247587855025,3.172106374637991,-7.765088076480463,3.461753436436959,-8.680251394175425,4.351400498235909,-9.595414711870387,4.6410475600348775,-9.53178720014161,5.608282856384091,-9.24695051783658,6.4979299181830585,-8.362113835531533,7.3875769799820254,-7.477277153226503,8.877224041780977,-7.192440470921457,10.366871103579944,-8.107603788616426,11.856518165378896,-14.04397627688765,13.423753461728126,-14.959139594582602,16.113400523527094,-15.274302912277573,17.603047585326042,-15.65309374170132,17.52545935077578,-15.65309374170132,17.52545935077578,-15.65309374170132,17.52545935077578,-15.65309374170132,17.52545935077578,right,0.5935118713141528,8.097944761028456,0.35,0.0,0.0,,,0.0,0.0
2.25.269648774413746842548908998641183395622,/home/user/workspace/dataset_extracted/Датасет/НД_для_обучения/Исследования/2.25.269648774413746842548908998641183395622/series_001_2_CR/A2504393664 DXA/CR DXA/CR000001.dcm,1.2.643.5.1.13.13.12.2.77.8252.02001209000515050108060411111311,1,317,300,spine,True,1.0,"Нарушение оси позвоночника (отклонение более 5 градусов); Наличие посторонних предметов, артефактов или наложений",0.0,1.0,1.0,,,,,1060,667.8,1060,667.8,True,4.344053899793894,2.6722944439433785,0.9723259297289468,317.0,-0.044471722743925565,0.0,0.0031545741324921135,0.65,,,,,,,,,,,,,,,,,,,,,,,,,,,,,,,,,,,,,,,,,,,,,,,,,,,,,,,,,,,,,,,,,,,,,,,
2.25.269648774413746842548908998641183395622,/home/user/workspace/dataset_extracted/Датасет/НД_для_обучения/Исследования/2.25.269648774413746842548908998641183395622/series_001_2_CR/A2504393664 DXA/CR DXA/CR000002.dcm,1.2.643.5.1.13.13.12.2.77.8252.12130902030702050210110604020115,3,261,280,left_hip,True,0.0,,,,,,,0.0,0.0,22,13.86,22,13.86,True,3.460870443510613,,,,,,,,-4.428721880934722,4.428721880934722,28.2,63.0,0.0,5.346762989719369,58.8,-17.748474576271196,91.35000000000001,3.5999999999999996,274.05,168.0,147.0,0.42857142857142855,0.20213464696223316,0.5632183908045977,0.26071428571428573,0.15714285714285714,0.487155431860763,0.12637657623000326,0.9499695934320854,-0.2961044734648567,-18.6847179772159,-0.09384829119200049,-19.73304251180885,0.05784384551264168,-21.269285912753553,-0.3398999722145021,-22.317610447346485,-0.1376437899416544,-23.365934981939436,0.06461239233120182,-24.414259516532386,0.26686857460405805,-24.86258405112532,0.41856071130869166,-25.798827452070025,0.6208168935815479,-26.847151986662976,0.8230730758544041,-27.29547652125591,1.0253292581272604,-28.34380105584886,1.227585440400108,-28.792125590441792,1.4298416226729642,-29.840450125034742,2.1815337593776065,-30.0,2.3837899416504627,-30.0,2.5860461239233103,-30.0,3.3883023061961666,-30.0,4.190558488469014,-30.0,4.342250625173656,-30.0,5.144506807446512,-30.0,left,-0.8702749612365008,4.428721880934722,0.35,,,0.0,0.0,0.0,0.0
2.25.269742577365511543488820993979123763373,/home/user/workspace/dataset_extracted/Датасет/НД_для_обучения/Исследования/2.25.269742577365511543488820993979123763373/series_003_2_CR/A250477751 DXA/CR DXA/CR000000.dcm,1.2.643.5.1.13.13.12.2.77.8252.11081308031311040302130506061304,1,315,300,spine,True,0.0,,0.0,0.0,0.0,,,,,331,208.53,331,208.53,True,3.909705583421335,4.854414580817517,0.004045806936876062,315.0,-0.07693593486891909,0.0,0.0031746031746031746,0.5766666666666667,,,,,,,,,,,,,,,,,,,,,,,,,,,,,,,,,,,,,,,,,,,,,,,,,,,,,,,,,,,,,,,,,,,,,,,
2.25.272690031744216183651627058502316132741,/home/user/workspace/dataset_extracted/Датасет/НД_для_обучения/Исследования/2.25.272690031744216183651627058502316132741/series_002_2_CR/A2504373414 DXA/CR DXA/CR000000.dcm,1.2.643.5.1.13.13.12.2.77.8252.01011201030601080312040805131303,5,349,280,left_hip,True,1.0,Нарушение позиционирования/ротации левого бедра,,,,,,1.0,0.0,0,0.0,0,0.0,False,0.0,,,,,,,,-0.4468659956767443,0.4468659956767443,24.9,182.70000000000002,11.458645177823971,1.3300816082462503,34.8,15.59032432586348,55.650000000000006,3.5999999999999996,366.45,168.0,227.0,0.2875,0.2052087597216537,0.6504297994269341,0.3,0.14285714285714285,0.5459423218427398,0.15057372254647775,0.9774120031531796,0.2461637290355668,3.4018109855064123,0.8129974088100497,5.10312936017539,0.7881226686409107,5.629118141177128,0.7549563484153893,7.330436515846113,1.321790028189872,8.43175489051509,1.2886237079643508,8.933073265184078,1.2554573877388335,9.434391639853056,1.2305826475696946,9.9603804208548,-3.0025836726558226,11.061698795523778,-3.035749992881344,12.163017170192765,-3.068916313106861,13.864335544861742,-1.9020826333323824,-6.034346080469271,-16.335248953557898,-9.733027705800293,-16.360123693727036,-10.407038924798547,-16.360123693727036,-10.407038924798547,-16.360123693727036,-10.407038924798547,-16.360123693727036,-10.407038924798547,-16.360123693727036,-10.407038924798547,-16.360123693727036,-10.407038924798547,-16.360123693727036,-10.407038924798547,right,0.17965940755728305,0.4468659956767443,0.20714285714285713,0.0,0.0,,,0.0,0.0
2.25.272690031744216183651627058502316132741,/home/user/workspace/dataset_extracted/Датасет/НД_для_обучения/Исследования/2.25.272690031744216183651627058502316132741/series_002_2_CR/A2504373414 DXA/CR DXA/CR000001.dcm,1.2.643.5.1.13.13.12.2.77.8252.06030606140315081407041104141012,9,322,300,spine,True,0.0,,0.0,0.0,0.0,,,,,0,0.0,0,0.0,False,0.0,3.620670814308997,0.02374416024358128,322.0,0.07411385895792791,0.0,0.003105590062111801,0.3433333333333333,,,,,,,,,,,,,,,,,,,,,,,,,,,,,,,,,,,,,,,,,,,,,,,,,,,,,,,,,,,,,,,,,,,,,,,
2.25.272690031744216183651627058502316132741,/home/user/workspace/dataset_extracted/Датасет/НД_для_обучения/Исследования/2.25.272690031744216183651627058502316132741/series_002_2_CR/A2504373414 DXA/CR DXA/CR000002.dcm,1.2.643.5.1.13.13.12.2.77.8252.15091411140404110408151008030010,10,320,280,left_hip,True,1.0,Нарушение позиционирования/ротации левого бедра,,,,,,1.0,0.0,0,0.0,0,0.0,False,0.0,,,,,,,,2.4422213426614205,2.4422213426614205,27.3,142.8,11.715883211678836,2.697848862172586,57.0,15.6282052382997,67.2,5.3999999999999995,336.0,168.0,200.0,0.4732142857142857,0.23322544642857143,0.625,0.3535714285714286,0.14642857142857144,0.5648734148371687,0.16325236239879426,0.9709599294019579,1.292215543151542,3.319738085015024,1.6081107771575545,4.593898668956638,1.9950322026620597,5.849519106912839,2.3109274366680723,6.523679690854453,2.6268226706740845,7.79784027479605,2.342717904680097,7.872000858737664,2.0586131386861095,7.94616144267926,1.845534564190615,8.001781880635463,-3.8385702018033725,8.075942464577077,-4.72267496779736,9.35010304851869,-7.406779733791347,10.024263632460286,-7.6908844997853345,11.898424216401901,-7.974989265779322,13.772584800343497,-8.788067840274817,15.6282052382997,-13.872172606268805,-4.097634177758686,-14.156277372262792,-5.22347359381709,-14.369355946758287,-14.76785315586087,-14.369355946758287,-14.76785315586087,-14.369355946758287,-14.76785315586087,-14.369355946758287,-14.76785315586087,left,-0.46897249861012735,2.4422213426614205,0.3392857142857143,,,1.0,0.0,1.0,0.0
2.25.272690031744216183651627058502316132741,/home/user/workspace/dataset_extracted/Датасет/НД_для_обучения/Исследования/2.25.272690031744216183651627058502316132741/series_002_2_CR/A2504373414 DXA/CR DXA/CR000003.dcm,1.2.643.5.1.13.13.12.2.77.8252.12111114061412150313141006121511,3,320,280,left_hip,True,1.0,Нарушение позиционирования/ротации левого бедра,,,,,,1.0,0.0,0,0.0,0,0.0,False,0.0,,,,,,,,2.4422213426614205,2.4422213426614205,27.3,142.8,11.715883211678836,2.697848862172586,57.0,15.6282052382997,67.2,5.3999999999999995,336.0,168.0,200.0,0.4732142857142857,0.23322544642857143,0.625,0.3535714285714286,0.14642857142857144,0.5648734148371687,0.16325236239879426,0.9709599294019579,1.292215543151542,3.319738085015024,1.6081107771575545,4.593898668956638,1.9950322026620597,5.849519106912839,2.3109274366680723,6.523679690854453,2.6268226706740845,7.79784027479605,2.342717904680097,7.872000858737664,2.0586131386861095,7.94616144267926,1.845534564190615,8.001781880635463,-3.8385702018033725,8.075942464577077,-4.72267496779736,9.35010304851869,-7.406779733791347,10.024263632460286,-7.6908844997853345,11.898424216401901,-7.974989265779322,13.772584800343497,-8.788067840274817,15.6282052382997,-13.872172606268805,-4.097634177758686,-14.156277372262792,-5.22347359381709,-14.369355946758287,-14.76785315586087,-14.369355946758287,-14.76785315586087,-14.369355946758287,-14.76785315586087,-14.369355946758287,-14.76785315586087,left,-0.46897249861012735,2.4422213426614205,0.3392857142857143,,,1.0,0.0,1.0,0.0
2.25.272690031744216183651627058502316132741,/home/user/workspace/dataset_extracted/Датасет/НД_для_обучения/Исследования/2.25.272690031744216183651627058502316132741/series_002_2_CR/A2504373414 DXA/CR DXA/CR000004.dcm,1.2.643.5.1.13.13.12.2.77.8252.11001315081502000300100815110411,11,349,280,left_hip,True,1.0,Нарушение позиционирования/ротации левого бедра,,,,,,1.0,0.0,0,0.0,0,0.0,False,0.0,,,,,,,,-0.4468659956767443,0.4468659956767443,24.9,182.70000000000002,11.458645177823971,1.3300816082462503,34.8,15.59032432586348,55.650000000000006,3.5999999999999996,366.45,168.0,227.0,0.2875,0.2052087597216537,0.6504297994269341,0.3,0.14285714285714285,0.5459423218427398,0.15057372254647775,0.9774120031531796,0.2461637290355668,3.4018109855064123,0.8129974088100497,5.10312936017539,0.7881226686409107,5.629118141177128,0.7549563484153893,7.330436515846113,1.321790028189872,8.43175489051509,1.2886237079643508,8.933073265184078,1.2554573877388335,9.434391639853056,1.2305826475696946,9.9603804208548,-3.0025836726558226,11.061698795523778,-3.035749992881344,12.163017170192765,-3.068916313106861,13.864335544861742,-1.9020826333323824,-6.034346080469271,-16.335248953557898,-9.733027705800293,-16.360123693727036,-10.407038924798547,-16.360123693727036,-10.407038924798547,-16.360123693727036,-10.407038924798547,-16.360123693727036,-10.407038924798547,-16.360123693727036,-10.407038924798547,-16.360123693727036,-10.407038924798547,-16.360123693727036,-10.407038924798547,right,0.17965940755728305,0.4468659956767443,0.20714285714285713,0.0,0.0,,,0.0,0.0
2.25.272690031744216183651627058502316132741,/home/user/workspace/dataset_extracted/Датасет/НД_для_обучения/Исследования/2.25.272690031744216183651627058502316132741/series_002_2_CR/A2504373414 DXA/CR DXA/CR000005.dcm,1.2.643.5.1.13.13.12.2.77.8252.05061403001014150211070209121100,13,349,280,left_hip,True,1.0,Нарушение позиционирования/ротации левого бедра,,,,,,1.0,0.0,0,0.0,0,0.0,False,0.0,,,,,,,,-0.4468659956767443,0.4468659956767443,24.9,182.70000000000002,11.458645177823971,1.3300816082462503,34.8,15.59032432586348,55.650000000000006,3.5999999999999996,366.45,168.0,227.0,0.2875,0.2052087597216537,0.6504297994269341,0.3,0.14285714285714285,0.5459423218427398,0.15057372254647775,0.9774120031531796,0.2461637290355668,3.4018109855064123,0.8129974088100497,5.10312936017539,0.7881226686409107,5.629118141177128,0.7549563484153893,7.330436515846113,1.321790028189872,8.43175489051509,1.2886237079643508,8.933073265184078,1.2554573877388335,9.434391639853056,1.2305826475696946,9.9603804208548,-3.0025836726558226,11.061698795523778,-3.035749992881344,12.163017170192765,-3.068916313106861,13.864335544861742,-1.9020826333323824,-6.034346080469271,-16.335248953557898,-9.733027705800293,-16.360123693727036,-10.407038924798547,-16.360123693727036,-10.407038924798547,-16.360123693727036,-10.407038924798547,-16.360123693727036,-10.407038924798547,-16.360123693727036,-10.407038924798547,-16.360123693727036,-10.407038924798547,-16.360123693727036,-10.407038924798547,right,0.17965940755728305,0.4468659956767443,0.20714285714285713,0.0,0.0,,,0.0,0.0
2.25.272690031744216183651627058502316132741,/home/user/workspace/dataset_extracted/Датасет/НД_для_обучения/Исследования/2.25.272690031744216183651627058502316132741/series_002_2_CR/A2504373414 DXA/CR DXA/CR000006.dcm,1.2.643.5.1.13.13.12.2.77.8252.07020101080211090714060800071015,1,322,300,spine,True,0.0,,0.0,0.0,0.0,,,,,0,0.0,0,0.0,False,0.0,3.620670814308997,0.02374416024358128,322.0,0.07411385895792791,0.0,0.003105590062111801,0.3433333333333333,,,,,,,,,,,,,,,,,,,,,,,,,,,,,,,,,,,,,,,,,,,,,,,,,,,,,,,,,,,,,,,,,,,,,,,
2.25.272690031744216183651627058502316132741,/home/user/workspace/dataset_extracted/Датасет/НД_для_обучения/Исследования/2.25.272690031744216183651627058502316132741/series_002_2_CR/A2504373414 DXA/CR DXA/CR000007.dcm,1.2.643.5.1.13.13.12.2.77.8252.10090104061310110414150206150115,2,349,280,left_hip,True,1.0,Нарушение позиционирования/ротации левого бедра,,,,,,1.0,0.0,0,0.0,0,0.0,False,0.0,,,,,,,,-0.4468659956767443,0.4468659956767443,24.9,182.70000000000002,11.458645177823971,1.3300816082462503,34.8,15.59032432586348,55.650000000000006,3.5999999999999996,366.45,168.0,227.0,0.2875,0.2052087597216537,0.6504297994269341,0.3,0.14285714285714285,0.5459423218427398,0.15057372254647775,0.9774120031531796,0.2461637290355668,3.4018109855064123,0.8129974088100497,5.10312936017539,0.7881226686409107,5.629118141177128,0.7549563484153893,7.330436515846113,1.321790028189872,8.43175489051509,1.2886237079643508,8.933073265184078,1.2554573877388335,9.434391639853056,1.2305826475696946,9.9603804208548,-3.0025836726558226,11.061698795523778,-3.035749992881344,12.163017170192765,-3.068916313106861,13.864335544861742,-1.9020826333323824,-6.034346080469271,-16.335248953557898,-9.733027705800293,-16.360123693727036,-10.407038924798547,-16.360123693727036,-10.407038924798547,-16.360123693727036,-10.407038924798547,-16.360123693727036,-10.407038924798547,-16.360123693727036,-10.407038924798547,-16.360123693727036,-10.407038924798547,-16.360123693727036,-10.407038924798547,right,0.17965940755728305,0.4468659956767443,0.20714285714285713,0.0,0.0,,,0.0,0.0
2.25.272690031744216183651627058502316132741,/home/user/workspace/dataset_extracted/Датасет/НД_для_обучения/Исследования/2.25.272690031744216183651627058502316132741/series_002_2_CR/A2504373414 DXA/CR DXA/CR000008.dcm,1.2.643.5.1.13.13.12.2.77.8252.03130108120702021004141402130400,12,320,280,left_hip,True,1.0,Нарушение позиционирования/ротации левого бедра,,,,,,1.0,0.0,0,0.0,0,0.0,False,0.0,,,,,,,,2.4422213426614205,2.4422213426614205,27.3,142.8,11.715883211678836,2.697848862172586,57.0,15.6282052382997,67.2,5.3999999999999995,336.0,168.0,200.0,0.4732142857142857,0.23322544642857143,0.625,0.3535714285714286,0.14642857142857144,0.5648734148371687,0.16325236239879426,0.9709599294019579,1.292215543151542,3.319738085015024,1.6081107771575545,4.593898668956638,1.9950322026620597,5.849519106912839,2.3109274366680723,6.523679690854453,2.6268226706740845,7.79784027479605,2.342717904680097,7.872000858737664,2.0586131386861095,7.94616144267926,1.845534564190615,8.001781880635463,-3.8385702018033725,8.075942464577077,-4.72267496779736,9.35010304851869,-7.406779733791347,10.024263632460286,-7.6908844997853345,11.898424216401901,-7.974989265779322,13.772584800343497,-8.788067840274817,15.6282052382997,-13.872172606268805,-4.097634177758686,-14.156277372262792,-5.22347359381709,-14.369355946758287,-14.76785315586087,-14.369355946758287,-14.76785315586087,-14.369355946758287,-14.76785315586087,-14.369355946758287,-14.76785315586087,left,-0.46897249861012735,2.4422213426614205,0.3392857142857143,,,1.0,0.0,1.0,0.0
2.25.272690031744216183651627058502316132741,/home/user/workspace/dataset_extracted/Датасет/НД_для_обучения/Исследования/2.25.272690031744216183651627058502316132741/series_002_2_CR/A2504373414 DXA/CR DXA/CR000009.dcm,1.2.643.5.1.13.13.12.2.77.8252.05090009071111050211130101070710,4,322,300,spine,True,0.0,,0.0,0.0,0.0,,,,,0,0.0,0,0.0,False,0.0,3.620670814308997,0.02374416024358128,322.0,0.07411385895792791,0.0,0.003105590062111801,0.3433333333333333,,,,,,,,,,,,,,,,,,,,,,,,,,,,,,,,,,,,,,,,,,,,,,,,,,,,,,,,,,,,,,,,,,,,,,,
2.25.272690031744216183651627058502316132741,/home/user/workspace/dataset_extracted/Датасет/НД_для_обучения/Исследования/2.25.272690031744216183651627058502316132741/series_002_2_CR/A2504373414 DXA/CR DXA/CR000010.dcm,1.2.643.5.1.13.13.12.2.77.8252.06121304010102150202081301011406,6,320,280,left_hip,True,1.0,Нарушение позиционирования/ротации левого бедра,,,,,,1.0,0.0,0,0.0,0,0.0,False,0.0,,,,,,,,2.4422213426614205,2.4422213426614205,27.3,142.8,11.715883211678836,2.697848862172586,57.0,15.6282052382997,67.2,5.3999999999999995,336.0,168.0,200.0,0.4732142857142857,0.23322544642857143,0.625,0.3535714285714286,0.14642857142857144,0.5648734148371687,0.16325236239879426,0.9709599294019579,1.292215543151542,3.319738085015024,1.6081107771575545,4.593898668956638,1.9950322026620597,5.849519106912839,2.3109274366680723,6.523679690854453,2.6268226706740845,7.79784027479605,2.342717904680097,7.872000858737664,2.0586131386861095,7.94616144267926,1.845534564190615,8.001781880635463,-3.8385702018033725,8.075942464577077,-4.72267496779736,9.35010304851869,-7.406779733791347,10.024263632460286,-7.6908844997853345,11.898424216401901,-7.974989265779322,13.772584800343497,-8.788067840274817,15.6282052382997,-13.872172606268805,-4.097634177758686,-14.156277372262792,-5.22347359381709,-14.369355946758287,-14.76785315586087,-14.369355946758287,-14.76785315586087,-14.369355946758287,-14.76785315586087,-14.369355946758287,-14.76785315586087,left,-0.46897249861012735,2.4422213426614205,0.3392857142857143,,,1.0,0.0,1.0,0.0
2.25.276415754443998872860614500027519740375,/home/user/workspace/dataset_extracted/Датасет/НД_для_обучения/Исследования/2.25.276415754443998872860614500027519740375/series_002_2_CR/A2504387089 DXA/CR DXA/CR000000.dcm,1.2.643.5.1.13.13.12.2.77.8252.13000009090006001202001212051006,3,291,300,spine,True,0.0,,0.0,0.0,0.0,,,,,0,0.0,0,0.0,False,0.0,1.8990530549183715,0.6003612850081828,291.0,0.032137824849531094,0.0,0.003436426116838488,0.34,,,,,,,,,,,,,,,,,,,,,,,,,,,,,,,,,,,,,,,,,,,,,,,,,,,,,,,,,,,,,,,,,,,,,,,
2.25.276415754443998872860614500027519740375,/home/user/workspace/dataset_extracted/Датасет/НД_для_обучения/Исследования/2.25.276415754443998872860614500027519740375/series_002_2_CR/A2504387089 DXA/CR DXA/CR000001.dcm,1.2.643.5.1.13.13.12.2.77.8252.00080112010710030607090609070409,1,291,300,spine,True,0.0,,0.0,0.0,0.0,,,,,0,0.0,0,0.0,False,0.0,1.8990530549183715,0.6003612850081828,291.0,0.032137824849531094,0.0,0.003436426116838488,0.34,,,,,,,,,,,,,,,,,,,,,,,,,,,,,,,,,,,,,,,,,,,,,,,,,,,,,,,,,,,,,,,,,,,,,,,
2.25.276415754443998872860614500027519740375,/home/user/workspace/dataset_extracted/Датасет/НД_для_обучения/Исследования/2.25.276415754443998872860614500027519740375/series_002_2_CR/A2504387089 DXA/CR DXA/CR000002.dcm,1.2.643.5.1.13.13.12.2.77.8252.01080011050715071510151108031409,5,292,280,right_hip,True,0.0,,,,,0.0,0.0,,,0,0.0,0,0.0,False,0.0,,,,,,,,1.7174928322770704,1.7174928322770704,27.599999999999998,118.65,0.0,-16.343268015170683,50.4,26.100853350189656,78.75,11.4,306.6,168.0,292.0,0.41785714285714287,0.20404843444227005,1.0,0.2357142857142857,0.16071428571428573,0.5127179384523862,0.14800605429441582,0.9627788642610827,-17.716528045778173,2.9305941845765062,-17.947541419921492,4.151453855878662,-18.120801450528983,4.767098609355275,-18.35181482467231,5.9879582806574145,-21.58282819881563,6.608817951959571,-24.21384157295896,7.229677623261727,-25.644854947102278,7.850537294563867,-25.81811497770977,7.866182048040479,-26.649128351853097,8.487041719342637,-27.480141725996415,9.107901390644775,-29.511155100139742,10.328761061946931,-30.0,10.949620733249088,-30.0,12.770480404551227,-30.0,13.986125158027841,-30.0,15.806984829329997,-30.0,18.227844500632134,-30.0,20.64870417193429,-30.0,23.06956384323645,-30.0,23.685208596713043,-30.0,26.100853350189656,right,0.49538132129213464,1.7174928322770704,0.3,0.0,0.0,,,0.0,0.0
2.25.276415754443998872860614500027519740375,/home/user/workspace/dataset_extracted/Датасет/НД_для_обучения/Исследования/2.25.276415754443998872860614500027519740375/series_002_2_CR/A2504387089 DXA/CR DXA/CR000003.dcm,1.2.643.5.1.13.13.12.2.77.8252.12100615051100140712150704150801,4,292,280,left_hip,True,0.0,,,,,,,0.0,0.0,0,0.0,0,0.0,False,0.0,,,,,,,,-0.903050245754658,0.903050245754658,27.599999999999998,91.35000000000001,0.0,-18.782999198075427,69.6,27.265637530072233,81.9,11.4,306.6,168.0,292.0,0.4982142857142857,0.20484344422700587,1.0,0.3142857142857143,0.16428571428571428,0.4738866308009139,0.13825458958553521,0.9556349854709666,-18.792184880075865,2.3417110155282272,-19.404432456076446,3.3970583946927775,-20.013618138076883,4.488568929066173,-20.625865714077467,4.943916308230723,-21.838113290078056,5.999263687395256,-22.450360866078636,6.454611066559806,-23.662608442079218,6.90995844572434,-24.871794124079656,7.401468980097752,-26.684041700080236,7.856816359262285,-27.896289276080818,8.312163738426834,-29.108536852081407,9.367511117591368,-30.0,11.022858496755918,-30.0,12.078205875920451,-30.0,13.769716410293864,-30.0,16.025063789458397,-30.0,18.280411168622948,-30.0,21.13575854778748,-30.0,23.39110592695201,-30.0,24.482616461325424,-30.0,26.137963840489977,left,-1.0510426787481066,0.903050245754658,0.41428571428571426,,,0.0,0.0,0.0,0.0
2.25.276415754443998872860614500027519740375,/home/user/workspace/dataset_extracted/Датасет/НД_для_обучения/Исследования/2.25.276415754443998872860614500027519740375/series_002_2_CR/A2504387089 DXA/CR DXA/CR000004.dcm,1.2.643.5.1.13.13.12.2.77.8252.06120002061108140400041203121102,8,292,280,right_hip,True,0.0,,,,,0.0,0.0,,,0,0.0,0,0.0,False,0.0,,,,,,,,1.7174928322770704,1.7174928322770704,27.599999999999998,118.65,0.0,-16.343268015170683,50.4,26.100853350189656,78.75,11.4,306.6,168.0,292.0,0.41785714285714287,0.20404843444227005,1.0,0.2357142857142857,0.16071428571428573,0.5127179384523862,0.14800605429441582,0.9627788642610827,-17.716528045778173,2.9305941845765062,-17.947541419921492,4.151453855878662,-18.120801450528983,4.767098609355275,-18.35181482467231,5.9879582806574145,-21.58282819881563,6.608817951959571,-24.21384157295896,7.229677623261727,-25.644854947102278,7.850537294563867,-25.81811497770977,7.866182048040479,-26.649128351853097,8.487041719342637,-27.480141725996415,9.107901390644775,-29.511155100139742,10.328761061946931,-30.0,10.949620733249088,-30.0,12.770480404551227,-30.0,13.986125158027841,-30.0,15.806984829329997,-30.0,18.227844500632134,-30.0,20.64870417193429,-30.0,23.06956384323645,-30.0,23.685208596713043,-30.0,26.100853350189656,right,0.49538132129213464,1.7174928322770704,0.3,0.0,0.0,,,0.0,0.0
2.25.276415754443998872860614500027519740375,/home/user/workspace/dataset_extracted/Датасет/НД_для_обучения/Исследования/2.25.276415754443998872860614500027519740375/series_002_2_CR/A2504387089 DXA/CR DXA/CR000005.dcm,1.2.643.5.1.13.13.12.2.77.8252.15130815100101091501031008111015,6,292,280,left_hip,True,0.0,,,,,,,0.0,0.0,0,0.0,0,0.0,False,0.0,,,,,,,,-0.903050245754658,0.903050245754658,27.599999999999998,91.35000000000001,0.0,-18.782999198075427,69.6,27.265637530072233,81.9,11.4,306.6,168.0,292.0,0.4982142857142857,0.20484344422700587,1.0,0.3142857142857143,0.16428571428571428,0.4738866308009139,0.13825458958553521,0.9556349854709666,-18.792184880075865,2.3417110155282272,-19.404432456076446,3.3970583946927775,-20.013618138076883,4.488568929066173,-20.625865714077467,4.943916308230723,-21.838113290078056,5.999263687395256,-22.450360866078636,6.454611066559806,-23.662608442079218,6.90995844572434,-24.871794124079656,7.401468980097752,-26.684041700080236,7.856816359262285,-27.896289276080818,8.312163738426834,-29.108536852081407,9.367511117591368,-30.0,11.022858496755918,-30.0,12.078205875920451,-30.0,13.769716410293864,-30.0,16.025063789458397,-30.0,18.280411168622948,-30.0,21.13575854778748,-30.0,23.39110592695201,-30.0,24.482616461325424,-30.0,26.137963840489977,left,-1.0510426787481066,0.903050245754658,0.41428571428571426,,,0.0,0.0,0.0,0.0
2.25.277752758923974029595977676354128739670,/home/user/workspace/dataset_extracted/Датасет/НД_для_обучения/Исследования/2.25.277752758923974029595977676354128739670/series_002_2_CR/A2504223752 DXA/CR DXA/CR000000.dcm,1.2.643.5.1.13.13.12.2.77.8252.11140100091110050501140207060912,5,261,280,right_hip,True,0.0,,,,,0.0,0.0,,,0,0.0,0,0.0,False,0.0,,,,,,,,-10.721002403738673,10.721002403738673,27.599999999999998,88.2,0.0,2.4296709527183737,66.6,21.71042624278633,63.0,8.4,274.05,168.0,261.0,0.4875,0.18645320197044335,1.0,0.29285714285714287,0.16428571428571428,0.4703210147506005,0.1449405287259562,0.9480290241755102,0.6039323681279256,3.549008808342671,1.348705072390328,4.50339576794579,2.3572846005871724,4.91918598764812,1.9020573048495748,5.273572947251239,0.24683000911201133,6.227959906854357,-0.20839728662555215,7.182346866457476,-1.2636245823631327,8.136733826060594,-1.4550450541663054,9.152524045762942,-3.7102723499038857,10.706911005366061,-4.165499645641466,12.26129796496918,-4.62072694137903,14.415684924572297,-4.475954237116611,15.970071884175416,-4.331181532854191,16.924458843778535,-3.9226020046573638,17.340249063480883,-3.177829300394944,18.294636023084,-3.369249772198117,21.71042624278633,-3.369249772198117,21.71042624278633,-3.369249772198117,21.71042624278633,-3.369249772198117,21.71042624278633,-3.369249772198117,21.71042624278633,right,0.8479159400256923,10.721002403738673,0.3964285714285714,0.0,0.0,,,0.0,0.0
2.25.277752758923974029595977676354128739670,/home/user/workspace/dataset_extracted/Датасет/НД_для_обучения/Исследования/2.25.277752758923974029595977676354128739670/series_002_2_CR/A2504223752 DXA/CR DXA/CR000001.dcm,1.2.643.5.1.13.13.12.2.77.8252.05010011080903070300131415001403,3,261,280,left_hip,True,1.0,Нарушение корректности области интереса левого бедра,,,,,,0.0,1.0,0,0.0,0,0.0,False,0.0,,,,,,,,-3.827312800278615,3.827312800278615,27.599999999999998,81.9,0.0,-12.678245804828077,58.8,22.594400536172685,87.15,8.4,274.05,168.0,261.0,0.4392857142857143,0.17733990147783252,1.0,0.225,0.15357142857142858,0.47920050211113857,0.13971478881860844,0.9581359053191052,-12.678245804828077,1.1971952098534302,-12.849773011798328,1.6637185599210738,-13.728418417026012,2.163611072471815,-14.499945623996254,2.630134422539476,-14.071472830966496,3.696657772607136,-14.843000037936747,4.76318112267478,-15.014527244906988,5.229704472742441,-14.69317265013468,5.729596985293182,-15.464699857104923,6.796120335360842,-16.836227064075164,7.862643685428486,-17.607754271045415,8.329167035496146,-17.77928147801566,9.39569038556379,-19.150808684985908,11.06221373563145,-20.029454090213594,12.162106248182193,-22.600981297183836,13.228629598249853,-25.172508504154084,15.495152948317497,-26.544035711124327,17.161676298385157,-27.91556291809457,18.22819964845282,-28.19420832332226,19.328092161003557,-28.365735530292504,20.994615511071203,left,-0.6704510525388802,3.827312800278615,0.35,,,0.0,1.0,0.0,1.0
2.25.277752758923974029595977676354128739670,/home/user/workspace/dataset_extracted/Датасет/НД_для_обучения/Исследования/2.25.277752758923974029595977676354128739670/series_002_2_CR/A2504223752 DXA/CR DXA/CR000002.dcm,1.2.643.5.1.13.13.12.2.77.8252.09010705011309010307011213150407,9,261,280,left_hip,True,1.0,Нарушение корректности области интереса левого бедра,,,,,,0.0,1.0,0,0.0,0,0.0,False,0.0,,,,,,,,-3.827312800278615,3.827312800278615,27.599999999999998,81.9,0.0,-12.678245804828077,58.8,22.594400536172685,87.15,8.4,274.05,168.0,261.0,0.4392857142857143,0.17733990147783252,1.0,0.225,0.15357142857142858,0.47920050211113857,0.13971478881860844,0.9581359053191052,-12.678245804828077,1.1971952098534302,-12.849773011798328,1.6637185599210738,-13.728418417026012,2.163611072471815,-14.499945623996254,2.630134422539476,-14.071472830966496,3.696657772607136,-14.843000037936747,4.76318112267478,-15.014527244906988,5.229704472742441,-14.69317265013468,5.729596985293182,-15.464699857104923,6.796120335360842,-16.836227064075164,7.862643685428486,-17.607754271045415,8.329167035496146,-17.77928147801566,9.39569038556379,-19.150808684985908,11.06221373563145,-20.029454090213594,12.162106248182193,-22.600981297183836,13.228629598249853,-25.172508504154084,15.495152948317497,-26.544035711124327,17.161676298385157,-27.91556291809457,18.22819964845282,-28.19420832332226,19.328092161003557,-28.365735530292504,20.994615511071203,left,-0.6704510525388802,3.827312800278615,0.35,,,0.0,1.0,0.0,1.0
2.25.277752758923974029595977676354128739670,/home/user/workspace/dataset_extracted/Датасет/НД_для_обучения/Исследования/2.25.277752758923974029595977676354128739670/series_002_2_CR/A2504223752 DXA/CR DXA/CR000003.dcm,1.2.643.5.1.13.13.12.2.77.8252.05101415070003100803120514081507,8,261,280,right_hip,True,0.0,,,,,0.0,0.0,,,0,0.0,0,0.0,False,0.0,,,,,,,,-10.721002403738673,10.721002403738673,27.599999999999998,88.2,0.0,2.4296709527183737,66.6,21.71042624278633,63.0,8.4,274.05,168.0,261.0,0.4875,0.18645320197044335,1.0,0.29285714285714287,0.16428571428571428,0.4703210147506005,0.1449405287259562,0.9480290241755102,0.6039323681279256,3.549008808342671,1.348705072390328,4.50339576794579,2.3572846005871724,4.91918598764812,1.9020573048495748,5.273572947251239,0.24683000911201133,6.227959906854357,-0.20839728662555215,7.182346866457476,-1.2636245823631327,8.136733826060594,-1.4550450541663054,9.152524045762942,-3.7102723499038857,10.706911005366061,-4.165499645641466,12.26129796496918,-4.62072694137903,14.415684924572297,-4.475954237116611,15.970071884175416,-4.331181532854191,16.924458843778535,-3.9226020046573638,17.340249063480883,-3.177829300394944,18.294636023084,-3.369249772198117,21.71042624278633,-3.369249772198117,21.71042624278633,-3.369249772198117,21.71042624278633,-3.369249772198117,21.71042624278633,-3.369249772198117,21.71042624278633,right,0.8479159400256923,10.721002403738673,0.3964285714285714,0.0,0.0,,,0.0,0.0
2.25.277752758923974029595977676354128739670,/home/user/workspace/dataset_extracted/Датасет/НД_для_обучения/Исследования/2.25.277752758923974029595977676354128739670/series_002_2_CR/A2504223752 DXA/CR DXA/CR000004.dcm,1.2.643.5.1.13.13.12.2.77.8252.07090609050707040704081509101500,1,285,300,spine,True,1.0,"Наличие посторонних предметов, артефактов или наложений",0.0,0.0,1.0,,,,,482,303.66,482,303.66,True,3.9969206783254627,0.682208951999908,0.20233524117351886,285.0,-0.01377688662048854,0.0,0.0035087719298245615,0.3233333333333333,,,,,,,,,,,,,,,,,,,,,,,,,,,,,,,,,,,,,,,,,,,,,,,,,,,,,,,,,,,,,,,,,,,,,,,
2.25.277752758923974029595977676354128739670,/home/user/workspace/dataset_extracted/Датасет/НД_для_обучения/Исследования/2.25.277752758923974029595977676354128739670/series_002_2_CR/A2504223752 DXA/CR DXA/CR000005.dcm,1.2.643.5.1.13.13.12.2.77.8252.15080302090100001214141305071301,7,285,300,spine,True,1.0,"Наличие посторонних предметов, артефактов или наложений",0.0,0.0,1.0,,,,,482,303.66,482,303.66,True,3.9969206783254627,0.682208951999908,0.20233524117351886,285.0,-0.01377688662048854,0.0,0.0035087719298245615,0.3233333333333333,,,,,,,,,,,,,,,,,,,,,,,,,,,,,,,,,,,,,,,,,,,,,,,,,,,,,,,,,,,,,,,,,,,,,,,
2.25.286999464611662854355201599068538813496,/home/user/workspace/dataset_extracted/Датасет/НД_для_обучения/Исследования/2.25.286999464611662854355201599068538813496/series_003_2_CR/A2504223477 DXA/CR DXA/CR000000.dcm,1.2.643.5.1.13.13.12.2.77.8252.11091010090201121300090614051311,7,265,280,left_hip,True,0.0,,,,,,,0.0,0.0,0,0.0,0,0.0,False,0.0,,,,,,,,-2.301272600316185,2.301272600316185,27.599999999999998,82.95,0.0,-15.793232716650442,37.199999999999996,20.13008763388513,90.3,9.6,278.25,168.0,265.0,0.30178571428571427,0.18516172506738546,1.0,0.20357142857142857,0.15714285714285714,0.48791382398518957,0.11774694952369116,0.9538831762421508,-15.884897760467384,1.053359298928936,-16.3015676728335,2.0991236611489907,-16.764070107108086,2.5834469328140384,-16.5807400194742,3.0292112950340937,-16.997409931840313,4.074975657254157,-18.014079844206428,4.52074001947422,-19.030749756572543,4.966504381694276,-19.49325219084713,4.850827653359323,-20.509922103213245,5.296592015579378,-20.92659201557936,6.342356377799433,-21.943261927945475,6.7881207400194965,-22.959931840311587,7.233885102239551,-23.37660175267771,7.679649464459615,-23.839104186952298,8.763972736124654,-24.255774099318412,9.209737098344718,-24.672444011684526,10.855501460564772,-28.08911392405064,11.901265822784836,-30.0,13.54703018500489,-30.0,15.231353456669938,-30.0,16.877117818889992,right,0.23436316550633993,2.301272600316185,0.2214285714285714,0.0,0.0,,,0.0,0.0
2.25.286999464611662854355201599068538813496,/home/user/workspace/dataset_extracted/Датасет/НД_для_обучения/Исследования/2.25.286999464611662854355201599068538813496/series_003_2_CR/A2504223477 DXA/CR DXA/CR000001.dcm,1.2.643.5.1.13.13.12.2.77.8252.02141512030209141106060309030501,6,291,300,spine,True,0.0,,0.0,0.0,0.0,,,,,0,0.0,0,0.0,False,0.0,0.45155859573625323,1.7903025169601203,291.0,0.003571886623060152,0.0,0.003436426116838488,0.31666666666666665,,,,,,,,,,,,,,,,,,,,,,,,,,,,,,,,,,,,,,,,,,,,,,,,,,,,,,,,,,,,,,,,,,,,,,,
2.25.286999464611662854355201599068538813496,/home/user/workspace/dataset_extracted/Датасет/НД_для_обучения/Исследования/2.25.286999464611662854355201599068538813496/series_003_2_CR/A2504223477 DXA/CR DXA/CR000002.dcm,1.2.643.5.1.13.13.12.2.77.8252.15080906090913051107110915140103,4,265,280,left_hip,True,0.0,,,,,,,0.0,0.0,0,0.0,0,0.0,False,0.0,,,,,,,,-1.6657589257129952,1.6657589257129952,27.599999999999998,85.05,0.0,5.63368112014453,44.4,-9.011373080397464,112.35000000000001,3.0,278.25,168.0,188.0,0.34285714285714286,0.2048787061994609,0.7094339622641509,0.20714285714285716,0.16071428571428573,0.5312347326441983,0.10447690633374644,0.9604773418124515,-0.13606142728095563,-16.756495031616968,0.5296838301716207,-16.93503161698282,0.578992773261055,-17.068934056007215,0.6447380307136313,-17.847470641373068,0.7104832881662076,-18.626007226738924,0.776228545618784,-18.804543812104775,0.8419738030713517,-19.583080397470628,0.8912827461607861,-19.716982836495017,1.5570280036133624,-19.89551942186087,1.6227732610659387,-20.074056007226734,2.288518518518515,-19.652592592592587,2.9542637759710915,-19.831129177958438,3.6200090334236674,-20.60966576332429,4.869317976513093,-20.74356820234868,4.9350632339656695,-20.322104787714533,5.600808491418246,-9.100641373080387,-11.133446251129177,-9.27917795844624,-11.0677009936766,-10.657714543812093,-11.018392050587176,-11.39161698283649,-10.9526467931346,-12.170153568202334,left,-0.3423183878941849,1.6657589257129952,0.2642857142857143,,,0.0,0.0,0.0,0.0
2.25.286999464611662854355201599068538813496,/home/user/workspace/dataset_extracted/Датасет/НД_для_обучения/Исследования/2.25.286999464611662854355201599068538813496/series_003_2_CR/A2504223477 DXA/CR DXA/CR000003.dcm,1.2.643.5.1.13.13.12.2.77.8252.02060612071110031306070811070605,5,265,280,left_hip,True,0.0,,,,,,,0.0,0.0,0,0.0,0,0.0,False,0.0,,,,,,,,-2.301272600316185,2.301272600316185,27.599999999999998,82.95,0.0,-15.793232716650442,37.199999999999996,20.13008763388513,90.3,9.6,278.25,168.0,265.0,0.30178571428571427,0.18516172506738546,1.0,0.20357142857142857,0.15714285714285714,0.48791382398518957,0.11774694952369116,0.9538831762421508,-15.884897760467384,1.053359298928936,-16.3015676728335,2.0991236611489907,-16.764070107108086,2.5834469328140384,-16.5807400194742,3.0292112950340937,-16.997409931840313,4.074975657254157,-18.014079844206428,4.52074001947422,-19.030749756572543,4.966504381694276,-19.49325219084713,4.850827653359323,-20.509922103213245,5.296592015579378,-20.92659201557936,6.342356377799433,-21.943261927945475,6.7881207400194965,-22.959931840311587,7.233885102239551,-23.37660175267771,7.679649464459615,-23.839104186952298,8.763972736124654,-24.255774099318412,9.209737098344718,-24.672444011684526,10.855501460564772,-28.08911392405064,11.901265822784836,-30.0,13.54703018500489,-30.0,15.231353456669938,-30.0,16.877117818889992,right,0.23436316550633993,2.301272600316185,0.2214285714285714,0.0,0.0,,,0.0,0.0
2.25.286999464611662854355201599068538813496,/home/user/workspace/dataset_extracted/Датасет/НД_для_обучения/Исследования/2.25.286999464611662854355201599068538813496/series_003_2_CR/A2504223477 DXA/CR DXA/CR000004.dcm,1.2.643.5.1.13.13.12.2.77.8252.08001013010106001102020015031109,1,291,300,spine,True,0.0,,0.0,0.0,0.0,,,,,0,0.0,0,0.0,False,0.0,0.45155859573625323,1.7903025169601203,291.0,0.003571886623060152,0.0,0.003436426116838488,0.31666666666666665,,,,,,,,,,,,,,,,,,,,,,,,,,,,,,,,,,,,,,,,,,,,,,,,,,,,,,,,,,,,,,,,,,,,,,,
2.25.286999464611662854355201599068538813496,/home/user/workspace/dataset_extracted/Датасет/НД_для_обучения/Исследования/2.25.286999464611662854355201599068538813496/series_003_2_CR/A2504223477 DXA/CR DXA/CR000005.dcm,1.2.643.5.1.13.13.12.2.77.8252.11130511020109141404120604130811,8,265,280,left_hip,True,0.0,,,,,,,0.0,0.0,0,0.0,0,0.0,False,0.0,,,,,,,,-1.6657589257129952,1.6657589257129952,27.599999999999998,85.05,0.0,5.63368112014453,44.4,-9.011373080397464,112.35000000000001,3.0,278.25,168.0,188.0,0.34285714285714286,0.2048787061994609,0.7094339622641509,0.20714285714285716,0.16071428571428573,0.5312347326441983,0.10447690633374644,0.9604773418124515,-0.13606142728095563,-16.756495031616968,0.5296838301716207,-16.93503161698282,0.578992773261055,-17.068934056007215,0.6447380307136313,-17.847470641373068,0.7104832881662076,-18.626007226738924,0.776228545618784,-18.804543812104775,0.8419738030713517,-19.583080397470628,0.8912827461607861,-19.716982836495017,1.5570280036133624,-19.89551942186087,1.6227732610659387,-20.074056007226734,2.288518518518515,-19.652592592592587,2.9542637759710915,-19.831129177958438,3.6200090334236674,-20.60966576332429,4.869317976513093,-20.74356820234868,4.9350632339656695,-20.322104787714533,5.600808491418246,-9.100641373080387,-11.133446251129177,-9.27917795844624,-11.0677009936766,-10.657714543812093,-11.018392050587176,-11.39161698283649,-10.9526467931346,-12.170153568202334,left,-0.3423183878941849,1.6657589257129952,0.2642857142857143,,,0.0,0.0,0.0,0.0
2.25.29638026465755240167985424461715024381,/home/user/workspace/dataset_extracted/Датасет/НД_для_обучения/Исследования/2.25.29638026465755240167985424461715024381/series_004_3_CR/A2504115579 DXA/CR DXA/CR000000.dcm,1.2.643.5.1.13.13.12.2.77.8252.09040806151211060704090912150608,4,265,280,right_hip,True,0.0,,,,,0.0,0.0,,,0,0.0,0,0.0,False,0.0,,,,,,,,-7.348358468569237,7.348358468569237,27.0,82.95,0.0,-11.342745861733208,61.199999999999996,18.481402142161624,74.55,10.2,278.25,168.0,265.0,0.4392857142857143,0.20408355795148247,1.0,0.26071428571428573,0.15357142857142858,0.49814850501746927,0.12555105948523992,0.9518706953699055,-12.012122687439145,1.9756183057448764,-12.50462512171373,2.7998442064264792,-13.174001947419674,3.7180136319376853,-13.06650438169425,4.542239532619271,-12.959006815968843,4.766465433300874,-12.251509250243426,4.990691333982476,-11.544011684518011,5.814917234664063,-11.613388510223956,6.133086660175269,-12.705890944498549,6.357312560856855,-13.198393378773124,7.181538461538457,-15.490895813047716,8.00576436222006,-17.18339824732229,9.429990262901645,-18.275900681596884,10.854216163583247,-19.54527750730283,11.772385589094437,-20.637779941577406,14.39661148977604,-21.730282375852,16.420837390457642,-22.822784810126574,17.24506329113923,-23.915287244401167,17.46928919182083,-23.561538461538465,18.481402142161624,-23.561538461538465,18.481402142161624,right,0.8703987325200513,7.348358468569237,0.36428571428571427,0.0,0.0,,,0.0,0.0
2.25.29638026465755240167985424461715024381,/home/user/workspace/dataset_extracted/Датасет/НД_для_обучения/Исследования/2.25.29638026465755240167985424461715024381/series_004_3_CR/A2504115579 DXA/CR DXA/CR000001.dcm,1.2.643.5.1.13.13.12.2.77.8252.12021011000615031102060001101203,2,315,300,spine,True,1.0,Нарушение укладки поясничного отдела позвоночника,1.0,0.0,0.0,,,,,37,23.31,37,23.31,True,3.3437986092458267,1.3062831387798512,0.8908702321862136,315.0,-0.024986023601226936,0.0,0.0031746031746031746,0.30333333333333334,,,,,,,,,,,,,,,,,,,,,,,,,,,,,,,,,,,,,,,,,,,,,,,,,,,,,,,,,,,,,,,,,,,,,,,
2.25.29638026465755240167985424461715024381,/home/user/workspace/dataset_extracted/Датасет/НД_для_обучения/Исследования/2.25.29638026465755240167985424461715024381/series_004_3_CR/A2504115579 DXA/CR DXA/CR000002.dcm,1.2.643.5.1.13.13.12.2.77.8252.11100504100006050214040402081303,1,265,280,right_hip,True,0.0,,,,,0.0,0.0,,,0,0.0,0,0.0,False,0.0,,,,,,,,-7.348358468569237,7.348358468569237,27.0,82.95,0.0,-11.342745861733208,61.199999999999996,18.481402142161624,74.55,10.2,278.25,168.0,265.0,0.4392857142857143,0.20408355795148247,1.0,0.26071428571428573,0.15357142857142858,0.49814850501746927,0.12555105948523992,0.9518706953699055,-12.012122687439145,1.9756183057448764,-12.50462512171373,2.7998442064264792,-13.174001947419674,3.7180136319376853,-13.06650438169425,4.542239532619271,-12.959006815968843,4.766465433300874,-12.251509250243426,4.990691333982476,-11.544011684518011,5.814917234664063,-11.613388510223956,6.133086660175269,-12.705890944498549,6.357312560856855,-13.198393378773124,7.181538461538457,-15.490895813047716,8.00576436222006,-17.18339824732229,9.429990262901645,-18.275900681596884,10.854216163583247,-19.54527750730283,11.772385589094437,-20.637779941577406,14.39661148977604,-21.730282375852,16.420837390457642,-22.822784810126574,17.24506329113923,-23.915287244401167,17.46928919182083,-23.561538461538465,18.481402142161624,-23.561538461538465,18.481402142161624,right,0.8703987325200513,7.348358468569237,0.36428571428571427,0.0,0.0,,,0.0,0.0
2.25.29638026465755240167985424461715024381,/home/user/workspace/dataset_extracted/Датасет/НД_для_обучения/Исследования/2.25.29638026465755240167985424461715024381/series_004_3_CR/A2504115579 DXA/CR DXA/CR000003.dcm,1.2.643.5.1.13.13.12.2.77.8252.12090901030412121214030908040015,3,265,280,left_hip,True,0.0,,,,,,,0.0,0.0,0,0.0,0,0.0,False,0.0,,,,,,,,-3.1857565962578716,3.1857565962578716,27.599999999999998,60.900000000000006,0.0,8.383444584576546,66.0,-14.034009043649387,122.85000000000001,7.199999999999999,278.25,168.0,175.0,0.46964285714285714,0.25361185983827494,0.660377358490566,0.35,0.15714285714285714,0.5758577718968554,0.13010253330510177,0.9507723747450934,0.43618074994613776,-18.12463625457562,0.5458857547140497,-19.082469469992894,0.6281645082899814,-19.95084438155584,0.7378695130578933,-20.308677596973098,0.8475745178258052,-21.266510812390372,1.557279522593717,-21.62434402780765,1.6669845273616204,-21.382177243224906,2.349263280937552,-21.65055215478785,2.4589682857054638,-22.008385370205126,3.1686732904733756,-21.166218585622403,3.278378295241288,-20.324051801039662,3.9880833000091993,-20.081885016456937,4.697788304777111,-19.839718231874194,5.380067058353043,-19.508093143437154,6.089772063120955,-19.865926358854413,7.999477067888858,-20.22375957427169,8.10918207265677,-16.98159278968895,8.218887077424682,-15.539426005106224,8.301165831000613,-15.207800916669168,7.810870835768526,-14.965634132086443,left,-0.8908150099653769,3.1857565962578716,0.39285714285714285,,,0.0,0.0,0.0,0.0
2.25.306921081709806079165809721263236241032,/home/user/workspace/dataset_extracted/Датасет/НД_для_обучения/Исследования/2.25.306921081709806079165809721263236241032/series_002_2_CR/A2504381177 DXA/CR DXA/CR000000.dcm,1.2.643.5.1.13.13.12.2.77.8252.05140704131104071313121101000313,1,313,300,spine,True,0.0,,0.0,0.0,0.0,,,,,841,529.83,841,529.83,True,4.430492346843656,0.4423489842376765,0.0002794538906596422,313.0,-0.01886205147711422,0.0,0.003194888178913738,0.34,,,,,,,,,,,,,,,,,,,,,,,,,,,,,,,,,,,,,,,,,,,,,,,,,,,,,,,,,,,,,,,,,,,,,,,
2.25.307021710202910067378603383388989711646,/home/user/workspace/dataset_extracted/Датасет/НД_для_обучения/Исследования/2.25.307021710202910067378603383388989711646/series_004_2_CR/A2504110565 DXA/CR DXA/CR000000.dcm,1.2.643.5.1.13.13.12.2.77.8252.10011315050807060809100706050011,1,318,300,spine,True,1.0,"Наличие посторонних предметов, артефактов или наложений",0.0,0.0,1.0,,,,,2425,1527.75,2425,1527.75,True,4.396634313484581,0.13602223608377909,0.34390060676963863,318.0,0.012498276575210241,0.0,0.0031446540880503146,0.32666666666666666,,,,,,,,,,,,,,,,,,,,,,,,,,,,,,,,,,,,,,,,,,,,,,,,,,,,,,,,,,,,,,,,,,,,,,,
2.25.307021710202910067378603383388989711646,/home/user/workspace/dataset_extracted/Датасет/НД_для_обучения/Исследования/2.25.307021710202910067378603383388989711646/series_004_2_CR/A2504110565 DXA/CR DXA/CR000001.dcm,1.2.643.5.1.13.13.12.2.77.8252.12090115120005000603040515131409,2,265,280,right_hip,True,0.0,,,,,0.0,0.0,,,0,0.0,0,0.0,False,0.0,,,,,,,,-3.9766702366779763,3.9766702366779763,26.4,98.7,0.0,-16.340425531914875,57.599999999999994,17.367124950330492,77.7,9.0,278.25,168.0,265.0,0.4160714285714286,0.1889757412398922,1.0,0.25,0.15,0.5056857129386313,0.14323080765890706,0.9626651107476767,-19.80537513997758,2.8350438897517845,-19.625307950727862,4.23116280749914,-19.490257558790567,5.1282519958096655,-20.510190369540855,5.924370913557021,-20.330123180291135,5.52048983130436,-20.150055991041416,6.316608749051715,-21.769988801791694,6.512727666799071,-21.634938409854403,6.2098168551095965,-22.05487122060468,6.405935772856952,-23.07480403135496,7.2020546906043075,-28.29473684210524,7.398173608351663,-29.314669652855518,8.19429252609902,-30.0,9.590411443846358,-30.0,10.487500632156882,-30.0,11.883619549904239,-30.0,13.879738467651594,-30.0,14.675857385398949,-30.0,16.071976303146304,-30.0,16.969065491456814,-30.0,17.367124950330492,right,0.6514575682256648,3.9766702366779763,0.3428571428571428,0.0,0.0,,,0.0,0.0
2.25.307021710202910067378603383388989711646,/home/user/workspace/dataset_extracted/Датасет/НД_для_обучения/Исследования/2.25.307021710202910067378603383388989711646/series_004_2_CR/A2504110565 DXA/CR DXA/CR000002.dcm,1.2.643.5.1.13.13.12.2.77.8252.04030803131507080109070101120910,7,265,280,right_hip,True,0.0,,,,,0.0,0.0,,,0,0.0,0,0.0,False,0.0,,,,,,,,-3.9766702366779763,3.9766702366779763,26.4,98.7,0.0,-16.340425531914875,57.599999999999994,17.367124950330492,77.7,9.0,278.25,168.0,265.0,0.4160714285714286,0.1889757412398922,1.0,0.25,0.15,0.5056857129386313,0.14323080765890706,0.9626651107476767,-19.80537513997758,2.8350438897517845,-19.625307950727862,4.23116280749914,-19.490257558790567,5.1282519958096655,-20.510190369540855,5.924370913557021,-20.330123180291135,5.52048983130436,-20.150055991041416,6.316608749051715,-21.769988801791694,6.512727666799071,-21.634938409854403,6.2098168551095965,-22.05487122060468,6.405935772856952,-23.07480403135496,7.2020546906043075,-28.29473684210524,7.398173608351663,-29.314669652855518,8.19429252609902,-30.0,9.590411443846358,-30.0,10.487500632156882,-30.0,11.883619549904239,-30.0,13.879738467651594,-30.0,14.675857385398949,-30.0,16.071976303146304,-30.0,16.969065491456814,-30.0,17.367124950330492,right,0.6514575682256648,3.9766702366779763,0.3428571428571428,0.0,0.0,,,0.0,0.0
2.25.307021710202910067378603383388989711646,/home/user/workspace/dataset_extracted/Датасет/НД_для_обучения/Исследования/2.25.307021710202910067378603383388989711646/series_004_2_CR/A2504110565 DXA/CR DXA/CR000003.dcm,1.2.643.5.1.13.13.12.2.77.8252.08080707141115140509110700030200,9,265,280,right_hip,True,0.0,,,,,0.0,0.0,,,0,0.0,0,0.0,False,0.0,,,,,,,,-3.9766702366779763,3.9766702366779763,26.4,98.7,0.0,-16.340425531914875,57.599999999999994,17.367124950330492,77.7,9.0,278.25,168.0,265.0,0.4160714285714286,0.1889757412398922,1.0,0.25,0.15,0.5056857129386313,0.14323080765890706,0.9626651107476767,-19.80537513997758,2.8350438897517845,-19.625307950727862,4.23116280749914,-19.490257558790567,5.1282519958096655,-20.510190369540855,5.924370913557021,-20.330123180291135,5.52048983130436,-20.150055991041416,6.316608749051715,-21.769988801791694,6.512727666799071,-21.634938409854403,6.2098168551095965,-22.05487122060468,6.405935772856952,-23.07480403135496,7.2020546906043075,-28.29473684210524,7.398173608351663,-29.314669652855518,8.19429252609902,-30.0,9.590411443846358,-30.0,10.487500632156882,-30.0,11.883619549904239,-30.0,13.879738467651594,-30.0,14.675857385398949,-30.0,16.071976303146304,-30.0,16.969065491456814,-30.0,17.367124950330492,right,0.6514575682256648,3.9766702366779763,0.3428571428571428,0.0,0.0,,,0.0,0.0
2.25.307021710202910067378603383388989711646,/home/user/workspace/dataset_extracted/Датасет/НД_для_обучения/Исследования/2.25.307021710202910067378603383388989711646/series_004_2_CR/A2504110565 DXA/CR DXA/CR000004.dcm,1.2.643.5.1.13.13.12.2.77.8252.09020610121102091006070609000414,8,265,280,left_hip,True,0.0,,,,,,,0.0,0.0,0,0.0,0,0.0,False,0.0,,,,,,,,-0.21719802758195067,0.21719802758195067,28.2,101.85000000000001,0.0,0.2787371134020333,63.0,14.6431306543236,70.35000000000001,9.0,278.25,168.0,260.0,0.46964285714285714,0.1968867924528302,0.9811320754716981,0.2571428571428571,0.15357142857142858,0.5103776149464915,0.1470096356594947,0.9617647713200642,-17.207205975173597,3.112855038922805,-17.921796759941117,3.5664212076583337,-19.807739848516754,4.056595834209998,-20.522330633284266,4.510162002945526,-24.23692141805178,4.363728171681054,-24.9515122028193,4.217294340416601,-25.66610298758681,4.670860509152129,-26.95204607616245,4.561035135703776,-28.866636860929958,5.014601304439322,-30.0,5.46816747317485,-30.0,6.521733641910395,-30.0,6.975299810645924,-30.0,8.628865979381453,-30.0,9.719040605933117,-30.0,11.372606774668645,-30.0,12.426172943404174,-30.0,14.07973911213972,-30.0,14.606522196507484,-30.0,14.606522196507484,-30.0,14.606522196507484,left,-0.5431877506803028,0.21719802758195067,0.375,,,0.0,0.0,0.0,0.0
2.25.307021710202910067378603383388989711646,/home/user/workspace/dataset_extracted/Датасет/НД_для_обучения/Исследования/2.25.307021710202910067378603383388989711646/series_004_2_CR/A2504110565 DXA/CR DXA/CR000005.dcm,1.2.643.5.1.13.13.12.2.77.8252.09141210051000000105030213061514,14,265,280,left_hip,True,0.0,,,,,,,0.0,0.0,0,0.0,0,0.0,False,0.0,,,,,,,,-0.21719802758195067,0.21719802758195067,28.2,101.85000000000001,0.0,0.2787371134020333,63.0,14.6431306543236,70.35000000000001,9.0,278.25,168.0,260.0,0.46964285714285714,0.1968867924528302,0.9811320754716981,0.2571428571428571,0.15357142857142858,0.5103776149464915,0.1470096356594947,0.9617647713200642,-17.207205975173597,3.112855038922805,-17.921796759941117,3.5664212076583337,-19.807739848516754,4.056595834209998,-20.522330633284266,4.510162002945526,-24.23692141805178,4.363728171681054,-24.9515122028193,4.217294340416601,-25.66610298758681,4.670860509152129,-26.95204607616245,4.561035135703776,-28.866636860929958,5.014601304439322,-30.0,5.46816747317485,-30.0,6.521733641910395,-30.0,6.975299810645924,-30.0,8.628865979381453,-30.0,9.719040605933117,-30.0,11.372606774668645,-30.0,12.426172943404174,-30.0,14.07973911213972,-30.0,14.606522196507484,-30.0,14.606522196507484,-30.0,14.606522196507484,left,-0.5431877506803028,0.21719802758195067,0.375,,,0.0,0.0,0.0,0.0
2.25.307021710202910067378603383388989711646,/home/user/workspace/dataset_extracted/Датасет/НД_для_обучения/Исследования/2.25.307021710202910067378603383388989711646/series_004_2_CR/A2504110565 DXA/CR DXA/CR000006.dcm,1.2.643.5.1.13.13.12.2.77.8252.10030011090613091008080403130712,3,265,280,left_hip,True,0.0,,,,,,,0.0,0.0,0,0.0,0,0.0,False,0.0,,,,,,,,-0.21719802758195067,0.21719802758195067,28.2,101.85000000000001,0.0,0.2787371134020333,63.0,14.6431306543236,70.35000000000001,9.0,278.25,168.0,260.0,0.46964285714285714,0.1968867924528302,0.9811320754716981,0.2571428571428571,0.15357142857142858,0.5103776149464915,0.1470096356594947,0.9617647713200642,-17.207205975173597,3.112855038922805,-17.921796759941117,3.5664212076583337,-19.807739848516754,4.056595834209998,-20.522330633284266,4.510162002945526,-24.23692141805178,4.363728171681054,-24.9515122028193,4.217294340416601,-25.66610298758681,4.670860509152129,-26.95204607616245,4.561035135703776,-28.866636860929958,5.014601304439322,-30.0,5.46816747317485,-30.0,6.521733641910395,-30.0,6.975299810645924,-30.0,8.628865979381453,-30.0,9.719040605933117,-30.0,11.372606774668645,-30.0,12.426172943404174,-30.0,14.07973911213972,-30.0,14.606522196507484,-30.0,14.606522196507484,-30.0,14.606522196507484,left,-0.5431877506803028,0.21719802758195067,0.375,,,0.0,0.0,0.0,0.0
2.25.307021710202910067378603383388989711646,/home/user/workspace/dataset_extracted/Датасет/НД_для_обучения/Исследования/2.25.307021710202910067378603383388989711646/series_004_2_CR/A2504110565 DXA/CR DXA/CR000007.dcm,1.2.643.5.1.13.13.12.2.77.8252.10091201060313121514040903111108,6,265,280,left_hip,True,0.0,,,,,,,0.0,0.0,0,0.0,0,0.0,False,0.0,,,,,,,,-0.21719802758195067,0.21719802758195067,28.2,101.85000000000001,0.0,0.2787371134020333,63.0,14.6431306543236,70.35000000000001,9.0,278.25,168.0,260.0,0.46964285714285714,0.1968867924528302,0.9811320754716981,0.2571428571428571,0.15357142857142858,0.5103776149464915,0.1470096356594947,0.9617647713200642,-17.207205975173597,3.112855038922805,-17.921796759941117,3.5664212076583337,-19.807739848516754,4.056595834209998,-20.522330633284266,4.510162002945526,-24.23692141805178,4.363728171681054,-24.9515122028193,4.217294340416601,-25.66610298758681,4.670860509152129,-26.95204607616245,4.561035135703776,-28.866636860929958,5.014601304439322,-30.0,5.46816747317485,-30.0,6.521733641910395,-30.0,6.975299810645924,-30.0,8.628865979381453,-30.0,9.719040605933117,-30.0,11.372606774668645,-30.0,12.426172943404174,-30.0,14.07973911213972,-30.0,14.606522196507484,-30.0,14.606522196507484,-30.0,14.606522196507484,left,-0.5431877506803028,0.21719802758195067,0.375,,,0.0,0.0,0.0,0.0
2.25.307021710202910067378603383388989711646,/home/user/workspace/dataset_extracted/Датасет/НД_для_обучения/Исследования/2.25.307021710202910067378603383388989711646/series_004_2_CR/A2504110565 DXA/CR DXA/CR000008.dcm,1.2.643.5.1.13.13.12.2.77.8252.08061203141300041506070501101310,5,265,280,right_hip,True,0.0,,,,,0.0,0.0,,,0,0.0,0,0.0,False,0.0,,,,,,,,-3.9766702366779763,3.9766702366779763,26.4,98.7,0.0,-16.340425531914875,57.599999999999994,17.367124950330492,77.7,9.0,278.25,168.0,265.0,0.4160714285714286,0.1889757412398922,1.0,0.25,0.15,0.5056857129386313,0.14323080765890706,0.9626651107476767,-19.80537513997758,2.8350438897517845,-19.625307950727862,4.23116280749914,-19.490257558790567,5.1282519958096655,-20.510190369540855,5.924370913557021,-20.330123180291135,5.52048983130436,-20.150055991041416,6.316608749051715,-21.769988801791694,6.512727666799071,-21.634938409854403,6.2098168551095965,-22.05487122060468,6.405935772856952,-23.07480403135496,7.2020546906043075,-28.29473684210524,7.398173608351663,-29.314669652855518,8.19429252609902,-30.0,9.590411443846358,-30.0,10.487500632156882,-30.0,11.883619549904239,-30.0,13.879738467651594,-30.0,14.675857385398949,-30.0,16.071976303146304,-30.0,16.969065491456814,-30.0,17.367124950330492,right,0.6514575682256648,3.9766702366779763,0.3428571428571428,0.0,0.0,,,0.0,0.0
2.25.307021710202910067378603383388989711646,/home/user/workspace/dataset_extracted/Датасет/НД_для_обучения/Исследования/2.25.307021710202910067378603383388989711646/series_004_2_CR/A2504110565 DXA/CR DXA/CR000009.dcm,1.2.643.5.1.13.13.12.2.77.8252.01080203060404010906011511140504,13,265,280,right_hip,True,0.0,,,,,0.0,0.0,,,0,0.0,0,0.0,False,0.0,,,,,,,,-3.9766702366779763,3.9766702366779763,26.4,98.7,0.0,-16.340425531914875,57.599999999999994,17.367124950330492,77.7,9.0,278.25,168.0,265.0,0.4160714285714286,0.1889757412398922,1.0,0.25,0.15,0.5056857129386313,0.14323080765890706,0.9626651107476767,-19.80537513997758,2.8350438897517845,-19.625307950727862,4.23116280749914,-19.490257558790567,5.1282519958096655,-20.510190369540855,5.924370913557021,-20.330123180291135,5.52048983130436,-20.150055991041416,6.316608749051715,-21.769988801791694,6.512727666799071,-21.634938409854403,6.2098168551095965,-22.05487122060468,6.405935772856952,-23.07480403135496,7.2020546906043075,-28.29473684210524,7.398173608351663,-29.314669652855518,8.19429252609902,-30.0,9.590411443846358,-30.0,10.487500632156882,-30.0,11.883619549904239,-30.0,13.879738467651594,-30.0,14.675857385398949,-30.0,16.071976303146304,-30.0,16.969065491456814,-30.0,17.367124950330492,right,0.6514575682256648,3.9766702366779763,0.3428571428571428,0.0,0.0,,,0.0,0.0
2.25.307021710202910067378603383388989711646,/home/user/workspace/dataset_extracted/Датасет/НД_для_обучения/Исследования/2.25.307021710202910067378603383388989711646/series_004_2_CR/A2504110565 DXA/CR DXA/CR000010.dcm,1.2.643.5.1.13.13.12.2.77.8252.02020610071014010106090300080911,4,318,300,spine,True,1.0,"Наличие посторонних предметов, артефактов или наложений",0.0,0.0,1.0,,,,,2425,1527.75,2425,1527.75,True,4.396634313484581,0.13602223608377909,0.34390060676963863,318.0,0.012498276575210241,0.0,0.0031446540880503146,0.32666666666666666,,,,,,,,,,,,,,,,,,,,,,,,,,,,,,,,,,,,,,,,,,,,,,,,,,,,,,,,,,,,,,,,,,,,,,,
2.25.307021710202910067378603383388989711646,/home/user/workspace/dataset_extracted/Датасет/НД_для_обучения/Исследования/2.25.307021710202910067378603383388989711646/series_004_2_CR/A2504110565 DXA/CR DXA/CR000011.dcm,1.2.643.5.1.13.13.12.2.77.8252.00041503151008120109091101041101,12,318,300,spine,True,1.0,"Наличие посторонних предметов, артефактов или наложений",0.0,0.0,1.0,,,,,2425,1527.75,2425,1527.75,True,4.396634313484581,0.13602223608377909,0.34390060676963863,318.0,0.012498276575210241,0.0,0.0031446540880503146,0.32666666666666666,,,,,,,,,,,,,,,,,,,,,,,,,,,,,,,,,,,,,,,,,,,,,,,,,,,,,,,,,,,,,,,,,,,,,,,
2.25.309085571913348252136520206003694446566,/home/user/workspace/dataset_extracted/Датасет/НД_для_обучения/Исследования/2.25.309085571913348252136520206003694446566/series_002_2_CR/A2504116267 DXA/CR DXA/CR000000.dcm,1.2.643.5.1.13.13.12.2.77.8252.03121103130007121510030803050514,1,285,300,spine,True,1.0,Нарушение оси позвоночника (отклонение более 5 градусов),0.0,1.0,0.0,,,,,0,0.0,0,0.0,False,0.0,1.5162000071428785,2.2066542528850057,285.0,0.001859948320413404,0.0,0.0035087719298245615,0.33,,,,,,,,,,,,,,,,,,,,,,,,,,,,,,,,,,,,,,,,,,,,,,,,,,,,,,,,,,,,,,,,,,,,,,,
2.25.309085571913348252136520206003694446566,/home/user/workspace/dataset_extracted/Датасет/НД_для_обучения/Исследования/2.25.309085571913348252136520206003694446566/series_002_2_CR/A2504116267 DXA/CR DXA/CR000001.dcm,1.2.643.5.1.13.13.12.2.77.8252.07070904150315000704031208001011,3,289,280,left_hip,True,0.0,,,,,,,0.0,0.0,9,5.67,9,5.67,True,3.484766396754817,,,,,,,,0.11935678218824601,0.11935678218824601,27.599999999999998,100.80000000000001,0.0,-20.857763157894748,37.8,19.452791644058653,81.9,10.2,303.45,168.0,284.0,0.32321428571428573,0.19555116164112704,0.9826989619377162,0.25,0.14642857142857144,0.5280507145373708,0.1559310452189447,0.969426374750575,-20.992006239826377,1.0770387954422518,-21.170997015735225,1.5155466630494232,-21.305240097666857,1.9944275637547888,-22.6842308735757,2.4329354313619516,-22.863221649484547,2.8714432989691145,-23.04221242539339,3.3099511665762775,-23.221203201302234,3.7484590341834405,-23.35544628323387,4.227339934888815,-23.534437059142714,4.6658478024959775,-23.713427835051554,5.10435567010314,-23.8924186109604,6.142863537710303,-22.87140938686925,7.181371405317466,-30.0,8.819879272924629,-30.0,9.898760173630004,-30.0,11.537268041237166,-30.0,13.17577590884433,-30.0,15.41428377645149,-30.0,19.452791644058653,-30.0,19.33167254476402,-30.0,19.170180412371185,left,-0.5317236862801009,0.11935678218824601,0.22499999999999998,,,0.0,0.0,0.0,0.0
2.25.309085571913348252136520206003694446566,/home/user/workspace/dataset_extracted/Датасет/НД_для_обучения/Исследования/2.25.309085571913348252136520206003694446566/series_002_2_CR/A2504116267 DXA/CR DXA/CR000002.dcm,1.2.643.5.1.13.13.12.2.77.8252.09030700121011131209150303151015,2,289,280,right_hip,True,0.0,,,,,0.0,0.0,,,0,0.0,0,0.0,False,0.0,,,,,,,,-3.743937478401831,3.743937478401831,24.599999999999998,109.2,0.0,-14.86669156086632,33.0,19.309863437533348,85.05,8.4,303.45,168.0,289.0,0.2642857142857143,0.1917325753830944,1.0,0.25,0.1392857142857143,0.5186437260339778,0.13517484825534815,0.9702264069944901,-18.951601408300437,1.737077776592349,-19.39814787154593,1.940858849887985,-19.28305771898005,2.843694654859712,-19.129604182225542,3.047475728155348,-18.976150645471034,3.251256801450984,-18.222697108716524,4.05503787474662,-18.06924357196202,5.458818948042255,-18.55415341939614,6.361654753013982,-19.00069988264163,5.965435826309618,-20.647246345887122,6.169216899605254,-21.693792809132614,6.37299797290089,-23.340339272378106,7.176779046196526,-24.986885735623606,7.980560119492162,-26.07179558305772,8.883395924463889,-30.0,10.287176997759525,-30.0,12.29095807105516,-30.0,13.694739144350796,-30.0,16.29852021764644,-30.0,17.201356022618167,-30.0,18.005137095913803,right,0.4735005290675012,3.743937478401831,0.19642857142857142,0.0,0.0,,,0.0,0.0
2.25.314147167453134440746270747484612743945,/home/user/workspace/dataset_extracted/Датасет/НД_для_обучения/Исследования/2.25.314147167453134440746270747484612743945/series_002_2_CR/A2504224780 DXA/CR DXA/CR000000.dcm,1.2.643.5.1.13.13.12.2.77.8252.02000306061002040514101500000812,2,237,280,left_hip,True,0.0,,,,,,,0.0,0.0,0,0.0,0,0.0,False,0.0,,,,,,,,-13.717126691911469,13.717126691911469,14.399999999999999,97.65,0.0,6.417433081674624,44.4,9.38834710990426,49.35,5.3999999999999995,248.85000000000002,168.0,237.0,0.3375,0.1692284508740205,1.0,0.21785714285714286,0.15,0.5040962998761315,0.14997153685169948,0.9623045696318351,3.7725881053981736,0.20760944167590195,1.6816209602816514,0.8662827131390145,-0.1866043985557553,1.060287666736332,0.12242845632771376,1.7189609381994444,0.43146131121118286,2.37763420966254,1.3404941660946519,3.0363074811256525,2.249527020978138,4.294980752588748,2.1813016621407315,5.088985706186065,3.6903345170242003,5.1476589776491775,3.9993673719076694,5.806332249112273,4.908400226791156,6.465005520575386,6.417433081674624,8.923678792038482,6.194691295395501,9.38834710990426,6.194691295395501,9.38834710990426,6.194691295395501,9.38834710990426,6.194691295395501,9.38834710990426,6.194691295395501,9.38834710990426,6.194691295395501,9.38834710990426,6.194691295395501,9.38834710990426,6.194691295395501,9.38834710990426,right,0.28978537920854036,13.717126691911469,0.2642857142857143,0.0,0.0,,,0.0,0.0
2.25.314147167453134440746270747484612743945,/home/user/workspace/dataset_extracted/Датасет/НД_для_обучения/Исследования/2.25.314147167453134440746270747484612743945/series_002_2_CR/A2504224780 DXA/CR DXA/CR000001.dcm,1.2.643.5.1.13.13.12.2.77.8252.01130904120915050401031210031001,3,237,280,left_hip,True,0.0,,,,,,,0.0,0.0,0,0.0,0,0.0,False,0.0,,,,,,,,-7.471629955004745,7.471629955004745,31.2,74.55,0.0,-9.148088531187119,50.4,11.258028169014079,48.300000000000004,13.2,248.85000000000002,168.0,237.0,0.39464285714285713,0.263667872212176,1.0,0.29642857142857143,0.17142857142857143,0.5756405318477573,0.13424224780108537,0.9341875485455929,-14.106639839034203,-0.6956136820925678,-13.641448692152915,-0.1320724346076531,-13.29255533199195,0.5905835010060286,-12.22736418511066,1.1541247484909434,-10.562173038229371,1.717665995975841,-9.49698189134809,2.881207243460756,-9.6317907444668,3.4447484909456705,-11.082897384305829,4.767404426559352,-27.417706237424547,7.130945674044267,-28.152515090543258,9.494486921529164,-27.68732394366197,11.258028169014079,-27.222132796780688,10.621569416498994,-27.222132796780688,10.621569416498994,-27.222132796780688,10.621569416498994,-27.222132796780688,10.621569416498994,-27.222132796780688,10.621569416498994,-27.222132796780688,10.621569416498994,-27.222132796780688,10.621569416498994,-27.222132796780688,10.621569416498994,-27.222132796780688,10.621569416498994,left,-0.512138518562262,7.471629955004745,0.3,,,0.0,0.0,0.0,0.0
2.25.314147167453134440746270747484612743945,/home/user/workspace/dataset_extracted/Датасет/НД_для_обучения/Исследования/2.25.314147167453134440746270747484612743945/series_002_2_CR/A2504224780 DXA/CR DXA/CR000002.dcm,1.2.643.5.1.13.13.12.2.77.8252.02120204101515130306021007150210,1,315,300,spine,True,0.0,,0.0,0.0,0.0,,,,,656,413.28000000000003,656,413.28000000000003,True,3.7368778883963123,0.9945860937754724,0.1374110933035475,315.0,0.008209506024632086,0.0,0.0031746031746031746,0.33,,,,,,,,,,,,,,,,,,,,,,,,,,,,,,,,,,,,,,,,,,,,,,,,,,,,,,,,,,,,,,,,,,,,,,,
2.25.322202456901330781765399791024580391565,/home/user/workspace/dataset_extracted/Датасет/НД_для_обучения/Исследования/2.25.322202456901330781765399791024580391565/series_002_2_CR/A2504350020 DXA/CR DXA/CR000000.dcm,1.2.643.5.1.13.13.12.2.77.8252.06061007030610120805010913100711,1,291,300,spine,True,0.0,,0.0,0.0,0.0,,,,,372,234.36,372,234.36,True,4.799891771133406,0.2455367137967915,0.00020585134056805288,291.0,0.08939926801564932,0.0,0.003436426116838488,0.56,,,,,,,,,,,,,,,,,,,,,,,,,,,,,,,,,,,,,,,,,,,,,,,,,,,,,,,,,,,,,,,,,,,,,,,
2.25.338439598607961312040815816824093323492,/home/user/workspace/dataset_extracted/Датасет/НД_для_обучения/Исследования/2.25.338439598607961312040815816824093323492/series_002_2_CR/A2504147124 DXA/CR DXA/CR000000.dcm,1.2.643.5.1.13.13.12.2.77.8252.13110108131113110013070512051310,1,317,300,spine,True,1.0,"Наличие посторонних предметов, артефактов или наложений",0.0,0.0,1.0,,,,,316,199.08,316,199.08,True,3.6398817269350214,1.7704686578424746,3.40342735540432,317.0,0.03440990387248329,0.0,0.0031545741324921135,0.39666666666666667,,,,,,,,,,,,,,,,,,,,,,,,,,,,,,,,,,,,,,,,,,,,,,,,,,,,,,,,,,,,,,,,,,,,,,,
2.25.339027809107632348165171236474821772940,/home/user/workspace/dataset_extracted/Датасет/НД_для_обучения/Исследования/2.25.339027809107632348165171236474821772940/series_001_2_CR/A2504349642 DXA/CR DXA/CR000000.dcm,1.2.643.5.1.13.13.12.2.77.8252.05111003151314100612100700031506,8,318,280,left_hip,True,0.0,,,,,,,0.0,0.0,0,0.0,0,0.0,False,0.0,,,,,,,,-3.135559083587322,3.135559083587322,25.8,143.85,0.0,-15.171726996098348,31.2,18.429902738626406,76.65,13.2,333.90000000000003,168.0,318.0,0.2517857142857143,0.18939802336028752,1.0,0.23214285714285715,0.1357142857142857,0.5217980514120828,0.1307633521956103,0.9757482530088355,-15.696675191815864,1.500800866204952,-16.746571583250887,1.790748035170924,-17.233993876827153,1.55820841189539,-18.28389026826218,2.448155580861362,-18.733786659697206,2.738102749827334,-19.18368305113223,3.6280499187932973,-19.03357944256725,4.5179970877592694,-18.921001736143523,4.885457464483744,-19.970898127578547,5.175404633449716,-21.020794519013574,5.46535180241568,-20.870690910448598,6.355298971381643,-21.920587301883625,7.245246140347614,-21.770483693318646,8.135193309313587,-21.657905986894917,9.102653686038062,-20.907802378329944,11.192600855004025,-20.757698769764968,12.682548023969996,-30.0,14.77249519293596,-30.0,16.86244236190193,-30.0,18.429902738626406,-30.0,18.352389530867896,right,0.20173724495327075,3.135559083587322,0.18571428571428572,0.0,0.0,,,0.0,0.0
2.25.339027809107632348165171236474821772940,/home/user/workspace/dataset_extracted/Датасет/НД_для_обучения/Исследования/2.25.339027809107632348165171236474821772940/series_001_2_CR/A2504349642 DXA/CR DXA/CR000001.dcm,1.2.643.5.1.13.13.12.2.77.8252.04091012040015061107090014081504,1,289,300,spine,True,0.0,,0.0,0.0,0.0,,,,,1673,1053.99,1673,1053.99,True,4.722042419642363,1.952537997169594,9.121970084709506,289.0,-0.0059450819204201364,0.0,0.0034602076124567475,0.6766666666666666,,,,,,,,,,,,,,,,,,,,,,,,,,,,,,,,,,,,,,,,,,,,,,,,,,,,,,,,,,,,,,,,,,,,,,,
2.25.339027809107632348165171236474821772940,/home/user/workspace/dataset_extracted/Датасет/НД_для_обучения/Исследования/2.25.339027809107632348165171236474821772940/series_001_2_CR/A2504349642 DXA/CR DXA/CR000002.dcm,1.2.643.5.1.13.13.12.2.77.8252.11010912010413080807030107050600,6,317,280,right_hip,True,0.0,,,,,0.0,0.0,,,0,0.0,0,0.0,False,0.0,,,,,,,,-0.2485106436495286,0.2485106436495286,25.2,144.9,0.0,-0.3403364011425026,36.0,18.809333111105534,70.35000000000001,12.0,332.85,168.0,317.0,0.29285714285714287,0.19705948625506986,1.0,0.29642857142857143,0.14642857142857144,0.535159584711797,0.13277673079363211,0.9771287664620845,-0.36778914538950286,3.141413597145157,-14.804392804385506,3.6683761464329194,-14.831845548632506,4.213598058398747,-17.26844920762851,5.340560607686518,-18.505052866624514,5.26752315697428,-18.54165652562051,5.794485706262051,-19.778260184616514,6.3214482555498135,-21.605712928863515,6.266670167515642,-22.242316587859516,6.793632716803404,-22.878920246855518,7.320595266091175,-23.51552390585152,8.447557815378937,-23.552127564847524,9.574520364666707,-27.788731223843524,11.30148291395447,-29.016183968090527,13.046704825920298,-29.652787627086525,14.173667375208069,-30.0,15.900629924495831,-30.0,18.227592473783602,-30.0,18.79107374842748,-30.0,18.79107374842748,-30.0,18.79107374842748,left,-0.050698737153475615,0.2485106436495286,0.21428571428571427,,,0.0,0.0,0.0,0.0
2.25.339027809107632348165171236474821772940,/home/user/workspace/dataset_extracted/Датасет/НД_для_обучения/Исследования/2.25.339027809107632348165171236474821772940/series_001_2_CR/A2504349642 DXA/CR DXA/CR000003.dcm,1.2.643.5.1.13.13.12.2.77.8252.02060903061507111201080601150903,4,317,280,right_hip,True,0.0,,,,,0.0,0.0,,,0,0.0,0,0.0,False,0.0,,,,,,,,-0.2485106436495286,0.2485106436495286,25.2,144.9,0.0,-0.3403364011425026,36.0,18.809333111105534,70.35000000000001,12.0,332.85,168.0,317.0,0.29285714285714287,0.19705948625506986,1.0,0.29642857142857143,0.14642857142857144,0.535159584711797,0.13277673079363211,0.9771287664620845,-0.36778914538950286,3.141413597145157,-14.804392804385506,3.6683761464329194,-14.831845548632506,4.213598058398747,-17.26844920762851,5.340560607686518,-18.505052866624514,5.26752315697428,-18.54165652562051,5.794485706262051,-19.778260184616514,6.3214482555498135,-21.605712928863515,6.266670167515642,-22.242316587859516,6.793632716803404,-22.878920246855518,7.320595266091175,-23.51552390585152,8.447557815378937,-23.552127564847524,9.574520364666707,-27.788731223843524,11.30148291395447,-29.016183968090527,13.046704825920298,-29.652787627086525,14.173667375208069,-30.0,15.900629924495831,-30.0,18.227592473783602,-30.0,18.79107374842748,-30.0,18.79107374842748,-30.0,18.79107374842748,left,-0.050698737153475615,0.2485106436495286,0.21428571428571427,,,0.0,0.0,0.0,0.0
2.25.339027809107632348165171236474821772940,/home/user/workspace/dataset_extracted/Датасет/НД_для_обучения/Исследования/2.25.339027809107632348165171236474821772940/series_001_2_CR/A2504349642 DXA/CR DXA/CR000004.dcm,1.2.643.5.1.13.13.12.2.77.8252.09100506150509030310111310041309,3,289,300,spine,True,0.0,,0.0,0.0,0.0,,,,,1673,1053.99,1673,1053.99,True,4.722042419642363,1.952537997169594,9.121970084709506,289.0,-0.0059450819204201364,0.0,0.0034602076124567475,0.6766666666666666,,,,,,,,,,,,,,,,,,,,,,,,,,,,,,,,,,,,,,,,,,,,,,,,,,,,,,,,,,,,,,,,,,,,,,,
2.25.339027809107632348165171236474821772940,/home/user/workspace/dataset_extracted/Датасет/НД_для_обучения/Исследования/2.25.339027809107632348165171236474821772940/series_001_2_CR/A2504349642 DXA/CR DXA/CR000005.dcm,1.2.643.5.1.13.13.12.2.77.8252.02080414020805070003121215081311,5,318,280,left_hip,True,0.0,,,,,,,0.0,0.0,0,0.0,0,0.0,False,0.0,,,,,,,,-3.135559083587322,3.135559083587322,25.8,143.85,0.0,-15.171726996098348,31.2,18.429902738626406,76.65,13.2,333.90000000000003,168.0,318.0,0.2517857142857143,0.18939802336028752,1.0,0.23214285714285715,0.1357142857142857,0.5217980514120828,0.1307633521956103,0.9757482530088355,-15.696675191815864,1.500800866204952,-16.746571583250887,1.790748035170924,-17.233993876827153,1.55820841189539,-18.28389026826218,2.448155580861362,-18.733786659697206,2.738102749827334,-19.18368305113223,3.6280499187932973,-19.03357944256725,4.5179970877592694,-18.921001736143523,4.885457464483744,-19.970898127578547,5.175404633449716,-21.020794519013574,5.46535180241568,-20.870690910448598,6.355298971381643,-21.920587301883625,7.245246140347614,-21.770483693318646,8.135193309313587,-21.657905986894917,9.102653686038062,-20.907802378329944,11.192600855004025,-20.757698769764968,12.682548023969996,-30.0,14.77249519293596,-30.0,16.86244236190193,-30.0,18.429902738626406,-30.0,18.352389530867896,right,0.20173724495327075,3.135559083587322,0.18571428571428572,0.0,0.0,,,0.0,0.0
2.25.340839477910528898406207279980417945,/home/user/workspace/dataset_extracted/Датасет/НД_для_обучения/Исследования/2.25.340839477910528898406207279980417945/series_001_2_CR/A2504224555 DXA Exam/CR DXA Images/CR000000.dcm,1.2.643.5.1.13.13.12.2.77.8252.14120712151005010200040708001308,2,346,280,left_hip,True,0.0,,,,,,,0.0,0.0,0,0.0,0,0.0,False,0.0,,,,,,,,-0.16779752308495127,0.16779752308495127,28.2,130.20000000000002,0.0,6.281579858379237,48.0,16.559984893784428,51.45,35.4,363.3,168.0,346.0,0.3767857142857143,0.30446944673823284,1.0,0.4714285714285714,0.15714285714285714,0.506897109470409,0.14518452282023248,0.9514605660132727,0.38258001573564965,3.187811801730913,0.31581809598741584,3.096449409913458,0.8657466561762447,3.6279276160503455,1.3989847364280195,4.13656522423289,1.3322228166797856,4.045202832415418,1.8654608969315603,5.153840440597946,2.9986989771833263,6.262478048780491,3.5486275373721554,6.793956254917395,4.081865617623921,8.502593863099923,5.215103697875696,10.211231471282451,5.748341778127462,11.919869079464997,6.281579858379237,14.228506687647524,6.231508418568066,16.559984893784428,6.231508418568066,16.559984893784428,6.231508418568066,16.559984893784428,6.231508418568066,16.559984893784428,6.231508418568066,16.559984893784428,6.231508418568066,16.559984893784428,6.231508418568066,16.559984893784428,6.231508418568066,16.559984893784428,left,-1.110435729964261,0.16779752308495127,0.2857142857142857,,,0.0,0.0,0.0,0.0
2.25.340839477910528898406207279980417945,/home/user/workspace/dataset_extracted/Датасет/НД_для_обучения/Исследования/2.25.340839477910528898406207279980417945/series_001_2_CR/A2504224555 DXA Exam/CR DXA Images/CR000001.dcm,1.2.643.5.1.13.13.12.2.77.8252.05030701101012140702110704000714,3,346,280,right_hip,True,0.0,,,,,0.0,0.0,,,0,0.0,0,0.0,False,0.0,,,,,,,,-1.9454455664685415,1.9454455664685415,27.599999999999998,124.95,0.0,5.588716707021777,57.0,20.968312206238448,35.7,39.0,363.3,168.0,346.0,0.41785714285714287,0.32522708505367465,1.0,0.3142857142857143,0.16071428571428573,0.5510393656624616,0.14903592082601214,0.9562370330337272,1.2448910411622223,3.164438114228761,1.8640677966101662,4.098287993163387,1.87845036319612,4.498675402364353,2.4976271186440555,6.0325252812989785,3.7168038740919993,8.166375160233605,4.335980629539944,10.30022503916823,5.555157384987879,12.434074918102857,5.569539951573842,15.234462327303822,5.588716707021777,20.968312206238448,5.588716707021777,20.968312206238448,5.588716707021777,20.968312206238448,5.588716707021777,20.968312206238448,5.588716707021777,20.968312206238448,5.588716707021777,20.968312206238448,5.588716707021777,20.968312206238448,5.588716707021777,20.968312206238448,5.588716707021777,20.968312206238448,5.588716707021777,20.968312206238448,5.588716707021777,20.968312206238448,5.588716707021777,20.968312206238448,right,1.3126201914366415,1.9454455664685415,0.3392857142857143,0.0,0.0,,,0.0,0.0
2.25.340839477910528898406207279980417945,/home/user/workspace/dataset_extracted/Датасет/НД_для_обучения/Исследования/2.25.340839477910528898406207279980417945/series_001_2_CR/A2504224555 DXA Exam/CR DXA Images/CR000002.dcm,1.2.643.5.1.13.13.12.2.77.8252.12111312010203070900101115051015,1,317,300,spine,True,0.0,,0.0,0.0,0.0,,,,,894,563.22,894,563.22,True,4.241482505781464,1.4437841038282788,1.3483460263032772,317.0,-0.011129128282258592,0.0,0.0031545741324921135,0.30666666666666664,,,,,,,,,,,,,,,,,,,,,,,,,,,,,,,,,,,,,,,,,,,,,,,,,,,,,,,,,,,,,,,,,,,,,,,
2.25.37515662379281069436632838996073181551,/home/user/workspace/dataset_extracted/Датасет/НД_для_обучения/Исследования/2.25.37515662379281069436632838996073181551/series_001_2_CR/A2504329840 DXA/CR DXA/CR000000.dcm,1.2.643.5.1.13.13.12.2.77.8252.05001409080504151204111500000514,1,291,300,spine,True,1.0,Нарушение оси позвоночника (отклонение более 5 градусов),0.0,1.0,0.0,,,,,142,89.46,142,89.46,True,3.3567598112461314,7.0847469224143165,0.1456734193992677,291.0,-0.08088925012793884,0.0,0.003436426116838488,0.6366666666666667,,,,,,,,,,,,,,,,,,,,,,,,,,,,,,,,,,,,,,,,,,,,,,,,,,,,,,,,,,,,,,,,,,,,,,,
2.25.37515662379281069436632838996073181551,/home/user/workspace/dataset_extracted/Датасет/НД_для_обучения/Исследования/2.25.37515662379281069436632838996073181551/series_001_2_CR/A2504329840 DXA/CR DXA/CR000001.dcm,1.2.643.5.1.13.13.12.2.77.8252.12090208061115110101131315120813,3,263,280,right_hip,True,0.0,,,,,0.0,0.0,,,0,0.0,0,0.0,False,0.0,,,,,,,,-2.8682291774467386,2.8682291774467386,27.0,107.10000000000001,8.965939463163895,4.922302955595385,31.2,13.516280937060003,99.75,3.0,276.15000000000003,168.0,197.0,0.25357142857142856,0.2496469310157523,0.7490494296577946,0.2785714285714286,0.1392857142857143,0.6503164417529321,0.18109645179230388,0.9571373320324611,-0.112688082057781,3.0707963200660457,0.5127163544452614,3.275344781765443,0.5317696818225485,2.978756128039987,0.5571741183255909,3.1833045897393846,1.1825785548286376,3.387853051438782,1.8079829913316843,4.192401513138179,2.4333874278347265,4.996949974837577,2.4524407552120095,5.90036132111212,3.677845191715056,7.304909782811517,4.903249628218103,9.309458244510916,4.328654064721145,11.314006706210304,4.354058501224192,-8.281444832090298,4.379462937727238,-11.676896370390901,3.7985162651045212,-12.573485024116357,3.223920701607568,-13.56893656241696,2.0493251381106106,-14.564388100717562,1.4747295746136573,-16.159839639018163,0.9001340111166996,-17.155291177318777,0.9191873384939867,-18.05187983104422,0.34459177499702914,-18.447331369344827,left,-0.03191041737360023,2.8682291774467386,0.18571428571428572,,,0.0,0.0,0.0,0.0
2.25.37515662379281069436632838996073181551,/home/user/workspace/dataset_extracted/Датасет/НД_для_обучения/Исследования/2.25.37515662379281069436632838996073181551/series_001_2_CR/A2504329840 DXA/CR DXA/CR000002.dcm,1.2.643.5.1.13.13.12.2.77.8252.08110803070615141513021414111001,2,263,280,left_hip,True,0.0,,,,,,,0.0,0.0,0,0.0,0,0.0,False,0.0,,,,,,,,-5.204171753257436,5.204171753257436,28.2,86.10000000000001,13.374625004081363,6.242668233911249,31.799999999999997,16.806608548013195,110.25,5.3999999999999995,276.15000000000003,168.0,187.0,0.2642857142857143,0.27345192829983705,0.7110266159695817,0.30357142857142855,0.15,0.6513163344024117,0.19217737406311114,0.9514359858071942,0.06899794299147288,2.898984556110622,-0.29591536879224234,3.568994677898587,-0.11960035263003305,4.371502269239564,0.11548633558624316,4.44151239102753,0.35057302380252364,3.9115225128154947,0.5856597120188042,3.981532634603459,0.8207464002350846,4.651542756391424,1.5970614163972938,5.4540503477324025,1.8321481046135744,6.124060469520359,2.6672347928298548,7.994070591308323,2.9023214810461355,9.264080713096288,4.337408169262411,12.334090834884252,5.172494857478696,16.004100956672218,5.948809873640905,16.806608548013195,6.183896561857182,-7.723381330198839,5.818983250073466,-10.653371208410874,4.854069938289743,-12.983361086622908,3.889156626506019,-14.113350964834945,4.0654716426682285,-15.110843373493974,3.100558330884513,-15.64083325170601,right,0.1812704137225204,5.204171753257436,0.18928571428571428,0.0,0.0,,,0.0,0.0
2.25.39068163399801173920284179500049527111,/home/user/workspace/dataset_extracted/Датасет/НД_для_обучения/Исследования/2.25.39068163399801173920284179500049527111/series_002_2_CR/A2504195842 DXA/CR DXA/CR000000.dcm,1.2.643.5.1.13.13.12.2.77.8252.00030605020706130003080307080701,77,235,280,right_hip,True,1.0,Нарушение позиционирования/ротации правого бедра,,,,1.0,0.0,,,0,0.0,0,0.0,False,0.0,,,,,,,,-13.370901465853517,13.370901465853517,27.599999999999998,106.05000000000001,0.0,3.643750728013961,40.8,9.758970297029736,18.900000000000002,43.8,246.75,168.0,235.0,0.31607142857142856,0.25653495440729485,1.0,0.29642857142857143,0.15,0.6130484851557851,0.1989200221069297,0.9433007056993583,2.2799720442632347,4.047906814210864,2.994073383808953,8.16535352358768,2.9296493884682433,8.4034385556203,3.643750728013961,8.920885264997116,3.579326732673252,9.758970297029736,3.579326732673252,9.758970297029736,3.579326732673252,9.758970297029736,3.579326732673252,9.758970297029736,3.579326732673252,9.758970297029736,3.579326732673252,9.758970297029736,3.579326732673252,9.758970297029736,3.579326732673252,9.758970297029736,3.579326732673252,9.758970297029736,3.579326732673252,9.758970297029736,3.579326732673252,9.758970297029736,3.579326732673252,9.758970297029736,3.579326732673252,9.758970297029736,3.579326732673252,9.758970297029736,3.579326732673252,9.758970297029736,3.579326732673252,9.758970297029736,right,0.48075281692302957,13.370901465853517,0.24285714285714283,1.0,0.0,,,1.0,0.0
2.25.39068163399801173920284179500049527111,/home/user/workspace/dataset_extracted/Датасет/НД_для_обучения/Исследования/2.25.39068163399801173920284179500049527111/series_002_2_CR/A2504195842 DXA/CR DXA/CR000001.dcm,1.2.643.5.1.13.13.12.2.77.8252.07150610130411050211021514011106,78,235,280,left_hip,True,1.0,Нарушение позиционирования/ротации левого бедра,,,,,,1.0,0.0,0,0.0,0,0.0,False,0.0,,,,,,,,-7.2677610172134015,7.2677610172134015,30.9,107.10000000000001,0.0,5.210318290538342,45.6,8.342115113852941,14.700000000000001,48.0,246.75,168.0,235.0,0.3464285714285714,0.2813525835866261,1.0,0.29642857142857143,0.15357142857142858,0.6753912015214912,0.2562700172397953,0.9414685161282624,2.98555394088807,3.3955035594936303,4.355459680748177,7.294148181237357,5.082888985643259,7.818131647545158,5.210318290538342,8.342115113852941,5.210318290538342,8.342115113852941,5.210318290538342,8.342115113852941,5.210318290538342,8.342115113852941,5.210318290538342,8.342115113852941,5.210318290538342,8.342115113852941,5.210318290538342,8.342115113852941,5.210318290538342,8.342115113852941,5.210318290538342,8.342115113852941,5.210318290538342,8.342115113852941,5.210318290538342,8.342115113852941,5.210318290538342,8.342115113852941,5.210318290538342,8.342115113852941,5.210318290538342,8.342115113852941,5.210318290538342,8.342115113852941,5.210318290538342,8.342115113852941,5.210318290538342,8.342115113852941,left,-0.33561749593254164,7.2677610172134015,0.27142857142857146,,,1.0,0.0,1.0,0.0
2.25.39068163399801173920284179500049527111,/home/user/workspace/dataset_extracted/Датасет/НД_для_обучения/Исследования/2.25.39068163399801173920284179500049527111/series_002_2_CR/A2504195842 DXA/CR DXA/CR000002.dcm,1.2.643.5.1.13.13.12.2.77.8252.15141302131508150312140605060212,76,318,300,spine,True,1.0,"Нарушение оси позвоночника (отклонение более 5 градусов); Наличие посторонних предметов, артефактов или наложений",0.0,1.0,1.0,,,,,1320,831.6,1320,831.6,True,5.2399524836941485,4.3800508025662275,3.0403222218401975,318.0,-0.006589585196022654,0.0,0.0031446540880503146,0.5633333333333334,,,,,,,,,,,,,,,,,,,,,,,,,,,,,,,,,,,,,,,,,,,,,,,,,,,,,,,,,,,,,,,,,,,,,,,
2.25.48906424954135283790354958243772558962,/home/user/workspace/dataset_extracted/Датасет/НД_для_обучения/Исследования/2.25.48906424954135283790354958243772558962/series_001_2_CR/A2504185596 DXA Exam/CR DXA Images/CR000000.dcm,1.2.643.5.1.13.13.12.2.77.8252.06080100090802110008000311010501,3,346,280,right_hip,True,1.0,Нарушение позиционирования/ротации правого бедра,,,,1.0,0.0,,,94,59.22,94,59.22,True,3.995397639163416,,,,,,,,-6.136380993556136,6.136380993556136,27.0,126.0,0.0,-14.83459268004722,32.4,13.272229321480676,56.7,12.6,363.3,168.0,346.0,0.26785714285714285,0.25495458298926504,1.0,0.2785714285714286,0.15357142857142858,0.4948288818972776,0.12479191655242257,0.9669129443764332,-15.364746162927977,1.8686040697270754,-19.285360094450997,1.8448940898673527,-19.675820543093263,1.3771116049725776,-19.996434474616283,0.7534016251128633,-19.717048406139305,1.329691645253149,-20.637662337662327,2.5059816653934432,-20.958276269185358,3.0822716855337204,-20.748736717827622,3.8144892006389455,-21.069350649350643,5.590779220779223,-20.789964580873665,6.767069240919517,-30.0,9.14335926105981,-30.0,10.919649281200089,-30.0,12.095939301340382,-30.0,12.82815681644559,-30.0,13.272229321480676,-30.0,13.272229321480676,-30.0,13.272229321480676,-30.0,13.272229321480676,-30.0,13.272229321480676,-30.0,13.272229321480676,right,0.6813991085136103,6.136380993556136,0.19285714285714284,1.0,0.0,,,1.0,0.0
2.25.48906424954135283790354958243772558962,/home/user/workspace/dataset_extracted/Датасет/НД_для_обучения/Исследования/2.25.48906424954135283790354958243772558962/series_001_2_CR/A2504185596 DXA Exam/CR DXA Images/CR000001.dcm,1.2.643.5.1.13.13.12.2.77.8252.03010404051000131408111209140108,2,344,280,right_hip,True,1.0,Нарушение позиционирования/ротации правого бедра,,,,1.0,0.0,,,0,0.0,0,0.0,False,0.0,,,,,,,,-3.3159321562324946,3.3159321562324946,27.599999999999998,108.15,3.759081843342262,13.548249352018617,37.199999999999996,14.596793041339009,80.85000000000001,39.0,361.2,168.0,344.0,0.30178571428571427,0.35801495016611296,1.0,0.6428571428571429,0.16428571428571428,0.6160413579003438,0.1794281963772876,0.9601431852874222,0.7590871150551208,7.616689364319285,0.9049554100953201,9.075873127443652,1.0143566313754717,9.420260949786938,1.7602249264156626,8.479444712911304,1.906093221455862,8.138628476035672,2.651961516496061,7.197812239160037,2.797829811536252,5.656996002284404,3.5072310328164034,3.6013838246276832,3.653099327856603,2.6605675877520496,4.998967622896793,2.319751350876416,5.744835917936993,2.578935114000791,7.090704212977192,2.838118877125157,8.436572508017392,3.6973026402495233,9.745973729297534,4.041690462592794,11.091842024337733,5.500874225717169,11.837710319377933,6.960057988841535,12.583578614418125,7.819241751965901,12.729446909458323,9.878425515090276,13.438848130738466,12.022813337433547,12.984716425778666,14.081997100557913,left,-0.6489374880008464,3.3159321562324946,0.2214285714285714,,,1.0,0.0,1.0,0.0
2.25.48906424954135283790354958243772558962,/home/user/workspace/dataset_extracted/Датасет/НД_для_обучения/Исследования/2.25.48906424954135283790354958243772558962/series_001_2_CR/A2504185596 DXA Exam/CR DXA Images/CR000002.dcm,1.2.643.5.1.13.13.12.2.77.8252.02031401091510001200041308031003,1,318,300,spine,True,1.0,"Наличие посторонних предметов, артефактов или наложений",0.0,0.0,1.0,,,,,298,187.74,298,187.74,True,4.177865945358024,3.059168038513881,0.6209108916641632,318.0,-0.02532465696827368,0.0,0.0031446540880503146,0.9,,,,,,,,,,,,,,,,,,,,,,,,,,,,,,,,,,,,,,,,,,,,,,,,,,,,,,,,,,,,,,,,,,,,,,,
2.25.52532476139575422857225834315571570912,/home/user/workspace/dataset_extracted/Датасет/НД_для_обучения/Исследования/2.25.52532476139575422857225834315571570912/series_001_2_CR/A2504247961 DXA/CR DXA/CR000000.dcm,1.2.643.5.1.13.13.12.2.77.8252.07120809010109050202061111011110,1,315,300,spine,True,0.0,,0.0,0.0,0.0,,,,,38,23.94,38,23.94,True,8.003724981369588,1.6384583065174225,0.9646573809155754,315.0,-0.05269675400070677,0.0,0.0031746031746031746,0.3233333333333333,,,,,,,,,,,,,,,,,,,,,,,,,,,,,,,,,,,,,,,,,,,,,,,,,,,,,,,,,,,,,,,,,,,,,,,
2.25.52982400970721161435951723390541696819,/home/user/workspace/dataset_extracted/Датасет/НД_для_обучения/Исследования/2.25.52982400970721161435951723390541696819/series_001_2_CR/A2504331065 DXA/CR DXA/CR000000.dcm,1.2.643.5.1.13.13.12.2.77.8252.07081506021006111207090213090701,7,289,280,left_hip,True,0.0,,,,,,,0.0,0.0,0,0.0,0,0.0,False,0.0,,,,,,,,-4.266624478000244,4.266624478000244,28.799999999999997,90.3,0.0,-0.5177564979480166,31.2,21.518843341667065,67.2,13.799999999999999,303.45,168.0,284.0,0.26607142857142857,0.2453905091448344,0.9826989619377162,0.34285714285714286,0.16071428571428573,0.548715746139441,0.10015568002831172,0.964612434144185,-18.977842351054292,2.92073965753103,-21.791290155196,3.680613236473428,-22.251376008302277,3.950518420680231,-23.264823812443982,4.7103919996226296,-23.078271616585685,5.470265578565036,-24.09171942072739,5.630139157507443,-25.105167224869092,5.7900127364498415,-24.96525307797537,6.659917920656644,-24.778700882117075,7.419791499599051,-24.59214868625878,8.77966507854145,-24.405596490400487,10.739538657483848,-24.21904429454219,12.699412236426255,-23.43249209868389,15.259285815368662,-21.49257795179017,17.329190999575456,-30.0,18.089064578517863,-30.0,20.04893815746027,-30.0,21.518843341667065,-30.0,21.518843341667065,-30.0,21.518843341667065,-30.0,21.518843341667065,right,0.23299536809715865,4.266624478000244,0.18571428571428572,0.0,0.0,,,0.0,0.0
2.25.52982400970721161435951723390541696819,/home/user/workspace/dataset_extracted/Датасет/НД_для_обучения/Исследования/2.25.52982400970721161435951723390541696819/series_001_2_CR/A2504331065 DXA/CR DXA/CR000001.dcm,1.2.643.5.1.13.13.12.2.77.8252.06001210040802120801060507001509,6,289,280,left_hip,True,0.0,,,,,,,0.0,0.0,0,0.0,0,0.0,False,0.0,,,,,,,,-6.4766540918977125,6.4766540918977125,26.4,90.3,0.0,-10.77854615783761,43.199999999999996,20.748299448087163,73.5,13.799999999999999,303.45,168.0,289.0,0.33214285714285713,0.2194636678200692,1.0,0.325,0.15357142857142858,0.5183492621351898,0.12948499832512592,0.964995403868799,-13.039271663757697,2.351963771876012,-13.62529553280812,3.2123477522524437,-13.764813434595942,4.157635737534769,-13.150837303646375,5.018019717911209,-12.5368611726968,5.8784036982876415,-11.922885041747223,7.3387876786640724,-11.308908910797657,7.599171659040496,-10.848426812585478,7.34445964432283,-12.034450681635903,7.604843624699271,-12.020474550686327,7.8652276050756935,-11.40649841973676,8.725611585452134,-11.392522288787186,10.185995565828557,-10.77854615783761,11.646379546204997,-16.91806405962543,12.591667531487314,-18.704087928675865,14.652051511863753,-19.890111797726288,17.312435492240194,-22.87613566677671,19.372819472616616,-23.462159535827144,20.233203452993056,-23.90866550308975,20.748299448087163,-23.90866550308975,20.748299448087163,left,-0.3176709689988874,6.4766540918977125,0.2571428571428571,,,0.0,0.0,0.0,0.0
2.25.52982400970721161435951723390541696819,/home/user/workspace/dataset_extracted/Датасет/НД_для_обучения/Исследования/2.25.52982400970721161435951723390541696819/series_001_2_CR/A2504331065 DXA/CR DXA/CR000002.dcm,1.2.643.5.1.13.13.12.2.77.8252.02030504060005060505040905021305,1,317,300,spine,True,1.0,Нарушение укладки поясничного отдела позвоночника,1.0,0.0,0.0,,,,,0,0.0,0,0.0,False,0.0,0.9209650819094968,0.1219927345991354,317.0,-0.008031706916379165,0.0,0.0031545741324921135,0.26,,,,,,,,,,,,,,,,,,,,,,,,,,,,,,,,,,,,,,,,,,,,,,,,,,,,,,,,,,,,,,,,,,,,,,,
2.25.52982400970721161435951723390541696819,/home/user/workspace/dataset_extracted/Датасет/НД_для_обучения/Исследования/2.25.52982400970721161435951723390541696819/series_001_2_CR/A2504331065 DXA/CR DXA/CR000003.dcm,1.2.643.5.1.13.13.12.2.77.8252.15141212090108110812010201000904,5,289,280,left_hip,True,0.0,,,,,,,0.0,0.0,0,0.0,0,0.0,False,0.0,,,,,,,,-4.266624478000244,4.266624478000244,28.799999999999997,90.3,0.0,-0.5177564979480166,31.2,21.518843341667065,67.2,13.799999999999999,303.45,168.0,284.0,0.26607142857142857,0.2453905091448344,0.9826989619377162,0.34285714285714286,0.16071428571428573,0.548715746139441,0.10015568002831172,0.964612434144185,-18.977842351054292,2.92073965753103,-21.791290155196,3.680613236473428,-22.251376008302277,3.950518420680231,-23.264823812443982,4.7103919996226296,-23.078271616585685,5.470265578565036,-24.09171942072739,5.630139157507443,-25.105167224869092,5.7900127364498415,-24.96525307797537,6.659917920656644,-24.778700882117075,7.419791499599051,-24.59214868625878,8.77966507854145,-24.405596490400487,10.739538657483848,-24.21904429454219,12.699412236426255,-23.43249209868389,15.259285815368662,-21.49257795179017,17.329190999575456,-30.0,18.089064578517863,-30.0,20.04893815746027,-30.0,21.518843341667065,-30.0,21.518843341667065,-30.0,21.518843341667065,-30.0,21.518843341667065,right,0.23299536809715865,4.266624478000244,0.18571428571428572,0.0,0.0,,,0.0,0.0
2.25.52982400970721161435951723390541696819,/home/user/workspace/dataset_extracted/Датасет/НД_для_обучения/Исследования/2.25.52982400970721161435951723390541696819/series_001_2_CR/A2504331065 DXA/CR DXA/CR000004.dcm,1.2.643.5.1.13.13.12.2.77.8252.06130007090800051113070612071205,4,317,300,spine,True,1.0,Нарушение укладки поясничного отдела позвоночника,1.0,0.0,0.0,,,,,0,0.0,0,0.0,False,0.0,0.9209650819094968,0.1219927345991354,317.0,-0.008031706916379165,0.0,0.0031545741324921135,0.26,,,,,,,,,,,,,,,,,,,,,,,,,,,,,,,,,,,,,,,,,,,,,,,,,,,,,,,,,,,,,,,,,,,,,,,
2.25.52982400970721161435951723390541696819,/home/user/workspace/dataset_extracted/Датасет/НД_для_обучения/Исследования/2.25.52982400970721161435951723390541696819/series_001_2_CR/A2504331065 DXA/CR DXA/CR000005.dcm,1.2.643.5.1.13.13.12.2.77.8252.13060812000809140915061004151307,8,289,280,left_hip,True,0.0,,,,,,,0.0,0.0,0,0.0,0,0.0,False,0.0,,,,,,,,-6.4766540918977125,6.4766540918977125,26.4,90.3,0.0,-10.77854615783761,43.199999999999996,20.748299448087163,73.5,13.799999999999999,303.45,168.0,289.0,0.33214285714285713,0.2194636678200692,1.0,0.325,0.15357142857142858,0.5183492621351898,0.12948499832512592,0.964995403868799,-13.039271663757697,2.351963771876012,-13.62529553280812,3.2123477522524437,-13.764813434595942,4.157635737534769,-13.150837303646375,5.018019717911209,-12.5368611726968,5.8784036982876415,-11.922885041747223,7.3387876786640724,-11.308908910797657,7.599171659040496,-10.848426812585478,7.34445964432283,-12.034450681635903,7.604843624699271,-12.020474550686327,7.8652276050756935,-11.40649841973676,8.725611585452134,-11.392522288787186,10.185995565828557,-10.77854615783761,11.646379546204997,-16.91806405962543,12.591667531487314,-18.704087928675865,14.652051511863753,-19.890111797726288,17.312435492240194,-22.87613566677671,19.372819472616616,-23.462159535827144,20.233203452993056,-23.90866550308975,20.748299448087163,-23.90866550308975,20.748299448087163,left,-0.3176709689988874,6.4766540918977125,0.2571428571428571,,,0.0,0.0,0.0,0.0
2.25.52982400970721161435951723390541696819,/home/user/workspace/dataset_extracted/Датасет/НД_для_обучения/Исследования/2.25.52982400970721161435951723390541696819/series_001_2_CR/A2504331065 DXA/CR DXA/CR000006.dcm,1.2.643.5.1.13.13.12.2.77.8252.14150614130710030701101012031106,2,289,280,left_hip,True,0.0,,,,,,,0.0,0.0,0,0.0,0,0.0,False,0.0,,,,,,,,-4.266624478000244,4.266624478000244,28.799999999999997,90.3,0.0,-0.5177564979480166,31.2,21.518843341667065,67.2,13.799999999999999,303.45,168.0,284.0,0.26607142857142857,0.2453905091448344,0.9826989619377162,0.34285714285714286,0.16071428571428573,0.548715746139441,0.10015568002831172,0.964612434144185,-18.977842351054292,2.92073965753103,-21.791290155196,3.680613236473428,-22.251376008302277,3.950518420680231,-23.264823812443982,4.7103919996226296,-23.078271616585685,5.470265578565036,-24.09171942072739,5.630139157507443,-25.105167224869092,5.7900127364498415,-24.96525307797537,6.659917920656644,-24.778700882117075,7.419791499599051,-24.59214868625878,8.77966507854145,-24.405596490400487,10.739538657483848,-24.21904429454219,12.699412236426255,-23.43249209868389,15.259285815368662,-21.49257795179017,17.329190999575456,-30.0,18.089064578517863,-30.0,20.04893815746027,-30.0,21.518843341667065,-30.0,21.518843341667065,-30.0,21.518843341667065,-30.0,21.518843341667065,right,0.23299536809715865,4.266624478000244,0.18571428571428572,0.0,0.0,,,0.0,0.0
2.25.52982400970721161435951723390541696819,/home/user/workspace/dataset_extracted/Датасет/НД_для_обучения/Исследования/2.25.52982400970721161435951723390541696819/series_001_2_CR/A2504331065 DXA/CR DXA/CR000007.dcm,1.2.643.5.1.13.13.12.2.77.8252.10071506040807070913151311141504,3,289,280,left_hip,True,0.0,,,,,,,0.0,0.0,0,0.0,0,0.0,False,0.0,,,,,,,,-6.4766540918977125,6.4766540918977125,26.4,90.3,0.0,-10.77854615783761,43.199999999999996,20.748299448087163,73.5,13.799999999999999,303.45,168.0,289.0,0.33214285714285713,0.2194636678200692,1.0,0.325,0.15357142857142858,0.5183492621351898,0.12948499832512592,0.964995403868799,-13.039271663757697,2.351963771876012,-13.62529553280812,3.2123477522524437,-13.764813434595942,4.157635737534769,-13.150837303646375,5.018019717911209,-12.5368611726968,5.8784036982876415,-11.922885041747223,7.3387876786640724,-11.308908910797657,7.599171659040496,-10.848426812585478,7.34445964432283,-12.034450681635903,7.604843624699271,-12.020474550686327,7.8652276050756935,-11.40649841973676,8.725611585452134,-11.392522288787186,10.185995565828557,-10.77854615783761,11.646379546204997,-16.91806405962543,12.591667531487314,-18.704087928675865,14.652051511863753,-19.890111797726288,17.312435492240194,-22.87613566677671,19.372819472616616,-23.462159535827144,20.233203452993056,-23.90866550308975,20.748299448087163,-23.90866550308975,20.748299448087163,left,-0.3176709689988874,6.4766540918977125,0.2571428571428571,,,0.0,0.0,0.0,0.0
2.25.54396839637320114639948764487283877793,/home/user/workspace/dataset_extracted/Датасет/НД_для_обучения/Исследования/2.25.54396839637320114639948764487283877793/series_003_2_CR/A2504111090 DXA/CR DXA/CR000000.dcm,1.2.643.5.1.13.13.12.2.77.8252.02060605151213121009151302130207,1,317,300,spine,True,0.0,,0.0,0.0,0.0,,,,,0,0.0,0,0.0,False,0.0,2.0660938288318182,1.4979515222102568,317.0,0.06461305722799977,0.0,0.0031545741324921135,0.4166666666666667,,,,,,,,,,,,,,,,,,,,,,,,,,,,,,,,,,,,,,,,,,,,,,,,,,,,,,,,,,,,,,,,,,,,,,,
2.25.59542620917302828428419211045951914336,/home/user/workspace/dataset_extracted/Датасет/НД_для_обучения/Исследования/2.25.59542620917302828428419211045951914336/series_001_2_CR/A2504303391 DXA/CR DXA/CR000000.dcm,1.2.643.5.1.13.13.12.2.77.8252.07101010011513020401030213080905,1,315,300,spine,True,1.0,"Наличие посторонних предметов, артефактов или наложений",0.0,0.0,1.0,,,,,271,170.73,271,170.73,True,4.053754220497248,0.34458443815396333,0.17367441455698684,315.0,0.021107216155079128,0.0,0.0031746031746031746,0.3566666666666667,,,,,,,,,,,,,,,,,,,,,,,,,,,,,,,,,,,,,,,,,,,,,,,,,,,,,,,,,,,,,,,,,,,,,,,
2.25.65954778282254353457041255543338557112,/home/user/workspace/dataset_extracted/Датасет/НД_для_обучения/Исследования/2.25.65954778282254353457041255543338557112/series_004_3_CR/A2504246289 DXA/CR DXA/CR000000.dcm,1.2.643.5.1.13.13.12.2.77.8252.11130315030911081202140406010814,5,291,280,left_hip,True,0.0,,,,,,,0.0,0.0,0,0.0,0,0.0,False,0.0,,,,,,,,-1.9970590498468865,1.9970590498468865,24.0,116.55000000000001,0.0,-0.20288697788698187,47.4,20.114036504036516,66.15,15.0,305.55,168.0,291.0,0.3464285714285714,0.19499263622974963,1.0,0.2642857142857143,0.13214285714285715,0.5272537757860559,0.1397600680147187,0.9679729235871829,-15.792936117936119,3.1408020358020394,-16.373034398034402,4.067800982800983,-16.35810810810811,4.463050193050194,-16.33820638820639,5.390049140049137,-16.918304668304668,6.31704808704809,-19.298402948402952,7.244047034047034,-19.278501228501234,6.971045981045978,-19.26357493857494,7.366295191295188,-19.243673218673226,7.69329413829414,-19.2237714987715,8.620293085293094,-19.203869778869784,10.147292032292029,-19.18396805896806,11.07429097929098,-19.16406633906634,12.601289926289933,-19.149140049140048,14.196539136539144,-18.529238329238332,16.323538083538097,-30.0,18.45053703053703,-30.0,20.114036504036516,-30.0,20.114036504036516,-30.0,20.114036504036516,-30.0,20.114036504036516,right,0.3232589411402068,1.9970590498468865,0.28214285714285714,0.0,0.0,,,0.0,0.0
2.25.65954778282254353457041255543338557112,/home/user/workspace/dataset_extracted/Датасет/НД_для_обучения/Исследования/2.25.65954778282254353457041255543338557112/series_004_3_CR/A2504246289 DXA/CR DXA/CR000001.dcm,1.2.643.5.1.13.13.12.2.77.8252.10000615050107010300151404090301,4,291,280,right_hip,True,0.0,,,,,0.0,0.0,,,0,0.0,0,0.0,False,0.0,,,,,,,,-2.909432335701216,2.909432335701216,24.0,106.05000000000001,11.877759347699476,4.630210832847987,43.199999999999996,15.936454280722181,113.4,1.7999999999999998,305.55,168.0,209.0,0.32142857142857145,0.2296637211585665,0.718213058419244,0.36428571428571427,0.13214285714285715,0.5263676514857131,0.12655965392634594,0.9584591493535995,0.10488992428654739,2.9435573675014437,0.1804263249854415,3.792181712288868,0.23707862550961634,4.128649970879437,0.31261502620851045,4.977274315666852,0.38815142690739607,5.225898660454277,0.4636878276062901,5.474523005241693,1.1392242283051843,5.723147350029117,1.1958765288293591,6.059615608619685,1.2714129295282532,6.308239953407101,1.9469493302271388,7.156864298194518,2.6224857309260328,8.005488642981941,3.298022131624927,9.454112987769365,4.573558532323821,10.302737332556783,4.630210832847987,11.83920559114735,-12.694252766453118,13.887829935934757,-12.618716365754224,15.936454280722181,-13.14317996505533,-4.814921374490393,-13.067643564356436,-10.566297029702968,-13.010991263832269,-12.62982877111241,-11.735454863133375,-14.181204426324983,left,-0.25146409391622937,2.909432335701216,0.2571428571428571,,,0.0,0.0,0.0,0.0
2.25.65954778282254353457041255543338557112,/home/user/workspace/dataset_extracted/Датасет/НД_для_обучения/Исследования/2.25.65954778282254353457041255543338557112/series_004_3_CR/A2504246289 DXA/CR DXA/CR000002.dcm,1.2.643.5.1.13.13.12.2.77.8252.05111111030105140803060510040613,1,318,300,spine,True,0.0,,0.0,0.0,0.0,,,,,1927,1214.01,1927,1214.01,True,5.173761344660261,0.049961017806470484,0.006344241499740999,318.0,0.027323912598263955,0.0,0.0031446540880503146,0.33666666666666667,,,,,,,,,,,,,,,,,,,,,,,,,,,,,,,,,,,,,,,,,,,,,,,,,,,,,,,,,,,,,,,,,,,,,,,
2.25.66397484472966116002950503539482860450,/home/user/workspace/dataset_extracted/Датасет/НД_для_обучения/Исследования/2.25.66397484472966116002950503539482860450/series_001_2_CR/A2504194637 DXA/CR DXA/CR000000.dcm,1.2.643.5.1.13.13.12.2.77.8252.02091011000006010704070004091411,6,235,280,left_hip,True,1.0,Нарушение позиционирования/ротации левого бедра,,,,,,1.0,0.0,0,0.0,0,0.0,False,0.0,,,,,,,,-9.165150877636862,9.165150877636862,31.799999999999997,93.45,0.0,5.105331971399374,43.199999999999996,6.397783452502545,38.85,43.199999999999996,246.75,168.0,235.0,0.3392857142857143,0.29231003039513676,1.0,0.26785714285714285,0.16785714285714284,0.6875855143425719,0.2746875956563705,0.9404705476481919,2.8329315628191862,-0.2706435137895767,3.2510316649642332,-0.007803881511750887,4.164606741573018,0.48932584269662693,4.582706843718065,1.3521654749744698,5.000806945863112,2.2150051072522956,3.0189070480081597,3.677844739530121,1.6370071501532066,5.140684371807964,0.7505822267619919,5.037814096016325,1.168682328907039,5.900653728294167,1.4822574055158242,6.397783452502545,1.4822574055158242,6.397783452502545,1.4822574055158242,6.397783452502545,1.4822574055158242,6.397783452502545,1.4822574055158242,6.397783452502545,1.4822574055158242,6.397783452502545,1.4822574055158242,6.397783452502545,1.4822574055158242,6.397783452502545,1.4822574055158242,6.397783452502545,1.4822574055158242,6.397783452502545,1.4822574055158242,6.397783452502545,left,-0.44323084709306,9.165150877636862,0.2571428571428571,,,1.0,0.0,1.0,0.0
2.25.66397484472966116002950503539482860450,/home/user/workspace/dataset_extracted/Датасет/НД_для_обучения/Исследования/2.25.66397484472966116002950503539482860450/series_001_2_CR/A2504194637 DXA/CR DXA/CR000001.dcm,1.2.643.5.1.13.13.12.2.77.8252.08151215001015040112061102060812,10,235,280,left_hip,True,1.0,Нарушение позиционирования/ротации левого бедра,,,,,,1.0,0.0,0,0.0,0,0.0,False,0.0,,,,,,,,-9.165150877636862,9.165150877636862,31.799999999999997,93.45,0.0,5.105331971399374,43.199999999999996,6.397783452502545,38.85,43.199999999999996,246.75,168.0,235.0,0.3392857142857143,0.29231003039513676,1.0,0.26785714285714285,0.16785714285714284,0.6875855143425719,0.2746875956563705,0.9404705476481919,2.8329315628191862,-0.2706435137895767,3.2510316649642332,-0.007803881511750887,4.164606741573018,0.48932584269662693,4.582706843718065,1.3521654749744698,5.000806945863112,2.2150051072522956,3.0189070480081597,3.677844739530121,1.6370071501532066,5.140684371807964,0.7505822267619919,5.037814096016325,1.168682328907039,5.900653728294167,1.4822574055158242,6.397783452502545,1.4822574055158242,6.397783452502545,1.4822574055158242,6.397783452502545,1.4822574055158242,6.397783452502545,1.4822574055158242,6.397783452502545,1.4822574055158242,6.397783452502545,1.4822574055158242,6.397783452502545,1.4822574055158242,6.397783452502545,1.4822574055158242,6.397783452502545,1.4822574055158242,6.397783452502545,1.4822574055158242,6.397783452502545,left,-0.44323084709306,9.165150877636862,0.2571428571428571,,,1.0,0.0,1.0,0.0
2.25.66397484472966116002950503539482860450,/home/user/workspace/dataset_extracted/Датасет/НД_для_обучения/Исследования/2.25.66397484472966116002950503539482860450/series_001_2_CR/A2504194637 DXA/CR DXA/CR000002.dcm,1.2.643.5.1.13.13.12.2.77.8252.03111115071204110106020413091215,12,235,280,left_hip,True,1.0,Нарушение позиционирования/ротации левого бедра,,,,,,1.0,0.0,0,0.0,0,0.0,False,0.0,,,,,,,,-9.165150877636862,9.165150877636862,31.799999999999997,93.45,0.0,5.105331971399374,43.199999999999996,6.397783452502545,38.85,43.199999999999996,246.75,168.0,235.0,0.3392857142857143,0.29231003039513676,1.0,0.26785714285714285,0.16785714285714284,0.6875855143425719,0.2746875956563705,0.9404705476481919,2.8329315628191862,-0.2706435137895767,3.2510316649642332,-0.007803881511750887,4.164606741573018,0.48932584269662693,4.582706843718065,1.3521654749744698,5.000806945863112,2.2150051072522956,3.0189070480081597,3.677844739530121,1.6370071501532066,5.140684371807964,0.7505822267619919,5.037814096016325,1.168682328907039,5.900653728294167,1.4822574055158242,6.397783452502545,1.4822574055158242,6.397783452502545,1.4822574055158242,6.397783452502545,1.4822574055158242,6.397783452502545,1.4822574055158242,6.397783452502545,1.4822574055158242,6.397783452502545,1.4822574055158242,6.397783452502545,1.4822574055158242,6.397783452502545,1.4822574055158242,6.397783452502545,1.4822574055158242,6.397783452502545,1.4822574055158242,6.397783452502545,left,-0.44323084709306,9.165150877636862,0.2571428571428571,,,1.0,0.0,1.0,0.0
2.25.66397484472966116002950503539482860450,/home/user/workspace/dataset_extracted/Датасет/НД_для_обучения/Исследования/2.25.66397484472966116002950503539482860450/series_001_2_CR/A2504194637 DXA/CR DXA/CR000003.dcm,1.2.643.5.1.13.13.12.2.77.8252.08021214010408050013070405100802,2,318,280,right_hip,True,1.0,Нарушение позиционирования/ротации правого бедра,,,,1.0,0.0,,,0,0.0,0,0.0,False,0.0,,,,,,,,-10.39348579370068,10.39348579370068,28.2,149.1,0.0,8.142904203977036,36.6,12.144926874144716,51.45,39.6,333.90000000000003,168.0,318.0,0.29642857142857143,0.27873989218328843,1.0,0.33214285714285713,0.16071428571428573,0.6482669577253736,0.22904602203988986,0.9631714892770742,0.5625948519565611,3.138863893074233,0.5971684294129602,3.432736158058287,1.0730986125052766,3.3531403567963194,1.7076721899616756,3.0470126217803566,2.3422457674180834,2.740884886764394,2.976819344874491,2.434757151748431,3.6113929223308983,2.728629416732485,4.687323105423206,3.2490336154705175,5.321896682879605,4.742905880454555,6.556470260336021,6.236778145438592,7.191043837792421,8.33065041042263,7.8256174152488285,10.424522675406683,7.701547598341136,12.144926874144716,7.701547598341136,12.144926874144716,7.701547598341136,12.144926874144716,7.701547598341136,12.144926874144716,7.701547598341136,12.144926874144716,7.701547598341136,12.144926874144716,7.701547598341136,12.144926874144716,7.701547598341136,12.144926874144716,right,0.5562934950027738,10.39348579370068,0.21785714285714286,1.0,0.0,,,1.0,0.0
2.25.66397484472966116002950503539482860450,/home/user/workspace/dataset_extracted/Датасет/НД_для_обучения/Исследования/2.25.66397484472966116002950503539482860450/series_001_2_CR/A2504194637 DXA/CR DXA/CR000004.dcm,1.2.643.5.1.13.13.12.2.77.8252.01011407000709010910090115010000,4,318,300,spine,True,0.0,,0.0,0.0,0.0,,,,,674,424.62,674,424.62,True,3.940950549074996,0.19571247613992945,1.0966849343413783,318.0,0.023334633030503937,0.0,0.0031446540880503146,0.5633333333333334,,,,,,,,,,,,,,,,,,,,,,,,,,,,,,,,,,,,,,,,,,,,,,,,,,,,,,,,,,,,,,,,,,,,,,,
2.25.66397484472966116002950503539482860450,/home/user/workspace/dataset_extracted/Датасет/НД_для_обучения/Исследования/2.25.66397484472966116002950503539482860450/series_001_2_CR/A2504194637 DXA/CR DXA/CR000005.dcm,1.2.643.5.1.13.13.12.2.77.8252.15121501030904011113060500050403,3,235,280,left_hip,True,1.0,Нарушение позиционирования/ротации левого бедра,,,,,,1.0,0.0,0,0.0,0,0.0,False,0.0,,,,,,,,-9.165150877636862,9.165150877636862,31.799999999999997,93.45,0.0,5.105331971399374,43.199999999999996,6.397783452502545,38.85,43.199999999999996,246.75,168.0,235.0,0.3392857142857143,0.29231003039513676,1.0,0.26785714285714285,0.16785714285714284,0.6875855143425719,0.2746875956563705,0.9404705476481919,2.8329315628191862,-0.2706435137895767,3.2510316649642332,-0.007803881511750887,4.164606741573018,0.48932584269662693,4.582706843718065,1.3521654749744698,5.000806945863112,2.2150051072522956,3.0189070480081597,3.677844739530121,1.6370071501532066,5.140684371807964,0.7505822267619919,5.037814096016325,1.168682328907039,5.900653728294167,1.4822574055158242,6.397783452502545,1.4822574055158242,6.397783452502545,1.4822574055158242,6.397783452502545,1.4822574055158242,6.397783452502545,1.4822574055158242,6.397783452502545,1.4822574055158242,6.397783452502545,1.4822574055158242,6.397783452502545,1.4822574055158242,6.397783452502545,1.4822574055158242,6.397783452502545,1.4822574055158242,6.397783452502545,1.4822574055158242,6.397783452502545,left,-0.44323084709306,9.165150877636862,0.2571428571428571,,,1.0,0.0,1.0,0.0
2.25.66397484472966116002950503539482860450,/home/user/workspace/dataset_extracted/Датасет/НД_для_обучения/Исследования/2.25.66397484472966116002950503539482860450/series_001_2_CR/A2504194637 DXA/CR DXA/CR000006.dcm,1.2.643.5.1.13.13.12.2.77.8252.10040310131315131311011115051512,13,318,280,right_hip,True,1.0,Нарушение позиционирования/ротации правого бедра,,,,1.0,0.0,,,0,0.0,0,0.0,False,0.0,,,,,,,,-10.39348579370068,10.39348579370068,28.2,149.1,0.0,8.142904203977036,36.6,12.144926874144716,51.45,39.6,333.90000000000003,168.0,318.0,0.29642857142857143,0.27873989218328843,1.0,0.33214285714285713,0.16071428571428573,0.6482669577253736,0.22904602203988986,0.9631714892770742,0.5625948519565611,3.138863893074233,0.5971684294129602,3.432736158058287,1.0730986125052766,3.3531403567963194,1.7076721899616756,3.0470126217803566,2.3422457674180834,2.740884886764394,2.976819344874491,2.434757151748431,3.6113929223308983,2.728629416732485,4.687323105423206,3.2490336154705175,5.321896682879605,4.742905880454555,6.556470260336021,6.236778145438592,7.191043837792421,8.33065041042263,7.8256174152488285,10.424522675406683,7.701547598341136,12.144926874144716,7.701547598341136,12.144926874144716,7.701547598341136,12.144926874144716,7.701547598341136,12.144926874144716,7.701547598341136,12.144926874144716,7.701547598341136,12.144926874144716,7.701547598341136,12.144926874144716,7.701547598341136,12.144926874144716,right,0.5562934950027738,10.39348579370068,0.21785714285714286,1.0,0.0,,,1.0,0.0
2.25.66397484472966116002950503539482860450,/home/user/workspace/dataset_extracted/Датасет/НД_для_обучения/Исследования/2.25.66397484472966116002950503539482860450/series_001_2_CR/A2504194637 DXA/CR DXA/CR000007.dcm,1.2.643.5.1.13.13.12.2.77.8252.13130501101110040009090201091209,11,318,280,right_hip,True,1.0,Нарушение позиционирования/ротации правого бедра,,,,1.0,0.0,,,0,0.0,0,0.0,False,0.0,,,,,,,,-10.39348579370068,10.39348579370068,28.2,149.1,0.0,8.142904203977036,36.6,12.144926874144716,51.45,39.6,333.90000000000003,168.0,318.0,0.29642857142857143,0.27873989218328843,1.0,0.33214285714285713,0.16071428571428573,0.6482669577253736,0.22904602203988986,0.9631714892770742,0.5625948519565611,3.138863893074233,0.5971684294129602,3.432736158058287,1.0730986125052766,3.3531403567963194,1.7076721899616756,3.0470126217803566,2.3422457674180834,2.740884886764394,2.976819344874491,2.434757151748431,3.6113929223308983,2.728629416732485,4.687323105423206,3.2490336154705175,5.321896682879605,4.742905880454555,6.556470260336021,6.236778145438592,7.191043837792421,8.33065041042263,7.8256174152488285,10.424522675406683,7.701547598341136,12.144926874144716,7.701547598341136,12.144926874144716,7.701547598341136,12.144926874144716,7.701547598341136,12.144926874144716,7.701547598341136,12.144926874144716,7.701547598341136,12.144926874144716,7.701547598341136,12.144926874144716,7.701547598341136,12.144926874144716,right,0.5562934950027738,10.39348579370068,0.21785714285714286,1.0,0.0,,,1.0,0.0
2.25.66397484472966116002950503539482860450,/home/user/workspace/dataset_extracted/Датасет/НД_для_обучения/Исследования/2.25.66397484472966116002950503539482860450/series_001_2_CR/A2504194637 DXA/CR DXA/CR000008.dcm,1.2.643.5.1.13.13.12.2.77.8252.15080405040711111211130015010914,9,318,300,spine,True,0.0,,0.0,0.0,0.0,,,,,674,424.62,674,424.62,True,3.940950549074996,0.19571247613992945,1.0966849343413783,318.0,0.023334633030503937,0.0,0.0031446540880503146,0.5633333333333334,,,,,,,,,,,,,,,,,,,,,,,,,,,,,,,,,,,,,,,,,,,,,,,,,,,,,,,,,,,,,,,,,,,,,,,
2.25.66397484472966116002950503539482860450,/home/user/workspace/dataset_extracted/Датасет/НД_для_обучения/Исследования/2.25.66397484472966116002950503539482860450/series_001_2_CR/A2504194637 DXA/CR DXA/CR000009.dcm,1.2.643.5.1.13.13.12.2.77.8252.00121200081108110912041503010000,1,318,300,spine,True,0.0,,0.0,0.0,0.0,,,,,674,424.62,674,424.62,True,3.940950549074996,0.19571247613992945,1.0966849343413783,318.0,0.023334633030503937,0.0,0.0031446540880503146,0.5633333333333334,,,,,,,,,,,,,,,,,,,,,,,,,,,,,,,,,,,,,,,,,,,,,,,,,,,,,,,,,,,,,,,,,,,,,,,
2.25.66397484472966116002950503539482860450,/home/user/workspace/dataset_extracted/Датасет/НД_для_обучения/Исследования/2.25.66397484472966116002950503539482860450/series_001_2_CR/A2504194637 DXA/CR DXA/CR000010.dcm,1.2.643.5.1.13.13.12.2.77.8252.10080308141508151114100414150301,5,318,280,right_hip,True,1.0,Нарушение позиционирования/ротации правого бедра,,,,1.0,0.0,,,0,0.0,0,0.0,False,0.0,,,,,,,,-10.39348579370068,10.39348579370068,28.2,149.1,0.0,8.142904203977036,36.6,12.144926874144716,51.45,39.6,333.90000000000003,168.0,318.0,0.29642857142857143,0.27873989218328843,1.0,0.33214285714285713,0.16071428571428573,0.6482669577253736,0.22904602203988986,0.9631714892770742,0.5625948519565611,3.138863893074233,0.5971684294129602,3.432736158058287,1.0730986125052766,3.3531403567963194,1.7076721899616756,3.0470126217803566,2.3422457674180834,2.740884886764394,2.976819344874491,2.434757151748431,3.6113929223308983,2.728629416732485,4.687323105423206,3.2490336154705175,5.321896682879605,4.742905880454555,6.556470260336021,6.236778145438592,7.191043837792421,8.33065041042263,7.8256174152488285,10.424522675406683,7.701547598341136,12.144926874144716,7.701547598341136,12.144926874144716,7.701547598341136,12.144926874144716,7.701547598341136,12.144926874144716,7.701547598341136,12.144926874144716,7.701547598341136,12.144926874144716,7.701547598341136,12.144926874144716,7.701547598341136,12.144926874144716,right,0.5562934950027738,10.39348579370068,0.21785714285714286,1.0,0.0,,,1.0,0.0
2.25.73070100851377917031356937075051545239,/home/user/workspace/dataset_extracted/Датасет/НД_для_обучения/Исследования/2.25.73070100851377917031356937075051545239/series_002_2_CR/A2504239110 DXA/CR DXA/CR000000.dcm,1.2.643.5.1.13.13.12.2.77.8252.00031305050707070014000611130907,4,233,280,left_hip,True,1.0,Нарушение позиционирования/ротации левого бедра,,,,,,1.0,0.0,0,0.0,0,0.0,False,0.0,,,,,,,,-1.0926113043733732,1.0926113043733732,27.0,72.45,0.0,-11.645268542199497,47.4,12.387723785166258,54.6,8.4,244.65,168.0,233.0,0.36428571428571427,0.18536174126302882,1.0,0.21428571428571427,0.14642857142857144,0.5643390191726495,0.17473776082858775,0.9662362058237357,-11.718465473145784,1.081329923273671,-11.816061381074173,1.4235294117647241,-11.889258312020468,1.8301790281330055,-19.786854219948854,2.172378516624059,-21.084450127877243,2.514578005115112,-21.78204603580563,2.856777493606148,-22.47964194373402,3.1989769820972014,-22.552838874680315,3.6056265984655,-22.050434782608704,5.1478260869565355,-21.548030690537093,6.090025575447589,-21.64562659846548,7.632225063938642,-22.343222506393868,9.174424552429695,-30.0,10.716624040920749,-30.0,12.387723785166258,-30.0,12.387723785166258,-30.0,12.387723785166258,-30.0,12.387723785166258,-30.0,12.387723785166258,-30.0,12.387723785166258,-30.0,12.387723785166258,left,-0.4265398444297629,1.0926113043733732,0.28214285714285714,,,1.0,0.0,1.0,0.0
2.25.73070100851377917031356937075051545239,/home/user/workspace/dataset_extracted/Датасет/НД_для_обучения/Исследования/2.25.73070100851377917031356937075051545239/series_002_2_CR/A2504239110 DXA/CR DXA/CR000001.dcm,1.2.643.5.1.13.13.12.2.77.8252.09110310111109140609041514031010,5,233,280,right_hip,True,1.0,Нарушение позиционирования/ротации правого бедра,,,,1.0,0.0,,,0,0.0,0,0.0,False,0.0,,,,,,,,-8.199841574904747,8.199841574904747,25.2,72.45,0.0,-2.7639166971136544,58.199999999999996,9.03894775301427,43.050000000000004,6.6,244.65,168.0,233.0,0.4303571428571429,0.175,1.0,0.21071428571428572,0.15,0.5367352424112887,0.16761395582349353,0.9615229086425473,-5.797194008038013,0.6949799050054878,-5.452276214833767,1.0294629156010215,-4.743587869930596,1.4303251735476805,-4.398670076726359,1.7648081841432315,-4.05375228352213,2.0992911947387825,-3.1088344903178835,3.0337742053343164,-2.7639166971136544,3.9682572159298672,-5.055228352210475,4.969119473876526,-11.310310559006245,6.50360248447206,-11.565392765801999,8.03808549506761,-11.456704420898818,9.03894775301427,-11.456704420898818,9.03894775301427,-11.456704420898818,9.03894775301427,-11.456704420898818,9.03894775301427,-11.456704420898818,9.03894775301427,-11.456704420898818,9.03894775301427,-11.456704420898818,9.03894775301427,-11.456704420898818,9.03894775301427,-11.456704420898818,9.03894775301427,-11.456704420898818,9.03894775301427,right,0.3829193748125719,8.199841574904747,0.3464285714285714,1.0,0.0,,,1.0,0.0
2.25.73070100851377917031356937075051545239,/home/user/workspace/dataset_extracted/Датасет/НД_для_обучения/Исследования/2.25.73070100851377917031356937075051545239/series_002_2_CR/A2504239110 DXA/CR DXA/CR000002.dcm,1.2.643.5.1.13.13.12.2.77.8252.03041015000108071402071509131313,3,287,300,spine,True,1.0,Нарушение оси позвоночника (отклонение более 5 градусов),0.0,1.0,0.0,,,,,179,112.77,179,112.77,True,3.6103370121150413,2.7131102225688646,0.062285594707800485,287.0,-0.022323630887707016,0.0,0.003484320557491289,0.33,,,,,,,,,,,,,,,,,,,,,,,,,,,,,,,,,,,,,,,,,,,,,,,,,,,,,,,,,,,,,,,,,,,,,,,
2.25.73070100851377917031356937075051545239,/home/user/workspace/dataset_extracted/Датасет/НД_для_обучения/Исследования/2.25.73070100851377917031356937075051545239/series_002_2_CR/A2504239110 DXA/CR DXA/CR000003.dcm,1.2.643.5.1.13.13.12.2.77.8252.07150604010711031305090702140107,1,287,300,spine,True,1.0,Нарушение оси позвоночника (отклонение более 5 градусов),0.0,1.0,0.0,,,,,179,112.77,179,112.77,True,3.6103370121150413,2.7131102225688646,0.062285594707800485,287.0,-0.022323630887707016,0.0,0.003484320557491289,0.33,,,,,,,,,,,,,,,,,,,,,,,,,,,,,,,,,,,,,,,,,,,,,,,,,,,,,,,,,,,,,,,,,,,,,,,
2.25.73070100851377917031356937075051545239,/home/user/workspace/dataset_extracted/Датасет/НД_для_обучения/Исследования/2.25.73070100851377917031356937075051545239/series_002_2_CR/A2504239110 DXA/CR DXA/CR000004.dcm,1.2.643.5.1.13.13.12.2.77.8252.13090506040311041500070413151313,6,233,280,left_hip,True,1.0,Нарушение позиционирования/ротации левого бедра,,,,,,1.0,0.0,0,0.0,0,0.0,False,0.0,,,,,,,,-1.0926113043733732,1.0926113043733732,27.0,72.45,0.0,-11.645268542199497,47.4,12.387723785166258,54.6,8.4,244.65,168.0,233.0,0.36428571428571427,0.18536174126302882,1.0,0.21428571428571427,0.14642857142857144,0.5643390191726495,0.17473776082858775,0.9662362058237357,-11.718465473145784,1.081329923273671,-11.816061381074173,1.4235294117647241,-11.889258312020468,1.8301790281330055,-19.786854219948854,2.172378516624059,-21.084450127877243,2.514578005115112,-21.78204603580563,2.856777493606148,-22.47964194373402,3.1989769820972014,-22.552838874680315,3.6056265984655,-22.050434782608704,5.1478260869565355,-21.548030690537093,6.090025575447589,-21.64562659846548,7.632225063938642,-22.343222506393868,9.174424552429695,-30.0,10.716624040920749,-30.0,12.387723785166258,-30.0,12.387723785166258,-30.0,12.387723785166258,-30.0,12.387723785166258,-30.0,12.387723785166258,-30.0,12.387723785166258,-30.0,12.387723785166258,left,-0.4265398444297629,1.0926113043733732,0.28214285714285714,,,1.0,0.0,1.0,0.0
2.25.73070100851377917031356937075051545239,/home/user/workspace/dataset_extracted/Датасет/НД_для_обучения/Исследования/2.25.73070100851377917031356937075051545239/series_002_2_CR/A2504239110 DXA/CR DXA/CR000005.dcm,1.2.643.5.1.13.13.12.2.77.8252.12110509121413070408000802041201,8,233,280,right_hip,True,1.0,Нарушение позиционирования/ротации правого бедра,,,,1.0,0.0,,,0,0.0,0,0.0,False,0.0,,,,,,,,-8.199841574904747,8.199841574904747,25.2,72.45,0.0,-2.7639166971136544,58.199999999999996,9.03894775301427,43.050000000000004,6.6,244.65,168.0,233.0,0.4303571428571429,0.175,1.0,0.21071428571428572,0.15,0.5367352424112887,0.16761395582349353,0.9615229086425473,-5.797194008038013,0.6949799050054878,-5.452276214833767,1.0294629156010215,-4.743587869930596,1.4303251735476805,-4.398670076726359,1.7648081841432315,-4.05375228352213,2.0992911947387825,-3.1088344903178835,3.0337742053343164,-2.7639166971136544,3.9682572159298672,-5.055228352210475,4.969119473876526,-11.310310559006245,6.50360248447206,-11.565392765801999,8.03808549506761,-11.456704420898818,9.03894775301427,-11.456704420898818,9.03894775301427,-11.456704420898818,9.03894775301427,-11.456704420898818,9.03894775301427,-11.456704420898818,9.03894775301427,-11.456704420898818,9.03894775301427,-11.456704420898818,9.03894775301427,-11.456704420898818,9.03894775301427,-11.456704420898818,9.03894775301427,-11.456704420898818,9.03894775301427,right,0.3829193748125719,8.199841574904747,0.3464285714285714,1.0,0.0,,,1.0,0.0
2.25.76710355977373089612172037086913478687,/home/user/workspace/dataset_extracted/Датасет/НД_для_обучения/Исследования/2.25.76710355977373089612172037086913478687/series_002_3_CR/A2504104830 DXA/CR DXA/CR000000.dcm,1.2.643.5.1.13.13.12.2.77.8252.14130302090906050506100315000611,3,265,280,right_hip,True,0.0,,,,,0.0,0.0,,,0,0.0,0,0.0,False,0.0,,,,,,,,-5.291294476499299,5.291294476499299,33.0,116.55000000000001,0.0,-4.592235872235887,66.0,8.318223938223968,11.55,36.0,278.25,168.0,265.0,0.48035714285714287,0.2692587601078167,1.0,0.35,0.15714285714285714,0.6017215656246542,0.18389618529648008,0.9550076110907968,-13.614696384696398,3.1320568620568907,-13.64464373464375,5.324152334152359,-13.667104247104263,8.318223938223968,-13.667104247104263,8.318223938223968,-13.667104247104263,8.318223938223968,-13.667104247104263,8.318223938223968,-13.667104247104263,8.318223938223968,-13.667104247104263,8.318223938223968,-13.667104247104263,8.318223938223968,-13.667104247104263,8.318223938223968,-13.667104247104263,8.318223938223968,-13.667104247104263,8.318223938223968,-13.667104247104263,8.318223938223968,-13.667104247104263,8.318223938223968,-13.667104247104263,8.318223938223968,-13.667104247104263,8.318223938223968,-13.667104247104263,8.318223938223968,-13.667104247104263,8.318223938223968,-13.667104247104263,8.318223938223968,-13.667104247104263,8.318223938223968,right,0.9209831770200896,5.291294476499299,0.39285714285714285,0.0,0.0,,,0.0,0.0
2.25.76710355977373089612172037086913478687,/home/user/workspace/dataset_extracted/Датасет/НД_для_обучения/Исследования/2.25.76710355977373089612172037086913478687/series_002_3_CR/A2504104830 DXA/CR DXA/CR000001.dcm,1.2.643.5.1.13.13.12.2.77.8252.06151311061015011100110511080701,1,318,300,spine,True,0.0,,0.0,0.0,0.0,,,,,1090,686.7,1090,686.7,True,4.845578036620742,2.0329112862472267,5.223709261722048,318.0,0.07832214452214449,0.0,0.0031446540880503146,0.6633333333333333,,,,,,,,,,,,,,,,,,,,,,,,,,,,,,,,,,,,,,,,,,,,,,,,,,,,,,,,,,,,,,,,,,,,,,,
2.25.76710355977373089612172037086913478687,/home/user/workspace/dataset_extracted/Датасет/НД_для_обучения/Исследования/2.25.76710355977373089612172037086913478687/series_002_3_CR/A2504104830 DXA/CR DXA/CR000002.dcm,1.2.643.5.1.13.13.12.2.77.8252.02050808061207030811150709091509,2,292,280,right_hip,True,0.0,,,,,0.0,0.0,,,0,0.0,0,0.0,False,0.0,,,,,,,,-1.931945350740975,1.931945350740975,24.599999999999998,63.0,18.6634709641567,2.801016949152539,28.799999999999997,20.377104751319806,140.70000000000002,1.7999999999999998,306.6,168.0,194.0,0.2517857142857143,0.25688600782778864,0.6643835616438356,0.3964285714285714,0.1357142857142857,0.5464664237784459,0.1418287291517583,0.9638176478784376,2.7863628785773784,0.4833453737149284,2.166824117810499,0.7804612392331222,2.1521700472353387,0.5532981383717697,2.1326312864684596,0.850414003889972,2.1130925257015805,1.7475298694081742,2.093553764934701,2.644645734926368,1.4740150041678177,3.5417616004445702,1.4593609335926614,4.514598499583218,1.439822172825778,5.41171436510142,1.4202834120588987,6.308830230619614,0.8007446512920197,7.205946096137816,0.7812058905251404,7.50306196165601,0.7616671297582612,8.400177827174213,0.7470130591831008,8.77301472631286,0.7274742984162216,9.670130591831063,1.3079355376493425,9.967246457349257,1.2883967768824631,11.464362322867458,1.268858016115584,12.96147818838566,1.2542039455404235,14.534315087524307,1.2346651847735444,16.6314309530425,left,-0.19979963935083156,1.931945350740975,0.1714285714285714,,,0.0,0.0,0.0,0.0
2.25.78999454687125053757525542837745968726,/home/user/workspace/dataset_extracted/Датасет/НД_для_обучения/Исследования/2.25.78999454687125053757525542837745968726/series_004_3_CR/A2504222617 DXA/CR DXA/CR000000.dcm,1.2.643.5.1.13.13.12.2.77.8252.05120913001500151408091003040415,2,265,280,left_hip,True,1.0,Нарушение позиционирования/ротации левого бедра,,,,,,1.0,0.0,0,0.0,0,0.0,False,0.0,,,,,,,,-3.645687597036514,3.645687597036514,30.299999999999997,113.4,0.0,5.115106652566982,44.4,12.32122667123953,23.1,38.4,278.25,168.0,260.0,0.3517857142857143,0.26390835579514826,0.9811320754716981,0.29285714285714287,0.16785714285714284,0.6088942643035622,0.19265320415044246,0.9572481742608533,2.660409462021377,2.5890136900168668,3.8916649994760117,4.48506101917747,5.115106652566982,5.907096516047915,-9.253637809978391,7.803143845208501,-10.422382272523764,10.899191174369088,-10.398940619432787,12.32122667123953,-10.398940619432787,12.32122667123953,-10.398940619432787,12.32122667123953,-10.398940619432787,12.32122667123953,-10.398940619432787,12.32122667123953,-10.398940619432787,12.32122667123953,-10.398940619432787,12.32122667123953,-10.398940619432787,12.32122667123953,-10.398940619432787,12.32122667123953,-10.398940619432787,12.32122667123953,-10.398940619432787,12.32122667123953,-10.398940619432787,12.32122667123953,-10.398940619432787,12.32122667123953,-10.398940619432787,12.32122667123953,-10.398940619432787,12.32122667123953,left,-0.24822877339356172,3.645687597036514,0.2642857142857143,,,1.0,0.0,1.0,0.0
2.25.78999454687125053757525542837745968726,/home/user/workspace/dataset_extracted/Датасет/НД_для_обучения/Исследования/2.25.78999454687125053757525542837745968726/series_004_3_CR/A2504222617 DXA/CR DXA/CR000001.dcm,1.2.643.5.1.13.13.12.2.77.8252.07150713040501120002001009141410,3,265,280,right_hip,True,1.0,Нарушение позиционирования/ротации правого бедра,,,,1.0,0.0,,,0,0.0,0,0.0,False,0.0,,,,,,,,-5.80026561320293,5.80026561320293,28.799999999999997,78.75,9.634480796586068,5.60624751066855,54.0,12.554890469416806,113.4,1.7999999999999998,278.25,168.0,183.0,0.4035714285714286,0.25858490566037734,0.690566037735849,0.25357142857142856,0.16785714285714284,0.6124378064634178,0.14120145519184638,0.9628432488817955,0.561246088193451,3.96712375533429,0.8751237553342719,3.427721194879086,1.110532005689896,3.023169274537696,1.424409672830717,2.483766714082509,1.738287339971538,1.9443641536273217,2.052165007112367,2.0049615931721347,2.366042674253188,2.0655590327169304,3.2014509246088036,2.26100711237554,3.515328591749633,2.9216045519203533,4.429206258890454,3.582201991465166,4.743083926031283,4.842799431009979,5.056961593172105,6.703396870554775,5.370839260312925,9.163994310099588,5.60624751066855,10.559442389758198,-6.679874822190629,-12.179960170696988,-6.365997155049809,-12.719362731152176,-7.2521194879089785,-13.85876529160738,-7.538241820768158,-15.598167852062566,-7.302833570412542,-16.002719772403957,-6.988955903271713,-16.542122332859144,right,0.538588570617281,5.80026561320293,0.32142857142857145,1.0,0.0,,,1.0,0.0
2.25.78999454687125053757525542837745968726,/home/user/workspace/dataset_extracted/Датасет/НД_для_обучения/Исследования/2.25.78999454687125053757525542837745968726/series_004_3_CR/A2504222617 DXA/CR DXA/CR000002.dcm,1.2.643.5.1.13.13.12.2.77.8252.11011500050713141305050211140308,1,318,300,spine,True,0.0,,0.0,0.0,0.0,,,,,4551,2867.13,4551,2867.13,True,5.8425091633648,1.0090810892787885,0.8982474042490813,318.0,0.0021733462237065737,0.0,0.0031446540880503146,0.38,,,,,,,,,,,,,,,,,,,,,,,,,,,,,,,,,,,,,,,,,,,,,,,,,,,,,,,,,,,,,,,,,,,,,,,
2.25.82912555346523716720160717883917565880,/home/user/workspace/dataset_extracted/Датасет/НД_для_обучения/Исследования/2.25.82912555346523716720160717883917565880/series_002_2_CR/A2504149480 DXA/CR DXA/CR000000.dcm,1.2.643.5.1.13.13.12.2.77.8252.15121403061107000609060400100413,6,263,280,right_hip,True,1.0,Нарушение позиционирования/ротации правого бедра,,,,1.0,0.0,,,0,0.0,0,0.0,False,0.0,,,,,,,,-1.1759057487067923,1.1759057487067923,27.599999999999998,97.65,7.024907642266715,7.994974784399139,37.199999999999996,10.916170809584926,98.7,3.5999999999999996,276.15000000000003,168.0,187.0,0.30178571428571427,0.24728408473655622,0.7110266159695817,0.28214285714285714,0.15714285714285714,0.5969434207410114,0.16976830443764235,0.9518215588173334,-0.17948136432814293,3.271707797439663,-0.20261406702277895,4.276154098654194,0.3800364059562398,4.729488824565086,0.35690370326160376,5.133935125779609,0.9337710005669635,4.938381426994141,1.5106382978723274,5.342827728208664,2.0875055951776913,5.7472740294231865,3.27015606815671,6.200608755334088,5.047023365462074,7.20505505654861,6.223890662767438,8.209501357763141,7.400757960072798,9.813947658977664,7.977625257378161,-5.9816060398078035,7.354492554683521,-7.97715973859328,6.737143027662545,-9.323825012682388,5.514010324967908,-11.319378711467857,4.2908776222732685,-12.114932410253333,3.6677449195786322,-12.310486109038802,2.444612216883992,-14.306039807824279,1.8272626898630149,-18.052705081913388,0.6041299871683791,-19.448258780698854,left,-0.09778121385829941,1.1759057487067923,0.2214285714285714,,,0.0,0.0,0.0,0.0
2.25.82912555346523716720160717883917565880,/home/user/workspace/dataset_extracted/Датасет/НД_для_обучения/Исследования/2.25.82912555346523716720160717883917565880/series_002_2_CR/A2504149480 DXA/CR DXA/CR000001.dcm,1.2.643.5.1.13.13.12.2.77.8252.14111212050609060202121515040103,3,291,300,spine,True,0.0,,0.0,0.0,0.0,,,,,177,111.51,177,111.51,True,3.628575315733276,1.212337487036775,0.4867173869084491,291.0,-0.007793083053168933,0.0,0.003436426116838488,0.3466666666666667,,,,,,,,,,,,,,,,,,,,,,,,,,,,,,,,,,,,,,,,,,,,,,,,,,,,,,,,,,,,,,,,,,,,,,,
2.25.82912555346523716720160717883917565880,/home/user/workspace/dataset_extracted/Датасет/НД_для_обучения/Исследования/2.25.82912555346523716720160717883917565880/series_002_2_CR/A2504149480 DXA/CR DXA/CR000002.dcm,1.2.643.5.1.13.13.12.2.77.8252.07130510130614040904060413131200,8,265,280,left_hip,True,0.0,,,,,,,0.0,0.0,0,0.0,0,0.0,False,0.0,,,,,,,,-5.181561507332124,5.181561507332124,26.4,92.4,1.4606970518826392,-13.140477616145974,34.8,17.900149695326007,63.0,12.0,278.25,168.0,265.0,0.28214285714285714,0.23088948787061994,1.0,0.2785714285714286,0.15357142857142858,0.5482155447055888,0.0970216610265242,0.9594633976696936,-17.775657778873605,2.5923831495896876,-18.66336867317109,3.9429379028565674,-18.429151843894207,4.805853967806724,-18.116862738191692,7.956408721073603,-18.404573632489186,8.106963474340484,-18.09228452678667,7.657518227607363,-18.379995421084164,7.208072980874243,-18.745778591807273,6.870989045824407,-18.433489486104765,7.021543799091288,-18.12120038040225,7.772098552358167,-17.808911274699742,8.522653305625047,-13.296622168997228,9.873208058891928,-13.584333063294713,11.223762812158807,-20.550116234017832,12.686678877108971,-30.0,14.637233630375851,-30.0,17.900149695326007,-30.0,17.900149695326007,-30.0,17.900149695326007,-30.0,17.900149695326007,-30.0,17.900149695326007,right,0.23951577271418126,5.181561507332124,0.20714285714285713,1.0,0.0,,,1.0,0.0
2.25.82912555346523716720160717883917565880,/home/user/workspace/dataset_extracted/Датасет/НД_для_обучения/Исследования/2.25.82912555346523716720160717883917565880/series_002_2_CR/A2504149480 DXA/CR DXA/CR000003.dcm,1.2.643.5.1.13.13.12.2.77.8252.06060810060308150905140912050013,4,263,280,right_hip,True,1.0,Нарушение позиционирования/ротации правого бедра,,,,1.0,0.0,,,0,0.0,0,0.0,False,0.0,,,,,,,,-1.1759057487067923,1.1759057487067923,27.599999999999998,97.65,7.024907642266715,7.994974784399139,37.199999999999996,10.916170809584926,98.7,3.5999999999999996,276.15000000000003,168.0,187.0,0.30178571428571427,0.24728408473655622,0.7110266159695817,0.28214285714285714,0.15714285714285714,0.5969434207410114,0.16976830443764235,0.9518215588173334,-0.17948136432814293,3.271707797439663,-0.20261406702277895,4.276154098654194,0.3800364059562398,4.729488824565086,0.35690370326160376,5.133935125779609,0.9337710005669635,4.938381426994141,1.5106382978723274,5.342827728208664,2.0875055951776913,5.7472740294231865,3.27015606815671,6.200608755334088,5.047023365462074,7.20505505654861,6.223890662767438,8.209501357763141,7.400757960072798,9.813947658977664,7.977625257378161,-5.9816060398078035,7.354492554683521,-7.97715973859328,6.737143027662545,-9.323825012682388,5.514010324967908,-11.319378711467857,4.2908776222732685,-12.114932410253333,3.6677449195786322,-12.310486109038802,2.444612216883992,-14.306039807824279,1.8272626898630149,-18.052705081913388,0.6041299871683791,-19.448258780698854,left,-0.09778121385829941,1.1759057487067923,0.2214285714285714,,,0.0,0.0,0.0,0.0
2.25.82912555346523716720160717883917565880,/home/user/workspace/dataset_extracted/Датасет/НД_для_обучения/Исследования/2.25.82912555346523716720160717883917565880/series_002_2_CR/A2504149480 DXA/CR DXA/CR000004.dcm,1.2.643.5.1.13.13.12.2.77.8252.13130903011502030304101506090814,5,265,280,left_hip,True,0.0,,,,,,,0.0,0.0,0,0.0,0,0.0,False,0.0,,,,,,,,-5.181561507332124,5.181561507332124,26.4,92.4,1.4606970518826392,-13.140477616145974,34.8,17.900149695326007,63.0,12.0,278.25,168.0,265.0,0.28214285714285714,0.23088948787061994,1.0,0.2785714285714286,0.15357142857142858,0.5482155447055888,0.0970216610265242,0.9594633976696936,-17.775657778873605,2.5923831495896876,-18.66336867317109,3.9429379028565674,-18.429151843894207,4.805853967806724,-18.116862738191692,7.956408721073603,-18.404573632489186,8.106963474340484,-18.09228452678667,7.657518227607363,-18.379995421084164,7.208072980874243,-18.745778591807273,6.870989045824407,-18.433489486104765,7.021543799091288,-18.12120038040225,7.772098552358167,-17.808911274699742,8.522653305625047,-13.296622168997228,9.873208058891928,-13.584333063294713,11.223762812158807,-20.550116234017832,12.686678877108971,-30.0,14.637233630375851,-30.0,17.900149695326007,-30.0,17.900149695326007,-30.0,17.900149695326007,-30.0,17.900149695326007,-30.0,17.900149695326007,right,0.23951577271418126,5.181561507332124,0.20714285714285713,1.0,0.0,,,1.0,0.0
2.25.82912555346523716720160717883917565880,/home/user/workspace/dataset_extracted/Датасет/НД_для_обучения/Исследования/2.25.82912555346523716720160717883917565880/series_002_2_CR/A2504149480 DXA/CR DXA/CR000005.dcm,1.2.643.5.1.13.13.12.2.77.8252.15001111061311011106030303001309,1,291,300,spine,True,0.0,,0.0,0.0,0.0,,,,,177,111.51,177,111.51,True,3.628575315733276,1.212337487036775,0.4867173869084491,291.0,-0.007793083053168933,0.0,0.003436426116838488,0.3466666666666667,,,,,,,,,,,,,,,,,,,,,,,,,,,,,,,,,,,,,,,,,,,,,,,,,,,,,,,,,,,,,,,,,,,,,,,
2.25.87718478011637131470224319788530286374,/home/user/workspace/dataset_extracted/Датасет/НД_для_обучения/Исследования/2.25.87718478011637131470224319788530286374/series_002_2_CR/A2504337993 DXA/CR DXA/CR000000.dcm,1.2.643.5.1.13.13.12.2.77.8252.10041006131411151513070104110809,1,289,300,spine,True,0.0,,0.0,0.0,0.0,,,,,100,63.0,100,63.0,True,4.39629660809594,0.799371688627013,0.028354434103584847,289.0,0.017614882389768334,0.0,0.0034602076124567475,0.33666666666666667,,,,,,,,,,,,,,,,,,,,,,,,,,,,,,,,,,,,,,,,,,,,,,,,,,,,,,,,,,,,,,,,,,,,,,,
2.25.87869906212286587478854831452123526595,/home/user/workspace/dataset_extracted/Датасет/НД_для_обучения/Исследования/2.25.87869906212286587478854831452123526595/series_002_2_CR/A250419699 DXA/CR DXA/CR000000.dcm,1.2.643.5.1.13.13.12.2.77.8252.06111209081313111015020309051508,3,292,280,left_hip,True,0.0,,,,,,,0.0,0.0,92,57.96,92,57.96,True,6.657595389280231,,,,,,,,-1.5471918512701825,1.5471918512701825,25.8,112.35000000000001,7.14512666784224,-0.14053958737435152,39.0,10.529036619056024,99.75,3.5999999999999996,306.6,168.0,202.0,0.30892857142857144,0.21335616438356164,0.6917808219178082,0.325,0.14285714285714285,0.5227392239135339,0.11741440079015364,0.9692369382798597,-14.221072121318983,3.1196438017986226,-14.836848292482209,4.0769823076471,-15.448680420854636,3.8949861870334472,-16.064456592017866,4.252324692881916,-16.08023276318109,4.609663198730385,-17.89600893434432,4.367001704578854,-18.511785105507546,4.724340210427322,-18.523617233879964,5.142344089813679,-17.939393405043194,5.499682595662148,-16.155169576206422,6.457021101510617,-13.170945747369649,7.414359607359085,-11.986721918532876,8.371698113207554,-12.002498089696104,10.529036619056024,-13.21433021806853,-8.85295950155763,-13.230106389231759,-11.49562099570916,-13.245882560394985,-13.538282489860691,-12.661658731558214,-14.980943984012221,-11.477434902721441,-17.623605478163753,-10.289267031093859,-19.605601598777397,-9.105043202257088,-21.64826309292893,left,-0.4596750948972433,1.5471918512701825,0.23214285714285715,,,0.0,0.0,0.0,0.0
2.25.87869906212286587478854831452123526595,/home/user/workspace/dataset_extracted/Датасет/НД_для_обучения/Исследования/2.25.87869906212286587478854831452123526595/series_002_2_CR/A250419699 DXA/CR DXA/CR000001.dcm,1.2.643.5.1.13.13.12.2.77.8252.04050904100201141507070306131511,1,317,300,spine,True,1.0,"Наличие посторонних предметов, артефактов или наложений",0.0,0.0,1.0,,,,,1267,798.21,1267,798.21,True,4.371096948064843,2.9339504703424386,0.12905627814376475,317.0,-0.052020089285714256,0.0,0.0031545741324921135,0.35,,,,,,,,,,,,,,,,,,,,,,,,,,,,,,,,,,,,,,,,,,,,,,,,,,,,,,,,,,,,,,,,,,,,,,,
2.25.87869906212286587478854831452123526595,/home/user/workspace/dataset_extracted/Датасет/НД_для_обучения/Исследования/2.25.87869906212286587478854831452123526595/series_002_2_CR/A250419699 DXA/CR DXA/CR000002.dcm,1.2.643.5.1.13.13.12.2.77.8252.15101115041306031303150405131115,2,291,280,left_hip,True,0.0,,,,,,,0.0,0.0,0,0.0,0,0.0,False,0.0,,,,,,,,-4.8035451246761225,4.8035451246761225,25.2,123.9,0.0,0.6678645382533546,36.0,11.508958837772422,54.6,12.6,305.55,168.0,286.0,0.28214285714285714,0.19729995090819832,0.9828178694158075,0.18928571428571428,0.1357142857142857,0.5392165416425484,0.11907354682053875,0.9664218746111197,-15.422482004535858,2.947969278976268,-16.40317509011429,3.661385075542614,-16.838694904298112,4.496446922967373,-17.819387989876542,5.80986271953372,-19.40008107545497,5.323278516100066,-19.7807741610334,4.836694312666412,-19.56146724661183,4.950110109232758,-19.396987060795656,5.185171956657518,-17.977680146374084,5.298587753223864,-13.558373231952512,6.012003549790202,-13.33906631753095,7.325419346356548,-13.719759403109379,8.638835142922902,-14.700452488687807,9.952250939489248,-30.0,11.508958837772422,-30.0,11.508958837772422,-30.0,11.508958837772422,-30.0,11.508958837772422,-30.0,11.508958837772422,-30.0,11.508958837772422,-30.0,11.508958837772422,right,0.2794469529451059,4.8035451246761225,0.21428571428571427,0.0,0.0,,,0.0,0.0
2.25.91981043841368764114007975581101713077,/home/user/workspace/dataset_extracted/Датасет/НД_для_обучения/Исследования/2.25.91981043841368764114007975581101713077/series_003_2_CR/A250496619 DXA/CR DXA/CR000000.dcm,1.2.643.5.1.13.13.12.2.77.8252.08061201060114131102110802141411,3,292,280,left_hip,True,0.0,,,,,,,0.0,0.0,0,0.0,0,0.0,False,0.0,,,,,,,,-1.4741522991830684,1.4741522991830684,30.0,91.35000000000001,0.0,-15.562469927826827,56.4,18.753014507545448,74.55,19.2,306.6,168.0,292.0,0.4303571428571429,0.27080479452054795,1.0,0.425,0.16428571428571428,0.5520404766876162,0.12383139815038857,0.9517521923459815,-19.18107093387771,1.7892797258876385,-19.205872275278896,2.1483086680761514,-19.22447328132978,3.167580374717545,-19.249274622730955,3.5266093169060753,-19.274075964132138,3.8856382590946055,-19.29887730553332,4.244667201283136,-19.323678646934496,4.603696143471666,-18.74227965298539,4.422967850113059,-18.167080994386563,4.781996792301572,-18.791882335787747,5.1410257344901025,-19.41668367718893,6.100054676678632,-19.441485018590104,7.059083618867163,-19.46628635999129,8.018112561055675,-18.88488736604217,9.03738426769707,-18.309688707443357,10.596413209885599,-18.334490048844533,12.15544215207413,-20.159291390245716,14.914471094262659,-20.1840927316469,17.673500036451173,-24.99649340234749,18.753014507545448,-24.99649340234749,18.753014507545448,left,-0.6460564432884474,1.4741522991830684,0.3357142857142857,,,0.0,0.0,0.0,0.0
2.25.91981043841368764114007975581101713077,/home/user/workspace/dataset_extracted/Датасет/НД_для_обучения/Исследования/2.25.91981043841368764114007975581101713077/series_003_2_CR/A250496619 DXA/CR DXA/CR000001.dcm,1.2.643.5.1.13.13.12.2.77.8252.04141409090807040100020211061514,6,292,280,left_hip,True,0.0,,,,,,,0.0,0.0,0,0.0,0,0.0,False,0.0,,,,,,,,-1.4741522991830684,1.4741522991830684,30.0,91.35000000000001,0.0,-15.562469927826827,56.4,18.753014507545448,74.55,19.2,306.6,168.0,292.0,0.4303571428571429,0.27080479452054795,1.0,0.425,0.16428571428571428,0.5520404766876162,0.12383139815038857,0.9517521923459815,-19.18107093387771,1.7892797258876385,-19.205872275278896,2.1483086680761514,-19.22447328132978,3.167580374717545,-19.249274622730955,3.5266093169060753,-19.274075964132138,3.8856382590946055,-19.29887730553332,4.244667201283136,-19.323678646934496,4.603696143471666,-18.74227965298539,4.422967850113059,-18.167080994386563,4.781996792301572,-18.791882335787747,5.1410257344901025,-19.41668367718893,6.100054676678632,-19.441485018590104,7.059083618867163,-19.46628635999129,8.018112561055675,-18.88488736604217,9.03738426769707,-18.309688707443357,10.596413209885599,-18.334490048844533,12.15544215207413,-20.159291390245716,14.914471094262659,-20.1840927316469,17.673500036451173,-24.99649340234749,18.753014507545448,-24.99649340234749,18.753014507545448,left,-0.6460564432884474,1.4741522991830684,0.3357142857142857,,,0.0,0.0,0.0,0.0
2.25.91981043841368764114007975581101713077,/home/user/workspace/dataset_extracted/Датасет/НД_для_обучения/Исследования/2.25.91981043841368764114007975581101713077/series_003_2_CR/A250496619 DXA/CR DXA/CR000002.dcm,1.2.643.5.1.13.13.12.2.77.8252.04000607141411061507120106050309,5,294,280,right_hip,True,0.0,,,,,0.0,0.0,,,0,0.0,0,0.0,False,0.0,,,,,,,,-3.2016889678043534,3.2016889678043534,30.0,92.4,0.0,-12.432327145926502,54.6,18.278042337360414,81.9,12.6,308.7,168.0,294.0,0.41964285714285715,0.22920310981535472,1.0,0.32857142857142857,0.16428571428571428,0.5033547877171947,0.10019588078146797,0.9531934919805624,-15.90387798950369,1.1117361135571002,-15.646979676658074,1.498753125990612,-16.054305942023856,2.5390158853157456,-15.79740762917824,2.9260328977492747,-16.740509316332616,3.9130499101827865,-18.283611003486993,4.300066922616298,-18.626712690641376,4.087083935049827,-19.63403895600716,4.527346694374961,-19.977140643161537,4.914363706808473,-19.72024233031592,5.301380719242002,-19.463344017470295,5.688397731675513,-19.206445704624674,6.075414744109025,-19.549547391779058,7.062431756542537,-21.15687365714484,8.102694515867688,-22.099975344299224,9.6897115283012,-24.8430770314536,11.27672854073471,-26.986178718607977,12.86374555316824,-28.52928040576236,14.450762565601751,-28.936606671128143,16.091025324926886,-30.0,18.278042337360414,right,0.5765998134040176,3.2016889678043534,0.325,0.0,0.0,,,0.0,0.0
2.25.91981043841368764114007975581101713077,/home/user/workspace/dataset_extracted/Датасет/НД_для_обучения/Исследования/2.25.91981043841368764114007975581101713077/series_003_2_CR/A250496619 DXA/CR DXA/CR000003.dcm,1.2.643.5.1.13.13.12.2.77.8252.03130309141409040708100214070815,8,292,280,left_hip,True,0.0,,,,,,,0.0,0.0,0,0.0,0,0.0,False,0.0,,,,,,,,-1.4741522991830684,1.4741522991830684,30.0,91.35000000000001,0.0,-15.562469927826827,56.4,18.753014507545448,74.55,19.2,306.6,168.0,292.0,0.4303571428571429,0.27080479452054795,1.0,0.425,0.16428571428571428,0.5520404766876162,0.12383139815038857,0.9517521923459815,-19.18107093387771,1.7892797258876385,-19.205872275278896,2.1483086680761514,-19.22447328132978,3.167580374717545,-19.249274622730955,3.5266093169060753,-19.274075964132138,3.8856382590946055,-19.29887730553332,4.244667201283136,-19.323678646934496,4.603696143471666,-18.74227965298539,4.422967850113059,-18.167080994386563,4.781996792301572,-18.791882335787747,5.1410257344901025,-19.41668367718893,6.100054676678632,-19.441485018590104,7.059083618867163,-19.46628635999129,8.018112561055675,-18.88488736604217,9.03738426769707,-18.309688707443357,10.596413209885599,-18.334490048844533,12.15544215207413,-20.159291390245716,14.914471094262659,-20.1840927316469,17.673500036451173,-24.99649340234749,18.753014507545448,-24.99649340234749,18.753014507545448,left,-0.6460564432884474,1.4741522991830684,0.3357142857142857,,,0.0,0.0,0.0,0.0
2.25.91981043841368764114007975581101713077,/home/user/workspace/dataset_extracted/Датасет/НД_для_обучения/Исследования/2.25.91981043841368764114007975581101713077/series_003_2_CR/A250496619 DXA/CR DXA/CR000004.dcm,1.2.643.5.1.13.13.12.2.77.8252.07021003040810040809000711080701,12,318,300,spine,True,1.0,Нарушение укладки поясничного отдела позвоночника,1.0,0.0,0.0,,,,,360,226.8,360,226.8,True,3.729622282034287,0.5158170386904525,0.9892649578845814,318.0,-0.032611725063536975,0.0,0.0031446540880503146,0.3566666666666667,,,,,,,,,,,,,,,,,,,,,,,,,,,,,,,,,,,,,,,,,,,,,,,,,,,,,,,,,,,,,,,,,,,,,,,
2.25.91981043841368764114007975581101713077,/home/user/workspace/dataset_extracted/Датасет/НД_для_обучения/Исследования/2.25.91981043841368764114007975581101713077/series_003_2_CR/A250496619 DXA/CR DXA/CR000005.dcm,1.2.643.5.1.13.13.12.2.77.8252.04111101091200130111070203120509,2,294,280,right_hip,True,0.0,,,,,0.0,0.0,,,0,0.0,0,0.0,False,0.0,,,,,,,,-3.2016889678043534,3.2016889678043534,30.0,92.4,0.0,-12.432327145926502,54.6,18.278042337360414,81.9,12.6,308.7,168.0,294.0,0.41964285714285715,0.22920310981535472,1.0,0.32857142857142857,0.16428571428571428,0.5033547877171947,0.10019588078146797,0.9531934919805624,-15.90387798950369,1.1117361135571002,-15.646979676658074,1.498753125990612,-16.054305942023856,2.5390158853157456,-15.79740762917824,2.9260328977492747,-16.740509316332616,3.9130499101827865,-18.283611003486993,4.300066922616298,-18.626712690641376,4.087083935049827,-19.63403895600716,4.527346694374961,-19.977140643161537,4.914363706808473,-19.72024233031592,5.301380719242002,-19.463344017470295,5.688397731675513,-19.206445704624674,6.075414744109025,-19.549547391779058,7.062431756542537,-21.15687365714484,8.102694515867688,-22.099975344299224,9.6897115283012,-24.8430770314536,11.27672854073471,-26.986178718607977,12.86374555316824,-28.52928040576236,14.450762565601751,-28.936606671128143,16.091025324926886,-30.0,18.278042337360414,right,0.5765998134040176,3.2016889678043534,0.325,0.0,0.0,,,0.0,0.0
2.25.91981043841368764114007975581101713077,/home/user/workspace/dataset_extracted/Датасет/НД_для_обучения/Исследования/2.25.91981043841368764114007975581101713077/series_003_2_CR/A250496619 DXA/CR DXA/CR000006.dcm,1.2.643.5.1.13.13.12.2.77.8252.04141300131506141004121211120710,7,294,280,right_hip,True,0.0,,,,,0.0,0.0,,,0,0.0,0,0.0,False,0.0,,,,,,,,-3.2016889678043534,3.2016889678043534,30.0,92.4,0.0,-12.432327145926502,54.6,18.278042337360414,81.9,12.6,308.7,168.0,294.0,0.41964285714285715,0.22920310981535472,1.0,0.32857142857142857,0.16428571428571428,0.5033547877171947,0.10019588078146797,0.9531934919805624,-15.90387798950369,1.1117361135571002,-15.646979676658074,1.498753125990612,-16.054305942023856,2.5390158853157456,-15.79740762917824,2.9260328977492747,-16.740509316332616,3.9130499101827865,-18.283611003486993,4.300066922616298,-18.626712690641376,4.087083935049827,-19.63403895600716,4.527346694374961,-19.977140643161537,4.914363706808473,-19.72024233031592,5.301380719242002,-19.463344017470295,5.688397731675513,-19.206445704624674,6.075414744109025,-19.549547391779058,7.062431756542537,-21.15687365714484,8.102694515867688,-22.099975344299224,9.6897115283012,-24.8430770314536,11.27672854073471,-26.986178718607977,12.86374555316824,-28.52928040576236,14.450762565601751,-28.936606671128143,16.091025324926886,-30.0,18.278042337360414,right,0.5765998134040176,3.2016889678043534,0.325,0.0,0.0,,,0.0,0.0
2.25.91981043841368764114007975581101713077,/home/user/workspace/dataset_extracted/Датасет/НД_для_обучения/Исследования/2.25.91981043841368764114007975581101713077/series_003_2_CR/A250496619 DXA/CR DXA/CR000007.dcm,1.2.643.5.1.13.13.12.2.77.8252.09031306140406050914091115001515,13,294,280,right_hip,True,0.0,,,,,0.0,0.0,,,0,0.0,0,0.0,False,0.0,,,,,,,,-3.2016889678043534,3.2016889678043534,30.0,92.4,0.0,-12.432327145926502,54.6,18.278042337360414,81.9,12.6,308.7,168.0,294.0,0.41964285714285715,0.22920310981535472,1.0,0.32857142857142857,0.16428571428571428,0.5033547877171947,0.10019588078146797,0.9531934919805624,-15.90387798950369,1.1117361135571002,-15.646979676658074,1.498753125990612,-16.054305942023856,2.5390158853157456,-15.79740762917824,2.9260328977492747,-16.740509316332616,3.9130499101827865,-18.283611003486993,4.300066922616298,-18.626712690641376,4.087083935049827,-19.63403895600716,4.527346694374961,-19.977140643161537,4.914363706808473,-19.72024233031592,5.301380719242002,-19.463344017470295,5.688397731675513,-19.206445704624674,6.075414744109025,-19.549547391779058,7.062431756542537,-21.15687365714484,8.102694515867688,-22.099975344299224,9.6897115283012,-24.8430770314536,11.27672854073471,-26.986178718607977,12.86374555316824,-28.52928040576236,14.450762565601751,-28.936606671128143,16.091025324926886,-30.0,18.278042337360414,right,0.5765998134040176,3.2016889678043534,0.325,0.0,0.0,,,0.0,0.0
2.25.91981043841368764114007975581101713077,/home/user/workspace/dataset_extracted/Датасет/НД_для_обучения/Исследования/2.25.91981043841368764114007975581101713077/series_003_2_CR/A250496619 DXA/CR DXA/CR000008.dcm,1.2.643.5.1.13.13.12.2.77.8252.03070910041410130909021014090904,14,292,280,left_hip,True,0.0,,,,,,,0.0,0.0,0,0.0,0,0.0,False,0.0,,,,,,,,-1.4741522991830684,1.4741522991830684,30.0,91.35000000000001,0.0,-15.562469927826827,56.4,18.753014507545448,74.55,19.2,306.6,168.0,292.0,0.4303571428571429,0.27080479452054795,1.0,0.425,0.16428571428571428,0.5520404766876162,0.12383139815038857,0.9517521923459815,-19.18107093387771,1.7892797258876385,-19.205872275278896,2.1483086680761514,-19.22447328132978,3.167580374717545,-19.249274622730955,3.5266093169060753,-19.274075964132138,3.8856382590946055,-19.29887730553332,4.244667201283136,-19.323678646934496,4.603696143471666,-18.74227965298539,4.422967850113059,-18.167080994386563,4.781996792301572,-18.791882335787747,5.1410257344901025,-19.41668367718893,6.100054676678632,-19.441485018590104,7.059083618867163,-19.46628635999129,8.018112561055675,-18.88488736604217,9.03738426769707,-18.309688707443357,10.596413209885599,-18.334490048844533,12.15544215207413,-20.159291390245716,14.914471094262659,-20.1840927316469,17.673500036451173,-24.99649340234749,18.753014507545448,-24.99649340234749,18.753014507545448,left,-0.6460564432884474,1.4741522991830684,0.3357142857142857,,,0.0,0.0,0.0,0.0
2.25.91981043841368764114007975581101713077,/home/user/workspace/dataset_extracted/Датасет/НД_для_обучения/Исследования/2.25.91981043841368764114007975581101713077/series_003_2_CR/A250496619 DXA/CR DXA/CR000009.dcm,1.2.643.5.1.13.13.12.2.77.8252.01031400050508070812091015000904,4,318,300,spine,True,1.0,Нарушение укладки поясничного отдела позвоночника,1.0,0.0,0.0,,,,,360,226.8,360,226.8,True,3.729622282034287,0.5158170386904525,0.9892649578845814,318.0,-0.032611725063536975,0.0,0.0031446540880503146,0.3566666666666667,,,,,,,,,,,,,,,,,,,,,,,,,,,,,,,,,,,,,,,,,,,,,,,,,,,,,,,,,,,,,,,,,,,,,,,
2.25.91981043841368764114007975581101713077,/home/user/workspace/dataset_extracted/Датасет/НД_для_обучения/Исследования/2.25.91981043841368764114007975581101713077/series_003_2_CR/A250496619 DXA/CR DXA/CR000010.dcm,1.2.643.5.1.13.13.12.2.77.8252.07120905081404061009060805020905,1,318,300,spine,True,1.0,Нарушение укладки поясничного отдела позвоночника,1.0,0.0,0.0,,,,,360,226.8,360,226.8,True,3.729622282034287,0.5158170386904525,0.9892649578845814,318.0,-0.032611725063536975,0.0,0.0031446540880503146,0.3566666666666667,,,,,,,,,,,,,,,,,,,,,,,,,,,,,,,,,,,,,,,,,,,,,,,,,,,,,,,,,,,,,,,,,,,,,,,
2.25.91981043841368764114007975581101713077,/home/user/workspace/dataset_extracted/Датасет/НД_для_обучения/Исследования/2.25.91981043841368764114007975581101713077/series_003_2_CR/A250496619 DXA/CR DXA/CR000011.dcm,1.2.643.5.1.13.13.12.2.77.8252.07130502151014041012130400130108,9,294,280,right_hip,True,0.0,,,,,0.0,0.0,,,0,0.0,0,0.0,False,0.0,,,,,,,,-3.2016889678043534,3.2016889678043534,30.0,92.4,0.0,-12.432327145926502,54.6,18.278042337360414,81.9,12.6,308.7,168.0,294.0,0.41964285714285715,0.22920310981535472,1.0,0.32857142857142857,0.16428571428571428,0.5033547877171947,0.10019588078146797,0.9531934919805624,-15.90387798950369,1.1117361135571002,-15.646979676658074,1.498753125990612,-16.054305942023856,2.5390158853157456,-15.79740762917824,2.9260328977492747,-16.740509316332616,3.9130499101827865,-18.283611003486993,4.300066922616298,-18.626712690641376,4.087083935049827,-19.63403895600716,4.527346694374961,-19.977140643161537,4.914363706808473,-19.72024233031592,5.301380719242002,-19.463344017470295,5.688397731675513,-19.206445704624674,6.075414744109025,-19.549547391779058,7.062431756542537,-21.15687365714484,8.102694515867688,-22.099975344299224,9.6897115283012,-24.8430770314536,11.27672854073471,-26.986178718607977,12.86374555316824,-28.52928040576236,14.450762565601751,-28.936606671128143,16.091025324926886,-30.0,18.278042337360414,right,0.5765998134040176,3.2016889678043534,0.325,0.0,0.0,,,0.0,0.0
