study,file_path,sop_instance_uid,instance_number,rows,cols,region,applicable,quality_class,violation_list,sp_pos,sp_axis,sp_art,rh_pos,rh_roi,lh_pos,lh_roi,metal_metal_area_px,metal_metal_area_mm2,metal_metal_outside_bone_px,metal_metal_outside_bone_mm2,metal_has_metal,metal_metal_max_intensity_gap,axis_angle_deg,curvature,valid_rows,center_offset_ratio,top_margin_ratio,bottom_margin_ratio,bone_width_ratio,signed_shaft_angle_deg,abs_shaft_angle_deg,shaft_width_mm,shaft_len_below_troch_mm,lesser_troch_prominence_mm,greater_troch_offset_mm,lateral_margin_mm,medial_neck_extent_mm,merge_height_mm,neck_min_width_mm,scan_length_mm,scan_width_mm,femur_track_rows,shaft_bottom_center_ratio,bone_area_ratio,femur_fill_ratio,bone_top_touch_ratio,bone_bottom_touch_ratio,femur_solidity,femur_compactness,femur_eccentricity,prof_lat_0,prof_med_0,prof_lat_1,prof_med_1,prof_lat_2,prof_med_2,prof_lat_3,prof_med_3,prof_lat_4,prof_med_4,prof_lat_5,prof_med_5,prof_lat_6,prof_med_6,prof_lat_7,prof_med_7,prof_lat_8,prof_med_8,prof_lat_9,prof_med_9,prof_lat_10,prof_med_10,prof_lat_11,prof_med_11,prof_lat_12,prof_med_12,prof_lat_13,prof_med_13,prof_lat_14,prof_med_14,prof_lat_15,prof_med_15,prof_lat_16,prof_med_16,prof_lat_17,prof_med_17,prof_lat_18,prof_med_18,prof_lat_19,prof_med_19,hip_side_detected,hip_side_score,shaft_angle_deg,edge_distance_ratio,rh_pos_c,rh_roi_c,lh_pos_c,lh_roi_c,hip_pos_c,hip_roi_c
1.2.840.113619.2.110.512719.20250403090444,/home/user/workspace/dataset_extracted/Датасет/НД_для_обучения/Исследования/1.2.840.113619.2.110.512719.20250403090444/series_004_3_CR/DXA/CR DXA/CR000000.dcm,1.2.643.5.1.13.13.12.2.77.8252.14031015091008031013040205110915,1,289,300,spine,True,0.0,,0.0,0.0,0.0,,,,,364,229.32,364,229.32,True,3.502321751771304,0.9125588633207765,0.12853880562057274,289.0,0.013492077836014194,0.0,0.0034602076124567475,0.38,,,,,,,,,,,,,,,,,,,,,,,,,,,,,,,,,,,,,,,,,,,,,,,,,,,,,,,,,,,,,,,,,,,,,,,
1.2.840.113619.2.110.512719.20250403090444,/home/user/workspace/dataset_extracted/Датасет/НД_для_обучения/Исследования/1.2.840.113619.2.110.512719.20250403090444/series_004_3_CR/DXA/CR DXA/CR000001.dcm,1.2.643.5.1.13.13.12.2.77.8252.03030811151201151502050615010000,8,235,280,right_hip,True,0.0,,,,,0.0,0.0,,,0,0.0,0,0.0,False,0.0,,,,,,,,-12.079352488359115,12.079352488359115,29.4,73.5,0.0,7.972173913043468,49.199999999999996,13.358568804129106,69.3,8.4,246.75,168.0,235.0,0.38571428571428573,0.19278115501519758,1.0,0.24285714285714285,0.16785714285714284,0.5051614168547319,0.1550433600382575,0.9484153317000117,-3.3808695652174205,0.025436094829848342,-1.9617391304348075,0.24692852768786222,-0.8973913043478517,0.5630478523313683,0.5217391304347615,0.7845402851893993,1.9408695652173662,1.0060327180474131,4.559999999999979,1.227525150905427,5.379130434782593,2.049017583763441,6.44347826086954,2.365136908406964,7.26260869565217,3.186629341264978,-2.1182608695652334,4.608121774122992,-2.49913043478262,5.429614206981006,-2.8800000000000066,7.451106639839019,-2.6608695652174106,8.872599072697051,-2.1965217391304463,10.388718397340556,-1.977391304347833,12.41021083019857,-1.1582608695652197,12.631703263056584,-0.9391304347826064,12.853195695914598,-0.5843478260869573,13.358568804129106,-0.5843478260869573,13.358568804129106,-0.5843478260869573,13.358568804129106,right,0.4317855936271339,12.079352488359115,0.2928571428571428,0.0,0.0,,,0.0,0.0
1.2.840.113619.2.110.512719.20250403090444,/home/user/workspace/dataset_extracted/Датасет/НД_для_обучения/Исследования/1.2.840.113619.2.110.512719.20250403090444/series_004_3_CR/DXA/CR DXA/CR000002.dcm,1.2.643.5.1.13.13.12.2.77.8252.06000812101106141213041404150112,4,263,280,left_hip,True,1.0,Нарушение позиционирования/ротации левого бедра,,,,,,1.0,0.0,0,0.0,0,0.0,False,0.0,,,,,,,,-9.881470283377315,9.881470283377315,28.2,81.9,0.0,-2.745388788426726,51.6,24.764473501182373,86.10000000000001,7.8,276.15000000000003,168.0,263.0,0.3875,0.18291689299293862,1.0,0.2714285714285714,0.16428571428571428,0.45663259706936715,0.13494321430607314,0.9532497177738257,-5.475643343997757,1.292864097927395,-4.977966337459989,2.1273056057866255,-4.154708582556665,2.453136736681057,-4.857031576018898,3.2875782445402875,-4.959354569481129,3.522019752399518,-5.061677562943362,4.356461260258748,-4.564000556405594,4.590902768117962,-4.34074280150227,4.916733899012393,-3.2430657949645023,5.751175406871624,-2.745388788426726,6.5856169147308545,-3.4477117818889664,8.020058422590084,-6.550034775351207,9.454499930449316,-11.45235776881343,10.888941438308546,-13.029100013910107,12.414772569202961,-13.731423007372348,14.44921407706219,-14.43374600083457,17.08365558492142,-14.536068994296812,19.718097092780653,-14.638391987759036,21.152538600639883,-15.615134232855711,21.478369731534315,-14.517457226317951,22.312811239393543,left,-0.686512884181031,9.881470283377315,0.30714285714285716,,,1.0,0.0,1.0,0.0
1.2.840.113619.2.110.512719.20250403090444,/home/user/workspace/dataset_extracted/Датасет/НД_для_обучения/Исследования/1.2.840.113619.2.110.512719.20250403090444/series_004_3_CR/DXA/CR DXA/CR000003.dcm,1.2.643.5.1.13.13.12.2.77.8252.10130209021503050013090302090705,6,263,280,left_hip,True,1.0,Нарушение позиционирования/ротации левого бедра,,,,,,1.0,0.0,0,0.0,0,0.0,False,0.0,,,,,,,,-9.881470283377315,9.881470283377315,28.2,81.9,0.0,-2.745388788426726,51.6,24.764473501182373,86.10000000000001,7.8,276.15000000000003,168.0,263.0,0.3875,0.18291689299293862,1.0,0.2714285714285714,0.16428571428571428,0.45663259706936715,0.13494321430607314,0.9532497177738257,-5.475643343997757,1.292864097927395,-4.977966337459989,2.1273056057866255,-4.154708582556665,2.453136736681057,-4.857031576018898,3.2875782445402875,-4.959354569481129,3.522019752399518,-5.061677562943362,4.356461260258748,-4.564000556405594,4.590902768117962,-4.34074280150227,4.916733899012393,-3.2430657949645023,5.751175406871624,-2.745388788426726,6.5856169147308545,-3.4477117818889664,8.020058422590084,-6.550034775351207,9.454499930449316,-11.45235776881343,10.888941438308546,-13.029100013910107,12.414772569202961,-13.731423007372348,14.44921407706219,-14.43374600083457,17.08365558492142,-14.536068994296812,19.718097092780653,-14.638391987759036,21.152538600639883,-15.615134232855711,21.478369731534315,-14.517457226317951,22.312811239393543,left,-0.686512884181031,9.881470283377315,0.30714285714285716,,,1.0,0.0,1.0,0.0
1.2.840.113619.2.110.512719.20250403090444,/home/user/workspace/dataset_extracted/Датасет/НД_для_обучения/Исследования/1.2.840.113619.2.110.512719.20250403090444/series_004_3_CR/DXA/CR DXA/CR000004.dcm,1.2.643.5.1.13.13.12.2.77.8252.13011105091309080008130511041109,5,235,280,right_hip,True,0.0,,,,,0.0,0.0,,,0,0.0,0,0.0,False,0.0,,,,,,,,-12.079352488359115,12.079352488359115,29.4,73.5,0.0,7.972173913043468,49.199999999999996,13.358568804129106,69.3,8.4,246.75,168.0,235.0,0.38571428571428573,0.19278115501519758,1.0,0.24285714285714285,0.16785714285714284,0.5051614168547319,0.1550433600382575,0.9484153317000117,-3.3808695652174205,0.025436094829848342,-1.9617391304348075,0.24692852768786222,-0.8973913043478517,0.5630478523313683,0.5217391304347615,0.7845402851893993,1.9408695652173662,1.0060327180474131,4.559999999999979,1.227525150905427,5.379130434782593,2.049017583763441,6.44347826086954,2.365136908406964,7.26260869565217,3.186629341264978,-2.1182608695652334,4.608121774122992,-2.49913043478262,5.429614206981006,-2.8800000000000066,7.451106639839019,-2.6608695652174106,8.872599072697051,-2.1965217391304463,10.388718397340556,-1.977391304347833,12.41021083019857,-1.1582608695652197,12.631703263056584,-0.9391304347826064,12.853195695914598,-0.5843478260869573,13.358568804129106,-0.5843478260869573,13.358568804129106,-0.5843478260869573,13.358568804129106,right,0.4317855936271339,12.079352488359115,0.2928571428571428,0.0,0.0,,,0.0,0.0
1.2.840.113619.2.110.512719.20250403090444,/home/user/workspace/dataset_extracted/Датасет/НД_для_обучения/Исследования/1.2.840.113619.2.110.512719.20250403090444/series_004_3_CR/DXA/CR DXA/CR000005.dcm,1.2.643.5.1.13.13.12.2.77.8252.04131215000514000414051510091103,3,289,300,spine,True,0.0,,0.0,0.0,0.0,,,,,364,229.32,364,229.32,True,3.502321751771304,0.9125588633207765,0.12853880562057274,289.0,0.013492077836014194,0.0,0.0034602076124567475,0.38,,,,,,,,,,,,,,,,,,,,,,,,,,,,,,,,,,,,,,,,,,,,,,,,,,,,,,,,,,,,,,,,,,,,,,,
1.2.840.113619.2.110.512719.20250403092052,/home/user/workspace/dataset_extracted/Датасет/НД_для_обучения/Исследования/1.2.840.113619.2.110.512719.20250403092052/series_003_3_CR/DXA/CR DXA/CR000000.dcm,1.2.643.5.1.13.13.12.2.77.8252.06140010030611061314081200121305,5,235,280,right_hip,True,0.0,,,,,0.0,0.0,,,0,0.0,0,0.0,False,0.0,,,,,,,,2.006969178934885,2.006969178934885,28.799999999999997,73.5,0.0,-11.063861429446243,63.599999999999994,17.231279853031218,81.9,10.2,246.75,168.0,235.0,0.5035714285714286,0.1915501519756839,1.0,0.21071428571428572,0.16785714285714284,0.5078031919286932,0.13997538894274605,0.9478161132101178,-11.514320706849798,1.9988697401801971,-11.633953284926957,2.1735946111451256,-11.123677718484823,2.304638264368805,-11.243310296561981,2.4793631353337333,-11.36294287463914,2.0540880062986444,-12.082575452716299,2.228812877263573,-12.202208030793457,2.403537748228484,-12.891932464351322,3.1345814014521807,-13.011565042428481,3.909306272417109,-13.13119762050564,5.284031143382021,-13.250830198582799,6.058756014346948,-14.570462776659957,7.43348088531186,-17.090095354737116,8.808205756276788,-17.17981978829498,9.539249409500467,-17.29945236637214,11.513974280465396,-29.419084944449295,13.488699151430307,-30.0,15.463424022395236,-30.0,16.238148893360147,-30.0,16.369192546583843,-30.0,17.14391741754877,right,0.5056902435258688,2.006969178934885,0.37857142857142856,0.0,0.0,,,0.0,0.0
1.2.840.113619.2.110.512719.20250403092052,/home/user/workspace/dataset_extracted/Датасет/НД_для_обучения/Исследования/1.2.840.113619.2.110.512719.20250403092052/series_003_3_CR/DXA/CR DXA/CR000001.dcm,1.2.643.5.1.13.13.12.2.77.8252.09050515110402090102050206010406,1,318,300,spine,True,0.0,,0.0,0.0,0.0,,,,,941,592.83,941,592.83,True,4.169341892563596,1.4438397733972494,0.1276682692860187,318.0,-0.03290107172300082,0.0,0.0031446540880503146,0.64,,,,,,,,,,,,,,,,,,,,,,,,,,,,,,,,,,,,,,,,,,,,,,,,,,,,,,,,,,,,,,,,,,,,,,,
1.2.840.113619.2.110.512719.20250403092052,/home/user/workspace/dataset_extracted/Датасет/НД_для_обучения/Исследования/1.2.840.113619.2.110.512719.20250403092052/series_003_3_CR/DXA/CR DXA/CR000002.dcm,1.2.643.5.1.13.13.12.2.77.8252.09040712010609120601031410140610,6,263,280,right_hip,True,0.0,,,,,0.0,0.0,,,0,0.0,0,0.0,False,0.0,,,,,,,,4.726791678753767,4.726791678753767,29.4,106.05000000000001,0.0,0.7675107746068718,37.8,18.58864997087946,65.10000000000001,10.2,276.15000000000003,168.0,263.0,0.375,0.18999185225420967,1.0,0.20714285714285716,0.175,0.5759249875867273,0.19046120674492042,0.9744212599029782,0.38133022714036,2.7182900407688066,0.5536913220733837,2.9852114152591924,-13.567037856726852,3.185402446126986,-15.19467676179383,3.45232382061738,-15.622315666860805,3.7192451951077654,-22.04995457192778,4.586166569598151,-22.47759347699476,4.8530879440885455,-22.79832265579499,5.653278974956339,-23.825961560861966,7.1202003494467245,-24.853600465928942,8.587121723937118,-26.481239370995922,10.054043098427504,-27.508878276062898,11.520964472917898,-30.0,13.587885847408284,-30.0,15.588076878276077,-30.0,17.05499825276647,-30.0,18.521919627256857,-30.0,18.58864997087946,-30.0,18.58864997087946,-30.0,18.58864997087946,-30.0,18.58864997087946,left,-0.1081966791754485,4.726791678753767,0.22499999999999998,,,0.0,0.0,0.0,0.0
1.2.840.113619.2.110.512719.20250403092052,/home/user/workspace/dataset_extracted/Датасет/НД_для_обучения/Исследования/1.2.840.113619.2.110.512719.20250403092052/series_003_3_CR/DXA/CR DXA/CR000003.dcm,1.2.643.5.1.13.13.12.2.77.8252.07120303070106110214090814060908,4,263,280,right_hip,True,0.0,,,,,0.0,0.0,,,0,0.0,0,0.0,False,0.0,,,,,,,,4.726791678753767,4.726791678753767,29.4,106.05000000000001,0.0,0.7675107746068718,37.8,18.58864997087946,65.10000000000001,10.2,276.15000000000003,168.0,263.0,0.375,0.18999185225420967,1.0,0.20714285714285716,0.175,0.5759249875867273,0.19046120674492042,0.9744212599029782,0.38133022714036,2.7182900407688066,0.5536913220733837,2.9852114152591924,-13.567037856726852,3.185402446126986,-15.19467676179383,3.45232382061738,-15.622315666860805,3.7192451951077654,-22.04995457192778,4.586166569598151,-22.47759347699476,4.8530879440885455,-22.79832265579499,5.653278974956339,-23.825961560861966,7.1202003494467245,-24.853600465928942,8.587121723937118,-26.481239370995922,10.054043098427504,-27.508878276062898,11.520964472917898,-30.0,13.587885847408284,-30.0,15.588076878276077,-30.0,17.05499825276647,-30.0,18.521919627256857,-30.0,18.58864997087946,-30.0,18.58864997087946,-30.0,18.58864997087946,-30.0,18.58864997087946,left,-0.1081966791754485,4.726791678753767,0.22499999999999998,,,0.0,0.0,0.0,0.0
1.2.840.113619.2.110.512719.20250403092052,/home/user/workspace/dataset_extracted/Датасет/НД_для_обучения/Исследования/1.2.840.113619.2.110.512719.20250403092052/series_003_3_CR/DXA/CR DXA/CR000004.dcm,1.2.643.5.1.13.13.12.2.77.8252.14060811030909110008140112131212,8,235,280,right_hip,True,0.0,,,,,0.0,0.0,,,0,0.0,0,0.0,False,0.0,,,,,,,,2.006969178934885,2.006969178934885,28.799999999999997,73.5,0.0,-11.063861429446243,63.599999999999994,17.231279853031218,81.9,10.2,246.75,168.0,235.0,0.5035714285714286,0.1915501519756839,1.0,0.21071428571428572,0.16785714285714284,0.5078031919286932,0.13997538894274605,0.9478161132101178,-11.514320706849798,1.9988697401801971,-11.633953284926957,2.1735946111451256,-11.123677718484823,2.304638264368805,-11.243310296561981,2.4793631353337333,-11.36294287463914,2.0540880062986444,-12.082575452716299,2.228812877263573,-12.202208030793457,2.403537748228484,-12.891932464351322,3.1345814014521807,-13.011565042428481,3.909306272417109,-13.13119762050564,5.284031143382021,-13.250830198582799,6.058756014346948,-14.570462776659957,7.43348088531186,-17.090095354737116,8.808205756276788,-17.17981978829498,9.539249409500467,-17.29945236637214,11.513974280465396,-29.419084944449295,13.488699151430307,-30.0,15.463424022395236,-30.0,16.238148893360147,-30.0,16.369192546583843,-30.0,17.14391741754877,right,0.5056902435258688,2.006969178934885,0.37857142857142856,0.0,0.0,,,0.0,0.0
1.2.840.113619.2.110.512719.20250403092052,/home/user/workspace/dataset_extracted/Датасет/НД_для_обучения/Исследования/1.2.840.113619.2.110.512719.20250403092052/series_003_3_CR/DXA/CR DXA/CR000005.dcm,1.2.643.5.1.13.13.12.2.77.8252.06111207031100151513000412070105,3,318,300,spine,True,0.0,,0.0,0.0,0.0,,,,,941,592.83,941,592.83,True,4.169341892563596,1.4438397733972494,0.1276682692860187,318.0,-0.03290107172300082,0.0,0.0031446540880503146,0.64,,,,,,,,,,,,,,,,,,,,,,,,,,,,,,,,,,,,,,,,,,,,,,,,,,,,,,,,,,,,,,,,,,,,,,,
1.2.840.113619.2.110.512719.20250407113211,/home/user/workspace/dataset_extracted/Датасет/НД_для_обучения/Исследования/1.2.840.113619.2.110.512719.20250407113211/series_001_2_CR/DXA/CR DXA/CR000000.dcm,1.2.643.5.1.13.13.12.2.77.8252.07140808121311040315101301051200,6,263,280,left_hip,True,1.0,Нарушение позиционирования/ротации левого бедра,,,,,,1.0,0.0,0,0.0,0,0.0,False,0.0,,,,,,,,-3.315096041623136,3.315096041623136,28.799999999999997,81.9,0.0,-17.34705294705293,47.4,24.04181894055311,79.8,7.8,276.15000000000003,168.0,263.0,0.36428571428571427,0.19327810972297665,1.0,0.30714285714285716,0.16071428571428573,0.4790502365090386,0.15038155853760998,0.9534613118983909,-18.405154339331542,0.5943600703094375,-18.21595619570301,1.4969966742118628,-18.074057587981624,1.8739741271386776,-17.8848594443531,2.776610731041103,-18.895661300724573,3.679247334943528,-20.50646315709605,4.581883938845953,-20.917265013467528,5.4845205427483785,-21.975366405746133,5.861497995675194,-23.58616826211761,6.764134599577619,-24.596970118489086,7.666771203480061,-27.407771974860566,8.569407807382486,-29.018573831232043,9.472044411284912,-30.0,10.974681015187338,-30.0,12.551658468114152,-30.0,14.654295072016577,-30.0,16.756931675919002,-30.0,18.259568279821426,-30.0,19.762204883723854,-30.0,20.139182336650684,-30.0,24.04181894055311,left,-0.44671895973558606,3.315096041623136,0.28214285714285714,,,1.0,0.0,1.0,0.0
1.2.840.113619.2.110.512719.20250407113211,/home/user/workspace/dataset_extracted/Датасет/НД_для_обучения/Исследования/1.2.840.113619.2.110.512719.20250407113211/series_001_2_CR/DXA/CR DXA/CR000001.dcm,1.2.643.5.1.13.13.12.2.77.8252.10011302120900111505101501141402,8,265,280,right_hip,True,0.0,,,,,0.0,0.0,,,33,20.79,33,20.79,True,3.7271626208984903,,,,,,,,-8.323318986295028,8.323318986295028,28.799999999999997,82.95,0.0,-3.5493330087634036,55.8,17.858500486854922,66.15,7.199999999999999,278.25,168.0,265.0,0.4232142857142857,0.1932075471698113,1.0,0.28214285714285714,0.16428571428571428,0.4862481421095382,0.14541070285590596,0.9530594129803245,-4.725613437195713,1.9850243427458565,-4.881543330087638,3.0001752677701914,-4.698490749756573,3.461538461538464,-4.254420642648489,3.876689386562799,-3.8103505355404135,4.291840311587134,-3.9662804284323214,4.706991236611486,-4.722210321324246,5.722142161635821,-5.139157740993198,6.183505355404094,-6.495087633885106,7.798656280428428,-10.251017526777014,8.81380720545278,-11.006947419668938,10.428958130477115,-11.162877312560862,12.044109055501451,-11.318807205452787,13.659259980525803,-11.735754625121723,14.720623174294058,-11.29168451801363,15.735774099318393,-10.847614410905555,16.750925024342745,-10.325579357351517,17.858500486854922,-10.325579357351517,17.858500486854922,-10.325579357351517,17.858500486854922,-10.325579357351517,17.858500486854922,right,0.4092478779888068,8.323318986295028,0.33214285714285713,0.0,0.0,,,0.0,0.0
1.2.840.113619.2.110.512719.20250407113211,/home/user/workspace/dataset_extracted/Датасет/НД_для_обучения/Исследования/1.2.840.113619.2.110.512719.20250407113211/series_001_2_CR/DXA/CR DXA/CR000002.dcm,1.2.643.5.1.13.13.12.2.77.8252.03030413031313090107050002151508,4,263,280,left_hip,True,1.0,Нарушение позиционирования/ротации левого бедра,,,,,,1.0,0.0,0,0.0,0,0.0,False,0.0,,,,,,,,-3.315096041623136,3.315096041623136,28.799999999999997,81.9,0.0,-17.34705294705293,47.4,24.04181894055311,79.8,7.8,276.15000000000003,168.0,263.0,0.36428571428571427,0.19327810972297665,1.0,0.30714285714285716,0.16071428571428573,0.4790502365090386,0.15038155853760998,0.9534613118983909,-18.405154339331542,0.5943600703094375,-18.21595619570301,1.4969966742118628,-18.074057587981624,1.8739741271386776,-17.8848594443531,2.776610731041103,-18.895661300724573,3.679247334943528,-20.50646315709605,4.581883938845953,-20.917265013467528,5.4845205427483785,-21.975366405746133,5.861497995675194,-23.58616826211761,6.764134599577619,-24.596970118489086,7.666771203480061,-27.407771974860566,8.569407807382486,-29.018573831232043,9.472044411284912,-30.0,10.974681015187338,-30.0,12.551658468114152,-30.0,14.654295072016577,-30.0,16.756931675919002,-30.0,18.259568279821426,-30.0,19.762204883723854,-30.0,20.139182336650684,-30.0,24.04181894055311,left,-0.44671895973558606,3.315096041623136,0.28214285714285714,,,1.0,0.0,1.0,0.0
1.2.840.113619.2.110.512719.20250407113211,/home/user/workspace/dataset_extracted/Датасет/НД_для_обучения/Исследования/1.2.840.113619.2.110.512719.20250407113211/series_001_2_CR/DXA/CR DXA/CR000003.dcm,1.2.643.5.1.13.13.12.2.77.8252.13101207101114060008151413130115,3,291,300,spine,True,0.0,,0.0,0.0,0.0,,,,,684,430.92,684,430.92,True,4.110668968440526,0.09863012228154684,0.015571093010361414,291.0,-0.02184286366489753,0.0,0.003436426116838488,0.36666666666666664,,,,,,,,,,,,,,,,,,,,,,,,,,,,,,,,,,,,,,,,,,,,,,,,,,,,,,,,,,,,,,,,,,,,,,,
1.2.840.113619.2.110.512719.20250407113211,/home/user/workspace/dataset_extracted/Датасет/НД_для_обучения/Исследования/1.2.840.113619.2.110.512719.20250407113211/series_001_2_CR/DXA/CR DXA/CR000004.dcm,1.2.643.5.1.13.13.12.2.77.8252.07150612000412081110110102150004,1,291,300,spine,True,0.0,,0.0,0.0,0.0,,,,,684,430.92,684,430.92,True,4.110668968440526,0.09863012228154684,0.015571093010361414,291.0,-0.02184286366489753,0.0,0.003436426116838488,0.36666666666666664,,,,,,,,,,,,,,,,,,,,,,,,,,,,,,,,,,,,,,,,,,,,,,,,,,,,,,,,,,,,,,,,,,,,,,,
1.2.840.113619.2.110.512719.20250407113211,/home/user/workspace/dataset_extracted/Датасет/НД_для_обучения/Исследования/1.2.840.113619.2.110.512719.20250407113211/series_001_2_CR/DXA/CR DXA/CR000005.dcm,1.2.643.5.1.13.13.12.2.77.8252.08010006000103071201020606001302,5,265,280,right_hip,True,0.0,,,,,0.0,0.0,,,33,20.79,33,20.79,True,3.7271626208984903,,,,,,,,-8.323318986295028,8.323318986295028,28.799999999999997,82.95,0.0,-3.5493330087634036,55.8,17.858500486854922,66.15,7.199999999999999,278.25,168.0,265.0,0.4232142857142857,0.1932075471698113,1.0,0.28214285714285714,0.16428571428571428,0.4862481421095382,0.14541070285590596,0.9530594129803245,-4.725613437195713,1.9850243427458565,-4.881543330087638,3.0001752677701914,-4.698490749756573,3.461538461538464,-4.254420642648489,3.876689386562799,-3.8103505355404135,4.291840311587134,-3.9662804284323214,4.706991236611486,-4.722210321324246,5.722142161635821,-5.139157740993198,6.183505355404094,-6.495087633885106,7.798656280428428,-10.251017526777014,8.81380720545278,-11.006947419668938,10.428958130477115,-11.162877312560862,12.044109055501451,-11.318807205452787,13.659259980525803,-11.735754625121723,14.720623174294058,-11.29168451801363,15.735774099318393,-10.847614410905555,16.750925024342745,-10.325579357351517,17.858500486854922,-10.325579357351517,17.858500486854922,-10.325579357351517,17.858500486854922,-10.325579357351517,17.858500486854922,right,0.4092478779888068,8.323318986295028,0.33214285714285713,0.0,0.0,,,0.0,0.0
2.25.10245777060263212829333021434108890537,/home/user/workspace/dataset_extracted/Датасет/НД_для_обучения/Исследования/2.25.10245777060263212829333021434108890537/series_003_2_CR/A2504412435 DXA/CR DXA/CR000000.dcm,1.2.643.5.1.13.13.12.2.77.8252.07000215121313030213041009101409,2,291,280,right_hip,True,0.0,,,,,0.0,0.0,,,38,23.94,38,23.94,True,3.9667347513197533,,,,,,,,-2.8355014476079083,2.8355014476079083,28.799999999999997,65.10000000000001,0.0,3.4352345697665467,67.2,-16.328820729772563,79.8,3.0,305.55,168.0,138.0,0.48035714285714287,0.18826705940108002,0.4742268041237113,0.30714285714285716,0.16428571428571428,0.464270643598297,0.11894720485122032,0.960075446408594,-0.29462869230187605,-16.560444209412964,-0.1874140666314105,-16.86927551560017,-0.10700309737855491,-17.100898995240566,0.00021152829191066757,-18.60973030142777,0.10742615396237624,-19.518561607614973,0.21464077963285036,-21.027392913802178,0.3218554053033159,-21.936224219989384,0.402266374556163,-22.767847699629783,0.5094810002266371,-24.276679005816987,0.6166956258971027,-25.78551031200419,0.7239102515675683,-26.694341618191377,1.4311248772380338,-27.603172924378583,1.5383395029085078,-28.512004230565786,1.618750472161355,-28.743627710206187,1.725965097831829,-29.05245901639339,2.4331797235022945,-29.961290322580595,2.54039434917276,-30.0,3.247608974843234,-30.0,3.328019944096081,-30.0,3.4352345697665467,-30.0,right,1.0746102824369026,2.8355014476079083,0.4,0.0,0.0,,,0.0,0.0
2.25.10245777060263212829333021434108890537,/home/user/workspace/dataset_extracted/Датасет/НД_для_обучения/Исследования/2.25.10245777060263212829333021434108890537/series_003_2_CR/A2504412435 DXA/CR DXA/CR000001.dcm,1.2.643.5.1.13.13.12.2.77.8252.14131410040814100713070401091213,1,318,300,spine,True,0.0,,0.0,0.0,0.0,,,,,2739,1725.57,2739,1725.57,True,4.351857816232623,1.3247909923270766,0.030956765957348864,318.0,0.014077159024802957,0.0,0.0031446540880503146,0.37333333333333335,,,,,,,,,,,,,,,,,,,,,,,,,,,,,,,,,,,,,,,,,,,,,,,,,,,,,,,,,,,,,,,,,,,,,,,
2.25.10245777060263212829333021434108890537,/home/user/workspace/dataset_extracted/Датасет/НД_для_обучения/Исследования/2.25.10245777060263212829333021434108890537/series_003_2_CR/A2504412435 DXA/CR DXA/CR000002.dcm,1.2.643.5.1.13.13.12.2.77.8252.03081500040505121009070211080902,3,292,280,left_hip,True,0.0,,,,,,,0.0,0.0,27,17.01,27,17.01,True,3.5670968981876126,,,,,,,,-1.488795599839225,1.488795599839225,28.2,66.15,0.0,3.000000000000051,73.8,-17.203686635944756,65.10000000000001,3.0,306.6,168.0,125.0,0.5196428571428572,0.18553082191780823,0.4280821917808219,0.30357142857142855,0.16428571428571428,0.46799828942031163,0.12121167726278058,0.9600915530081052,4.263256414560601e-14,-17.967425115207423,4.263256414560601e-14,-18.78574308755767,4.263256414560601e-14,-18.94948156682034,4.263256414560601e-14,-20.367799539170566,4.263256414560601e-14,-22.386117511520798,0.6000000000000426,-23.804435483871043,0.6000000000000426,-24.62275345622127,0.6000000000000512,-25.38649193548394,0.6000000000000512,-26.80480990783417,1.200000000000051,-27.6231278801844,1.200000000000051,-27.841445852534626,1.8000000000000511,-29.25976382488487,1.8000000000000511,-30.0,2.400000000000051,-30.0,3.000000000000051,-30.0,3.000000000000051,-30.0,3.000000000000051,-30.0,3.000000000000051,-30.0,3.000000000000051,-30.0,3.000000000000051,-30.0,left,-1.0872064112028963,1.488795599839225,0.4392857142857143,,,0.0,0.0,0.0,0.0
2.25.102755089973625799055786462646268820450,/home/user/workspace/dataset_extracted/Датасет/НД_для_обучения/Исследования/2.25.102755089973625799055786462646268820450/series_002_2_CR/A2504257770 DXA/CR DXA/CR000000.dcm,1.2.643.5.1.13.13.12.2.77.8252.01140903011212140408111315130511,3,235,280,left_hip,True,0.0,,,,,,,0.0,0.0,23,14.49,23,14.49,True,3.775508678011224,,,,,,,,-12.598691576003619,12.598691576003619,10.2,73.5,0.0,10.532075933864052,52.199999999999996,7.5967002012072555,50.400000000000006,5.3999999999999995,246.75,168.0,235.0,0.39107142857142857,0.16123100303951368,1.0,0.18928571428571428,0.15,0.501288327980983,0.12806461214726958,0.9595898718830199,4.243009360510894,-0.07859679818036511,5.222839646575108,0.22381243985655033,5.807712361123259,0.6006193683842411,6.787542647187473,0.9030286064211566,8.36737293325167,1.205437844458072,9.347203219315883,2.1078470824949873,9.727033505380097,2.4102563205319028,8.511906219928266,3.3870632490595938,8.29173650599248,4.289472487096509,8.671566792056694,5.7918817251334245,8.451397078120907,6.69429096317034,9.431227364185121,7.5967002012072555,9.621142507217229,7.447904820225721,9.621142507217229,7.447904820225721,9.621142507217229,7.447904820225721,9.621142507217229,7.447904820225721,9.621142507217229,7.447904820225721,9.621142507217229,7.447904820225721,9.621142507217229,7.447904820225721,9.621142507217229,7.447904820225721,left,-0.24321720071511124,12.598691576003619,0.31071428571428567,,,0.0,0.0,0.0,0.0
2.25.102755089973625799055786462646268820450,/home/user/workspace/dataset_extracted/Датасет/НД_для_обучения/Исследования/2.25.102755089973625799055786462646268820450/series_002_2_CR/A2504257770 DXA/CR DXA/CR000001.dcm,1.2.643.5.1.13.13.12.2.77.8252.10030113050111051002020402141304,1,287,300,spine,True,1.0,Нарушение оси позвоночника (отклонение более 5 градусов),0.0,1.0,0.0,,,,,665,418.95,665,418.95,True,4.098518754388935,4.072449818610361,3.6970937475099293,287.0,0.10387665604948533,0.0,0.003484320557491289,0.52,,,,,,,,,,,,,,,,,,,,,,,,,,,,,,,,,,,,,,,,,,,,,,,,,,,,,,,,,,,,,,,,,,,,,,,
2.25.102755089973625799055786462646268820450,/home/user/workspace/dataset_extracted/Датасет/НД_для_обучения/Исследования/2.25.102755089973625799055786462646268820450/series_002_2_CR/A2504257770 DXA/CR DXA/CR000002.dcm,1.2.643.5.1.13.13.12.2.77.8252.10100907120107030904131503081506,5,261,280,right_hip,True,1.0,Нарушение позиционирования/ротации правого бедра,,,,1.0,0.0,,,56,35.28,56,35.28,True,3.6434176817407704,,,,,,,,-12.023832493953421,12.023832493953421,25.8,81.9,0.0,4.081250395174425,43.199999999999996,15.744974013328424,60.900000000000006,10.799999999999999,274.05,168.0,261.0,0.33035714285714285,0.19969896004378762,1.0,0.275,0.15,0.5167226363367092,0.14390271924215858,0.9585646685239098,-2.7890489257578026,2.1630116718724137,-2.616072535059891,2.946860734202494,-1.5863402420364594,3.2347475309500453,-0.8133638513385563,4.018596593280125,-0.6403874606406447,4.202445655610196,0.1325889300572669,4.386294717940268,0.9055653207551785,4.570143780270348,1.93529761377861,4.8580305770178995,3.3082740044765218,5.641879639347979,4.081250395174425,6.425728701678059,1.8542267858723447,7.809577764008122,2.027203176570248,9.193426826338202,1.600179567268151,10.577275888668282,0.8299118602915996,11.465162685415834,0.4028882509894856,14.649011747745913,0.1461323486639742,15.744974013328424,0.1461323486639742,15.744974013328424,0.1461323486639742,15.744974013328424,0.1461323486639742,15.744974013328424,0.1461323486639742,15.744974013328424,right,0.3615863405967235,12.023832493953421,0.2571428571428571,1.0,0.0,,,1.0,0.0
2.25.102755089973625799055786462646268820450,/home/user/workspace/dataset_extracted/Датасет/НД_для_обучения/Исследования/2.25.102755089973625799055786462646268820450/series_002_2_CR/A2504257770 DXA/CR DXA/CR000003.dcm,1.2.643.5.1.13.13.12.2.77.8252.11020107010405070800051206110610,8,261,280,right_hip,True,1.0,Нарушение позиционирования/ротации правого бедра,,,,1.0,0.0,,,56,35.28,56,35.28,True,3.6434176817407704,,,,,,,,-12.023832493953421,12.023832493953421,25.8,81.9,0.0,4.081250395174425,43.199999999999996,15.744974013328424,60.900000000000006,10.799999999999999,274.05,168.0,261.0,0.33035714285714285,0.19969896004378762,1.0,0.275,0.15,0.5167226363367092,0.14390271924215858,0.9585646685239098,-2.7890489257578026,2.1630116718724137,-2.616072535059891,2.946860734202494,-1.5863402420364594,3.2347475309500453,-0.8133638513385563,4.018596593280125,-0.6403874606406447,4.202445655610196,0.1325889300572669,4.386294717940268,0.9055653207551785,4.570143780270348,1.93529761377861,4.8580305770178995,3.3082740044765218,5.641879639347979,4.081250395174425,6.425728701678059,1.8542267858723447,7.809577764008122,2.027203176570248,9.193426826338202,1.600179567268151,10.577275888668282,0.8299118602915996,11.465162685415834,0.4028882509894856,14.649011747745913,0.1461323486639742,15.744974013328424,0.1461323486639742,15.744974013328424,0.1461323486639742,15.744974013328424,0.1461323486639742,15.744974013328424,0.1461323486639742,15.744974013328424,right,0.3615863405967235,12.023832493953421,0.2571428571428571,1.0,0.0,,,1.0,0.0
2.25.102755089973625799055786462646268820450,/home/user/workspace/dataset_extracted/Датасет/НД_для_обучения/Исследования/2.25.102755089973625799055786462646268820450/series_002_2_CR/A2504257770 DXA/CR DXA/CR000004.dcm,1.2.643.5.1.13.13.12.2.77.8252.07001207050006000600091513060701,7,287,300,spine,True,1.0,Нарушение оси позвоночника (отклонение более 5 градусов),0.0,1.0,0.0,,,,,665,418.95,665,418.95,True,4.098518754388935,4.072449818610361,3.6970937475099293,287.0,0.10387665604948533,0.0,0.003484320557491289,0.52,,,,,,,,,,,,,,,,,,,,,,,,,,,,,,,,,,,,,,,,,,,,,,,,,,,,,,,,,,,,,,,,,,,,,,,
2.25.102755089973625799055786462646268820450,/home/user/workspace/dataset_extracted/Датасет/НД_для_обучения/Исследования/2.25.102755089973625799055786462646268820450/series_002_2_CR/A2504257770 DXA/CR DXA/CR000005.dcm,1.2.643.5.1.13.13.12.2.77.8252.10091111150614140108020903000009,9,235,280,left_hip,True,0.0,,,,,,,0.0,0.0,23,14.49,23,14.49,True,3.775508678011224,,,,,,,,-12.598691576003619,12.598691576003619,10.2,73.5,0.0,10.532075933864052,52.199999999999996,7.5967002012072555,50.400000000000006,5.3999999999999995,246.75,168.0,235.0,0.39107142857142857,0.16123100303951368,1.0,0.18928571428571428,0.15,0.501288327980983,0.12806461214726958,0.9595898718830199,4.243009360510894,-0.07859679818036511,5.222839646575108,0.22381243985655033,5.807712361123259,0.6006193683842411,6.787542647187473,0.9030286064211566,8.36737293325167,1.205437844458072,9.347203219315883,2.1078470824949873,9.727033505380097,2.4102563205319028,8.511906219928266,3.3870632490595938,8.29173650599248,4.289472487096509,8.671566792056694,5.7918817251334245,8.451397078120907,6.69429096317034,9.431227364185121,7.5967002012072555,9.621142507217229,7.447904820225721,9.621142507217229,7.447904820225721,9.621142507217229,7.447904820225721,9.621142507217229,7.447904820225721,9.621142507217229,7.447904820225721,9.621142507217229,7.447904820225721,9.621142507217229,7.447904820225721,9.621142507217229,7.447904820225721,left,-0.24321720071511124,12.598691576003619,0.31071428571428567,,,0.0,0.0,0.0,0.0
2.25.102965897799404973225419898683246248872,/home/user/workspace/dataset_extracted/Датасет/НД_для_обучения/Исследования/2.25.102965897799404973225419898683246248872/series_001_2_CR/A250726353 DXA/CR DXA/CR000000.dcm,1.2.643.5.1.13.13.12.2.77.8252.10140807011010031112140700150015,3,235,280,left_hip,True,0.0,,,,,,,0.0,0.0,0,0.0,0,0.0,False,0.0,,,,,,,,-15.125776036637795,15.125776036637795,26.4,84.0,0.0,8.105569620253151,43.199999999999996,10.4649789029536,59.85,3.5999999999999996,246.75,168.0,235.0,0.3339285714285714,0.17805471124620062,1.0,0.22857142857142856,0.15714285714285714,0.45225800094326873,0.12871482096883174,0.936791110341151,3.908734177215177,0.3065189873417921,5.587468354430371,0.31470464135022663,6.846518987341761,1.0708438818565524,5.525253164556955,1.6790295358649872,1.203987341772131,2.2872151898734385,1.0827215189873243,3.4954008438818733,0.9614556962025176,4.703586497890307,1.0205063291139083,6.059725738396634,1.4992405063291017,7.867911392405085,1.3779746835442779,7.276097046413519,1.8567088607594882,7.284282700421954,0.5354430379746645,7.2924683544303885,0.41417721518985784,7.3006540084388405,1.6732278481012486,9.256793248945167,2.7519620253164248,10.4649789029536,2.7519620253164248,10.4649789029536,2.7519620253164248,10.4649789029536,2.7519620253164248,10.4649789029536,2.7519620253164248,10.4649789029536,2.7519620253164248,10.4649789029536,left,-0.34037562312276903,15.125776036637795,0.2571428571428571,,,0.0,0.0,0.0,0.0
2.25.102965897799404973225419898683246248872,/home/user/workspace/dataset_extracted/Датасет/НД_для_обучения/Исследования/2.25.102965897799404973225419898683246248872/series_001_2_CR/A250726353 DXA/CR DXA/CR000001.dcm,1.2.643.5.1.13.13.12.2.77.8252.11011413051206050400150606100110,1,315,300,spine,True,0.0,,0.0,0.0,0.0,,,,,12,7.5600000000000005,12,7.5600000000000005,True,3.6980210193800156,0.43989409182229944,0.6811127683302676,315.0,-0.0032754266334740125,0.0,0.0031746031746031746,0.31666666666666665,,,,,,,,,,,,,,,,,,,,,,,,,,,,,,,,,,,,,,,,,,,,,,,,,,,,,,,,,,,,,,,,,,,,,,,
2.25.102965897799404973225419898683246248872,/home/user/workspace/dataset_extracted/Датасет/НД_для_обучения/Исследования/2.25.102965897799404973225419898683246248872/series_001_2_CR/A250726353 DXA/CR DXA/CR000002.dcm,1.2.643.5.1.13.13.12.2.77.8252.06050309100102041203101101110913,5,263,280,right_hip,True,0.0,,,,,0.0,0.0,,,0,0.0,0,0.0,False,0.0,,,,,,,,-8.237899064892828,8.237899064892828,27.0,81.9,0.0,-12.045195311018091,42.6,20.341471187040813,66.15,8.4,276.15000000000003,168.0,263.0,0.33035714285714285,0.199130907115698,1.0,0.3142857142857143,0.15714285714285714,0.47562099870826025,0.14454752736769544,0.9491151364012808,-12.288832686301037,2.5667016527776183,-13.976107436866931,2.6632961974734255,-14.641563499791342,2.8857421059952855,-14.528838250357227,3.5823366506910927,-15.01611300092312,3.6789311953869,-14.903387751489014,4.375525740082708,-15.9906625020549,5.672120284778515,-16.65611856497932,6.494566193300375,-17.743393315545205,7.791160737996182,-18.230668066111097,9.68775528269199,-22.91794281667699,12.184349827387814,-24.605217567242878,14.080944372083621,-25.092492317808762,15.377538916779429,-25.757948380733183,14.999984825301288,-27.445223131299077,16.296579369997094,-29.73249788186496,17.5931739146929,-30.0,20.341471187040813,-30.0,20.341471187040813,-30.0,20.341471187040813,-30.0,20.341471187040813,right,0.4250728838929493,8.237899064892828,0.25357142857142856,0.0,0.0,,,0.0,0.0
2.25.103868781101960771917584077315578649178,/home/user/workspace/dataset_extracted/Датасет/НД_для_обучения/Исследования/2.25.103868781101960771917584077315578649178/series_001_3_CR/A2507485409 DXA/CR DXA/CR000000.dcm,1.2.643.5.1.13.13.12.2.77.8252.15031208100010080909150509041308,3,322,280,left_hip,True,0.0,,,,,,,0.0,0.0,35,22.05,35,22.05,True,3.247827083360866,,,,,,,,0.2135635066582521,0.2135635066582521,27.599999999999998,99.75,0.0,5.552452407614788,43.8,-16.51417693169095,105.0,3.0,338.1,168.0,195.0,0.3464285714285714,0.2233251996450754,0.6055900621118012,0.44285714285714284,0.16071428571428573,0.49526653209622334,0.10551693085653839,0.9722758863026106,-0.3453863381858753,-17.13776035834269,-0.4081410974243937,-18.369204927211666,-0.45520716685328466,-18.392788353863402,-0.5179619260918116,-19.02423292273238,0.019283314669669947,-19.655677491601356,-0.04347144456885701,-20.28712206047034,-0.10622620380737544,-20.91856662933932,-0.1532922732362664,-20.942150055991057,0.38395296752520663,-21.573594624860036,0.3211982082866882,-21.60503919372902,0.25844344904816124,-22.836483762597997,0.7956886898096428,-23.467928331466975,0.7329339305711243,-24.09937290033596,1.285867861142225,-24.72295632698769,1.8231131019037063,-24.754400895856676,2.360358342665188,-25.38584546472565,2.897603583426661,-26.01729003359463,2.8348488241881427,-26.648734602463616,3.3877827547592516,-26.672318029115345,3.3250279955207245,-26.70376259798433,left,-0.5292712563476591,0.2135635066582521,0.2607142857142857,,,0.0,0.0,0.0,0.0
2.25.103868781101960771917584077315578649178,/home/user/workspace/dataset_extracted/Датасет/НД_для_обучения/Исследования/2.25.103868781101960771917584077315578649178/series_001_3_CR/A2507485409 DXA/CR DXA/CR000001.dcm,1.2.643.5.1.13.13.12.2.77.8252.12051209130410130502141403101414,5,320,280,right_hip,True,0.0,,,,,0.0,0.0,,,0,0.0,0,0.0,False,0.0,,,,,,,,-1.6967731070402776,1.6967731070402776,28.2,110.25,0.0,-17.24765498652291,37.199999999999996,27.417144930541145,111.30000000000001,8.4,336.0,168.0,320.0,0.30178571428571427,0.18880580357142857,1.0,0.32857142857142857,0.16428571428571428,0.4216209876102964,0.08841975223272552,0.9658052936363719,-17.27288409703504,0.5520298569355105,-18.971967654986525,1.004113622226822,-19.49628032345014,1.4931764461953037,-21.195363881401615,1.3452602114866237,-21.6944474393531,2.397343976777935,-22.793530997304575,2.849427742069247,-23.292614555256062,3.3015115073605585,-23.816927223719677,4.39057433132904,-23.71601078167115,5.4426580966203515,-24.215094339622638,6.494741861911663,-24.71417789757412,7.546825627202974,-25.8132614555256,7.998909392494294,-26.312345013477085,9.050993157785607,-26.2366576819407,9.540055981754088,-26.735741239892175,9.9921397470454,-27.23482479784366,10.44422351233671,-28.933908355795143,10.896307277628022,-30.0,11.948391042919335,-30.0,13.037453866887825,-30.0,14.689537632179135,right,0.4276045576385585,1.6967731070402776,0.2214285714285714,0.0,0.0,,,0.0,0.0
2.25.103868781101960771917584077315578649178,/home/user/workspace/dataset_extracted/Датасет/НД_для_обучения/Исследования/2.25.103868781101960771917584077315578649178/series_001_3_CR/A2507485409 DXA/CR DXA/CR000002.dcm,1.2.643.5.1.13.13.12.2.77.8252.08120904010605130814050710080508,1,289,300,spine,True,0.0,,0.0,0.0,0.0,,,,,920,579.6,920,579.6,True,4.232311281526335,2.2034565448965835,0.40266076878819757,289.0,0.013071864968416662,0.0,0.0034602076124567475,0.6033333333333334,,,,,,,,,,,,,,,,,,,,,,,,,,,,,,,,,,,,,,,,,,,,,,,,,,,,,,,,,,,,,,,,,,,,,,,
2.25.105033841136787477881326326053319223817,/home/user/workspace/dataset_extracted/Датасет/НД_для_обучения/Исследования/2.25.105033841136787477881326326053319223817/series_001_2_CR/A250790559 DXA/CR DXA/CR000000.dcm,1.2.643.5.1.13.13.12.2.77.8252.00071307071102020311080215100104,1,318,300,spine,True,0.0,,0.0,0.0,0.0,,,,,379,238.77,379,238.77,True,3.852809525209454,2.9190453589566805,2.132991529548194,318.0,-0.018563251581770808,0.0,0.0031446540880503146,0.6666666666666666,,,,,,,,,,,,,,,,,,,,,,,,,,,,,,,,,,,,,,,,,,,,,,,,,,,,,,,,,,,,,,,,,,,,,,,
2.25.105033841136787477881326326053319223817,/home/user/workspace/dataset_extracted/Датасет/НД_для_обучения/Исследования/2.25.105033841136787477881326326053319223817/series_001_2_CR/A250790559 DXA/CR DXA/CR000001.dcm,1.2.643.5.1.13.13.12.2.77.8252.12021012060504060503030002061208,3,318,300,spine,True,0.0,,0.0,0.0,0.0,,,,,379,238.77,379,238.77,True,3.852809525209454,2.9190453589566805,2.132991529548194,318.0,-0.018563251581770808,0.0,0.0031446540880503146,0.6666666666666666,,,,,,,,,,,,,,,,,,,,,,,,,,,,,,,,,,,,,,,,,,,,,,,,,,,,,,,,,,,,,,,,,,,,,,,
2.25.105033841136787477881326326053319223817,/home/user/workspace/dataset_extracted/Датасет/НД_для_обучения/Исследования/2.25.105033841136787477881326326053319223817/series_001_2_CR/A250790559 DXA/CR DXA/CR000002.dcm,1.2.643.5.1.13.13.12.2.77.8252.11131406091213131205130612021414,4,265,280,left_hip,True,0.0,,,,,,,0.0,0.0,0,0.0,0,0.0,False,0.0,,,,,,,,-2.9399129069717516,2.9399129069717516,30.0,82.95,0.0,7.51814021421614,45.0,22.1497565725414,65.10000000000001,38.4,278.25,168.0,265.0,0.3517857142857143,0.2984097035040431,1.0,0.3392857142857143,0.17142857142857143,0.6158958497559892,0.18149567131850497,0.9378239808376576,-0.025326192794565827,5.18024342745864,-0.5188802336903847,5.455296981499532,-0.4390457643622426,5.211587147030201,-0.33259980525805305,4.886640701071093,-0.22615384615386347,5.1616942551120015,-0.11970788704968242,4.836747809152894,-0.013261927945492857,4.511801363193785,0.06657254138264931,4.868091528724454,0.7730185004868303,5.743145082765346,0.8794644595910199,7.218198636806255,1.5859104186952095,8.693252190847147,2.8923563777993904,10.16830574488804,4.19880233690358,12.243359298928931,4.8786368062317225,13.799649464459616,6.1850827653359035,17.074703018500507,7.4915287244400925,22.1497565725414,7.51814021421614,22.068519961051624,7.51814021421614,22.068519961051624,7.51814021421614,22.068519961051624,7.51814021421614,22.068519961051624,left,-0.4624683178456763,2.9399129069717516,0.26785714285714285,,,0.0,0.0,0.0,0.0
2.25.105033841136787477881326326053319223817,/home/user/workspace/dataset_extracted/Датасет/НД_для_обучения/Исследования/2.25.105033841136787477881326326053319223817/series_001_2_CR/A250790559 DXA/CR DXA/CR000003.dcm,1.2.643.5.1.13.13.12.2.77.8252.14130208070502001411050502150202,8,237,280,right_hip,True,0.0,,,,,0.0,0.0,,,14,8.82,14,8.82,True,3.5763427537198704,,,,,,,,-13.273786105979207,13.273786105979207,28.2,80.85000000000001,0.0,6.070224512329747,59.4,15.847678637152342,50.400000000000006,9.6,248.85000000000002,168.0,237.0,0.4392857142857143,0.20113019891500905,1.0,0.25357142857142856,0.16785714285714284,0.46401120698015486,0.1446563863098365,0.9232207155737708,3.892917608707046,0.9222882380777377,5.485935117514037,1.1336873652663257,4.880698249119268,2.0422367106577837,5.8737157579262425,2.853635837846389,5.066733266733252,4.265034965034976,1.859750775540226,5.676434092223581,1.0527682843472006,7.687833219412187,0.44753141595244866,9.196382564803644,0.24054892475942324,11.207781691992233,0.033566433566414845,11.419180819180838,0.4265839423734064,13.430579946369443,2.019601451180381,14.841979073558047,2.8161102055838683,15.847678637152342,2.8161102055838683,15.847678637152342,2.8161102055838683,15.847678637152342,2.8161102055838683,15.847678637152342,2.8161102055838683,15.847678637152342,2.8161102055838683,15.847678637152342,2.8161102055838683,15.847678637152342,2.8161102055838683,15.847678637152342,right,0.5189578595371682,13.273786105979207,0.35357142857142854,0.0,0.0,,,0.0,0.0
2.25.105033841136787477881326326053319223817,/home/user/workspace/dataset_extracted/Датасет/НД_для_обучения/Исследования/2.25.105033841136787477881326326053319223817/series_001_2_CR/A250790559 DXA/CR DXA/CR000004.dcm,1.2.643.5.1.13.13.12.2.77.8252.11120508121303130402081303070008,5,237,280,right_hip,True,0.0,,,,,0.0,0.0,,,14,8.82,14,8.82,True,3.5763427537198704,,,,,,,,-13.273786105979207,13.273786105979207,28.2,80.85000000000001,0.0,6.070224512329747,59.4,15.847678637152342,50.400000000000006,9.6,248.85000000000002,168.0,237.0,0.4392857142857143,0.20113019891500905,1.0,0.25357142857142856,0.16785714285714284,0.46401120698015486,0.1446563863098365,0.9232207155737708,3.892917608707046,0.9222882380777377,5.485935117514037,1.1336873652663257,4.880698249119268,2.0422367106577837,5.8737157579262425,2.853635837846389,5.066733266733252,4.265034965034976,1.859750775540226,5.676434092223581,1.0527682843472006,7.687833219412187,0.44753141595244866,9.196382564803644,0.24054892475942324,11.207781691992233,0.033566433566414845,11.419180819180838,0.4265839423734064,13.430579946369443,2.019601451180381,14.841979073558047,2.8161102055838683,15.847678637152342,2.8161102055838683,15.847678637152342,2.8161102055838683,15.847678637152342,2.8161102055838683,15.847678637152342,2.8161102055838683,15.847678637152342,2.8161102055838683,15.847678637152342,2.8161102055838683,15.847678637152342,2.8161102055838683,15.847678637152342,right,0.5189578595371682,13.273786105979207,0.35357142857142854,0.0,0.0,,,0.0,0.0
2.25.105033841136787477881326326053319223817,/home/user/workspace/dataset_extracted/Датасет/НД_для_обучения/Исследования/2.25.105033841136787477881326326053319223817/series_001_2_CR/A250790559 DXA/CR DXA/CR000005.dcm,1.2.643.5.1.13.13.12.2.77.8252.03090510061307040702090411010105,6,265,280,left_hip,True,0.0,,,,,,,0.0,0.0,0,0.0,0,0.0,False,0.0,,,,,,,,-2.9399129069717516,2.9399129069717516,30.0,82.95,0.0,7.51814021421614,45.0,22.1497565725414,65.10000000000001,38.4,278.25,168.0,265.0,0.3517857142857143,0.2984097035040431,1.0,0.3392857142857143,0.17142857142857143,0.6158958497559892,0.18149567131850497,0.9378239808376576,-0.025326192794565827,5.18024342745864,-0.5188802336903847,5.455296981499532,-0.4390457643622426,5.211587147030201,-0.33259980525805305,4.886640701071093,-0.22615384615386347,5.1616942551120015,-0.11970788704968242,4.836747809152894,-0.013261927945492857,4.511801363193785,0.06657254138264931,4.868091528724454,0.7730185004868303,5.743145082765346,0.8794644595910199,7.218198636806255,1.5859104186952095,8.693252190847147,2.8923563777993904,10.16830574488804,4.19880233690358,12.243359298928931,4.8786368062317225,13.799649464459616,6.1850827653359035,17.074703018500507,7.4915287244400925,22.1497565725414,7.51814021421614,22.068519961051624,7.51814021421614,22.068519961051624,7.51814021421614,22.068519961051624,7.51814021421614,22.068519961051624,left,-0.4624683178456763,2.9399129069717516,0.26785714285714285,,,0.0,0.0,0.0,0.0
2.25.108537195937431169718850276671337677972,/home/user/workspace/dataset_extracted/Датасет/НД_для_обучения/Исследования/2.25.108537195937431169718850276671337677972/series_002_2_CR/A250479795 DXA/CR DXA/CR000000.dcm,1.2.643.5.1.13.13.12.2.77.8252.14031513011512070711151413071213,1,289,300,spine,True,0.0,,0.0,0.0,0.0,,,,,616,388.08,616,388.08,True,4.455119884187783,0.9281583327076699,1.4800414825212282,289.0,-0.02639711128513009,0.0,0.0034602076124567475,0.31333333333333335,,,,,,,,,,,,,,,,,,,,,,,,,,,,,,,,,,,,,,,,,,,,,,,,,,,,,,,,,,,,,,,,,,,,,,,
2.25.11175860580562939441493697221497597640,/home/user/workspace/dataset_extracted/Датасет/НД_для_обучения/Исследования/2.25.11175860580562939441493697221497597640/series_003_2_CR/A2507431060 DXA/CR DXA/CR000000.dcm,1.2.643.5.1.13.13.12.2.77.8252.07121414121104070401050315140813,5,348,280,right_hip,False,,,,,,,,,,7869,4957.47,7869,4957.47,True,7.772807199426981,,,,,,,,-1.6876278536615357,1.6876278536615357,26.4,111.30000000000001,2.144945965690103,6.942554853011562,31.2,9.499059374763817,120.75,6.0,365.40000000000003,168.0,221.0,0.25892857142857145,0.3102832512315271,0.6350574712643678,0.625,0.15,0.8256760282646998,0.26698232678058875,0.9832177164734713,-0.09757916215331335,3.8783122150288305,-0.07242864700103269,6.655971987807626,-0.05356576063682752,7.6892168173917295,-0.028415245484546856,8.066876590170525,-0.0032647303322704603,8.44453636294933,0.6218857848200102,8.222196135728126,0.6470362999722866,7.39985590850693,1.265899186336496,6.6331007380910245,1.2910497014887767,6.410760510869829,1.916200216641053,6.188420283648625,1.9413507317933336,6.566080056427421,2.56650124694561,7.543739829206225,3.7916517620978905,8.52139960198502,4.4105146484621,8.954644431569124,5.635665163614377,-5.067695795652079,6.260815678766657,-5.2900360228732834,6.885966193918933,-4.912376250094479,6.911116709071214,-4.534716477315683,6.929979595435424,-4.70147164773158,6.3551301105877,2.2761881250472156,right,0.9663363745829509,1.6876278536615357,0.18571428571428572,,,,,,
2.25.11175860580562939441493697221497597640,/home/user/workspace/dataset_extracted/Датасет/НД_для_обучения/Исследования/2.25.11175860580562939441493697221497597640/series_003_2_CR/A2507431060 DXA/CR DXA/CR000001.dcm,1.2.643.5.1.13.13.12.2.77.8252.11051001091403121310010813110103,3,315,300,spine,True,1.0,"Наличие посторонних предметов, артефактов или наложений",0.0,0.0,1.0,,,,,262,165.06,262,165.06,True,3.853718291819103,1.3253978023055013,2.42972634530892,315.0,-0.029112670532537757,0.0,0.0031746031746031746,0.5266666666666666,,,,,,,,,,,,,,,,,,,,,,,,,,,,,,,,,,,,,,,,,,,,,,,,,,,,,,,,,,,,,,,,,,,,,,,
2.25.11175860580562939441493697221497597640,/home/user/workspace/dataset_extracted/Датасет/НД_для_обучения/Исследования/2.25.11175860580562939441493697221497597640/series_003_2_CR/A2507431060 DXA/CR DXA/CR000002.dcm,1.2.643.5.1.13.13.12.2.77.8252.12051512011202090502051206130907,4,291,280,left_hip,True,0.0,,,,,,,0.0,0.0,0,0.0,0,0.0,False,0.0,,,,,,,,-2.2900059001281363,2.2900059001281363,27.599999999999998,113.4,11.201040898568108,6.688114359751182,44.4,14.783007992988246,103.95,4.2,305.55,168.0,207.0,0.3375,0.2501963672066765,0.711340206185567,0.3357142857142857,0.15,0.5832746809680595,0.167016111062749,0.9579476789569878,0.4114559814036937,2.6882867948974476,0.4315765907380523,2.9724961178275064,0.4466670477388277,2.735653110025055,1.0667876570731862,2.4198624329551137,1.0869082664075533,2.7040717558851726,1.707028875741912,2.9882810788152483,2.327149485076279,3.872490401745307,2.942239942077046,4.835647393942855,3.562360551411413,5.719856716872914,4.1824811607457715,6.604066039802973,5.402601770080139,8.08827536273303,6.022722379414506,9.572484685663108,6.642842988748865,11.656694008593165,6.65793344574964,13.219851000790714,6.678054055083998,-4.495939676279226,6.098174664418366,-15.611730353349166,5.518295273752725,-15.927521030419108,4.338415883087092,-19.24331170748903,4.353506340087859,-20.6801547152915,3.7736269494222254,-20.995945392361424,left,-0.480152985450253,2.2900059001281363,0.2642857142857143,,,0.0,0.0,0.0,0.0
2.25.11175860580562939441493697221497597640,/home/user/workspace/dataset_extracted/Датасет/НД_для_обучения/Исследования/2.25.11175860580562939441493697221497597640/series_003_2_CR/A2507431060 DXA/CR DXA/CR000003.dcm,1.2.643.5.1.13.13.12.2.77.8252.08110803080105090710150006100300,6,291,280,left_hip,True,0.0,,,,,,,0.0,0.0,0,0.0,0,0.0,False,0.0,,,,,,,,-2.2900059001281363,2.2900059001281363,27.599999999999998,113.4,11.201040898568108,6.688114359751182,44.4,14.783007992988246,103.95,4.2,305.55,168.0,207.0,0.3375,0.2501963672066765,0.711340206185567,0.3357142857142857,0.15,0.5832746809680595,0.167016111062749,0.9579476789569878,0.4114559814036937,2.6882867948974476,0.4315765907380523,2.9724961178275064,0.4466670477388277,2.735653110025055,1.0667876570731862,2.4198624329551137,1.0869082664075533,2.7040717558851726,1.707028875741912,2.9882810788152483,2.327149485076279,3.872490401745307,2.942239942077046,4.835647393942855,3.562360551411413,5.719856716872914,4.1824811607457715,6.604066039802973,5.402601770080139,8.08827536273303,6.022722379414506,9.572484685663108,6.642842988748865,11.656694008593165,6.65793344574964,13.219851000790714,6.678054055083998,-4.495939676279226,6.098174664418366,-15.611730353349166,5.518295273752725,-15.927521030419108,4.338415883087092,-19.24331170748903,4.353506340087859,-20.6801547152915,3.7736269494222254,-20.995945392361424,left,-0.480152985450253,2.2900059001281363,0.2642857142857143,,,0.0,0.0,0.0,0.0
2.25.11175860580562939441493697221497597640,/home/user/workspace/dataset_extracted/Датасет/НД_для_обучения/Исследования/2.25.11175860580562939441493697221497597640/series_003_2_CR/A2507431060 DXA/CR DXA/CR000004.dcm,1.2.643.5.1.13.13.12.2.77.8252.13030903151515081500090603041412,1,315,300,spine,True,1.0,"Наличие посторонних предметов, артефактов или наложений",0.0,0.0,1.0,,,,,262,165.06,262,165.06,True,3.853718291819103,1.3253978023055013,2.42972634530892,315.0,-0.029112670532537757,0.0,0.0031746031746031746,0.5266666666666666,,,,,,,,,,,,,,,,,,,,,,,,,,,,,,,,,,,,,,,,,,,,,,,,,,,,,,,,,,,,,,,,,,,,,,,
2.25.11175860580562939441493697221497597640,/home/user/workspace/dataset_extracted/Датасет/НД_для_обучения/Исследования/2.25.11175860580562939441493697221497597640/series_003_2_CR/A2507431060 DXA/CR DXA/CR000005.dcm,1.2.643.5.1.13.13.12.2.77.8252.08101400121500101415120401040211,8,348,280,right_hip,False,,,,,,,,,,7869,4957.47,7869,4957.47,True,7.772807199426981,,,,,,,,-1.6876278536615357,1.6876278536615357,26.4,111.30000000000001,2.144945965690103,6.942554853011562,31.2,9.499059374763817,120.75,6.0,365.40000000000003,168.0,221.0,0.25892857142857145,0.3102832512315271,0.6350574712643678,0.625,0.15,0.8256760282646998,0.26698232678058875,0.9832177164734713,-0.09757916215331335,3.8783122150288305,-0.07242864700103269,6.655971987807626,-0.05356576063682752,7.6892168173917295,-0.028415245484546856,8.066876590170525,-0.0032647303322704603,8.44453636294933,0.6218857848200102,8.222196135728126,0.6470362999722866,7.39985590850693,1.265899186336496,6.6331007380910245,1.2910497014887767,6.410760510869829,1.916200216641053,6.188420283648625,1.9413507317933336,6.566080056427421,2.56650124694561,7.543739829206225,3.7916517620978905,8.52139960198502,4.4105146484621,8.954644431569124,5.635665163614377,-5.067695795652079,6.260815678766657,-5.2900360228732834,6.885966193918933,-4.912376250094479,6.911116709071214,-4.534716477315683,6.929979595435424,-4.70147164773158,6.3551301105877,2.2761881250472156,right,0.9663363745829509,1.6876278536615357,0.18571428571428572,,,,,,
2.25.112621744005021908434051268014787122937,/home/user/workspace/dataset_extracted/Датасет/НД_для_обучения/Исследования/2.25.112621744005021908434051268014787122937/series_002_2_CR/A2504301685 DXA/CR DXA/CR000000.dcm,1.2.643.5.1.13.13.12.2.77.8252.15090515141309140806011408041204,1,291,300,spine,True,0.0,,0.0,0.0,0.0,,,,,233,146.79,233,146.79,True,3.404115660754722,4.523698333692143,6.67525047367421,291.0,-0.08282133971060707,0.0,0.003436426116838488,0.68,,,,,,,,,,,,,,,,,,,,,,,,,,,,,,,,,,,,,,,,,,,,,,,,,,,,,,,,,,,,,,,,,,,,,,,
2.25.114887542067602662452692698814728642117,/home/user/workspace/dataset_extracted/Датасет/НД_для_обучения/Исследования/2.25.114887542067602662452692698814728642117/series_001_2_CR/A2504131887 DXA/CR DXA/CR000000.dcm,1.2.643.5.1.13.13.12.2.77.8252.03150400010605060115070904121304,2,320,280,right_hip,True,1.0,Нарушение позиционирования/ротации правого бедра,,,,1.0,0.0,,,0,0.0,0,0.0,False,0.0,,,,,,,,-15.476233562255777,15.476233562255777,29.4,108.15,0.0,10.241448842419663,46.199999999999996,16.752778631990527,92.4,9.6,336.0,168.0,320.0,0.3625,0.20345982142857144,1.0,0.3607142857142857,0.17857142857142858,0.44545189298033044,0.10791207242596682,0.954287808809234,2.4751350876421667,3.408360057988864,4.150643588279172,3.958094275798464,5.40727496375693,4.070394939155665,7.082783464393918,4.020129156965282,8.158291965030923,4.569863374774883,8.633800465667928,5.119597592584483,9.709308966304917,5.669331810394084,9.165940341782674,5.7816324737512845,10.241448842419663,5.131366691560885,9.516957343056669,5.681100909370502,8.192465843693673,6.230835127180103,6.2679743443306615,6.780569344989703,5.543482844967684,7.9303035627993035,5.000114220445425,8.642604226156504,4.875622721082413,9.792338443966104,4.751131221719419,10.942072661775706,4.026639722356424,13.291806879585305,4.502148222993412,13.841541097394906,5.15877959847117,13.953841760752107,5.634288099108176,14.503575978561706,right,0.7400375007980831,15.476233562255777,0.27499999999999997,1.0,0.0,,,1.0,0.0
2.25.114887542067602662452692698814728642117,/home/user/workspace/dataset_extracted/Датасет/НД_для_обучения/Исследования/2.25.114887542067602662452692698814728642117/series_001_2_CR/A2504131887 DXA/CR DXA/CR000001.dcm,1.2.643.5.1.13.13.12.2.77.8252.15050814070214050107040604101305,3,320,280,right_hip,True,1.0,Нарушение позиционирования/ротации правого бедра,,,,1.0,0.0,,,0,0.0,0,0.0,False,0.0,,,,,,,,-4.877157965825158,4.877157965825158,30.599999999999998,100.80000000000001,0.0,-14.875949538795439,31.2,24.797525773195893,116.55000000000001,9.6,336.0,168.0,320.0,0.26785714285714285,0.2003125,1.0,0.3142857142857143,0.16785714285714284,0.4802807837170438,0.12033277013309451,0.9660938757645383,-15.881795984807376,1.7836597938144536,-17.29348887683125,2.055206185567033,-18.202258545849155,2.4088659793814657,-18.41395143787303,3.280412371134045,-18.02564432989691,4.151958762886625,-18.237337221920786,5.623505154639195,-18.44903011394465,6.4950515463917755,-18.157799782962556,7.4487113402062075,-17.76949267498643,8.320257731958787,-17.38118556701031,9.191804123711359,-18.192878459034183,10.063350515463938,-17.80457135105805,10.334896907216518,-17.41626424308193,10.606443298969088,-17.12503391209983,10.36010309278352,-17.93672680412371,10.0316494845361,-19.348419696147584,10.90319587628868,-21.36011258817146,11.174742268041252,-25.171805480195335,12.04628865979383,-29.68057514921324,12.999948453608264,-30.0,13.871494845360843,left,-0.26743541065783316,4.877157965825158,0.18571428571428572,,,1.0,0.0,1.0,0.0
2.25.114887542067602662452692698814728642117,/home/user/workspace/dataset_extracted/Датасет/НД_для_обучения/Исследования/2.25.114887542067602662452692698814728642117/series_001_2_CR/A2504131887 DXA/CR DXA/CR000002.dcm,1.2.643.5.1.13.13.12.2.77.8252.00111415140915030904140513150113,6,320,280,right_hip,True,1.0,Нарушение позиционирования/ротации правого бедра,,,,1.0,0.0,,,0,0.0,0,0.0,False,0.0,,,,,,,,-4.877157965825158,4.877157965825158,30.599999999999998,100.80000000000001,0.0,-14.875949538795439,31.2,24.797525773195893,116.55000000000001,9.6,336.0,168.0,320.0,0.26785714285714285,0.2003125,1.0,0.3142857142857143,0.16785714285714284,0.4802807837170438,0.12033277013309451,0.9660938757645383,-15.881795984807376,1.7836597938144536,-17.29348887683125,2.055206185567033,-18.202258545849155,2.4088659793814657,-18.41395143787303,3.280412371134045,-18.02564432989691,4.151958762886625,-18.237337221920786,5.623505154639195,-18.44903011394465,6.4950515463917755,-18.157799782962556,7.4487113402062075,-17.76949267498643,8.320257731958787,-17.38118556701031,9.191804123711359,-18.192878459034183,10.063350515463938,-17.80457135105805,10.334896907216518,-17.41626424308193,10.606443298969088,-17.12503391209983,10.36010309278352,-17.93672680412371,10.0316494845361,-19.348419696147584,10.90319587628868,-21.36011258817146,11.174742268041252,-25.171805480195335,12.04628865979383,-29.68057514921324,12.999948453608264,-30.0,13.871494845360843,left,-0.26743541065783316,4.877157965825158,0.18571428571428572,,,1.0,0.0,1.0,0.0
2.25.114887542067602662452692698814728642117,/home/user/workspace/dataset_extracted/Датасет/НД_для_обучения/Исследования/2.25.114887542067602662452692698814728642117/series_001_2_CR/A2504131887 DXA/CR DXA/CR000003.dcm,1.2.643.5.1.13.13.12.2.77.8252.08111114040702130902010708100700,5,320,280,right_hip,True,1.0,Нарушение позиционирования/ротации правого бедра,,,,1.0,0.0,,,0,0.0,0,0.0,False,0.0,,,,,,,,-15.476233562255777,15.476233562255777,29.4,108.15,0.0,10.241448842419663,46.199999999999996,16.752778631990527,92.4,9.6,336.0,168.0,320.0,0.3625,0.20345982142857144,1.0,0.3607142857142857,0.17857142857142858,0.44545189298033044,0.10791207242596682,0.954287808809234,2.4751350876421667,3.408360057988864,4.150643588279172,3.958094275798464,5.40727496375693,4.070394939155665,7.082783464393918,4.020129156965282,8.158291965030923,4.569863374774883,8.633800465667928,5.119597592584483,9.709308966304917,5.669331810394084,9.165940341782674,5.7816324737512845,10.241448842419663,5.131366691560885,9.516957343056669,5.681100909370502,8.192465843693673,6.230835127180103,6.2679743443306615,6.780569344989703,5.543482844967684,7.9303035627993035,5.000114220445425,8.642604226156504,4.875622721082413,9.792338443966104,4.751131221719419,10.942072661775706,4.026639722356424,13.291806879585305,4.502148222993412,13.841541097394906,5.15877959847117,13.953841760752107,5.634288099108176,14.503575978561706,right,0.7400375007980831,15.476233562255777,0.27499999999999997,1.0,0.0,,,1.0,0.0
2.25.114887542067602662452692698814728642117,/home/user/workspace/dataset_extracted/Датасет/НД_для_обучения/Исследования/2.25.114887542067602662452692698814728642117/series_001_2_CR/A2504131887 DXA/CR DXA/CR000004.dcm,1.2.643.5.1.13.13.12.2.77.8252.10001500010311100907131007040004,1,320,300,spine,True,1.0,"Наличие посторонних предметов, артефактов или наложений",0.0,0.0,1.0,,,,,186,117.18,186,117.18,True,3.8035521332394904,1.462761765345541,0.3711962450836124,320.0,-0.05226721574010526,0.0,0.003125,0.7,,,,,,,,,,,,,,,,,,,,,,,,,,,,,,,,,,,,,,,,,,,,,,,,,,,,,,,,,,,,,,,,,,,,,,,
2.25.114887542067602662452692698814728642117,/home/user/workspace/dataset_extracted/Датасет/НД_для_обучения/Исследования/2.25.114887542067602662452692698814728642117/series_001_2_CR/A2504131887 DXA/CR DXA/CR000005.dcm,1.2.643.5.1.13.13.12.2.77.8252.11151502000914000710090013020813,13,320,280,right_hip,True,1.0,Нарушение позиционирования/ротации правого бедра,,,,1.0,0.0,,,0,0.0,0,0.0,False,0.0,,,,,,,,-15.476233562255777,15.476233562255777,29.4,108.15,0.0,10.241448842419663,46.199999999999996,16.752778631990527,92.4,9.6,336.0,168.0,320.0,0.3625,0.20345982142857144,1.0,0.3607142857142857,0.17857142857142858,0.44545189298033044,0.10791207242596682,0.954287808809234,2.4751350876421667,3.408360057988864,4.150643588279172,3.958094275798464,5.40727496375693,4.070394939155665,7.082783464393918,4.020129156965282,8.158291965030923,4.569863374774883,8.633800465667928,5.119597592584483,9.709308966304917,5.669331810394084,9.165940341782674,5.7816324737512845,10.241448842419663,5.131366691560885,9.516957343056669,5.681100909370502,8.192465843693673,6.230835127180103,6.2679743443306615,6.780569344989703,5.543482844967684,7.9303035627993035,5.000114220445425,8.642604226156504,4.875622721082413,9.792338443966104,4.751131221719419,10.942072661775706,4.026639722356424,13.291806879585305,4.502148222993412,13.841541097394906,5.15877959847117,13.953841760752107,5.634288099108176,14.503575978561706,right,0.7400375007980831,15.476233562255777,0.27499999999999997,1.0,0.0,,,1.0,0.0
2.25.114887542067602662452692698814728642117,/home/user/workspace/dataset_extracted/Датасет/НД_для_обучения/Исследования/2.25.114887542067602662452692698814728642117/series_001_2_CR/A2504131887 DXA/CR DXA/CR000006.dcm,1.2.643.5.1.13.13.12.2.77.8252.10141411130204150513090803110213,12,320,280,right_hip,True,1.0,Нарушение позиционирования/ротации правого бедра,,,,1.0,0.0,,,0,0.0,0,0.0,False,0.0,,,,,,,,-4.877157965825158,4.877157965825158,30.599999999999998,100.80000000000001,0.0,-14.875949538795439,31.2,24.797525773195893,116.55000000000001,9.6,336.0,168.0,320.0,0.26785714285714285,0.2003125,1.0,0.3142857142857143,0.16785714285714284,0.4802807837170438,0.12033277013309451,0.9660938757645383,-15.881795984807376,1.7836597938144536,-17.29348887683125,2.055206185567033,-18.202258545849155,2.4088659793814657,-18.41395143787303,3.280412371134045,-18.02564432989691,4.151958762886625,-18.237337221920786,5.623505154639195,-18.44903011394465,6.4950515463917755,-18.157799782962556,7.4487113402062075,-17.76949267498643,8.320257731958787,-17.38118556701031,9.191804123711359,-18.192878459034183,10.063350515463938,-17.80457135105805,10.334896907216518,-17.41626424308193,10.606443298969088,-17.12503391209983,10.36010309278352,-17.93672680412371,10.0316494845361,-19.348419696147584,10.90319587628868,-21.36011258817146,11.174742268041252,-25.171805480195335,12.04628865979383,-29.68057514921324,12.999948453608264,-30.0,13.871494845360843,left,-0.26743541065783316,4.877157965825158,0.18571428571428572,,,1.0,0.0,1.0,0.0
2.25.114887542067602662452692698814728642117,/home/user/workspace/dataset_extracted/Датасет/НД_для_обучения/Исследования/2.25.114887542067602662452692698814728642117/series_001_2_CR/A2504131887 DXA/CR DXA/CR000007.dcm,1.2.643.5.1.13.13.12.2.77.8252.09060814101015050208090100150206,4,320,300,spine,True,1.0,"Наличие посторонних предметов, артефактов или наложений",0.0,0.0,1.0,,,,,186,117.18,186,117.18,True,3.8035521332394904,1.462761765345541,0.3711962450836124,320.0,-0.05226721574010526,0.0,0.003125,0.7,,,,,,,,,,,,,,,,,,,,,,,,,,,,,,,,,,,,,,,,,,,,,,,,,,,,,,,,,,,,,,,,,,,,,,,
2.25.114887542067602662452692698814728642117,/home/user/workspace/dataset_extracted/Датасет/НД_для_обучения/Исследования/2.25.114887542067602662452692698814728642117/series_001_2_CR/A2504131887 DXA/CR DXA/CR000008.dcm,1.2.643.5.1.13.13.12.2.77.8252.11060402050912131204000502001414,11,320,280,right_hip,True,1.0,Нарушение позиционирования/ротации правого бедра,,,,1.0,0.0,,,0,0.0,0,0.0,False,0.0,,,,,,,,-15.476233562255777,15.476233562255777,29.4,108.15,0.0,10.241448842419663,46.199999999999996,16.752778631990527,92.4,9.6,336.0,168.0,320.0,0.3625,0.20345982142857144,1.0,0.3607142857142857,0.17857142857142858,0.44545189298033044,0.10791207242596682,0.954287808809234,2.4751350876421667,3.408360057988864,4.150643588279172,3.958094275798464,5.40727496375693,4.070394939155665,7.082783464393918,4.020129156965282,8.158291965030923,4.569863374774883,8.633800465667928,5.119597592584483,9.709308966304917,5.669331810394084,9.165940341782674,5.7816324737512845,10.241448842419663,5.131366691560885,9.516957343056669,5.681100909370502,8.192465843693673,6.230835127180103,6.2679743443306615,6.780569344989703,5.543482844967684,7.9303035627993035,5.000114220445425,8.642604226156504,4.875622721082413,9.792338443966104,4.751131221719419,10.942072661775706,4.026639722356424,13.291806879585305,4.502148222993412,13.841541097394906,5.15877959847117,13.953841760752107,5.634288099108176,14.503575978561706,right,0.7400375007980831,15.476233562255777,0.27499999999999997,1.0,0.0,,,1.0,0.0
2.25.114887542067602662452692698814728642117,/home/user/workspace/dataset_extracted/Датасет/НД_для_обучения/Исследования/2.25.114887542067602662452692698814728642117/series_001_2_CR/A2504131887 DXA/CR DXA/CR000009.dcm,1.2.643.5.1.13.13.12.2.77.8252.04051301070809101001111312060114,10,320,280,right_hip,True,1.0,Нарушение позиционирования/ротации правого бедра,,,,1.0,0.0,,,0,0.0,0,0.0,False,0.0,,,,,,,,-4.877157965825158,4.877157965825158,30.599999999999998,100.80000000000001,0.0,-14.875949538795439,31.2,24.797525773195893,116.55000000000001,9.6,336.0,168.0,320.0,0.26785714285714285,0.2003125,1.0,0.3142857142857143,0.16785714285714284,0.4802807837170438,0.12033277013309451,0.9660938757645383,-15.881795984807376,1.7836597938144536,-17.29348887683125,2.055206185567033,-18.202258545849155,2.4088659793814657,-18.41395143787303,3.280412371134045,-18.02564432989691,4.151958762886625,-18.237337221920786,5.623505154639195,-18.44903011394465,6.4950515463917755,-18.157799782962556,7.4487113402062075,-17.76949267498643,8.320257731958787,-17.38118556701031,9.191804123711359,-18.192878459034183,10.063350515463938,-17.80457135105805,10.334896907216518,-17.41626424308193,10.606443298969088,-17.12503391209983,10.36010309278352,-17.93672680412371,10.0316494845361,-19.348419696147584,10.90319587628868,-21.36011258817146,11.174742268041252,-25.171805480195335,12.04628865979383,-29.68057514921324,12.999948453608264,-30.0,13.871494845360843,left,-0.26743541065783316,4.877157965825158,0.18571428571428572,,,1.0,0.0,1.0,0.0
2.25.114887542067602662452692698814728642117,/home/user/workspace/dataset_extracted/Датасет/НД_для_обучения/Исследования/2.25.114887542067602662452692698814728642117/series_001_2_CR/A2504131887 DXA/CR DXA/CR000010.dcm,1.2.643.5.1.13.13.12.2.77.8252.08050414010100010110100910070904,9,320,300,spine,True,1.0,"Наличие посторонних предметов, артефактов или наложений",0.0,0.0,1.0,,,,,186,117.18,186,117.18,True,3.8035521332394904,1.462761765345541,0.3711962450836124,320.0,-0.05226721574010526,0.0,0.003125,0.7,,,,,,,,,,,,,,,,,,,,,,,,,,,,,,,,,,,,,,,,,,,,,,,,,,,,,,,,,,,,,,,,,,,,,,,
2.25.116822802042655971810859435524105064465,/home/user/workspace/dataset_extracted/Датасет/НД_для_обучения/Исследования/2.25.116822802042655971810859435524105064465/series_003_2_CR/A2507273296 DXA/CR DXA/CR000000.dcm,1.2.643.5.1.13.13.12.2.77.8252.13011301091003020814061203020304,6,235,280,right_hip,True,0.0,,,,,0.0,0.0,,,0,0.0,0,0.0,False,0.0,,,,,,,,-12.737132970145009,12.737132970145009,18.3,94.5,0.0,13.051286990163396,71.39999999999999,11.198231880479067,54.6,8.4,246.75,168.0,235.0,0.49464285714285716,0.17404255319148937,1.0,0.21428571428571427,0.14285714285714285,0.4810074259682298,0.12403200897342931,0.9518766852962426,3.7684520722722934,2.4795258673910325,5.793753961394413,2.0060847018150296,6.862730378236006,1.6510038276330363,8.888032267358108,1.1775626620570334,10.913334156480227,1.304121496481048,12.338636045602344,2.030680330905045,10.163937934724446,3.3572391653290423,9.43291435156604,3.602158291147049,4.258216240688159,4.928717125571046,3.883518129810261,6.85527595999506,2.90882001893238,8.781834794419057,3.1341219080544986,10.708393628843055,2.7594237971766007,10.834952463267053,2.8720747417376686,11.198231880479067,2.8720747417376686,11.198231880479067,2.8720747417376686,11.198231880479067,2.8720747417376686,11.198231880479067,2.8720747417376686,11.198231880479067,2.8720747417376686,11.198231880479067,2.8720747417376686,11.198231880479067,right,0.8770098903495986,12.737132970145009,0.42499999999999993,0.0,0.0,,,0.0,0.0
2.25.116822802042655971810859435524105064465,/home/user/workspace/dataset_extracted/Датасет/НД_для_обучения/Исследования/2.25.116822802042655971810859435524105064465/series_003_2_CR/A2507273296 DXA/CR DXA/CR000001.dcm,1.2.643.5.1.13.13.12.2.77.8252.01010713081306120510130101121412,4,235,280,left_hip,True,0.0,,,,,,,0.0,0.0,0,0.0,0,0.0,False,0.0,,,,,,,,-13.898466890940927,13.898466890940927,10.2,74.55,0.0,15.009235412474776,79.2,17.6238229376258,76.65,7.199999999999999,246.75,168.0,235.0,0.5410714285714285,0.1575835866261398,1.0,0.19642857142857142,0.14285714285714285,0.45790476176215045,0.11310306246383055,0.9540747012314387,3.415714285714239,1.175191146881309,3.8912877263581094,1.372213279678101,4.547967806840995,1.669979879275695,6.2235412474848655,2.46700201207247,7.299114688128736,3.264024144869245,8.37468812877259,3.461046277666037,9.450261569416442,4.258068410462812,10.706941649899345,3.9558350100603885,11.7825150905432,4.15285714285718,12.85808853118707,4.349879275653955,13.933661971830924,5.146901408450748,15.009235412474776,5.943923541247522,14.284808853118648,7.340945674044314,12.541488933601533,8.83871227364189,11.217062374245403,10.235734406438667,9.292635814889275,12.832756539235458,9.168209255533128,16.029778672032233,9.043782696176981,16.826800804829023,8.500462776659884,17.124567404426603,8.319356136820852,17.6238229376258,left,-1.3022619617640738,13.898466890940927,0.4714285714285714,,,0.0,0.0,0.0,0.0
2.25.116822802042655971810859435524105064465,/home/user/workspace/dataset_extracted/Датасет/НД_для_обучения/Исследования/2.25.116822802042655971810859435524105064465/series_003_2_CR/A2507273296 DXA/CR DXA/CR000002.dcm,1.2.643.5.1.13.13.12.2.77.8252.05150512091506110304120408070606,1,318,300,spine,True,0.0,,0.0,0.0,0.0,,,,,549,345.87,549,345.87,True,4.972514805186098,0.3697626872501433,1.849923503149446,318.0,0.012117283086920736,0.0,0.0031446540880503146,0.30333333333333334,,,,,,,,,,,,,,,,,,,,,,,,,,,,,,,,,,,,,,,,,,,,,,,,,,,,,,,,,,,,,,,,,,,,,,,
2.25.122446767306607067205618235949445789306,/home/user/workspace/dataset_extracted/Датасет/НД_для_обучения/Исследования/2.25.122446767306607067205618235949445789306/series_001_2_CR/A2504255080 DXA/CR DXA/CR000000.dcm,1.2.643.5.1.13.13.12.2.77.8252.02101009080308000015051512140806,5,207,280,right_hip,True,1.0,Нарушение позиционирования/ротации правого бедра,,,,1.0,0.0,,,0,0.0,0,0.0,False,0.0,,,,,,,,-4.646382521903398,4.646382521903398,28.799999999999997,65.10000000000001,1.0860164689884435,-4.8992974238876,57.599999999999994,13.736209110825728,69.3,8.4,217.35000000000002,168.0,207.0,0.4642857142857143,0.18588681849551414,1.0,0.21785714285714286,0.16785714285714284,0.47773131752885456,0.14884767578501965,0.923964492184345,-6.752481680139016,1.0238120420034817,-7.2127974616605055,1.0808038075092554,-8.458034297801623,1.7235476316385985,-7.718350079323113,2.380539397144372,-6.978665860844603,3.6375311626501454,-5.638981642366102,4.294522928155936,-4.8992974238876,5.5515146936617095,-12.144534260028717,6.194258517791053,-12.604850041550208,8.051250283296826,-11.865165823071697,9.308242048802617,-11.725481604593186,11.76523381430839,-12.185797386114677,13.022225579814164,-11.446113167636184,13.679217345319955,-11.4913500037773,13.721961169449282,-10.751665785298792,13.178952934955072,-10.611981566820281,12.635944700460845,-10.47229734834177,12.69293646596662,-10.287376293722161,12.707184407343066,-10.287376293722161,12.707184407343066,-10.287376293722161,12.707184407343066,right,0.3916998507265179,4.646382521903398,0.3428571428571428,1.0,0.0,,,1.0,0.0
2.25.122446767306607067205618235949445789306,/home/user/workspace/dataset_extracted/Датасет/НД_для_обучения/Исследования/2.25.122446767306607067205618235949445789306/series_001_2_CR/A2504255080 DXA/CR DXA/CR000001.dcm,1.2.643.5.1.13.13.12.2.77.8252.02091106060004131215091000000909,6,235,280,right_hip,True,1.0,Нарушение позиционирования/ротации правого бедра,,,,1.0,0.0,,,0,0.0,0,0.0,False,0.0,,,,,,,,2.757530556428325,2.757530556428325,29.4,74.55,0.0,-15.94285714285715,45.6,13.88547283702216,67.2,9.0,246.75,168.0,235.0,0.39464285714285713,0.2023100303951368,1.0,0.21785714285714286,0.17142857142857143,0.5197847153807852,0.1499490290011091,0.9416391036900879,-16.83832997987928,1.12611670020122,-17.832293762575453,1.1367404426559402,-18.127766599597596,1.744708249496989,-19.121730382293766,1.7553319919517263,-22.51569416498995,2.365955734406447,-24.70965794768612,2.376579476861184,-25.703621730382302,2.987203219315904,-25.999094567404434,3.595171026156953,-26.393058350100606,4.80579476861169,-26.187022132796788,5.416418511066411,-26.58098591549297,6.6270422535211475,-27.574949698189144,7.837665995975868,-30.0,8.448289738430605,-30.0,9.056257545271654,-30.0,10.866881287726374,-30.0,12.677505030181111,-30.0,13.88547283702216,-30.0,13.88547283702216,-30.0,13.88547283702216,-30.0,13.88547283702216,left,-0.34080385017185133,2.757530556428325,0.27142857142857146,,,1.0,0.0,1.0,0.0
2.25.122446767306607067205618235949445789306,/home/user/workspace/dataset_extracted/Датасет/НД_для_обучения/Исследования/2.25.122446767306607067205618235949445789306/series_001_2_CR/A2504255080 DXA/CR DXA/CR000002.dcm,1.2.643.5.1.13.13.12.2.77.8252.15060100040008041103060904131005,3,318,300,spine,True,0.0,,0.0,0.0,0.0,,,,,152,95.76,152,95.76,True,3.498433718736927,1.2996243853291225,0.15020651724717826,318.0,-0.031383345240930394,0.0,0.0031446540880503146,0.2866666666666667,,,,,,,,,,,,,,,,,,,,,,,,,,,,,,,,,,,,,,,,,,,,,,,,,,,,,,,,,,,,,,,,,,,,,,,
2.25.122446767306607067205618235949445789306,/home/user/workspace/dataset_extracted/Датасет/НД_для_обучения/Исследования/2.25.122446767306607067205618235949445789306/series_001_2_CR/A2504255080 DXA/CR DXA/CR000003.dcm,1.2.643.5.1.13.13.12.2.77.8252.03040807040905131500140112021404,8,207,280,right_hip,True,1.0,Нарушение позиционирования/ротации правого бедра,,,,1.0,0.0,,,0,0.0,0,0.0,False,0.0,,,,,,,,-4.646382521903398,4.646382521903398,28.799999999999997,65.10000000000001,1.0860164689884435,-4.8992974238876,57.599999999999994,13.736209110825728,69.3,8.4,217.35000000000002,168.0,207.0,0.4642857142857143,0.18588681849551414,1.0,0.21785714285714286,0.16785714285714284,0.47773131752885456,0.14884767578501965,0.923964492184345,-6.752481680139016,1.0238120420034817,-7.2127974616605055,1.0808038075092554,-8.458034297801623,1.7235476316385985,-7.718350079323113,2.380539397144372,-6.978665860844603,3.6375311626501454,-5.638981642366102,4.294522928155936,-4.8992974238876,5.5515146936617095,-12.144534260028717,6.194258517791053,-12.604850041550208,8.051250283296826,-11.865165823071697,9.308242048802617,-11.725481604593186,11.76523381430839,-12.185797386114677,13.022225579814164,-11.446113167636184,13.679217345319955,-11.4913500037773,13.721961169449282,-10.751665785298792,13.178952934955072,-10.611981566820281,12.635944700460845,-10.47229734834177,12.69293646596662,-10.287376293722161,12.707184407343066,-10.287376293722161,12.707184407343066,-10.287376293722161,12.707184407343066,right,0.3916998507265179,4.646382521903398,0.3428571428571428,1.0,0.0,,,1.0,0.0
2.25.122446767306607067205618235949445789306,/home/user/workspace/dataset_extracted/Датасет/НД_для_обучения/Исследования/2.25.122446767306607067205618235949445789306/series_001_2_CR/A2504255080 DXA/CR DXA/CR000004.dcm,1.2.643.5.1.13.13.12.2.77.8252.11100905091110000105111305090709,4,235,280,right_hip,True,1.0,Нарушение позиционирования/ротации правого бедра,,,,1.0,0.0,,,0,0.0,0,0.0,False,0.0,,,,,,,,2.757530556428325,2.757530556428325,29.4,74.55,0.0,-15.94285714285715,45.6,13.88547283702216,67.2,9.0,246.75,168.0,235.0,0.39464285714285713,0.2023100303951368,1.0,0.21785714285714286,0.17142857142857143,0.5197847153807852,0.1499490290011091,0.9416391036900879,-16.83832997987928,1.12611670020122,-17.832293762575453,1.1367404426559402,-18.127766599597596,1.744708249496989,-19.121730382293766,1.7553319919517263,-22.51569416498995,2.365955734406447,-24.70965794768612,2.376579476861184,-25.703621730382302,2.987203219315904,-25.999094567404434,3.595171026156953,-26.393058350100606,4.80579476861169,-26.187022132796788,5.416418511066411,-26.58098591549297,6.6270422535211475,-27.574949698189144,7.837665995975868,-30.0,8.448289738430605,-30.0,9.056257545271654,-30.0,10.866881287726374,-30.0,12.677505030181111,-30.0,13.88547283702216,-30.0,13.88547283702216,-30.0,13.88547283702216,-30.0,13.88547283702216,left,-0.34080385017185133,2.757530556428325,0.27142857142857146,,,1.0,0.0,1.0,0.0
2.25.122446767306607067205618235949445789306,/home/user/workspace/dataset_extracted/Датасет/НД_для_обучения/Исследования/2.25.122446767306607067205618235949445789306/series_001_2_CR/A2504255080 DXA/CR DXA/CR000005.dcm,1.2.643.5.1.13.13.12.2.77.8252.09071502150602001009041214040315,1,318,300,spine,True,0.0,,0.0,0.0,0.0,,,,,152,95.76,152,95.76,True,3.498433718736927,1.2996243853291225,0.15020651724717826,318.0,-0.031383345240930394,0.0,0.0031446540880503146,0.2866666666666667,,,,,,,,,,,,,,,,,,,,,,,,,,,,,,,,,,,,,,,,,,,,,,,,,,,,,,,,,,,,,,,,,,,,,,,
2.25.123175695355749859846173904788591707879,/home/user/workspace/dataset_extracted/Датасет/НД_для_обучения/Исследования/2.25.123175695355749859846173904788591707879/series_001_2_CR/A250722449 DXA/CR DXA/CR000000.dcm,1.2.643.5.1.13.13.12.2.77.8252.12031311070507060813050800031313,1,289,300,spine,True,0.0,,0.0,0.0,0.0,,,,,203,127.89,203,127.89,True,3.425047463471837,1.6210309145025734,0.39370010230109553,289.0,-0.014136213971745045,0.0,0.0034602076124567475,0.3333333333333333,,,,,,,,,,,,,,,,,,,,,,,,,,,,,,,,,,,,,,,,,,,,,,,,,,,,,,,,,,,,,,,,,,,,,,,
2.25.124890633326693921702195356152595253940,/home/user/workspace/dataset_extracted/Датасет/НД_для_обучения/Исследования/2.25.124890633326693921702195356152595253940/series_002_2_CR/A2504263153 DXA/CR DXA/CR000000.dcm,1.2.643.5.1.13.13.12.2.77.8252.04131510070001011107040403071102,1,289,300,spine,True,0.0,,0.0,0.0,0.0,,,,,501,315.63,501,315.63,True,3.7258621128220843,1.6244783497683104,0.27248957650808103,289.0,0.05026459793126463,0.0,0.0034602076124567475,0.32666666666666666,,,,,,,,,,,,,,,,,,,,,,,,,,,,,,,,,,,,,,,,,,,,,,,,,,,,,,,,,,,,,,,,,,,,,,,
2.25.124890633326693921702195356152595253940,/home/user/workspace/dataset_extracted/Датасет/НД_для_обучения/Исследования/2.25.124890633326693921702195356152595253940/series_002_2_CR/A2504263153 DXA/CR DXA/CR000001.dcm,1.2.643.5.1.13.13.12.2.77.8252.08050506060410091114110412130504,3,261,280,left_hip,True,0.0,,,,,,,0.0,0.0,0,0.0,0,0.0,False,0.0,,,,,,,,-0.8208179269379497,0.8208179269379497,24.599999999999998,73.5,0.0,4.4610165339865375,67.8,-15.2206211180124,69.3,4.8,274.05,168.0,136.0,0.4732142857142857,0.186247947454844,0.5210727969348659,0.2892857142857143,0.1357142857142857,0.4876305388531068,0.13364243444962964,0.958351479530562,-0.23529699938762574,-15.94791706762312,-0.28467850581750154,-16.117645000437392,0.2782853643600788,-16.24494095004811,0.228903857930203,-16.414668882862383,0.17952235150031867,-17.784396815676654,0.13014084507043436,-18.554124748490942,0.08075933864055003,-19.923852681305213,0.6437232088181389,-20.051148630915918,0.5943417023882546,-20.220876563730204,1.1449601959583702,-20.990604496544478,1.695578689528486,-21.160332429358764,1.6461971830986015,-21.930060362173037,2.196815676668717,-22.099788294987324,2.759779546846306,-24.627084244598027,3.9103980404164216,-25.3968121774123,4.4610165339865375,-26.76654011022659,4.411635027556661,-28.73626804304086,4.399289650949188,-29.378700026244427,4.399289650949188,-29.378700026244427,4.399289650949188,-29.378700026244427,left,-0.7667933906244071,0.8208179269379497,0.4035714285714286,,,0.0,0.0,0.0,0.0
2.25.124890633326693921702195356152595253940,/home/user/workspace/dataset_extracted/Датасет/НД_для_обучения/Исследования/2.25.124890633326693921702195356152595253940/series_002_2_CR/A2504263153 DXA/CR DXA/CR000002.dcm,1.2.643.5.1.13.13.12.2.77.8252.10081312010805021201100507060411,2,289,280,right_hip,True,0.0,,,,,0.0,0.0,,,0,0.0,0,0.0,False,0.0,,,,,,,,-3.4927747896085446,3.4927747896085446,25.2,107.10000000000001,6.373772950110542,3.3322898937523404,51.6,10.162038099869415,68.25,3.0,303.45,168.0,167.0,0.375,0.22789174493326741,0.5778546712802768,0.4714285714285714,0.1392857142857143,0.5076385689989436,0.15468884089305526,0.9674758780973085,0.5436135503898442,3.028626357781445,0.6599284143148452,3.8322384380071752,0.7471645622585982,3.534947498176473,0.8634794261835906,3.738559578402203,1.5797942901085917,3.942171658627916,1.6961091540335929,4.745783738853646,2.412424017958594,4.949395819079376,2.499660165902338,5.852104879248674,3.2159750298273395,7.255716959474387,3.3322898937523404,8.659329039700117,-13.351395242322658,-5.537058880074153,-13.835080378397658,-7.133446799848422,-13.718765514472665,-8.729834719622692,-13.63152936652891,-10.827125659453396,-13.51521450260391,-14.823513579227681,-14.598899638678908,-15.219901499001951,-14.482584774753917,-16.21628941877622,-14.482584774753917,-16.21628941877622,-14.482584774753917,-16.21628941877622,-14.482584774753917,-16.21628941877622,right,0.7371317839411677,3.4927747896085446,0.30714285714285716,0.0,0.0,,,0.0,0.0
2.25.125521310320333648427417313254965624364,/home/user/workspace/dataset_extracted/Датасет/НД_для_обучения/Исследования/2.25.125521310320333648427417313254965624364/series_001_2_CR/A250444126 DXA/CR DXA/CR000000.dcm,1.2.643.5.1.13.13.12.2.77.8252.06141210040207130507130606070312,1,263,300,spine,True,1.0,Нарушение укладки поясничного отдела позвоночника,1.0,0.0,0.0,,,,,0,0.0,0,0.0,False,0.0,0.3056201169362082,0.01690564922602089,263.0,0.012170275795886027,0.0,0.0038022813688212928,0.25666666666666665,,,,,,,,,,,,,,,,,,,,,,,,,,,,,,,,,,,,,,,,,,,,,,,,,,,,,,,,,,,,,,,,,,,,,,,
2.25.126293418391331346694592071563510265596,/home/user/workspace/dataset_extracted/Датасет/НД_для_обучения/Исследования/2.25.126293418391331346694592071563510265596/series_002_3_CR/A2507250865 DXA/CR DXA/CR000000.dcm,1.2.643.5.1.13.13.12.2.77.8252.08121504041301080101130415050611,5,291,280,right_hip,True,0.0,,,,,0.0,0.0,,,0,0.0,0,0.0,False,0.0,,,,,,,,0.191107434443397,0.191107434443397,28.2,99.75,0.0,-14.616618141097424,55.199999999999996,25.72538633818588,99.75,10.2,305.55,168.0,291.0,0.42142857142857143,0.19120029455081,1.0,0.21785714285714286,0.16071428571428573,0.48683576010597773,0.1331502324065029,0.9625345705047256,-17.088577827547585,1.4707558790593225,-18.98452407614781,2.0028275475923634,-20.856483762597982,2.55188129899214,-21.5524300111982,3.683952967525181,-22.848376259798425,4.216024636058205,-23.54432250839865,4.748096304591246,-24.240268756998876,5.880167973124287,-24.912228443449045,6.429221724524063,-25.608174692049264,6.961293393057088,-26.304120940649486,8.093365061590129,-27.600067189249714,8.62543673012317,-28.896013437849938,9.157508398656192,-29.591959686450164,10.289580067189235,-30.0,10.838633818589011,-30.0,11.970705487122052,-30.0,13.102777155655076,-30.0,14.834848824188116,-30.0,16.566920492721156,-30.0,17.715974244120932,-30.0,20.048045912653958,right,0.6196058278984928,0.191107434443397,0.32857142857142857,0.0,0.0,,,0.0,0.0
2.25.126293418391331346694592071563510265596,/home/user/workspace/dataset_extracted/Датасет/НД_для_обучения/Исследования/2.25.126293418391331346694592071563510265596/series_002_3_CR/A2507250865 DXA/CR DXA/CR000001.dcm,1.2.643.5.1.13.13.12.2.77.8252.10031005061115110908060312000307,1,317,300,spine,True,0.0,,0.0,0.0,0.0,,,,,1511,951.93,1511,951.93,True,4.225639841216759,0.06020766043244428,0.9927049529068508,317.0,0.006689906902349965,0.0,0.0031545741324921135,0.38,,,,,,,,,,,,,,,,,,,,,,,,,,,,,,,,,,,,,,,,,,,,,,,,,,,,,,,,,,,,,,,,,,,,,,,
2.25.126293418391331346694592071563510265596,/home/user/workspace/dataset_extracted/Датасет/НД_для_обучения/Исследования/2.25.126293418391331346694592071563510265596/series_002_3_CR/A2507250865 DXA/CR DXA/CR000002.dcm,1.2.643.5.1.13.13.12.2.77.8252.11151304101402090112060913070605,3,209,280,left_hip,True,1.0,Нарушение позиционирования/ротации левого бедра; Нарушение корректности области интереса левого бедра,,,,,,1.0,1.0,230,144.9,230,144.9,True,5.802394909802909,,,,,,,,4.532967569039365,4.532967569039365,42.0,77.7,11.700608663457977,13.30548093298775,78.0,44.344376156978974,141.75,4.8,219.45000000000002,168.0,209.0,0.6321428571428571,0.24352358168147642,1.0,0.08928571428571429,0.26071428571428573,0.5726421754589535,0.20628217928500492,0.9275867918405849,3.4002695298037566,2.9674165124028717,5.154917437985909,4.188022213994878,6.320903369122516,5.8534764901888705,8.675551277304669,7.674082191780877,10.430199185486822,10.094687893372884,11.584847093668975,14.91529359496489,12.139495001851127,21.535899296556895,13.30548093298775,23.20135357275089,-23.339871158830096,25.021959274342894,-24.585223250647942,28.642564975934903,-25.83057534246579,32.86317067752691,-27.075927434283635,40.083776379118916,-27.721279526101483,42.504382080710904,-28.35529359496486,33.36983635690491,-29.000645686782704,33.39044205849692,-30.0,33.41104776008893,-30.0,32.231653461680935,-30.0,31.652259163272923,-30.0,32.11771343946693,-30.0,32.138319141058936,left,-1.0484676750212916,4.532967569039365,0.4642857142857143,,,1.0,1.0,1.0,1.0
2.25.127126130998341190348103034690069487890,/home/user/workspace/dataset_extracted/Датасет/НД_для_обучения/Исследования/2.25.127126130998341190348103034690069487890/series_002_2_CR/A250428736 DXA/CR DXA/CR000000.dcm,1.2.643.5.1.13.13.12.2.77.8252.13130511100900071404010502130909,3,317,300,spine,True,1.0,Нарушение оси позвоночника (отклонение более 5 градусов),0.0,1.0,0.0,,,,,18,11.34,18,11.34,True,3.5801489014365617,1.9152782566907667,2.4915677201504103,317.0,-0.029018573185731877,0.0,0.0031545741324921135,0.43,,,,,,,,,,,,,,,,,,,,,,,,,,,,,,,,,,,,,,,,,,,,,,,,,,,,,,,,,,,,,,,,,,,,,,,
2.25.127126130998341190348103034690069487890,/home/user/workspace/dataset_extracted/Датасет/НД_для_обучения/Исследования/2.25.127126130998341190348103034690069487890/series_002_2_CR/A250428736 DXA/CR DXA/CR000001.dcm,1.2.643.5.1.13.13.12.2.77.8252.10040807011312021210130513011200,6,315,280,left_hip,True,1.0,Нарушение позиционирования/ротации левого бедра,,,,,,1.0,0.0,0,0.0,0,0.0,False,0.0,,,,,,,,-3.3066091568601035,3.3066091568601035,27.599999999999998,109.2,5.129094206764108,3.663885628934176,53.4,25.39224901312278,58.800000000000004,35.4,330.75,168.0,231.0,0.3964285714285714,0.286609977324263,0.7333333333333333,0.17857142857142858,0.16071428571428573,0.6027758238701126,0.14938832501668461,0.9573355515798813,0.18088978982182766,3.6183239091006043,0.3565048543689386,4.508625840179229,0.488216152779259,4.276352288488198,0.0638312173263614,5.166654219566823,0.23944628187347233,6.656956150645464,0.41506134642057474,8.74725808172409,0.5906764109676771,12.037560012802714,0.7223877093780061,11.205286461111683,1.4980027739251085,7.295588392190325,1.673617838472211,6.98589032326895,2.4492329030193134,7.276192254347574,2.624847967566416,9.3664941854262,3.4004630321135267,12.056796116504842,3.5321743305238553,22.02452256481381,3.663885628934176,25.39224901312278,3.663885628934176,25.39224901312278,3.663885628934176,25.39224901312278,3.663885628934176,25.39224901312278,3.663885628934176,25.39224901312278,3.663885628934176,25.39224901312278,left,-0.9888276478738737,3.3066091568601035,0.31785714285714284,,,1.0,0.0,1.0,0.0
2.25.127126130998341190348103034690069487890,/home/user/workspace/dataset_extracted/Датасет/НД_для_обучения/Исследования/2.25.127126130998341190348103034690069487890/series_002_2_CR/A250428736 DXA/CR DXA/CR000002.dcm,1.2.643.5.1.13.13.12.2.77.8252.03120008051300001208141011101302,4,315,280,left_hip,True,1.0,Нарушение позиционирования/ротации левого бедра,,,,,,1.0,0.0,0,0.0,0,0.0,False,0.0,,,,,,,,-3.3066091568601035,3.3066091568601035,27.599999999999998,109.2,5.129094206764108,3.663885628934176,53.4,25.39224901312278,58.800000000000004,35.4,330.75,168.0,231.0,0.3964285714285714,0.286609977324263,0.7333333333333333,0.17857142857142858,0.16071428571428573,0.6027758238701126,0.14938832501668461,0.9573355515798813,0.18088978982182766,3.6183239091006043,0.3565048543689386,4.508625840179229,0.488216152779259,4.276352288488198,0.0638312173263614,5.166654219566823,0.23944628187347233,6.656956150645464,0.41506134642057474,8.74725808172409,0.5906764109676771,12.037560012802714,0.7223877093780061,11.205286461111683,1.4980027739251085,7.295588392190325,1.673617838472211,6.98589032326895,2.4492329030193134,7.276192254347574,2.624847967566416,9.3664941854262,3.4004630321135267,12.056796116504842,3.5321743305238553,22.02452256481381,3.663885628934176,25.39224901312278,3.663885628934176,25.39224901312278,3.663885628934176,25.39224901312278,3.663885628934176,25.39224901312278,3.663885628934176,25.39224901312278,3.663885628934176,25.39224901312278,left,-0.9888276478738737,3.3066091568601035,0.31785714285714284,,,1.0,0.0,1.0,0.0
2.25.127126130998341190348103034690069487890,/home/user/workspace/dataset_extracted/Датасет/НД_для_обучения/Исследования/2.25.127126130998341190348103034690069487890/series_002_2_CR/A250428736 DXA/CR DXA/CR000003.dcm,1.2.643.5.1.13.13.12.2.77.8252.01070801081413060013111012010201,8,206,280,right_hip,True,1.0,Нарушение позиционирования/ротации правого бедра; Нарушение корректности области интереса правого бедра,,,,1.0,1.0,,,760,478.8,760,478.8,True,6.4087611432739235,,,,,,,,-14.327725975166276,14.327725975166276,13.2,63.0,0.0,-6.053559322033913,82.2,11.42925812725756,37.800000000000004,11.4,216.3,168.0,201.0,0.5178571428571429,0.25046809986130375,0.9757281553398058,0.31785714285714284,0.10714285714285714,0.5717133966556254,0.24202163030522506,0.9321204087121954,-7.1280077799389,2.853742706307332,-7.9606057238121934,4.075682133926102,-8.435054181717163,5.592136704640188,-9.267652125590455,6.814076132258975,-9.500250069463748,7.436015559877745,-9.732848013337042,7.457954987496532,-9.96544595721035,7.479894415115302,-9.839894415115305,8.396348985829388,-8.872492358988614,10.218288413448175,-8.38879133092526,11.42925812725756,-8.38879133092526,11.42925812725756,-8.38879133092526,11.42925812725756,-8.38879133092526,11.42925812725756,-8.38879133092526,11.42925812725756,-8.38879133092526,11.42925812725756,-8.38879133092526,11.42925812725756,-8.38879133092526,11.42925812725756,-8.38879133092526,11.42925812725756,-8.38879133092526,11.42925812725756,-8.38879133092526,11.42925812725756,right,1.1785498703826618,14.327725975166276,0.4892857142857143,1.0,1.0,,,1.0,1.0
2.25.127126130998341190348103034690069487890,/home/user/workspace/dataset_extracted/Датасет/НД_для_обучения/Исследования/2.25.127126130998341190348103034690069487890/series_002_2_CR/A250428736 DXA/CR DXA/CR000004.dcm,1.2.643.5.1.13.13.12.2.77.8252.14080500031007021314121106040303,1,317,300,spine,True,1.0,Нарушение оси позвоночника (отклонение более 5 градусов),0.0,1.0,0.0,,,,,18,11.34,18,11.34,True,3.5801489014365617,1.9152782566907667,2.4915677201504103,317.0,-0.029018573185731877,0.0,0.0031545741324921135,0.43,,,,,,,,,,,,,,,,,,,,,,,,,,,,,,,,,,,,,,,,,,,,,,,,,,,,,,,,,,,,,,,,,,,,,,,
2.25.127126130998341190348103034690069487890,/home/user/workspace/dataset_extracted/Датасет/НД_для_обучения/Исследования/2.25.127126130998341190348103034690069487890/series_002_2_CR/A250428736 DXA/CR DXA/CR000005.dcm,1.2.643.5.1.13.13.12.2.77.8252.03020502031409151006020306090105,5,206,280,right_hip,True,1.0,Нарушение позиционирования/ротации правого бедра; Нарушение корректности области интереса правого бедра,,,,1.0,1.0,,,760,478.8,760,478.8,True,6.4087611432739235,,,,,,,,-14.327725975166276,14.327725975166276,13.2,63.0,0.0,-6.053559322033913,82.2,11.42925812725756,37.800000000000004,11.4,216.3,168.0,201.0,0.5178571428571429,0.25046809986130375,0.9757281553398058,0.31785714285714284,0.10714285714285714,0.5717133966556254,0.24202163030522506,0.9321204087121954,-7.1280077799389,2.853742706307332,-7.9606057238121934,4.075682133926102,-8.435054181717163,5.592136704640188,-9.267652125590455,6.814076132258975,-9.500250069463748,7.436015559877745,-9.732848013337042,7.457954987496532,-9.96544595721035,7.479894415115302,-9.839894415115305,8.396348985829388,-8.872492358988614,10.218288413448175,-8.38879133092526,11.42925812725756,-8.38879133092526,11.42925812725756,-8.38879133092526,11.42925812725756,-8.38879133092526,11.42925812725756,-8.38879133092526,11.42925812725756,-8.38879133092526,11.42925812725756,-8.38879133092526,11.42925812725756,-8.38879133092526,11.42925812725756,-8.38879133092526,11.42925812725756,-8.38879133092526,11.42925812725756,-8.38879133092526,11.42925812725756,right,1.1785498703826618,14.327725975166276,0.4892857142857143,1.0,1.0,,,1.0,1.0
2.25.12798473087614376830819854616447908612,/home/user/workspace/dataset_extracted/Датасет/НД_для_обучения/Исследования/2.25.12798473087614376830819854616447908612/series_002_2_CR/A2507538847 DXA/CR DXA/CR000000.dcm,1.2.643.5.1.13.13.12.2.77.8252.07111115111305011108141412010801,1,318,300,spine,True,0.0,,0.0,0.0,0.0,,,,,202,127.26,202,127.26,True,3.9261220165643715,1.7754537325535733,1.8244492524254896,318.0,-0.012772570164523718,0.0,0.0031446540880503146,0.37666666666666665,,,,,,,,,,,,,,,,,,,,,,,,,,,,,,,,,,,,,,,,,,,,,,,,,,,,,,,,,,,,,,,,,,,,,,,
2.25.12798473087614376830819854616447908612,/home/user/workspace/dataset_extracted/Датасет/НД_для_обучения/Исследования/2.25.12798473087614376830819854616447908612/series_002_2_CR/A2507538847 DXA/CR DXA/CR000001.dcm,1.2.643.5.1.13.13.12.2.77.8252.02011409120209130807021302101100,3,401,248,left_hip,False,,,,,,,,,,24,15.120000000000001,24,15.120000000000001,True,3.7757018781991896,,,,,,,,2.9797874854140605,2.9797874854140605,10.2,124.95,3.79490385984903,-2.5331434268622357,58.199999999999996,9.612519584104813,158.55,19.2,421.05,148.79999999999998,363.0,0.5141129032258065,0.1843274877322822,0.9052369077306733,0.06048387096774194,0.10887096774193548,0.5168988374620889,0.09300037732745513,0.9809644300915952,-2.9991283292977897,0.7766970517020183,-3.620441532545189,1.1926378008830567,-4.686426434980743,1.054593362768827,-5.307739638228142,0.8705341119498484,-6.529052841475541,1.286474861130887,-7.150366044722941,1.7024156103119081,-8.371679247970349,1.5183563594929297,-8.837664150405894,1.3803119213786998,-10.058977353653292,1.7962526705597384,-10.680290556900701,1.6121934197407597,-11.3016037601481,1.4281341689217981,-12.522916963395499,1.2440749181028194,-13.744230166642899,1.660015667283858,-14.210215069078453,2.121971229169628,-14.831528272325851,2.5379119783506496,-16.05284147557325,2.953852727531671,-16.67415467882065,3.3697934767127093,-17.89546788206805,3.7857342258937305,-18.3614527845036,4.247689787779518,-19.582765987751003,4.6636305369605395,left,-1.028638738750201,2.9797874854140605,0.39112903225806456,,,,,,
2.25.12798473087614376830819854616447908612,/home/user/workspace/dataset_extracted/Датасет/НД_для_обучения/Исследования/2.25.12798473087614376830819854616447908612/series_002_2_CR/A2507538847 DXA/CR DXA/CR000002.dcm,1.2.643.5.1.13.13.12.2.77.8252.07050602130910101513020700010509,4,405,248,right_hip,False,,,,,,,,,,0,0.0,0,0.0,False,0.0,,,,,,,,0.787650117559691,0.787650117559691,26.4,207.9,7.131673132622039,-0.9665956300499601,51.0,13.994547263312404,103.95,24.599999999999998,425.25,148.79999999999998,405.0,0.4536290322580645,0.20579450418160095,1.0,0.07661290322580645,0.1774193548387097,0.5509025883713644,0.14916541850812967,0.9823616343990828,-1.2344206805446958,2.7127051964946984,-1.3043522488615962,3.35825644141334,-1.3568009250992674,3.3924198751023082,-1.4267324934161678,-1.96202887997905,-1.4966640617330598,-1.9164776350604085,-0.9665956300499601,-1.870926390141767,-1.036527198366852,4.174624854776874,-1.088975874604523,5.40878828846586,-1.1589074429214234,6.654339533384501,-3.6288390112383153,7.899890778303134,-4.298770579555216,8.545442023221776,-4.368702147872107,8.590993268140418,-4.438633716189008,8.636544513059059,-4.491082392426679,1.4707079467480355,-4.561013960743571,1.516259191666677,-4.6309455290604715,1.5618104365853185,-4.700877097377363,2.20736168150396,-4.770808665694264,3.4529129264226013,-4.823257341931935,4.0870763601115785,-4.893188910248827,4.73262760503022,right,0.40027228926622516,0.787650117559691,0.342741935483871,,,,,,
2.25.128197189461989832465575162384360009377,/home/user/workspace/dataset_extracted/Датасет/НД_для_обучения/Исследования/2.25.128197189461989832465575162384360009377/series_001_2_CR/A2507216909 DXA/CR DXA/CR000000.dcm,1.2.643.5.1.13.13.12.2.77.8252.02030508140000071310150302011113,1,317,300,spine,True,0.0,,0.0,0.0,0.0,,,,,120,75.6,120,75.6,True,3.310667806302177,0.4108166149817043,0.4925220326782078,317.0,0.01451107293622575,0.0,0.0031545741324921135,0.5333333333333333,,,,,,,,,,,,,,,,,,,,,,,,,,,,,,,,,,,,,,,,,,,,,,,,,,,,,,,,,,,,,,,,,,,,,,,
2.25.128630285053087246379265602913470285158,/home/user/workspace/dataset_extracted/Датасет/НД_для_обучения/Исследования/2.25.128630285053087246379265602913470285158/series_003_2_CR/A2504394821 DXA/CR DXA/CR000000.dcm,1.2.643.5.1.13.13.12.2.77.8252.09070705131210061514041509120513,1,313,300,spine,True,0.0,,0.0,0.0,0.0,,,,,580,365.4,580,365.4,True,4.431173139282819,1.8057245974275753,0.1807470233352957,313.0,0.005896493968951025,0.0,0.003194888178913738,0.5366666666666666,,,,,,,,,,,,,,,,,,,,,,,,,,,,,,,,,,,,,,,,,,,,,,,,,,,,,,,,,,,,,,,,,,,,,,,
2.25.128990540359421489042453547244535073735,/home/user/workspace/dataset_extracted/Датасет/НД_для_обучения/Исследования/2.25.128990540359421489042453547244535073735/series_002_2_CR/A2507388698 DXA/CR DXA/CR000000.dcm,1.2.643.5.1.13.13.12.2.77.8252.09150805131402040209060509150410,10,266,280,left_hip,True,1.0,Нарушение позиционирования/ротации левого бедра,,,,,,1.0,0.0,0,0.0,0,0.0,False,0.0,,,,,,,,2.397595154463558,2.397595154463558,31.2,106.05000000000001,0.0,5.112768782760645,64.8,12.816698893418726,40.95,33.6,279.3,168.0,261.0,0.5321428571428571,0.266125134264232,0.981203007518797,0.30357142857142855,0.17142857142857143,0.6214019270678207,0.20929673780461225,0.9561983224745338,1.736344787419938,2.4804845661036494,2.5316295864880742,3.02748048922536,2.8280931857891827,3.5877274315666683,3.623377984857319,4.134723354688378,4.4186627839254635,5.281719277810105,4.6139475829936085,6.428715200931833,-14.990767617938246,7.57571112405356,-15.894304018637136,8.135958066394851,-16.299019219569,9.88295398951658,-16.703734420500854,12.229949912638306,-16.80491322073382,12.816698893418726,-16.80491322073382,12.816698893418726,-16.80491322073382,12.816698893418726,-16.80491322073382,12.816698893418726,-16.80491322073382,12.816698893418726,-16.80491322073382,12.816698893418726,-16.80491322073382,12.816698893418726,-16.80491322073382,12.816698893418726,-16.80491322073382,12.816698893418726,-16.80491322073382,12.816698893418726,left,-0.8181799885284672,2.397595154463558,0.3857142857142857,,,1.0,0.0,1.0,0.0
2.25.128990540359421489042453547244535073735,/home/user/workspace/dataset_extracted/Датасет/НД_для_обучения/Исследования/2.25.128990540359421489042453547244535073735/series_002_2_CR/A2507388698 DXA/CR DXA/CR000001.dcm,1.2.643.5.1.13.13.12.2.77.8252.11000605051111050207041006140905,8,320,300,spine,True,1.0,Нарушение укладки поясничного отдела позвоночника,1.0,0.0,0.0,,,,,80,50.4,80,50.4,True,3.190604502066345,1.3831202478754956,1.0218763955552652,320.0,0.03044310637640886,0.0,0.003125,0.35333333333333333,,,,,,,,,,,,,,,,,,,,,,,,,,,,,,,,,,,,,,,,,,,,,,,,,,,,,,,,,,,,,,,,,,,,,,,
2.25.128990540359421489042453547244535073735,/home/user/workspace/dataset_extracted/Датасет/НД_для_обучения/Исследования/2.25.128990540359421489042453547244535073735/series_002_2_CR/A2507388698 DXA/CR DXA/CR000002.dcm,1.2.643.5.1.13.13.12.2.77.8252.09060004140611120111091509030603,3,266,280,left_hip,True,1.0,Нарушение позиционирования/ротации левого бедра,,,,,,1.0,0.0,0,0.0,0,0.0,False,0.0,,,,,,,,2.397595154463558,2.397595154463558,31.2,106.05000000000001,0.0,5.112768782760645,64.8,12.816698893418726,40.95,33.6,279.3,168.0,261.0,0.5321428571428571,0.266125134264232,0.981203007518797,0.30357142857142855,0.17142857142857143,0.6214019270678207,0.20929673780461225,0.9561983224745338,1.736344787419938,2.4804845661036494,2.5316295864880742,3.02748048922536,2.8280931857891827,3.5877274315666683,3.623377984857319,4.134723354688378,4.4186627839254635,5.281719277810105,4.6139475829936085,6.428715200931833,-14.990767617938246,7.57571112405356,-15.894304018637136,8.135958066394851,-16.299019219569,9.88295398951658,-16.703734420500854,12.229949912638306,-16.80491322073382,12.816698893418726,-16.80491322073382,12.816698893418726,-16.80491322073382,12.816698893418726,-16.80491322073382,12.816698893418726,-16.80491322073382,12.816698893418726,-16.80491322073382,12.816698893418726,-16.80491322073382,12.816698893418726,-16.80491322073382,12.816698893418726,-16.80491322073382,12.816698893418726,-16.80491322073382,12.816698893418726,left,-0.8181799885284672,2.397595154463558,0.3857142857142857,,,1.0,0.0,1.0,0.0
2.25.128990540359421489042453547244535073735,/home/user/workspace/dataset_extracted/Датасет/НД_для_обучения/Исследования/2.25.128990540359421489042453547244535073735/series_002_2_CR/A2507388698 DXA/CR DXA/CR000003.dcm,1.2.643.5.1.13.13.12.2.77.8252.02111507100612121000021204080801,9,268,280,right_hip,True,1.0,Нарушение позиционирования/ротации правого бедра,,,,1.0,0.0,,,0,0.0,0,0.0,False,0.0,,,,,,,,4.264468825502608,4.264468825502608,31.799999999999997,109.2,0.0,2.941280273124954,73.8,22.125190440627296,36.75,11.4,281.40000000000003,168.0,268.0,0.6160714285714286,0.23961886993603412,1.0,0.3142857142857143,0.17142857142857143,0.5712279836945314,0.15961416669488146,0.9628434607423029,1.5842323695721945,2.6480657206870433,-18.806370425690794,3.283823749066431,-19.249322522138034,3.9106422703509676,-21.039925317401025,5.146400298730356,-22.230528112664015,6.382158327109743,-22.821130907927003,7.617916355489132,-22.211733703189996,9.453674383868519,-30.0,10.680492905153056,-30.0,21.516250933532444,-30.0,22.125190440627296,-30.0,22.125190440627296,-30.0,22.125190440627296,-30.0,22.125190440627296,-30.0,22.125190440627296,-30.0,22.125190440627296,-30.0,22.125190440627296,-30.0,22.125190440627296,-30.0,22.125190440627296,-30.0,22.125190440627296,-30.0,22.125190440627296,right,0.969719965149649,4.264468825502608,0.4392857142857143,1.0,0.0,,,1.0,0.0
2.25.128990540359421489042453547244535073735,/home/user/workspace/dataset_extracted/Датасет/НД_для_обучения/Исследования/2.25.128990540359421489042453547244535073735/series_002_2_CR/A2507388698 DXA/CR DXA/CR000004.dcm,1.2.643.5.1.13.13.12.2.77.8252.04071014120313000711051010091409,1,320,300,spine,True,1.0,Нарушение укладки поясничного отдела позвоночника,1.0,0.0,0.0,,,,,80,50.4,80,50.4,True,3.190604502066345,1.3831202478754956,1.0218763955552652,320.0,0.03044310637640886,0.0,0.003125,0.35333333333333333,,,,,,,,,,,,,,,,,,,,,,,,,,,,,,,,,,,,,,,,,,,,,,,,,,,,,,,,,,,,,,,,,,,,,,,
2.25.128990540359421489042453547244535073735,/home/user/workspace/dataset_extracted/Датасет/НД_для_обучения/Исследования/2.25.128990540359421489042453547244535073735/series_002_2_CR/A2507388698 DXA/CR DXA/CR000005.dcm,1.2.643.5.1.13.13.12.2.77.8252.12120911020011140507050515090906,5,268,280,right_hip,True,1.0,Нарушение позиционирования/ротации правого бедра,,,,1.0,0.0,,,0,0.0,0,0.0,False,0.0,,,,,,,,4.264468825502608,4.264468825502608,31.799999999999997,109.2,0.0,2.941280273124954,73.8,22.125190440627296,36.75,11.4,281.40000000000003,168.0,268.0,0.6160714285714286,0.23961886993603412,1.0,0.3142857142857143,0.17142857142857143,0.5712279836945314,0.15961416669488146,0.9628434607423029,1.5842323695721945,2.6480657206870433,-18.806370425690794,3.283823749066431,-19.249322522138034,3.9106422703509676,-21.039925317401025,5.146400298730356,-22.230528112664015,6.382158327109743,-22.821130907927003,7.617916355489132,-22.211733703189996,9.453674383868519,-30.0,10.680492905153056,-30.0,21.516250933532444,-30.0,22.125190440627296,-30.0,22.125190440627296,-30.0,22.125190440627296,-30.0,22.125190440627296,-30.0,22.125190440627296,-30.0,22.125190440627296,-30.0,22.125190440627296,-30.0,22.125190440627296,-30.0,22.125190440627296,-30.0,22.125190440627296,-30.0,22.125190440627296,right,0.969719965149649,4.264468825502608,0.4392857142857143,1.0,0.0,,,1.0,0.0
2.25.129239680100193368599713239115902740628,/home/user/workspace/dataset_extracted/Датасет/НД_для_обучения/Исследования/2.25.129239680100193368599713239115902740628/series_003_3_CR/A250757345 DXA/CR DXA/CR000000.dcm,1.2.643.5.1.13.13.12.2.77.8252.00131503020212110600101502020700,1,320,280,left_hip,True,1.0,Нарушение позиционирования/ротации левого бедра,,,,,,1.0,0.0,180,113.4,180,113.4,True,3.697038859680942,,,,,,,,-6.708861987163253,6.708861987163253,26.4,110.25,0.0,3.8444785403276285,47.4,-16.110879120879137,79.8,7.8,336.0,168.0,181.0,0.35892857142857143,0.20044642857142858,0.565625,0.28214285714285714,0.15714285714285714,0.4741718332128789,0.1053125492962254,0.9714556995994944,-0.09661206717807999,-16.512734812357483,-0.2443292556499955,-17.048542400995256,-0.5051171470039151,-17.450398092473584,-0.6528343354758306,-17.986205681111358,-0.800551523947729,-17.922013269749147,-0.948268712419636,-18.457820858386917,-1.095985900891543,-18.993628447024708,-0.7567737922454626,-19.395484138503036,-0.904490980717378,-19.33129172714081,-0.45220816918927653,-19.867099315778578,-0.5999253576611835,-20.40290690441637,-0.1476425461330905,-20.33871449305414,-0.29535973460498893,-19.67452208169191,0.04385237404107443,-19.47637777317026,0.49613518556917596,-18.81218536180803,0.9484179970972689,-19.347992950445803,1.400700808625362,-19.883800539083573,1.8529836201534549,-20.419608127721364,3.392195728799527,-20.821463819199693,3.8444785403276285,-21.35727140783748,left,-0.5812421184522133,6.708861987163253,0.28214285714285714,,,1.0,0.0,1.0,0.0
2.25.13069823278093578548407087310307113784,/home/user/workspace/dataset_extracted/Датасет/НД_для_обучения/Исследования/2.25.13069823278093578548407087310307113784/series_003_2_CR/A2507242667 DXA/CR DXA/CR000000.dcm,1.2.643.5.1.13.13.12.2.77.8252.12051101030200021506031210090702,3,206,280,left_hip,True,1.0,Нарушение корректности области интереса левого бедра,,,,,,0.0,1.0,0,0.0,0,0.0,False,0.0,,,,,,,,-8.965432391116734,8.965432391116734,13.2,63.0,0.0,-5.322033898305119,59.4,10.55973881633788,42.0,9.0,216.3,168.0,201.0,0.4017857142857143,0.24129680998613037,0.9757281553398058,0.2642857142857143,0.16428571428571428,0.6179333923155612,0.22344130219729597,0.9629201067786145,-7.146824117810536,2.9843345373715238,-6.979877743817764,4.226046123923345,-7.00466796332318,5.007329813837202,-7.4377215893303905,6.849041400389024,-7.870775215337619,8.690752986940845,-8.903828841344847,8.13246457349265,-9.336882467352057,7.57417616004447,-9.361672686857474,8.955459849958345,-8.594726312864703,9.597171436510148,-7.827779938871913,10.23888302306197,-7.444306751875535,10.55973881633788,-7.444306751875535,10.55973881633788,-7.444306751875535,10.55973881633788,-7.444306751875535,10.55973881633788,-7.444306751875535,10.55973881633788,-7.444306751875535,10.55973881633788,-7.444306751875535,10.55973881633788,-7.444306751875535,10.55973881633788,-7.444306751875535,10.55973881633788,-7.444306751875535,10.55973881633788,left,-0.42365962971752175,8.965432391116734,0.35357142857142854,,,0.0,1.0,0.0,1.0
2.25.13069823278093578548407087310307113784,/home/user/workspace/dataset_extracted/Датасет/НД_для_обучения/Исследования/2.25.13069823278093578548407087310307113784/series_003_2_CR/A2507242667 DXA/CR DXA/CR000001.dcm,1.2.643.5.1.13.13.12.2.77.8252.05100110120015150515030506140402,1,343,300,spine,True,0.0,,0.0,0.0,0.0,,,,,566,356.58,566,356.58,True,3.481203709255898,0.21831614559419,0.5230110952946057,343.0,0.009689604536938533,0.0,0.0029154518950437317,0.35,,,,,,,,,,,,,,,,,,,,,,,,,,,,,,,,,,,,,,,,,,,,,,,,,,,,,,,,,,,,,,,,,,,,,,,
2.25.13069823278093578548407087310307113784,/home/user/workspace/dataset_extracted/Датасет/НД_для_обучения/Исследования/2.25.13069823278093578548407087310307113784/series_003_2_CR/A2507242667 DXA/CR DXA/CR000002.dcm,1.2.643.5.1.13.13.12.2.77.8252.06081211090913150712130913130401,5,180,280,right_hip,True,1.0,Нарушение корректности области интереса правого бедра,,,,0.0,1.0,,,449,282.87,449,282.87,True,4.111271566640917,,,,,,,,-12.367565302357821,12.367565302357821,15.899999999999999,56.7,0.0,-3.3682027825424314,72.0,8.307185058128487,30.450000000000003,11.4,189.0,168.0,180.0,0.48392857142857143,0.2491269841269841,1.0,0.24642857142857144,0.18214285714285713,0.6670134947779792,0.2535514132519466,0.9431465142329103,-5.348648751667644,3.518162759672225,-4.780529826567585,4.644406327425224,-4.504440632742535,5.939089003239974,-4.536321707642491,7.065332570992973,-3.3682027825424314,6.991576138745972,-4.600083857442371,6.917819706498972,-4.03196493234231,7.44406327425197,-4.047905469792289,8.307185058128487,-4.047905469792289,8.307185058128487,-4.047905469792289,8.307185058128487,-4.047905469792289,8.307185058128487,-4.047905469792289,8.307185058128487,-4.047905469792289,8.307185058128487,-4.047905469792289,8.307185058128487,-4.047905469792289,8.307185058128487,-4.047905469792289,8.307185058128487,-4.047905469792289,8.307185058128487,-4.047905469792289,8.307185058128487,-4.047905469792289,8.307185058128487,-4.047905469792289,8.307185058128487,right,0.7495722024319811,12.367565302357821,0.42857142857142855,0.0,1.0,,,0.0,1.0
2.25.132083163398091874662674590622589534350,/home/user/workspace/dataset_extracted/Датасет/НД_для_обучения/Исследования/2.25.132083163398091874662674590622589534350/series_003_2_CR/A2507386583 DXA Exam/CR DXA Images/CR000000.dcm,1.2.643.5.1.13.13.12.2.77.8252.13151303131009131214000609090104,2,346,280,left_hip,True,0.0,,,,,,,0.0,0.0,0,0.0,0,0.0,False,0.0,,,,,,,,-10.385199163347078,10.385199163347078,33.0,108.15,0.0,-10.451829723674404,45.0,25.49663928304705,74.55,11.4,363.3,168.0,346.0,0.3625,0.26162262592898433,1.0,0.125,0.19285714285714287,0.4845812204175307,0.0821506540367663,0.9594335003802947,-12.093862847603594,4.742643764003003,-11.634775732548457,6.662285287528005,-12.040460396257103,7.502016430171772,-10.981373281201973,8.221657953696791,-10.522286166146836,8.94129947722181,-12.463199051091706,9.060941000746828,-11.404111936036568,9.180582524271847,-11.209796599745214,9.420313666915614,-11.950709484690085,9.539955190440633,-14.491622369634946,10.259596713965651,-15.83253525457981,10.979238237490671,-15.97344813952468,12.298879761015689,-17.31436102446954,13.618521284540707,-17.720045688178196,14.458252427184458,-17.86095857312306,16.977893950709493,-18.00187145806792,18.897535474234495,-16.942784343012782,20.217176997759513,-16.483697227957645,20.936818521284533,-16.554153670430093,25.49663928304705,-16.554153670430093,25.49663928304705,left,-1.0924593220654077,10.385199163347078,0.26785714285714285,,,0.0,0.0,0.0,0.0
2.25.132083163398091874662674590622589534350,/home/user/workspace/dataset_extracted/Датасет/НД_для_обучения/Исследования/2.25.132083163398091874662674590622589534350/series_003_2_CR/A2507386583 DXA Exam/CR DXA Images/CR000001.dcm,1.2.643.5.1.13.13.12.2.77.8252.15080409060108110106110204020115,1,320,300,spine,True,0.0,,0.0,0.0,0.0,,,,,674,424.62,674,424.62,True,4.3255326308746795,3.7598781659997287,0.6764001959984327,320.0,-0.08051637368868725,0.0,0.003125,0.44666666666666666,,,,,,,,,,,,,,,,,,,,,,,,,,,,,,,,,,,,,,,,,,,,,,,,,,,,,,,,,,,,,,,,,,,,,,,
2.25.132083163398091874662674590622589534350,/home/user/workspace/dataset_extracted/Датасет/НД_для_обучения/Исследования/2.25.132083163398091874662674590622589534350/series_003_2_CR/A2507386583 DXA Exam/CR DXA Images/CR000002.dcm,1.2.643.5.1.13.13.12.2.77.8252.06120903051105150112061201080014,3,346,280,right_hip,True,0.0,,,,,0.0,0.0,,,0,0.0,0,0.0,False,0.0,,,,,,,,7.956769954037689,7.956769954037689,33.6,58.800000000000004,4.839617224880385,8.964709501025284,48.0,44.019883800410064,138.6,5.3999999999999995,363.3,168.0,188.0,0.38392857142857145,0.27887076796036336,0.5433526011560693,0.06785714285714285,0.2,0.49004417304173914,0.09342853025752924,0.9472295911752427,0.3215516062884518,-6.225420369104586,0.42768967874231406,-4.945201640464807,0.5072932330827086,-3.98503759398497,0.6134313055365709,-3.3048188653451915,0.7195693779904332,-2.024600136705413,0.8257074504442954,-0.7443814080656352,0.9318455228981577,-0.664162679425857,1.0114490772385523,0.29600136705398084,1.1175871496924146,0.976220095693759,1.2237252221462767,2.256438824333537,1.329863294600139,3.5366575529733155,1.4360013670540013,6.616876281613093,2.1421394395078637,9.697095010252871,2.2217429938482582,11.85725905673271,2.3278810663021203,14.937477785372486,2.4340191387559824,18.617696514012284,3.140157211209845,22.29791524265206,5.046295283663707,24.17813397129184,7.525898838004101,26.33829801777166,8.832036910457964,29.418516746411456,right,1.1666334140600747,7.956769954037689,0.2857142857142857,0.0,0.0,,,0.0,0.0
2.25.132272637351979990811754009849547633391,/home/user/workspace/dataset_extracted/Датасет/НД_для_обучения/Исследования/2.25.132272637351979990811754009849547633391/series_003_3_CR/A2504141080 DXA/CR DXA/CR000000.dcm,1.2.643.5.1.13.13.12.2.77.8252.05020106091400040809110708040301,3,261,280,left_hip,True,0.0,,,,,,,0.0,0.0,0,0.0,0,0.0,False,0.0,,,,,,,,-12.622039187586763,12.622039187586763,28.2,105.0,0.0,10.145764176417623,48.0,12.372032403240336,25.200000000000003,13.2,274.05,168.0,261.0,0.3678571428571429,0.2417624521072797,1.0,0.28214285714285714,0.16785714285714284,0.56139486649141,0.1051910251880559,0.9489893462617868,3.4739909990998994,3.281411341134117,5.373130513051287,4.499535553555347,6.347485148514829,5.2631287128712865,8.846624662466217,7.081252925292534,10.145764176417623,9.49937713771378,-7.7550963096309715,11.917501350135012,-8.030311431143133,12.372032403240336,-8.030311431143133,12.372032403240336,-8.030311431143133,12.372032403240336,-8.030311431143133,12.372032403240336,-8.030311431143133,12.372032403240336,-8.030311431143133,12.372032403240336,-8.030311431143133,12.372032403240336,-8.030311431143133,12.372032403240336,-8.030311431143133,12.372032403240336,-8.030311431143133,12.372032403240336,-8.030311431143133,12.372032403240336,-8.030311431143133,12.372032403240336,-8.030311431143133,12.372032403240336,-8.030311431143133,12.372032403240336,left,-0.8448157028757886,12.622039187586763,0.2857142857142857,,,0.0,0.0,0.0,0.0
2.25.132272637351979990811754009849547633391,/home/user/workspace/dataset_extracted/Датасет/НД_для_обучения/Исследования/2.25.132272637351979990811754009849547633391/series_003_3_CR/A2504141080 DXA/CR DXA/CR000001.dcm,1.2.643.5.1.13.13.12.2.77.8252.15140601101305061400021505010802,5,261,280,right_hip,True,0.0,,,,,0.0,0.0,,,0,0.0,0,0.0,False,0.0,,,,,,,,-13.931740640050112,13.931740640050112,13.799999999999999,81.9,0.0,10.242613083119414,70.2,12.24397121865477,49.35,9.0,274.05,168.0,261.0,0.4982142857142857,0.18664477285166942,1.0,0.30714285714285716,0.16428571428571428,0.49964980973637996,0.13734839407266522,0.9592506201074242,3.5680446136142336,1.6591939705863752,4.041055147384259,1.248475575057853,5.295813047711794,1.5404367784114696,6.36882358148182,1.7297183828829474,8.041834115251845,2.5189999873544253,9.11484464902187,3.308281591825903,9.587855182791895,4.09756319629738,10.242613083119414,4.98952439965098,6.51562361688944,6.378806004122458,6.388634150659482,7.768087608593936,6.861644684429507,10.357369213065413,7.334655218199532,11.74665081753689,7.152907851642021,12.24397121865477,7.152907851642021,12.24397121865477,7.152907851642021,12.24397121865477,7.152907851642021,12.24397121865477,7.152907851642021,12.24397121865477,7.152907851642021,12.24397121865477,7.152907851642021,12.24397121865477,7.152907851642021,12.24397121865477,right,1.0249989272725535,13.931740640050112,0.41785714285714287,0.0,0.0,,,0.0,0.0
2.25.132272637351979990811754009849547633391,/home/user/workspace/dataset_extracted/Датасет/НД_для_обучения/Исследования/2.25.132272637351979990811754009849547633391/series_003_3_CR/A2504141080 DXA/CR DXA/CR000002.dcm,1.2.643.5.1.13.13.12.2.77.8252.07151108041411120004040810151209,1,289,300,spine,True,0.0,,0.0,0.0,0.0,,,,,594,374.22,594,374.22,True,4.481024423975974,4.527377877560704,1.826734920456123,289.0,-0.03290633608815426,0.0,0.0034602076124567475,0.4166666666666667,,,,,,,,,,,,,,,,,,,,,,,,,,,,,,,,,,,,,,,,,,,,,,,,,,,,,,,,,,,,,,,,,,,,,,,
2.25.13325817932854000792938662637654885530,/home/user/workspace/dataset_extracted/Датасет/НД_для_обучения/Исследования/2.25.13325817932854000792938662637654885530/series_002_2_CR/A2507365486 DXA/CR DXA/CR000000.dcm,1.2.643.5.1.13.13.12.2.77.8252.02090003020511130407030106110206,13,317,300,spine,True,0.0,,0.0,0.0,0.0,,,,,1285,809.55,1285,809.55,True,4.065631771236961,1.965546923468355,3.2876268228832757,317.0,-0.03496084949889791,0.0,0.0031545741324921135,0.5633333333333334,,,,,,,,,,,,,,,,,,,,,,,,,,,,,,,,,,,,,,,,,,,,,,,,,,,,,,,,,,,,,,,,,,,,,,,
2.25.13325817932854000792938662637654885530,/home/user/workspace/dataset_extracted/Датасет/НД_для_обучения/Исследования/2.25.13325817932854000792938662637654885530/series_002_2_CR/A2507365486 DXA/CR DXA/CR000001.dcm,1.2.643.5.1.13.13.12.2.77.8252.04080409110008071309041404000111,9,235,280,right_hip,True,0.0,,,,,0.0,0.0,,,237,149.31,237,149.31,True,3.713931888953246,,,,,,,,-1.5313150702591518,1.5313150702591518,28.5,37.800000000000004,0.0,1.2722007722007744,33.0,-17.08000000000001,64.05,3.0,246.75,168.0,97.0,0.28035714285714286,0.202629179331307,0.4127659574468085,0.21071428571428572,0.16428571428571428,0.5322934518845155,0.12778114693879275,0.9602171701907954,0.38563706563707284,-19.071351351351364,0.3550579150579196,-21.126486486486495,0.3321235521235579,-21.317837837837843,0.30154440154440465,-22.172972972972975,0.27096525096525564,-23.028108108108114,0.24038610038610242,-23.283243243243245,0.8098069498069534,-24.138378378378377,0.7868725868725918,-24.32972972972973,0.7562934362934385,-25.184864864864863,0.7257142857142895,-26.039999999999996,0.6951351351351363,-26.295135135135126,1.264555984555983,-27.150270270270266,1.233976833976834,-27.405405405405396,1.2110424710424723,-28.196756756756752,1.180463320463319,-29.651891891891882,-0.05011583011582985,-30.0,-0.05011583011582985,-30.0,-0.05011583011582985,-30.0,-0.05011583011582985,-30.0,-0.05011583011582985,-30.0,left,-0.13798420044026785,1.5313150702591518,0.19642857142857142,,,0.0,1.0,0.0,1.0
2.25.13325817932854000792938662637654885530,/home/user/workspace/dataset_extracted/Датасет/НД_для_обучения/Исследования/2.25.13325817932854000792938662637654885530/series_002_2_CR/A2507365486 DXA/CR DXA/CR000002.dcm,1.2.643.5.1.13.13.12.2.77.8252.11150104101400000200001411070008,6,235,280,right_hip,True,0.0,,,,,0.0,0.0,,,237,149.31,237,149.31,True,3.713931888953246,,,,,,,,-1.5313150702591518,1.5313150702591518,28.5,37.800000000000004,0.0,1.2722007722007744,33.0,-17.08000000000001,64.05,3.0,246.75,168.0,97.0,0.28035714285714286,0.202629179331307,0.4127659574468085,0.21071428571428572,0.16428571428571428,0.5322934518845155,0.12778114693879275,0.9602171701907954,0.38563706563707284,-19.071351351351364,0.3550579150579196,-21.126486486486495,0.3321235521235579,-21.317837837837843,0.30154440154440465,-22.172972972972975,0.27096525096525564,-23.028108108108114,0.24038610038610242,-23.283243243243245,0.8098069498069534,-24.138378378378377,0.7868725868725918,-24.32972972972973,0.7562934362934385,-25.184864864864863,0.7257142857142895,-26.039999999999996,0.6951351351351363,-26.295135135135126,1.264555984555983,-27.150270270270266,1.233976833976834,-27.405405405405396,1.2110424710424723,-28.196756756756752,1.180463320463319,-29.651891891891882,-0.05011583011582985,-30.0,-0.05011583011582985,-30.0,-0.05011583011582985,-30.0,-0.05011583011582985,-30.0,-0.05011583011582985,-30.0,left,-0.13798420044026785,1.5313150702591518,0.19642857142857142,,,0.0,1.0,0.0,1.0
2.25.13325817932854000792938662637654885530,/home/user/workspace/dataset_extracted/Датасет/НД_для_обучения/Исследования/2.25.13325817932854000792938662637654885530/series_002_2_CR/A2507365486 DXA/CR DXA/CR000003.dcm,1.2.643.5.1.13.13.12.2.77.8252.00090714091003060206031503010409,15,235,280,right_hip,True,0.0,,,,,0.0,0.0,,,237,149.31,237,149.31,True,3.713931888953246,,,,,,,,-1.5313150702591518,1.5313150702591518,28.5,37.800000000000004,0.0,1.2722007722007744,33.0,-17.08000000000001,64.05,3.0,246.75,168.0,97.0,0.28035714285714286,0.202629179331307,0.4127659574468085,0.21071428571428572,0.16428571428571428,0.5322934518845155,0.12778114693879275,0.9602171701907954,0.38563706563707284,-19.071351351351364,0.3550579150579196,-21.126486486486495,0.3321235521235579,-21.317837837837843,0.30154440154440465,-22.172972972972975,0.27096525096525564,-23.028108108108114,0.24038610038610242,-23.283243243243245,0.8098069498069534,-24.138378378378377,0.7868725868725918,-24.32972972972973,0.7562934362934385,-25.184864864864863,0.7257142857142895,-26.039999999999996,0.6951351351351363,-26.295135135135126,1.264555984555983,-27.150270270270266,1.233976833976834,-27.405405405405396,1.2110424710424723,-28.196756756756752,1.180463320463319,-29.651891891891882,-0.05011583011582985,-30.0,-0.05011583011582985,-30.0,-0.05011583011582985,-30.0,-0.05011583011582985,-30.0,-0.05011583011582985,-30.0,left,-0.13798420044026785,1.5313150702591518,0.19642857142857142,,,0.0,1.0,0.0,1.0
2.25.13325817932854000792938662637654885530,/home/user/workspace/dataset_extracted/Датасет/НД_для_обучения/Исследования/2.25.13325817932854000792938662637654885530/series_002_2_CR/A2507365486 DXA/CR DXA/CR000004.dcm,1.2.643.5.1.13.13.12.2.77.8252.13150808100913111314080101030008,3,235,280,right_hip,True,0.0,,,,,0.0,0.0,,,237,149.31,237,149.31,True,3.713931888953246,,,,,,,,-1.5313150702591518,1.5313150702591518,28.5,37.800000000000004,0.0,1.2722007722007744,33.0,-17.08000000000001,64.05,3.0,246.75,168.0,97.0,0.28035714285714286,0.202629179331307,0.4127659574468085,0.21071428571428572,0.16428571428571428,0.5322934518845155,0.12778114693879275,0.9602171701907954,0.38563706563707284,-19.071351351351364,0.3550579150579196,-21.126486486486495,0.3321235521235579,-21.317837837837843,0.30154440154440465,-22.172972972972975,0.27096525096525564,-23.028108108108114,0.24038610038610242,-23.283243243243245,0.8098069498069534,-24.138378378378377,0.7868725868725918,-24.32972972972973,0.7562934362934385,-25.184864864864863,0.7257142857142895,-26.039999999999996,0.6951351351351363,-26.295135135135126,1.264555984555983,-27.150270270270266,1.233976833976834,-27.405405405405396,1.2110424710424723,-28.196756756756752,1.180463320463319,-29.651891891891882,-0.05011583011582985,-30.0,-0.05011583011582985,-30.0,-0.05011583011582985,-30.0,-0.05011583011582985,-30.0,-0.05011583011582985,-30.0,left,-0.13798420044026785,1.5313150702591518,0.19642857142857142,,,0.0,1.0,0.0,1.0
2.25.13325817932854000792938662637654885530,/home/user/workspace/dataset_extracted/Датасет/НД_для_обучения/Исследования/2.25.13325817932854000792938662637654885530/series_002_2_CR/A2507365486 DXA/CR DXA/CR000005.dcm,1.2.643.5.1.13.13.12.2.77.8252.11020707081006150000011408140609,14,233,280,right_hip,True,0.0,,,,,0.0,0.0,,,0,0.0,0,0.0,False,0.0,,,,,,,,-17.021072471270372,17.021072471270372,16.2,72.45,0.0,28.094760686883443,42.6,7.355140664961624,56.7,11.4,244.65,168.0,233.0,0.3357142857142857,0.2242642550582465,1.0,0.22857142857142856,0.16785714285714284,0.5534432843273691,0.13509729292410666,0.9529729434790102,6.8577420533431,2.2109462915600657,7.5915089514066665,1.5731969309462441,9.041834124954345,1.0948849104858993,10.975601023017912,0.45713554987209476,12.90936792108148,-0.18061381074172686,14.843134819145064,0.3816368286444685,17.37690171720863,0.9438874680306639,20.02722689075631,1.665575447570302,25.560993788819875,2.8278260869564975,28.094760686883443,3.990076726342693,12.628527584947028,5.152327365728888,12.162294483010578,6.914578005115083,12.296061381074162,6.876828644501262,13.146386554621824,6.998516624040917,13.029828279137728,6.8390792838874574,13.029828279137728,6.8390792838874574,13.029828279137728,6.8390792838874574,13.029828279137728,6.8390792838874574,13.029828279137728,6.8390792838874574,13.029828279137728,6.8390792838874574,right,0.33539387129364695,17.021072471270372,0.25357142857142856,0.0,0.0,,,0.0,0.0
2.25.13325817932854000792938662637654885530,/home/user/workspace/dataset_extracted/Датасет/НД_для_обучения/Исследования/2.25.13325817932854000792938662637654885530/series_002_2_CR/A2507365486 DXA/CR DXA/CR000006.dcm,1.2.643.5.1.13.13.12.2.77.8252.10001304041304060303041004101403,10,233,280,right_hip,True,0.0,,,,,0.0,0.0,,,0,0.0,0,0.0,False,0.0,,,,,,,,-17.021072471270372,17.021072471270372,16.2,72.45,0.0,28.094760686883443,42.6,7.355140664961624,56.7,11.4,244.65,168.0,233.0,0.3357142857142857,0.2242642550582465,1.0,0.22857142857142856,0.16785714285714284,0.5534432843273691,0.13509729292410666,0.9529729434790102,6.8577420533431,2.2109462915600657,7.5915089514066665,1.5731969309462441,9.041834124954345,1.0948849104858993,10.975601023017912,0.45713554987209476,12.90936792108148,-0.18061381074172686,14.843134819145064,0.3816368286444685,17.37690171720863,0.9438874680306639,20.02722689075631,1.665575447570302,25.560993788819875,2.8278260869564975,28.094760686883443,3.990076726342693,12.628527584947028,5.152327365728888,12.162294483010578,6.914578005115083,12.296061381074162,6.876828644501262,13.146386554621824,6.998516624040917,13.029828279137728,6.8390792838874574,13.029828279137728,6.8390792838874574,13.029828279137728,6.8390792838874574,13.029828279137728,6.8390792838874574,13.029828279137728,6.8390792838874574,13.029828279137728,6.8390792838874574,right,0.33539387129364695,17.021072471270372,0.25357142857142856,0.0,0.0,,,0.0,0.0
2.25.13325817932854000792938662637654885530,/home/user/workspace/dataset_extracted/Датасет/НД_для_обучения/Исследования/2.25.13325817932854000792938662637654885530/series_002_2_CR/A2507365486 DXA/CR DXA/CR000007.dcm,1.2.643.5.1.13.13.12.2.77.8252.12151114030903000211100702060009,8,235,280,right_hip,True,0.0,,,,,0.0,0.0,,,237,149.31,237,149.31,True,3.713931888953246,,,,,,,,-1.5313150702591518,1.5313150702591518,28.5,37.800000000000004,0.0,1.2722007722007744,33.0,-17.08000000000001,64.05,3.0,246.75,168.0,97.0,0.28035714285714286,0.202629179331307,0.4127659574468085,0.21071428571428572,0.16428571428571428,0.5322934518845155,0.12778114693879275,0.9602171701907954,0.38563706563707284,-19.071351351351364,0.3550579150579196,-21.126486486486495,0.3321235521235579,-21.317837837837843,0.30154440154440465,-22.172972972972975,0.27096525096525564,-23.028108108108114,0.24038610038610242,-23.283243243243245,0.8098069498069534,-24.138378378378377,0.7868725868725918,-24.32972972972973,0.7562934362934385,-25.184864864864863,0.7257142857142895,-26.039999999999996,0.6951351351351363,-26.295135135135126,1.264555984555983,-27.150270270270266,1.233976833976834,-27.405405405405396,1.2110424710424723,-28.196756756756752,1.180463320463319,-29.651891891891882,-0.05011583011582985,-30.0,-0.05011583011582985,-30.0,-0.05011583011582985,-30.0,-0.05011583011582985,-30.0,-0.05011583011582985,-30.0,left,-0.13798420044026785,1.5313150702591518,0.19642857142857142,,,0.0,1.0,0.0,1.0
2.25.13325817932854000792938662637654885530,/home/user/workspace/dataset_extracted/Датасет/НД_для_обучения/Исследования/2.25.13325817932854000792938662637654885530/series_002_2_CR/A2507365486 DXA/CR DXA/CR000008.dcm,1.2.643.5.1.13.13.12.2.77.8252.02031303080313100507120501150506,7,233,280,right_hip,True,0.0,,,,,0.0,0.0,,,0,0.0,0,0.0,False,0.0,,,,,,,,-17.021072471270372,17.021072471270372,16.2,72.45,0.0,28.094760686883443,42.6,7.355140664961624,56.7,11.4,244.65,168.0,233.0,0.3357142857142857,0.2242642550582465,1.0,0.22857142857142856,0.16785714285714284,0.5534432843273691,0.13509729292410666,0.9529729434790102,6.8577420533431,2.2109462915600657,7.5915089514066665,1.5731969309462441,9.041834124954345,1.0948849104858993,10.975601023017912,0.45713554987209476,12.90936792108148,-0.18061381074172686,14.843134819145064,0.3816368286444685,17.37690171720863,0.9438874680306639,20.02722689075631,1.665575447570302,25.560993788819875,2.8278260869564975,28.094760686883443,3.990076726342693,12.628527584947028,5.152327365728888,12.162294483010578,6.914578005115083,12.296061381074162,6.876828644501262,13.146386554621824,6.998516624040917,13.029828279137728,6.8390792838874574,13.029828279137728,6.8390792838874574,13.029828279137728,6.8390792838874574,13.029828279137728,6.8390792838874574,13.029828279137728,6.8390792838874574,13.029828279137728,6.8390792838874574,right,0.33539387129364695,17.021072471270372,0.25357142857142856,0.0,0.0,,,0.0,0.0
2.25.13325817932854000792938662637654885530,/home/user/workspace/dataset_extracted/Датасет/НД_для_обучения/Исследования/2.25.13325817932854000792938662637654885530/series_002_2_CR/A2507365486 DXA/CR DXA/CR000009.dcm,1.2.643.5.1.13.13.12.2.77.8252.06150706081207041203070111090707,5,233,280,right_hip,True,0.0,,,,,0.0,0.0,,,0,0.0,0,0.0,False,0.0,,,,,,,,-17.021072471270372,17.021072471270372,16.2,72.45,0.0,28.094760686883443,42.6,7.355140664961624,56.7,11.4,244.65,168.0,233.0,0.3357142857142857,0.2242642550582465,1.0,0.22857142857142856,0.16785714285714284,0.5534432843273691,0.13509729292410666,0.9529729434790102,6.8577420533431,2.2109462915600657,7.5915089514066665,1.5731969309462441,9.041834124954345,1.0948849104858993,10.975601023017912,0.45713554987209476,12.90936792108148,-0.18061381074172686,14.843134819145064,0.3816368286444685,17.37690171720863,0.9438874680306639,20.02722689075631,1.665575447570302,25.560993788819875,2.8278260869564975,28.094760686883443,3.990076726342693,12.628527584947028,5.152327365728888,12.162294483010578,6.914578005115083,12.296061381074162,6.876828644501262,13.146386554621824,6.998516624040917,13.029828279137728,6.8390792838874574,13.029828279137728,6.8390792838874574,13.029828279137728,6.8390792838874574,13.029828279137728,6.8390792838874574,13.029828279137728,6.8390792838874574,13.029828279137728,6.8390792838874574,right,0.33539387129364695,17.021072471270372,0.25357142857142856,0.0,0.0,,,0.0,0.0
2.25.13325817932854000792938662637654885530,/home/user/workspace/dataset_extracted/Датасет/НД_для_обучения/Исследования/2.25.13325817932854000792938662637654885530/series_002_2_CR/A2507365486 DXA/CR DXA/CR000010.dcm,1.2.643.5.1.13.13.12.2.77.8252.06150108111302000413130014070915,4,317,300,spine,True,0.0,,0.0,0.0,0.0,,,,,1285,809.55,1285,809.55,True,4.065631771236961,1.965546923468355,3.2876268228832757,317.0,-0.03496084949889791,0.0,0.0031545741324921135,0.5633333333333334,,,,,,,,,,,,,,,,,,,,,,,,,,,,,,,,,,,,,,,,,,,,,,,,,,,,,,,,,,,,,,,,,,,,,,,
2.25.13325817932854000792938662637654885530,/home/user/workspace/dataset_extracted/Датасет/НД_для_обучения/Исследования/2.25.13325817932854000792938662637654885530/series_002_2_CR/A2507365486 DXA/CR DXA/CR000011.dcm,1.2.643.5.1.13.13.12.2.77.8252.07031408150101110505001201030207,2,233,280,right_hip,True,0.0,,,,,0.0,0.0,,,0,0.0,0,0.0,False,0.0,,,,,,,,-17.021072471270372,17.021072471270372,16.2,72.45,0.0,28.094760686883443,42.6,7.355140664961624,56.7,11.4,244.65,168.0,233.0,0.3357142857142857,0.2242642550582465,1.0,0.22857142857142856,0.16785714285714284,0.5534432843273691,0.13509729292410666,0.9529729434790102,6.8577420533431,2.2109462915600657,7.5915089514066665,1.5731969309462441,9.041834124954345,1.0948849104858993,10.975601023017912,0.45713554987209476,12.90936792108148,-0.18061381074172686,14.843134819145064,0.3816368286444685,17.37690171720863,0.9438874680306639,20.02722689075631,1.665575447570302,25.560993788819875,2.8278260869564975,28.094760686883443,3.990076726342693,12.628527584947028,5.152327365728888,12.162294483010578,6.914578005115083,12.296061381074162,6.876828644501262,13.146386554621824,6.998516624040917,13.029828279137728,6.8390792838874574,13.029828279137728,6.8390792838874574,13.029828279137728,6.8390792838874574,13.029828279137728,6.8390792838874574,13.029828279137728,6.8390792838874574,13.029828279137728,6.8390792838874574,right,0.33539387129364695,17.021072471270372,0.25357142857142856,0.0,0.0,,,0.0,0.0
2.25.13325817932854000792938662637654885530,/home/user/workspace/dataset_extracted/Датасет/НД_для_обучения/Исследования/2.25.13325817932854000792938662637654885530/series_002_2_CR/A2507365486 DXA/CR DXA/CR000012.dcm,1.2.643.5.1.13.13.12.2.77.8252.14070208080209001506081402060503,1,317,300,spine,True,0.0,,0.0,0.0,0.0,,,,,1285,809.55,1285,809.55,True,4.065631771236961,1.965546923468355,3.2876268228832757,317.0,-0.03496084949889791,0.0,0.0031545741324921135,0.5633333333333334,,,,,,,,,,,,,,,,,,,,,,,,,,,,,,,,,,,,,,,,,,,,,,,,,,,,,,,,,,,,,,,,,,,,,,,
2.25.134456506307367483341018281460841912845,/home/user/workspace/dataset_extracted/Датасет/НД_для_обучения/Исследования/2.25.134456506307367483341018281460841912845/series_002_2_CR/A2507120612 DXA/CR DXA/CR000000.dcm,1.2.643.5.1.13.13.12.2.77.8252.04040803080402061202041005000304,3,292,280,right_hip,True,0.0,,,,,0.0,0.0,,,0,0.0,0,0.0,False,0.0,,,,,,,,4.31545429426791,4.31545429426791,28.799999999999997,117.60000000000001,9.30156063142789,6.512394505757345,35.4,12.871024532750214,95.55,3.0,306.6,168.0,203.0,0.3678571428571429,0.2603595890410959,0.6952054794520548,0.24285714285714285,0.16071428571428573,0.6143881710496804,0.16048435639624314,0.9568742593120074,0.8198670857963037,2.507727132948392,1.5686216557898063,3.2903594492090265,1.8301875832849417,2.8273336864045064,2.5789421532784442,3.0099660026651405,3.3276967232719556,3.192598318925775,4.676451293265463,3.975230635186409,6.025205863258969,5.357862951447044,6.2867717907541,6.094837188642515,5.8355263607476076,7.477469504903149,5.384280930741118,8.860101821163783,4.933035500734621,10.242734137424426,5.0817900707281325,12.22536645368506,-9.169455359278361,-7.992001230054305,-9.507889431783228,-9.055026992858833,-9.959134861789723,-11.272394676598198,-9.810380291796216,-12.889762360337565,-8.461625721802704,-13.307130044076922,-8.9128711518092,-17.924497727816288,0.34869477568593366,-20.787523490620817,0.49744934567943627,-21.804891174360183,left,-0.34615605015028234,4.31545429426791,0.21071428571428572,,,0.0,0.0,0.0,0.0
2.25.134456506307367483341018281460841912845,/home/user/workspace/dataset_extracted/Датасет/НД_для_обучения/Исследования/2.25.134456506307367483341018281460841912845/series_002_2_CR/A2507120612 DXA/CR DXA/CR000001.dcm,1.2.643.5.1.13.13.12.2.77.8252.13090607110001000310151006050113,1,315,300,spine,True,0.0,,0.0,0.0,0.0,,,,,967,609.21,967,609.21,True,4.10293913333709,1.6505872266759225,0.051722505847721756,315.0,0.061391756939742755,0.0,0.0031746031746031746,0.3433333333333333,,,,,,,,,,,,,,,,,,,,,,,,,,,,,,,,,,,,,,,,,,,,,,,,,,,,,,,,,,,,,,,,,,,,,,,
2.25.134456506307367483341018281460841912845,/home/user/workspace/dataset_extracted/Датасет/НД_для_обучения/Исследования/2.25.134456506307367483341018281460841912845/series_002_2_CR/A2507120612 DXA/CR DXA/CR000002.dcm,1.2.643.5.1.13.13.12.2.77.8252.14121200111500000012151207021305,5,291,280,right_hip,True,0.0,,,,,0.0,0.0,,,0,0.0,0,0.0,False,0.0,,,,,,,,-0.9518514590883712,0.9518514590883712,27.599999999999998,107.10000000000001,0.0,-17.453348864298196,37.8,21.64582840922584,84.0,12.0,305.55,168.0,291.0,0.30714285714285716,0.2164089347079038,1.0,0.26785714285714285,0.15357142857142858,0.4925435349309263,0.12559084084669125,0.9579440278787,-19.28352681070506,2.2620058693476466,-19.323764072580875,2.6822070556570226,-19.953942018987735,3.1473579453890608,-20.594179280863553,3.5675591316984367,-20.63441654273937,3.9877603180078123,-20.674653804615186,4.407961504317197,-23.114891066491,4.228162690626573,-23.745069012897865,4.093313580358602,-24.98530627477368,4.513514766667987,-25.6255435366495,5.533715952977363,-25.665780798525315,6.553917139286739,-25.70601806040113,7.574118325596123,-26.34625532227695,9.1943195119055,-26.37643326868381,10.259470401637538,-26.416670530559628,12.479671587946912,-28.256907792435445,14.699872774256288,-30.0,16.920073960565674,-30.0,19.140275146875048,-30.0,19.60542603660709,-30.0,20.625627222916464,right,0.39113662300539986,0.9518514590883712,0.22499999999999998,0.0,0.0,,,0.0,0.0
2.25.135241889065705954191821710363605596815,/home/user/workspace/dataset_extracted/Датасет/НД_для_обучения/Исследования/2.25.135241889065705954191821710363605596815/series_003_3_CR/A250715060 DXA/CR DXA/CR000000.dcm,1.2.643.5.1.13.13.12.2.77.8252.04060811050000140014040410080212,3,263,280,left_hip,True,0.0,,,,,,,0.0,0.0,0,0.0,0,0.0,False,0.0,,,,,,,,0.7626244480957604,0.7626244480957604,33.6,67.2,0.0,3.298969780219778,47.4,-19.309821428571414,66.15,3.5999999999999996,276.15000000000003,168.0,127.0,0.3892857142857143,0.24585822922324824,0.4828897338403042,0.18214285714285713,0.19642857142857142,0.4952794864112135,0.09643036101413031,0.9398655442383792,-0.06907967032967122,-19.91736263736262,-0.1909478021978032,-19.92741758241757,0.31765109890109783,-19.93495879120877,0.19578296703296585,-19.94501373626372,0.0739148351648339,-20.555068681318676,0.5520467032967019,-21.16512362637361,0.43017857142856997,-24.175178571428564,0.9387774725274709,-25.382719780219762,1.416909340659339,-26.592774725274715,1.295041208791207,-26.60282967032967,1.7731730769230751,-26.612884615384605,2.251304945054943,-26.622939560439555,2.729436813186811,-26.63299450549449,3.238035714285712,-26.640535714285708,2.51616758241758,-26.650590659340644,1.7942994505494483,-26.060645604395596,-7.266634615384618,-26.065673076923066,-7.266634615384618,-26.065673076923066,-7.266634615384618,-26.065673076923066,-7.266634615384618,-26.065673076923066,left,-0.5725523096621328,0.7626244480957604,0.28214285714285714,,,0.0,0.0,0.0,0.0
2.25.135241889065705954191821710363605596815,/home/user/workspace/dataset_extracted/Датасет/НД_для_обучения/Исследования/2.25.135241889065705954191821710363605596815/series_003_3_CR/A250715060 DXA/CR DXA/CR000001.dcm,1.2.643.5.1.13.13.12.2.77.8252.12060607091105150404131215110908,1,346,300,spine,True,0.0,,0.0,0.0,0.0,,,,,544,342.72,544,342.72,True,3.5989783603442924,0.9622530831646792,1.4258980746662449,346.0,0.004040827182658404,0.0,0.002890173410404624,0.36666666666666664,,,,,,,,,,,,,,,,,,,,,,,,,,,,,,,,,,,,,,,,,,,,,,,,,,,,,,,,,,,,,,,,,,,,,,,
2.25.13566237352084812982996047541944701548,/home/user/workspace/dataset_extracted/Датасет/НД_для_обучения/Исследования/2.25.13566237352084812982996047541944701548/series_002_2_CR/A2504268931 DXA/CR DXA/CR000000.dcm,1.2.643.5.1.13.13.12.2.77.8252.09030712140506070904071003000708,1,320,300,spine,True,0.0,,0.0,0.0,0.0,,,,,1728,1088.64,1728,1088.64,True,4.634591334642512,1.6543394841561576,0.1764904163736558,320.0,-0.023950428005621614,0.0,0.003125,0.39,,,,,,,,,,,,,,,,,,,,,,,,,,,,,,,,,,,,,,,,,,,,,,,,,,,,,,,,,,,,,,,,,,,,,,,
2.25.137344827330550141320158285144101816664,/home/user/workspace/dataset_extracted/Датасет/НД_для_обучения/Исследования/2.25.137344827330550141320158285144101816664/series_003_3_CR/A2507146630 DXA/CR DXA/CR000000.dcm,1.2.643.5.1.13.13.12.2.77.8252.02050314081501100100131400110412,1,317,300,spine,True,0.0,,0.0,0.0,0.0,,,,,518,326.34,518,326.34,True,5.12821194456364,0.6944684962029603,0.9858578977836245,317.0,-0.0018793178414416426,0.0,0.0031545741324921135,0.3233333333333333,,,,,,,,,,,,,,,,,,,,,,,,,,,,,,,,,,,,,,,,,,,,,,,,,,,,,,,,,,,,,,,,,,,,,,,
2.25.137344827330550141320158285144101816664,/home/user/workspace/dataset_extracted/Датасет/НД_для_обучения/Исследования/2.25.137344827330550141320158285144101816664/series_003_3_CR/A2507146630 DXA/CR DXA/CR000001.dcm,1.2.643.5.1.13.13.12.2.77.8252.14140312010015010504081306061203,3,263,280,right_hip,True,0.0,,,,,0.0,0.0,,,48,30.240000000000002,48,30.240000000000002,True,3.4718915284145657,,,,,,,,-6.281917896689631,6.281917896689631,26.7,81.9,0.0,-3.7894308223422115,40.8,11.948031715120313,46.2,10.2,276.15000000000003,168.0,263.0,0.32857142857142857,0.19714828897338402,1.0,0.26785714285714285,0.15357142857142858,0.5534384957031263,0.15835679547770115,0.96790578052056,-6.958165884748155,2.032435918511862,-5.101920863946179,2.36399549817271,-4.609737098344689,2.162665182918346,-3.9534920775427054,2.4942247625791936,-5.097247056740721,3.4257843422400325,-5.041002035938737,3.75734392190088,-5.584757015136753,4.688903501561719,-11.092573249535263,5.087573186307355,-11.036328228733288,6.619132765968203,-10.380083207931294,8.75069234562905,-18.12383818712932,10.88225192528989,-18.395715676728322,11.948031715120313,-18.395715676728322,11.948031715120313,-18.395715676728322,11.948031715120313,-18.395715676728322,11.948031715120313,-18.395715676728322,11.948031715120313,-18.395715676728322,11.948031715120313,-18.395715676728322,11.948031715120313,-18.395715676728322,11.948031715120313,-18.395715676728322,11.948031715120313,left,-0.2726945891327279,6.281917896689631,0.24285714285714283,,,0.0,0.0,0.0,0.0
2.25.137344827330550141320158285144101816664,/home/user/workspace/dataset_extracted/Датасет/НД_для_обучения/Исследования/2.25.137344827330550141320158285144101816664/series_003_3_CR/A2507146630 DXA/CR DXA/CR000002.dcm,1.2.643.5.1.13.13.12.2.77.8252.03131510081105080011060404010511,5,235,280,right_hip,True,0.0,,,,,0.0,0.0,,,0,0.0,0,0.0,False,0.0,,,,,,,,-12.538761030399424,12.538761030399424,18.0,106.05000000000001,0.0,-1.8021386138614046,53.4,6.075040186371615,16.8,9.6,246.75,168.0,235.0,0.4,0.19826747720364743,1.0,0.24642857142857144,0.15357142857142858,0.5305221612277712,0.1593541094370835,0.9550954706894969,-2.6294047757717065,3.474674432149129,-5.532426324985477,4.703454863133402,-5.1596924868957785,6.075040186371615,-4.462714036109515,5.5038206173558875,-4.138469423412948,5.961015725101964,-4.138469423412948,5.961015725101964,-4.138469423412948,5.961015725101964,-4.138469423412948,5.961015725101964,-4.138469423412948,5.961015725101964,-4.138469423412948,5.961015725101964,-4.138469423412948,5.961015725101964,-4.138469423412948,5.961015725101964,-4.138469423412948,5.961015725101964,-4.138469423412948,5.961015725101964,-4.138469423412948,5.961015725101964,-4.138469423412948,5.961015725101964,-4.138469423412948,5.961015725101964,-4.138469423412948,5.961015725101964,-4.138469423412948,5.961015725101964,-4.138469423412948,5.961015725101964,right,0.49408614084573965,12.538761030399424,0.31785714285714284,0.0,0.0,,,0.0,0.0
2.25.137675513852774974135210999345676405116,/home/user/workspace/dataset_extracted/Датасет/НД_для_обучения/Исследования/2.25.137675513852774974135210999345676405116/series_001_2_CR/A2504106597 DXA/CR DXA/CR000000.dcm,1.2.643.5.1.13.13.12.2.77.8252.05060902130204131205041207051405,1,317,300,spine,True,0.0,,0.0,0.0,0.0,,,,,806,507.78000000000003,806,507.78000000000003,True,3.955307747082061,1.2442457513380725,1.1603122655698854,317.0,-0.026663239457606947,0.0,0.0031545741324921135,0.37,,,,,,,,,,,,,,,,,,,,,,,,,,,,,,,,,,,,,,,,,,,,,,,,,,,,,,,,,,,,,,,,,,,,,,,
2.25.13983650679559142983913935144968795415,/home/user/workspace/dataset_extracted/Датасет/НД_для_обучения/Исследования/2.25.13983650679559142983913935144968795415/series_003_2_CR/A2504335111 DXA/CR DXA/CR000000.dcm,1.2.643.5.1.13.13.12.2.77.8252.01100509051301061200120505020711,3,289,300,spine,True,0.0,,0.0,0.0,0.0,,,,,790,497.7,790,497.7,True,4.217298930571546,0.08132143594380804,0.16838338898109306,289.0,-0.010827999343508926,0.0,0.0034602076124567475,0.33,,,,,,,,,,,,,,,,,,,,,,,,,,,,,,,,,,,,,,,,,,,,,,,,,,,,,,,,,,,,,,,,,,,,,,,
2.25.13983650679559142983913935144968795415,/home/user/workspace/dataset_extracted/Датасет/НД_для_обучения/Исследования/2.25.13983650679559142983913935144968795415/series_003_2_CR/A2504335111 DXA/CR DXA/CR000001.dcm,1.2.643.5.1.13.13.12.2.77.8252.02030711120805150008090200030710,8,289,280,left_hip,True,0.0,,,,,,,0.0,0.0,0,0.0,0,0.0,False,0.0,,,,,,,,-0.9158819189657194,0.9158819189657194,26.4,86.10000000000001,0.0,-2.578861788617888,26.4,1.1142651908446708,74.55,3.5999999999999996,303.45,168.0,153.0,0.2375,0.18507167572911518,0.5294117647058824,0.225,0.10714285714285714,0.4573754786588166,0.12144044964713731,0.9572524677091127,-2.8176510921735756,0.6274333104776758,-3.736036830247822,-17.225239168054344,-4.574826133803509,-17.56474352695335,-5.493211871877755,-18.017416005485362,-6.411597609952002,-18.47008848401737,-6.729983348026253,-21.322760962549392,-7.6483690861005,-22.375433441081412,-7.887158389656187,-22.71493779998042,-8.205544127730434,-23.76761027851244,-9.12392986580468,-24.220282757044448,-9.442315603878932,-25.27295523557646,-9.760701341953178,-25.72562771410848,-10.079087080027424,-26.178300192640492,-10.317876383583112,-27.117804551539507,-10.636262121657358,-27.57047703007152,-10.95464785973161,-28.62314950860353,-10.673033597805857,-29.67582198713555,-10.991419335880103,-30.0,-11.15061220491723,-30.0,-11.15061220491723,-30.0,right,0.2933063075169163,0.9158819189657194,0.15714285714285714,0.0,0.0,,,0.0,0.0
2.25.13983650679559142983913935144968795415,/home/user/workspace/dataset_extracted/Датасет/НД_для_обучения/Исследования/2.25.13983650679559142983913935144968795415/series_003_2_CR/A2504335111 DXA/CR DXA/CR000002.dcm,1.2.643.5.1.13.13.12.2.77.8252.05100908130706051511060907050202,6,289,280,right_hip,True,0.0,,,,,0.0,0.0,,,0,0.0,0,0.0,False,0.0,,,,,,,,-0.6366637549749057,0.6366637549749057,25.8,75.60000000000001,0.0,1.0011737089201886,28.799999999999997,-17.88967136150236,72.45,5.3999999999999995,303.45,168.0,141.0,0.2571428571428571,0.19228868017795353,0.48788927335640137,0.2357142857142857,0.14642857142857144,0.4945991691361647,0.13397566123202503,0.9620111025966126,0.7983568075117403,-18.648411473406657,0.6800469483568093,-20.060064955945723,0.5913145539906111,-20.818805067850025,-0.12699530516431565,-21.630458550389097,-0.24530516431924665,-22.442112032928165,-0.3636150234741734,-23.25376551546724,-0.48192488262910443,-24.065418998006304,-0.5706572769953027,-24.824159109910614,-0.6889671361502337,-25.035812592449677,-0.8072769953051647,-25.847466074988745,-0.3255868544600915,-26.05911955752782,-0.44389671361502253,-26.270773040066885,0.037793427230050726,-27.08242652260596,0.5490610328638524,-27.241166634510257,0.4307511737089214,-28.052820117049325,0.9124413145539904,-28.864473599588397,0.7941314553990636,-29.676127082127465,0.6758215962441326,-30.0,0.6758215962441326,-30.0,0.6758215962441326,-30.0,left,-0.424339448405997,0.6366637549749057,0.1714285714285714,,,0.0,0.0,0.0,0.0
2.25.13983650679559142983913935144968795415,/home/user/workspace/dataset_extracted/Датасет/НД_для_обучения/Исследования/2.25.13983650679559142983913935144968795415/series_003_2_CR/A2504335111 DXA/CR DXA/CR000003.dcm,1.2.643.5.1.13.13.12.2.77.8252.07080813110202150000000512100700,1,289,300,spine,True,0.0,,0.0,0.0,0.0,,,,,790,497.7,790,497.7,True,4.217298930571546,0.08132143594380804,0.16838338898109306,289.0,-0.010827999343508926,0.0,0.0034602076124567475,0.33,,,,,,,,,,,,,,,,,,,,,,,,,,,,,,,,,,,,,,,,,,,,,,,,,,,,,,,,,,,,,,,,,,,,,,,
2.25.13983650679559142983913935144968795415,/home/user/workspace/dataset_extracted/Датасет/НД_для_обучения/Исследования/2.25.13983650679559142983913935144968795415/series_003_2_CR/A2504335111 DXA/CR DXA/CR000004.dcm,1.2.643.5.1.13.13.12.2.77.8252.04081012050615111107130109120010,4,289,280,right_hip,True,0.0,,,,,0.0,0.0,,,0,0.0,0,0.0,False,0.0,,,,,,,,-0.6366637549749057,0.6366637549749057,25.8,75.60000000000001,0.0,1.0011737089201886,28.799999999999997,-17.88967136150236,72.45,5.3999999999999995,303.45,168.0,141.0,0.2571428571428571,0.19228868017795353,0.48788927335640137,0.2357142857142857,0.14642857142857144,0.4945991691361647,0.13397566123202503,0.9620111025966126,0.7983568075117403,-18.648411473406657,0.6800469483568093,-20.060064955945723,0.5913145539906111,-20.818805067850025,-0.12699530516431565,-21.630458550389097,-0.24530516431924665,-22.442112032928165,-0.3636150234741734,-23.25376551546724,-0.48192488262910443,-24.065418998006304,-0.5706572769953027,-24.824159109910614,-0.6889671361502337,-25.035812592449677,-0.8072769953051647,-25.847466074988745,-0.3255868544600915,-26.05911955752782,-0.44389671361502253,-26.270773040066885,0.037793427230050726,-27.08242652260596,0.5490610328638524,-27.241166634510257,0.4307511737089214,-28.052820117049325,0.9124413145539904,-28.864473599588397,0.7941314553990636,-29.676127082127465,0.6758215962441326,-30.0,0.6758215962441326,-30.0,0.6758215962441326,-30.0,left,-0.424339448405997,0.6366637549749057,0.1714285714285714,,,0.0,0.0,0.0,0.0
2.25.13983650679559142983913935144968795415,/home/user/workspace/dataset_extracted/Датасет/НД_для_обучения/Исследования/2.25.13983650679559142983913935144968795415/series_003_2_CR/A2504335111 DXA/CR DXA/CR000005.dcm,1.2.643.5.1.13.13.12.2.77.8252.02081511091502140105000012140914,5,289,280,left_hip,True,0.0,,,,,,,0.0,0.0,0,0.0,0,0.0,False,0.0,,,,,,,,-0.9158819189657194,0.9158819189657194,26.4,86.10000000000001,0.0,-2.578861788617888,26.4,1.1142651908446708,74.55,3.5999999999999996,303.45,168.0,153.0,0.2375,0.18507167572911518,0.5294117647058824,0.225,0.10714285714285714,0.4573754786588166,0.12144044964713731,0.9572524677091127,-2.8176510921735756,0.6274333104776758,-3.736036830247822,-17.225239168054344,-4.574826133803509,-17.56474352695335,-5.493211871877755,-18.017416005485362,-6.411597609952002,-18.47008848401737,-6.729983348026253,-21.322760962549392,-7.6483690861005,-22.375433441081412,-7.887158389656187,-22.71493779998042,-8.205544127730434,-23.76761027851244,-9.12392986580468,-24.220282757044448,-9.442315603878932,-25.27295523557646,-9.760701341953178,-25.72562771410848,-10.079087080027424,-26.178300192640492,-10.317876383583112,-27.117804551539507,-10.636262121657358,-27.57047703007152,-10.95464785973161,-28.62314950860353,-10.673033597805857,-29.67582198713555,-10.991419335880103,-30.0,-11.15061220491723,-30.0,-11.15061220491723,-30.0,right,0.2933063075169163,0.9158819189657194,0.15714285714285714,0.0,0.0,,,0.0,0.0
2.25.144941557565802351596730914409170713112,/home/user/workspace/dataset_extracted/Датасет/НД_для_обучения/Исследования/2.25.144941557565802351596730914409170713112/series_001_2_CR/A250728979 DXA/CR DXA/CR000000.dcm,1.2.643.5.1.13.13.12.2.77.8252.01100715050305071000110707040014,10,268,280,left_hip,True,0.0,,,,,,,0.0,0.0,0,0.0,0,0.0,False,0.0,,,,,,,,-8.844437238110327,8.844437238110327,28.2,84.0,0.0,3.0525668073136303,43.199999999999996,9.534106891701839,49.35,13.2,281.40000000000003,168.0,268.0,0.3464285714285714,0.23780650319829424,1.0,0.33214285714285713,0.16785714285714284,0.5365873361567033,0.15249193146079926,0.9563187408244953,-3.7456751054852475,2.860042194092844,-1.5107946554149208,3.187862165963446,-0.13463431786218222,2.9837271448663953,1.5002461322081444,3.311547116737006,2.535126582278471,3.0393670886076163,2.9700070323487977,3.36718706047821,1.6048874824191244,4.2950070323488205,-1.8189521800281367,4.69087201125177,-2.58407172995781,5.61869198312238,-3.9491912798874833,6.546511954992973,-4.114310829817157,8.074331926863584,-4.279430379746839,9.002151898734178,-4.62071026722925,9.534106891701839,-4.62071026722925,9.534106891701839,-4.62071026722925,9.534106891701839,-4.62071026722925,9.534106891701839,-4.62071026722925,9.534106891701839,-4.62071026722925,9.534106891701839,-4.62071026722925,9.534106891701839,-4.62071026722925,9.534106891701839,left,-0.4443026616236904,8.844437238110327,0.2571428571428571,,,0.0,0.0,0.0,0.0
2.25.144941557565802351596730914409170713112,/home/user/workspace/dataset_extracted/Датасет/НД_для_обучения/Исследования/2.25.144941557565802351596730914409170713112/series_001_2_CR/A250728979 DXA/CR DXA/CR000001.dcm,1.2.643.5.1.13.13.12.2.77.8252.05030004000114011306070703000900,12,268,280,left_hip,True,0.0,,,,,,,0.0,0.0,0,0.0,0,0.0,False,0.0,,,,,,,,-8.844437238110327,8.844437238110327,28.2,84.0,0.0,3.0525668073136303,43.199999999999996,9.534106891701839,49.35,13.2,281.40000000000003,168.0,268.0,0.3464285714285714,0.23780650319829424,1.0,0.33214285714285713,0.16785714285714284,0.5365873361567033,0.15249193146079926,0.9563187408244953,-3.7456751054852475,2.860042194092844,-1.5107946554149208,3.187862165963446,-0.13463431786218222,2.9837271448663953,1.5002461322081444,3.311547116737006,2.535126582278471,3.0393670886076163,2.9700070323487977,3.36718706047821,1.6048874824191244,4.2950070323488205,-1.8189521800281367,4.69087201125177,-2.58407172995781,5.61869198312238,-3.9491912798874833,6.546511954992973,-4.114310829817157,8.074331926863584,-4.279430379746839,9.002151898734178,-4.62071026722925,9.534106891701839,-4.62071026722925,9.534106891701839,-4.62071026722925,9.534106891701839,-4.62071026722925,9.534106891701839,-4.62071026722925,9.534106891701839,-4.62071026722925,9.534106891701839,-4.62071026722925,9.534106891701839,-4.62071026722925,9.534106891701839,left,-0.4443026616236904,8.844437238110327,0.2571428571428571,,,0.0,0.0,0.0,0.0
2.25.144941557565802351596730914409170713112,/home/user/workspace/dataset_extracted/Датасет/НД_для_обучения/Исследования/2.25.144941557565802351596730914409170713112/series_001_2_CR/A250728979 DXA/CR DXA/CR000002.dcm,1.2.643.5.1.13.13.12.2.77.8252.14070202101304120203120502100808,2,268,280,right_hip,True,1.0,Нарушение позиционирования/ротации правого бедра,,,,1.0,0.0,,,0,0.0,0,0.0,False,0.0,,,,,,,,-11.923861101340394,11.923861101340394,28.5,84.0,0.0,10.904430379746833,38.4,11.329472573839666,53.550000000000004,7.8,281.40000000000003,168.0,268.0,0.3107142857142857,0.22024253731343282,1.0,0.3357142857142857,0.16785714285714284,0.49959306492583955,0.10141683177944946,0.9539387845330167,-2.9060337552742794,1.9012658227848247,-1.504289732770755,2.729198312236298,0.14701828410687767,3.0501476793249025,3.348762306610402,3.2780801687763756,5.950506329113918,3.506012658227857,7.352250351617434,3.73394514767933,9.953994374120958,3.9618776371308027,-0.394697609001409,4.882827004219416,0.40704641350211546,5.110759493670889,-2.3912095639943685,6.538691983122362,-2.7894655414908525,7.966624472573835,-1.3877215189873282,9.394556962025307,0.014022503516187612,10.82248945147679,0.36445850914207084,11.329472573839666,0.36445850914207084,11.329472573839666,0.36445850914207084,11.329472573839666,0.36445850914207084,11.329472573839666,0.36445850914207084,11.329472573839666,0.36445850914207084,11.329472573839666,0.36445850914207084,11.329472573839666,right,0.30819570850948874,11.923861101340394,0.22857142857142856,1.0,0.0,,,1.0,0.0
2.25.144941557565802351596730914409170713112,/home/user/workspace/dataset_extracted/Датасет/НД_для_обучения/Исследования/2.25.144941557565802351596730914409170713112/series_001_2_CR/A250728979 DXA/CR DXA/CR000003.dcm,1.2.643.5.1.13.13.12.2.77.8252.03000804151513141409051310151514,11,268,280,right_hip,True,1.0,Нарушение позиционирования/ротации правого бедра,,,,1.0,0.0,,,0,0.0,0,0.0,False,0.0,,,,,,,,-11.923861101340394,11.923861101340394,28.5,84.0,0.0,10.904430379746833,38.4,11.329472573839666,53.550000000000004,7.8,281.40000000000003,168.0,268.0,0.3107142857142857,0.22024253731343282,1.0,0.3357142857142857,0.16785714285714284,0.49959306492583955,0.10141683177944946,0.9539387845330167,-2.9060337552742794,1.9012658227848247,-1.504289732770755,2.729198312236298,0.14701828410687767,3.0501476793249025,3.348762306610402,3.2780801687763756,5.950506329113918,3.506012658227857,7.352250351617434,3.73394514767933,9.953994374120958,3.9618776371308027,-0.394697609001409,4.882827004219416,0.40704641350211546,5.110759493670889,-2.3912095639943685,6.538691983122362,-2.7894655414908525,7.966624472573835,-1.3877215189873282,9.394556962025307,0.014022503516187612,10.82248945147679,0.36445850914207084,11.329472573839666,0.36445850914207084,11.329472573839666,0.36445850914207084,11.329472573839666,0.36445850914207084,11.329472573839666,0.36445850914207084,11.329472573839666,0.36445850914207084,11.329472573839666,0.36445850914207084,11.329472573839666,right,0.30819570850948874,11.923861101340394,0.22857142857142856,1.0,0.0,,,1.0,0.0
2.25.144941557565802351596730914409170713112,/home/user/workspace/dataset_extracted/Датасет/НД_для_обучения/Исследования/2.25.144941557565802351596730914409170713112/series_001_2_CR/A250728979 DXA/CR DXA/CR000004.dcm,1.2.643.5.1.13.13.12.2.77.8252.10050606131001041108060208080404,13,268,280,right_hip,True,1.0,Нарушение позиционирования/ротации правого бедра,,,,1.0,0.0,,,0,0.0,0,0.0,False,0.0,,,,,,,,-11.923861101340394,11.923861101340394,28.5,84.0,0.0,10.904430379746833,38.4,11.329472573839666,53.550000000000004,7.8,281.40000000000003,168.0,268.0,0.3107142857142857,0.22024253731343282,1.0,0.3357142857142857,0.16785714285714284,0.49959306492583955,0.10141683177944946,0.9539387845330167,-2.9060337552742794,1.9012658227848247,-1.504289732770755,2.729198312236298,0.14701828410687767,3.0501476793249025,3.348762306610402,3.2780801687763756,5.950506329113918,3.506012658227857,7.352250351617434,3.73394514767933,9.953994374120958,3.9618776371308027,-0.394697609001409,4.882827004219416,0.40704641350211546,5.110759493670889,-2.3912095639943685,6.538691983122362,-2.7894655414908525,7.966624472573835,-1.3877215189873282,9.394556962025307,0.014022503516187612,10.82248945147679,0.36445850914207084,11.329472573839666,0.36445850914207084,11.329472573839666,0.36445850914207084,11.329472573839666,0.36445850914207084,11.329472573839666,0.36445850914207084,11.329472573839666,0.36445850914207084,11.329472573839666,0.36445850914207084,11.329472573839666,right,0.30819570850948874,11.923861101340394,0.22857142857142856,1.0,0.0,,,1.0,0.0
2.25.144941557565802351596730914409170713112,/home/user/workspace/dataset_extracted/Датасет/НД_для_обучения/Исследования/2.25.144941557565802351596730914409170713112/series_001_2_CR/A250728979 DXA/CR DXA/CR000005.dcm,1.2.643.5.1.13.13.12.2.77.8252.13110302070015120304051003100511,5,268,280,right_hip,True,1.0,Нарушение позиционирования/ротации правого бедра,,,,1.0,0.0,,,0,0.0,0,0.0,False,0.0,,,,,,,,-11.923861101340394,11.923861101340394,28.5,84.0,0.0,10.904430379746833,38.4,11.329472573839666,53.550000000000004,7.8,281.40000000000003,168.0,268.0,0.3107142857142857,0.22024253731343282,1.0,0.3357142857142857,0.16785714285714284,0.49959306492583955,0.10141683177944946,0.9539387845330167,-2.9060337552742794,1.9012658227848247,-1.504289732770755,2.729198312236298,0.14701828410687767,3.0501476793249025,3.348762306610402,3.2780801687763756,5.950506329113918,3.506012658227857,7.352250351617434,3.73394514767933,9.953994374120958,3.9618776371308027,-0.394697609001409,4.882827004219416,0.40704641350211546,5.110759493670889,-2.3912095639943685,6.538691983122362,-2.7894655414908525,7.966624472573835,-1.3877215189873282,9.394556962025307,0.014022503516187612,10.82248945147679,0.36445850914207084,11.329472573839666,0.36445850914207084,11.329472573839666,0.36445850914207084,11.329472573839666,0.36445850914207084,11.329472573839666,0.36445850914207084,11.329472573839666,0.36445850914207084,11.329472573839666,0.36445850914207084,11.329472573839666,right,0.30819570850948874,11.923861101340394,0.22857142857142856,1.0,0.0,,,1.0,0.0
2.25.144941557565802351596730914409170713112,/home/user/workspace/dataset_extracted/Датасет/НД_для_обучения/Исследования/2.25.144941557565802351596730914409170713112/series_001_2_CR/A250728979 DXA/CR DXA/CR000006.dcm,1.2.643.5.1.13.13.12.2.77.8252.14021109030605071205090308080911,9,322,300,spine,True,0.0,,0.0,0.0,0.0,,,,,372,234.36,372,234.36,True,3.6945755936324396,1.2534862653980323,0.5340989609221056,322.0,-0.02003498119760631,0.0,0.003105590062111801,0.39,,,,,,,,,,,,,,,,,,,,,,,,,,,,,,,,,,,,,,,,,,,,,,,,,,,,,,,,,,,,,,,,,,,,,,,
2.25.144941557565802351596730914409170713112,/home/user/workspace/dataset_extracted/Датасет/НД_для_обучения/Исследования/2.25.144941557565802351596730914409170713112/series_001_2_CR/A250728979 DXA/CR DXA/CR000007.dcm,1.2.643.5.1.13.13.12.2.77.8252.02000707141211070603071400111001,6,268,280,left_hip,True,0.0,,,,,,,0.0,0.0,0,0.0,0,0.0,False,0.0,,,,,,,,-8.844437238110327,8.844437238110327,28.2,84.0,0.0,3.0525668073136303,43.199999999999996,9.534106891701839,49.35,13.2,281.40000000000003,168.0,268.0,0.3464285714285714,0.23780650319829424,1.0,0.33214285714285713,0.16785714285714284,0.5365873361567033,0.15249193146079926,0.9563187408244953,-3.7456751054852475,2.860042194092844,-1.5107946554149208,3.187862165963446,-0.13463431786218222,2.9837271448663953,1.5002461322081444,3.311547116737006,2.535126582278471,3.0393670886076163,2.9700070323487977,3.36718706047821,1.6048874824191244,4.2950070323488205,-1.8189521800281367,4.69087201125177,-2.58407172995781,5.61869198312238,-3.9491912798874833,6.546511954992973,-4.114310829817157,8.074331926863584,-4.279430379746839,9.002151898734178,-4.62071026722925,9.534106891701839,-4.62071026722925,9.534106891701839,-4.62071026722925,9.534106891701839,-4.62071026722925,9.534106891701839,-4.62071026722925,9.534106891701839,-4.62071026722925,9.534106891701839,-4.62071026722925,9.534106891701839,-4.62071026722925,9.534106891701839,left,-0.4443026616236904,8.844437238110327,0.2571428571428571,,,0.0,0.0,0.0,0.0
2.25.144941557565802351596730914409170713112,/home/user/workspace/dataset_extracted/Датасет/НД_для_обучения/Исследования/2.25.144941557565802351596730914409170713112/series_001_2_CR/A250728979 DXA/CR DXA/CR000008.dcm,1.2.643.5.1.13.13.12.2.77.8252.12001403040706100907100308030007,4,322,300,spine,True,0.0,,0.0,0.0,0.0,,,,,372,234.36,372,234.36,True,3.6945755936324396,1.2534862653980323,0.5340989609221056,322.0,-0.02003498119760631,0.0,0.003105590062111801,0.39,,,,,,,,,,,,,,,,,,,,,,,,,,,,,,,,,,,,,,,,,,,,,,,,,,,,,,,,,,,,,,,,,,,,,,,
2.25.144941557565802351596730914409170713112,/home/user/workspace/dataset_extracted/Датасет/НД_для_обучения/Исследования/2.25.144941557565802351596730914409170713112/series_001_2_CR/A250728979 DXA/CR DXA/CR000009.dcm,1.2.643.5.1.13.13.12.2.77.8252.03150209000513130305020013101408,1,322,300,spine,True,0.0,,0.0,0.0,0.0,,,,,372,234.36,372,234.36,True,3.6945755936324396,1.2534862653980323,0.5340989609221056,322.0,-0.02003498119760631,0.0,0.003105590062111801,0.39,,,,,,,,,,,,,,,,,,,,,,,,,,,,,,,,,,,,,,,,,,,,,,,,,,,,,,,,,,,,,,,,,,,,,,,
2.25.144941557565802351596730914409170713112,/home/user/workspace/dataset_extracted/Датасет/НД_для_обучения/Исследования/2.25.144941557565802351596730914409170713112/series_001_2_CR/A250728979 DXA/CR DXA/CR000010.dcm,1.2.643.5.1.13.13.12.2.77.8252.08060612000510000609001512070103,3,268,280,left_hip,True,0.0,,,,,,,0.0,0.0,0,0.0,0,0.0,False,0.0,,,,,,,,-8.844437238110327,8.844437238110327,28.2,84.0,0.0,3.0525668073136303,43.199999999999996,9.534106891701839,49.35,13.2,281.40000000000003,168.0,268.0,0.3464285714285714,0.23780650319829424,1.0,0.33214285714285713,0.16785714285714284,0.5365873361567033,0.15249193146079926,0.9563187408244953,-3.7456751054852475,2.860042194092844,-1.5107946554149208,3.187862165963446,-0.13463431786218222,2.9837271448663953,1.5002461322081444,3.311547116737006,2.535126582278471,3.0393670886076163,2.9700070323487977,3.36718706047821,1.6048874824191244,4.2950070323488205,-1.8189521800281367,4.69087201125177,-2.58407172995781,5.61869198312238,-3.9491912798874833,6.546511954992973,-4.114310829817157,8.074331926863584,-4.279430379746839,9.002151898734178,-4.62071026722925,9.534106891701839,-4.62071026722925,9.534106891701839,-4.62071026722925,9.534106891701839,-4.62071026722925,9.534106891701839,-4.62071026722925,9.534106891701839,-4.62071026722925,9.534106891701839,-4.62071026722925,9.534106891701839,-4.62071026722925,9.534106891701839,left,-0.4443026616236904,8.844437238110327,0.2571428571428571,,,0.0,0.0,0.0,0.0
2.25.145848300160680194368420189079847088556,/home/user/workspace/dataset_extracted/Датасет/НД_для_обучения/Исследования/2.25.145848300160680194368420189079847088556/series_002_2_CR/A2504248615 DXA Exam/CR DXA Images/CR000000.dcm,1.2.643.5.1.13.13.12.2.77.8252.06130104100900080002100912090901,3,346,280,right_hip,True,0.0,,,,,0.0,0.0,,,269,169.47,269,169.47,True,3.6723079644186076,,,,,,,,-5.740371536190588,5.740371536190588,31.799999999999997,124.95,0.0,5.532237572995293,38.4,10.019547073066548,17.85,49.199999999999996,363.3,168.0,346.0,0.3142857142857143,0.29887489677952106,1.0,0.05714285714285714,0.175,0.6101124238671545,0.158278715524698,0.9625977023050567,1.4576940606751179,3.2893348525851365,2.803707449081324,4.990938612733253,2.9132174903859807,6.267141432844346,4.859230878792195,8.56874519299248,5.532237572995293,10.019547073066548,5.532237572995293,10.019547073066548,5.532237572995293,10.019547073066548,5.532237572995293,10.019547073066548,5.532237572995293,10.019547073066548,5.532237572995293,10.019547073066548,5.532237572995293,10.019547073066548,5.532237572995293,10.019547073066548,5.532237572995293,10.019547073066548,5.532237572995293,10.019547073066548,5.532237572995293,10.019547073066548,5.532237572995293,10.019547073066548,5.532237572995293,10.019547073066548,5.532237572995293,10.019547073066548,5.532237572995293,10.019547073066548,5.532237572995293,10.019547073066548,right,0.63587002412858,5.740371536190588,0.22857142857142856,0.0,0.0,,,0.0,0.0
2.25.145848300160680194368420189079847088556,/home/user/workspace/dataset_extracted/Датасет/НД_для_обучения/Исследования/2.25.145848300160680194368420189079847088556/series_002_2_CR/A2504248615 DXA Exam/CR DXA Images/CR000001.dcm,1.2.643.5.1.13.13.12.2.77.8252.09091111090903031309150614110215,2,344,280,left_hip,True,1.0,Нарушение позиционирования/ротации левого бедра,,,,,,1.0,0.0,245,154.35,245,154.35,True,4.589422234233379,,,,,,,,-10.089221389065868,10.089221389065868,29.4,97.65,0.0,3.4461460415982654,43.199999999999996,15.133768016472219,40.95,15.6,361.2,168.0,312.0,0.35,0.2586171096345515,0.9069767441860465,0.11071428571428571,0.175,0.4800589084550655,0.0842452548254444,0.9561973022438951,-0.05086687953211424,3.5371310912834812,-0.07661364924951498,3.816746739876487,0.804076273462428,4.1764584763212325,1.9783295037450273,4.456074124914221,3.152582734027618,5.335689773507227,0.12683596431021726,6.215305422100232,1.301089194592808,7.69492107069322,2.1817791173047594,8.654632807137967,2.7560323475873503,10.734248455730972,2.7302855778699495,14.01386410432396,2.4238488854405973,15.133768016472219,2.4238488854405973,15.133768016472219,2.4238488854405973,15.133768016472219,2.4238488854405973,15.133768016472219,2.4238488854405973,15.133768016472219,2.4238488854405973,15.133768016472219,2.4238488854405973,15.133768016472219,2.4238488854405973,15.133768016472219,2.4238488854405973,15.133768016472219,2.4238488854405973,15.133768016472219,left,-0.6882235656316676,10.089221389065868,0.2571428571428571,,,1.0,0.0,1.0,0.0
2.25.145848300160680194368420189079847088556,/home/user/workspace/dataset_extracted/Датасет/НД_для_обучения/Исследования/2.25.145848300160680194368420189079847088556/series_002_2_CR/A2504248615 DXA Exam/CR DXA Images/CR000002.dcm,1.2.643.5.1.13.13.12.2.77.8252.07040802010906150312000007110303,1,289,300,spine,True,0.0,,0.0,0.0,0.0,,,,,140,88.2,140,88.2,True,3.601571476710567,1.7439633962998078,1.819145480879059,289.0,-0.03163498576452857,0.0,0.0034602076124567475,0.43,,,,,,,,,,,,,,,,,,,,,,,,,,,,,,,,,,,,,,,,,,,,,,,,,,,,,,,,,,,,,,,,,,,,,,,
2.25.151186844055172005615813066162721550889,/home/user/workspace/dataset_extracted/Датасет/НД_для_обучения/Исследования/2.25.151186844055172005615813066162721550889/series_002_2_CR/A250436130 DXA/CR DXA/CR000000.dcm,1.2.643.5.1.13.13.12.2.77.8252.07051313070907070603030815070904,1,344,300,spine,True,0.0,,0.0,0.0,0.0,,,,,3133,1973.79,3133,1973.79,True,4.929383157485874,1.1810399760087262,0.5621405093355847,344.0,-0.03793882411934315,0.0,0.0029069767441860465,0.38,,,,,,,,,,,,,,,,,,,,,,,,,,,,,,,,,,,,,,,,,,,,,,,,,,,,,,,,,,,,,,,,,,,,,,,
2.25.151186844055172005615813066162721550889,/home/user/workspace/dataset_extracted/Датасет/НД_для_обучения/Исследования/2.25.151186844055172005615813066162721550889/series_002_2_CR/A250436130 DXA/CR DXA/CR000001.dcm,1.2.643.5.1.13.13.12.2.77.8252.06120514140811101106020900110711,3,289,280,left_hip,True,0.0,,,,,,,0.0,0.0,0,0.0,0,0.0,False,0.0,,,,,,,,-2.3388256956182794,2.3388256956182794,28.2,90.3,0.0,-10.517647058823538,63.599999999999994,23.122407660738723,123.9,7.8,303.45,168.0,289.0,0.4785714285714286,0.19048442906574395,1.0,0.25357142857142856,0.16071428571428573,0.5033697025858302,0.13196316267398892,0.968402756378109,-12.694164819095246,0.9965960658521453,-12.396188499457525,0.9514920515118603,-12.17270625972924,1.5176640407566253,-11.874729940091521,2.0725600264163404,-12.176753620453809,2.6274560120760384,-11.878777300816088,3.1823519977357364,-11.580800981178367,3.7372479833954344,-11.357318741450083,4.303419972640216,-11.659342421812363,4.858315958299914,-11.961366102174642,5.413211943959612,-12.26338978253693,6.568107929619328,-13.76541346289921,7.123003915279026,-14.067437143261488,7.677899900938723,-13.843954903533204,7.644071890183505,-13.545978583895485,8.198967875843204,-16.248002264257764,8.1538638615029,-17.15002594462005,8.708759847162598,-19.25204962498233,9.263655832822314,-19.628567385254048,9.82982782206708,-21.730591065616327,10.984723807726777,left,-0.9746526272499285,2.3388256956182794,0.37857142857142856,,,0.0,0.0,0.0,0.0
2.25.151186844055172005615813066162721550889,/home/user/workspace/dataset_extracted/Датасет/НД_для_обучения/Исследования/2.25.151186844055172005615813066162721550889/series_002_2_CR/A250436130 DXA/CR DXA/CR000002.dcm,1.2.643.5.1.13.13.12.2.77.8252.07071507091013150605060411110414,2,261,280,right_hip,True,0.0,,,,,0.0,0.0,,,82,51.660000000000004,82,51.660000000000004,True,3.490335185823981,,,,,,,,-3.4477851534845723,3.4477851534845723,36.0,106.05000000000001,0.0,-20.396910891089096,34.199999999999996,7.5679673849737465,58.800000000000004,12.6,274.05,168.0,261.0,0.325,0.27387794198139026,1.0,0.26071428571428573,0.18214285714285713,0.5842841727598591,0.19610353461673116,0.950587683759228,-21.73650786255095,-1.2715946418171769,-23.122637157833417,-1.3638066394875408,-24.462234129295272,-1.2829656377403011,-25.24836342457774,-0.7751776354106482,-30.0,-0.2673896330810123,-30.0,0.2403983692486406,-30.0,1.3481863715782765,-30.0,2.029027373325516,-30.0,2.536815375655169,-30.0,3.644603377984822,-30.0,5.952391380314458,-30.0,7.060179382644094,-30.0,7.5679673849737465,-30.0,7.048808386720986,-30.0,7.129649388468226,-30.0,7.129649388468226,-30.0,7.129649388468226,-30.0,7.129649388468226,-30.0,7.129649388468226,-30.0,7.129649388468226,right,0.7208311344750484,3.4477851534845723,0.20357142857142854,0.0,0.0,,,0.0,0.0
2.25.156021661584944120526934974594604520993,/home/user/workspace/dataset_extracted/Датасет/НД_для_обучения/Исследования/2.25.156021661584944120526934974594604520993/series_003_2_CR/A2507142228 DXA/CR DXA/CR000000.dcm,1.2.643.5.1.13.13.12.2.77.8252.09130714090405151215050914040809,12,315,300,spine,True,0.0,,0.0,0.0,0.0,,,,,804,506.52,804,506.52,True,3.5996390036530808,1.5850361762625893,0.0625355816146902,315.0,-0.0576805728518057,0.0,0.0031746031746031746,0.36333333333333334,,,,,,,,,,,,,,,,,,,,,,,,,,,,,,,,,,,,,,,,,,,,,,,,,,,,,,,,,,,,,,,,,,,,,,,
2.25.156021661584944120526934974594604520993,/home/user/workspace/dataset_extracted/Датасет/НД_для_обучения/Исследования/2.25.156021661584944120526934974594604520993/series_003_2_CR/A2507142228 DXA/CR DXA/CR000001.dcm,1.2.643.5.1.13.13.12.2.77.8252.09091502110711081102050610090100,8,261,280,right_hip,True,0.0,,,,,0.0,0.0,,,18,11.34,18,11.34,True,3.70200895848106,,,,,,,,3.0490124698937673,3.0490124698937673,31.799999999999997,78.75,0.0,4.369348506401141,42.6,-18.542019914651483,60.900000000000006,3.0,274.05,168.0,133.0,0.38571428571428573,0.21187739463601532,0.5095785440613027,0.30357142857142855,0.175,0.4739857013523336,0.13988378829365705,0.9400503179097367,0.023812233285929095,-18.542019914651483,0.18594025604552655,-26.93246088193456,0.45753627311522677,-28.725291607396866,0.6196642958748327,-30.0,0.7817923186344302,-30.0,0.9439203413940361,-30.0,1.1060483641536336,-30.0,1.9776443812233337,-30.0,2.1397724039829398,-30.0,2.9019004267425372,-30.0,3.6640284495021387,-30.0,3.8261564722617405,-30.0,3.9882844950213423,-30.0,4.259880512091047,-30.0,3.822008534850644,-30.0,3.712540540540546,-30.0,3.712540540540546,-30.0,3.712540540540546,-30.0,3.712540540540546,-30.0,3.712540540540546,-30.0,left,-0.37877438476987946,3.0490124698937673,0.25357142857142856,,,0.0,0.0,0.0,0.0
2.25.156021661584944120526934974594604520993,/home/user/workspace/dataset_extracted/Датасет/НД_для_обучения/Исследования/2.25.156021661584944120526934974594604520993/series_003_2_CR/A2507142228 DXA/CR DXA/CR000002.dcm,1.2.643.5.1.13.13.12.2.77.8252.02061505000012091414020201140711,14,261,280,right_hip,True,0.0,,,,,0.0,0.0,,,18,11.34,18,11.34,True,3.70200895848106,,,,,,,,3.0490124698937673,3.0490124698937673,31.799999999999997,78.75,0.0,4.369348506401141,42.6,-18.542019914651483,60.900000000000006,3.0,274.05,168.0,133.0,0.38571428571428573,0.21187739463601532,0.5095785440613027,0.30357142857142855,0.175,0.4739857013523336,0.13988378829365705,0.9400503179097367,0.023812233285929095,-18.542019914651483,0.18594025604552655,-26.93246088193456,0.45753627311522677,-28.725291607396866,0.6196642958748327,-30.0,0.7817923186344302,-30.0,0.9439203413940361,-30.0,1.1060483641536336,-30.0,1.9776443812233337,-30.0,2.1397724039829398,-30.0,2.9019004267425372,-30.0,3.6640284495021387,-30.0,3.8261564722617405,-30.0,3.9882844950213423,-30.0,4.259880512091047,-30.0,3.822008534850644,-30.0,3.712540540540546,-30.0,3.712540540540546,-30.0,3.712540540540546,-30.0,3.712540540540546,-30.0,3.712540540540546,-30.0,left,-0.37877438476987946,3.0490124698937673,0.25357142857142856,,,0.0,0.0,0.0,0.0
2.25.156021661584944120526934974594604520993,/home/user/workspace/dataset_extracted/Датасет/НД_для_обучения/Исследования/2.25.156021661584944120526934974594604520993/series_003_2_CR/A2507142228 DXA/CR DXA/CR000003.dcm,1.2.643.5.1.13.13.12.2.77.8252.12020806150405080200131300151004,7,261,280,left_hip,True,0.0,,,,,,,0.0,0.0,0,0.0,0,0.0,False,0.0,,,,,,,,0.09245632712776915,0.09245632712776915,30.599999999999998,89.25,0.0,-14.450420168067222,30.0,18.270861833105354,77.7,10.2,274.05,168.0,261.0,0.29464285714285715,0.21424466338259443,1.0,0.29642857142857143,0.17142857142857143,0.5191992867269806,0.1675425428271053,0.9522070812350001,-14.634676568301739,1.3329685362517154,-25.680351768614422,1.7008481532147812,-27.06460816884893,2.1267578659370825,-27.910283369161615,2.4946374829001483,-28.155958569474297,2.862517099863214,-28.401633769786983,3.8303967168262716,-26.247308970099667,4.198276333789337,-26.43156537033418,5.2241860465116385,-30.0,6.192065663474705,-30.0,7.75994528043777,-30.0,9.327824897400836,-30.0,10.895704514363901,-30.0,13.063584131326968,-30.0,14.68949384404926,-30.0,15.657373461012327,-30.0,16.025253077975393,-30.0,16.39313269493846,-30.0,16.761012311901524,-30.0,17.786922024623816,-30.0,18.270861833105354,right,0.17430882494329114,0.09245632712776915,0.17857142857142858,0.0,0.0,,,0.0,0.0
2.25.156021661584944120526934974594604520993,/home/user/workspace/dataset_extracted/Датасет/НД_для_обучения/Исследования/2.25.156021661584944120526934974594604520993/series_003_2_CR/A2507142228 DXA/CR DXA/CR000004.dcm,1.2.643.5.1.13.13.12.2.77.8252.04040506120312070613131201100500,9,261,280,left_hip,True,0.0,,,,,,,0.0,0.0,0,0.0,0,0.0,False,0.0,,,,,,,,0.09245632712776915,0.09245632712776915,30.599999999999998,89.25,0.0,-14.450420168067222,30.0,18.270861833105354,77.7,10.2,274.05,168.0,261.0,0.29464285714285715,0.21424466338259443,1.0,0.29642857142857143,0.17142857142857143,0.5191992867269806,0.1675425428271053,0.9522070812350001,-14.634676568301739,1.3329685362517154,-25.680351768614422,1.7008481532147812,-27.06460816884893,2.1267578659370825,-27.910283369161615,2.4946374829001483,-28.155958569474297,2.862517099863214,-28.401633769786983,3.8303967168262716,-26.247308970099667,4.198276333789337,-26.43156537033418,5.2241860465116385,-30.0,6.192065663474705,-30.0,7.75994528043777,-30.0,9.327824897400836,-30.0,10.895704514363901,-30.0,13.063584131326968,-30.0,14.68949384404926,-30.0,15.657373461012327,-30.0,16.025253077975393,-30.0,16.39313269493846,-30.0,16.761012311901524,-30.0,17.786922024623816,-30.0,18.270861833105354,right,0.17430882494329114,0.09245632712776915,0.17857142857142858,0.0,0.0,,,0.0,0.0
2.25.156021661584944120526934974594604520993,/home/user/workspace/dataset_extracted/Датасет/НД_для_обучения/Исследования/2.25.156021661584944120526934974594604520993/series_003_2_CR/A2507142228 DXA/CR DXA/CR000005.dcm,1.2.643.5.1.13.13.12.2.77.8252.04130713101511140710050408091506,5,261,280,left_hip,True,0.0,,,,,,,0.0,0.0,0,0.0,0,0.0,False,0.0,,,,,,,,0.09245632712776915,0.09245632712776915,30.599999999999998,89.25,0.0,-14.450420168067222,30.0,18.270861833105354,77.7,10.2,274.05,168.0,261.0,0.29464285714285715,0.21424466338259443,1.0,0.29642857142857143,0.17142857142857143,0.5191992867269806,0.1675425428271053,0.9522070812350001,-14.634676568301739,1.3329685362517154,-25.680351768614422,1.7008481532147812,-27.06460816884893,2.1267578659370825,-27.910283369161615,2.4946374829001483,-28.155958569474297,2.862517099863214,-28.401633769786983,3.8303967168262716,-26.247308970099667,4.198276333789337,-26.43156537033418,5.2241860465116385,-30.0,6.192065663474705,-30.0,7.75994528043777,-30.0,9.327824897400836,-30.0,10.895704514363901,-30.0,13.063584131326968,-30.0,14.68949384404926,-30.0,15.657373461012327,-30.0,16.025253077975393,-30.0,16.39313269493846,-30.0,16.761012311901524,-30.0,17.786922024623816,-30.0,18.270861833105354,right,0.17430882494329114,0.09245632712776915,0.17857142857142858,0.0,0.0,,,0.0,0.0
2.25.156021661584944120526934974594604520993,/home/user/workspace/dataset_extracted/Датасет/НД_для_обучения/Исследования/2.25.156021661584944120526934974594604520993/series_003_2_CR/A2507142228 DXA/CR DXA/CR000006.dcm,1.2.643.5.1.13.13.12.2.77.8252.11080103090607140209131008021505,6,261,280,right_hip,True,0.0,,,,,0.0,0.0,,,18,11.34,18,11.34,True,3.70200895848106,,,,,,,,3.0490124698937673,3.0490124698937673,31.799999999999997,78.75,0.0,4.369348506401141,42.6,-18.542019914651483,60.900000000000006,3.0,274.05,168.0,133.0,0.38571428571428573,0.21187739463601532,0.5095785440613027,0.30357142857142855,0.175,0.4739857013523336,0.13988378829365705,0.9400503179097367,0.023812233285929095,-18.542019914651483,0.18594025604552655,-26.93246088193456,0.45753627311522677,-28.725291607396866,0.6196642958748327,-30.0,0.7817923186344302,-30.0,0.9439203413940361,-30.0,1.1060483641536336,-30.0,1.9776443812233337,-30.0,2.1397724039829398,-30.0,2.9019004267425372,-30.0,3.6640284495021387,-30.0,3.8261564722617405,-30.0,3.9882844950213423,-30.0,4.259880512091047,-30.0,3.822008534850644,-30.0,3.712540540540546,-30.0,3.712540540540546,-30.0,3.712540540540546,-30.0,3.712540540540546,-30.0,3.712540540540546,-30.0,left,-0.37877438476987946,3.0490124698937673,0.25357142857142856,,,0.0,0.0,0.0,0.0
2.25.156021661584944120526934974594604520993,/home/user/workspace/dataset_extracted/Датасет/НД_для_обучения/Исследования/2.25.156021661584944120526934974594604520993/series_003_2_CR/A2507142228 DXA/CR DXA/CR000007.dcm,1.2.643.5.1.13.13.12.2.77.8252.05041404051513101304111210060012,3,261,280,right_hip,True,0.0,,,,,0.0,0.0,,,18,11.34,18,11.34,True,3.70200895848106,,,,,,,,3.0490124698937673,3.0490124698937673,31.799999999999997,78.75,0.0,4.369348506401141,42.6,-18.542019914651483,60.900000000000006,3.0,274.05,168.0,133.0,0.38571428571428573,0.21187739463601532,0.5095785440613027,0.30357142857142855,0.175,0.4739857013523336,0.13988378829365705,0.9400503179097367,0.023812233285929095,-18.542019914651483,0.18594025604552655,-26.93246088193456,0.45753627311522677,-28.725291607396866,0.6196642958748327,-30.0,0.7817923186344302,-30.0,0.9439203413940361,-30.0,1.1060483641536336,-30.0,1.9776443812233337,-30.0,2.1397724039829398,-30.0,2.9019004267425372,-30.0,3.6640284495021387,-30.0,3.8261564722617405,-30.0,3.9882844950213423,-30.0,4.259880512091047,-30.0,3.822008534850644,-30.0,3.712540540540546,-30.0,3.712540540540546,-30.0,3.712540540540546,-30.0,3.712540540540546,-30.0,3.712540540540546,-30.0,left,-0.37877438476987946,3.0490124698937673,0.25357142857142856,,,0.0,0.0,0.0,0.0
2.25.156021661584944120526934974594604520993,/home/user/workspace/dataset_extracted/Датасет/НД_для_обучения/Исследования/2.25.156021661584944120526934974594604520993/series_003_2_CR/A2507142228 DXA/CR DXA/CR000008.dcm,1.2.643.5.1.13.13.12.2.77.8252.10050703151214090610040504130101,4,315,300,spine,True,0.0,,0.0,0.0,0.0,,,,,804,506.52,804,506.52,True,3.5996390036530808,1.5850361762625893,0.0625355816146902,315.0,-0.0576805728518057,0.0,0.0031746031746031746,0.36333333333333334,,,,,,,,,,,,,,,,,,,,,,,,,,,,,,,,,,,,,,,,,,,,,,,,,,,,,,,,,,,,,,,,,,,,,,,
2.25.156021661584944120526934974594604520993,/home/user/workspace/dataset_extracted/Датасет/НД_для_обучения/Исследования/2.25.156021661584944120526934974594604520993/series_003_2_CR/A2507142228 DXA/CR DXA/CR000009.dcm,1.2.643.5.1.13.13.12.2.77.8252.01020015070311140900060907010202,13,261,280,left_hip,True,0.0,,,,,,,0.0,0.0,0,0.0,0,0.0,False,0.0,,,,,,,,0.09245632712776915,0.09245632712776915,30.599999999999998,89.25,0.0,-14.450420168067222,30.0,18.270861833105354,77.7,10.2,274.05,168.0,261.0,0.29464285714285715,0.21424466338259443,1.0,0.29642857142857143,0.17142857142857143,0.5191992867269806,0.1675425428271053,0.9522070812350001,-14.634676568301739,1.3329685362517154,-25.680351768614422,1.7008481532147812,-27.06460816884893,2.1267578659370825,-27.910283369161615,2.4946374829001483,-28.155958569474297,2.862517099863214,-28.401633769786983,3.8303967168262716,-26.247308970099667,4.198276333789337,-26.43156537033418,5.2241860465116385,-30.0,6.192065663474705,-30.0,7.75994528043777,-30.0,9.327824897400836,-30.0,10.895704514363901,-30.0,13.063584131326968,-30.0,14.68949384404926,-30.0,15.657373461012327,-30.0,16.025253077975393,-30.0,16.39313269493846,-30.0,16.761012311901524,-30.0,17.786922024623816,-30.0,18.270861833105354,right,0.17430882494329114,0.09245632712776915,0.17857142857142858,0.0,0.0,,,0.0,0.0
2.25.156021661584944120526934974594604520993,/home/user/workspace/dataset_extracted/Датасет/НД_для_обучения/Исследования/2.25.156021661584944120526934974594604520993/series_003_2_CR/A2507142228 DXA/CR DXA/CR000010.dcm,1.2.643.5.1.13.13.12.2.77.8252.11001008080504080903151311021305,2,261,280,left_hip,True,0.0,,,,,,,0.0,0.0,0,0.0,0,0.0,False,0.0,,,,,,,,0.09245632712776915,0.09245632712776915,30.599999999999998,89.25,0.0,-14.450420168067222,30.0,18.270861833105354,77.7,10.2,274.05,168.0,261.0,0.29464285714285715,0.21424466338259443,1.0,0.29642857142857143,0.17142857142857143,0.5191992867269806,0.1675425428271053,0.9522070812350001,-14.634676568301739,1.3329685362517154,-25.680351768614422,1.7008481532147812,-27.06460816884893,2.1267578659370825,-27.910283369161615,2.4946374829001483,-28.155958569474297,2.862517099863214,-28.401633769786983,3.8303967168262716,-26.247308970099667,4.198276333789337,-26.43156537033418,5.2241860465116385,-30.0,6.192065663474705,-30.0,7.75994528043777,-30.0,9.327824897400836,-30.0,10.895704514363901,-30.0,13.063584131326968,-30.0,14.68949384404926,-30.0,15.657373461012327,-30.0,16.025253077975393,-30.0,16.39313269493846,-30.0,16.761012311901524,-30.0,17.786922024623816,-30.0,18.270861833105354,right,0.17430882494329114,0.09245632712776915,0.17857142857142858,0.0,0.0,,,0.0,0.0
2.25.156021661584944120526934974594604520993,/home/user/workspace/dataset_extracted/Датасет/НД_для_обучения/Исследования/2.25.156021661584944120526934974594604520993/series_003_2_CR/A2507142228 DXA/CR DXA/CR000011.dcm,1.2.643.5.1.13.13.12.2.77.8252.10070914150303091307080902000612,1,315,300,spine,True,0.0,,0.0,0.0,0.0,,,,,804,506.52,804,506.52,True,3.5996390036530808,1.5850361762625893,0.0625355816146902,315.0,-0.0576805728518057,0.0,0.0031746031746031746,0.36333333333333334,,,,,,,,,,,,,,,,,,,,,,,,,,,,,,,,,,,,,,,,,,,,,,,,,,,,,,,,,,,,,,,,,,,,,,,
2.25.156375884487675936513403083218009333856,/home/user/workspace/dataset_extracted/Датасет/НД_для_обучения/Исследования/2.25.156375884487675936513403083218009333856/series_003_2_CR/A250727121 DXA/CR DXA/CR000000.dcm,1.2.643.5.1.13.13.12.2.77.8252.04001402031200081204010009090110,3,291,280,left_hip,True,0.0,,,,,,,0.0,0.0,0,0.0,0,0.0,False,0.0,,,,,,,,-3.6906605094468565,3.6906605094468565,30.0,117.60000000000001,0.0,0.7581311716267649,31.2,27.129752793248343,55.650000000000006,19.8,305.55,168.0,291.0,0.26785714285714285,0.24830633284241532,1.0,0.3392857142857143,0.16785714285714284,0.5583322803890849,0.15293434467540268,0.9655879301756278,0.010114634229698537,3.0343415792530606,-0.44010575050396167,3.242292513752665,-0.32777103905420685,3.5482557146273677,-0.17799142378786711,4.35620664912698,-0.028211808521523093,5.764157583626584,0.12156780674481665,7.172108518126197,0.2713474220111564,8.5800594526258,0.38368213346091123,10.086022653500503,0.5334617487272553,12.093973588000116,0.683241363993595,14.70192452249972,-10.566979020740066,17.309875456999332,-30.0,20.517826391498936,-30.0,25.52577732599854,-30.0,27.031740526873254,-30.0,27.031740526873254,-30.0,27.031740526873254,-30.0,27.031740526873254,-30.0,27.031740526873254,-30.0,27.031740526873254,-30.0,27.031740526873254,left,-0.49013019178646977,3.6906605094468565,0.18571428571428572,,,0.0,0.0,0.0,0.0
2.25.156375884487675936513403083218009333856,/home/user/workspace/dataset_extracted/Датасет/НД_для_обучения/Исследования/2.25.156375884487675936513403083218009333856/series_003_2_CR/A250727121 DXA/CR DXA/CR000001.dcm,1.2.643.5.1.13.13.12.2.77.8252.07090311111312140315080706100515,4,317,300,spine,True,1.0,"Наличие посторонних предметов, артефактов или наложений",0.0,0.0,1.0,,,,,1387,873.8100000000001,1387,873.8100000000001,True,4.5465815999125905,0.19414513195684996,1.3854277410504272,317.0,0.013019409420437663,0.0,0.0031545741324921135,0.4,,,,,,,,,,,,,,,,,,,,,,,,,,,,,,,,,,,,,,,,,,,,,,,,,,,,,,,,,,,,,,,,,,,,,,,
2.25.156375884487675936513403083218009333856,/home/user/workspace/dataset_extracted/Датасет/НД_для_обучения/Исследования/2.25.156375884487675936513403083218009333856/series_003_2_CR/A250727121 DXA/CR DXA/CR000002.dcm,1.2.643.5.1.13.13.12.2.77.8252.14151108130201081305130506031009,6,291,280,left_hip,True,0.0,,,,,,,0.0,0.0,0,0.0,0,0.0,False,0.0,,,,,,,,-3.6906605094468565,3.6906605094468565,30.0,117.60000000000001,0.0,0.7581311716267649,31.2,27.129752793248343,55.650000000000006,19.8,305.55,168.0,291.0,0.26785714285714285,0.24830633284241532,1.0,0.3392857142857143,0.16785714285714284,0.5583322803890849,0.15293434467540268,0.9655879301756278,0.010114634229698537,3.0343415792530606,-0.44010575050396167,3.242292513752665,-0.32777103905420685,3.5482557146273677,-0.17799142378786711,4.35620664912698,-0.028211808521523093,5.764157583626584,0.12156780674481665,7.172108518126197,0.2713474220111564,8.5800594526258,0.38368213346091123,10.086022653500503,0.5334617487272553,12.093973588000116,0.683241363993595,14.70192452249972,-10.566979020740066,17.309875456999332,-30.0,20.517826391498936,-30.0,25.52577732599854,-30.0,27.031740526873254,-30.0,27.031740526873254,-30.0,27.031740526873254,-30.0,27.031740526873254,-30.0,27.031740526873254,-30.0,27.031740526873254,-30.0,27.031740526873254,left,-0.49013019178646977,3.6906605094468565,0.18571428571428572,,,0.0,0.0,0.0,0.0
2.25.156375884487675936513403083218009333856,/home/user/workspace/dataset_extracted/Датасет/НД_для_обучения/Исследования/2.25.156375884487675936513403083218009333856/series_003_2_CR/A250727121 DXA/CR DXA/CR000003.dcm,1.2.643.5.1.13.13.12.2.77.8252.14051207080309081314081508110108,9,317,300,spine,True,1.0,"Наличие посторонних предметов, артефактов или наложений",0.0,0.0,1.0,,,,,1387,873.8100000000001,1387,873.8100000000001,True,4.5465815999125905,0.19414513195684996,1.3854277410504272,317.0,0.013019409420437663,0.0,0.0031545741324921135,0.4,,,,,,,,,,,,,,,,,,,,,,,,,,,,,,,,,,,,,,,,,,,,,,,,,,,,,,,,,,,,,,,,,,,,,,,
2.25.156375884487675936513403083218009333856,/home/user/workspace/dataset_extracted/Датасет/НД_для_обучения/Исследования/2.25.156375884487675936513403083218009333856/series_003_2_CR/A250727121 DXA/CR DXA/CR000004.dcm,1.2.643.5.1.13.13.12.2.77.8252.00010208150107110206110212130810,2,291,280,right_hip,True,0.0,,,,,0.0,0.0,,,0,0.0,0,0.0,False,0.0,,,,,,,,-4.043128895067335,4.043128895067335,30.0,96.60000000000001,0.0,0.24470046082949465,61.8,23.85829724272921,55.650000000000006,39.0,305.55,168.0,291.0,0.45,0.2717476681394207,1.0,0.3607142857142857,0.16785714285714284,0.5799410140757757,0.18170790869927358,0.9579208833902081,-0.4533360048086564,2.914355069895032,-0.30498898016430187,3.6689625942080224,-0.1937287116810296,3.9349182374427696,-0.04538168703666656,4.08952576175576,0.10296533760768796,4.844133286068751,-0.348687637747949,5.5987408103817415,-0.20034061310359447,6.953348334694749,-0.08908034462032219,8.419303977929497,0.05926668002404085,9.773911502242486,0.2076137046684039,11.728519026555476,-0.8440392706872416,14.883126550868468,-2.4956922460428785,18.037734075181458,-5.347345221398524,21.192341599494465,-11.836084952915252,23.85829724272921,-11.836084952915252,23.85829724272921,-11.836084952915252,23.85829724272921,-11.836084952915252,23.85829724272921,-11.836084952915252,23.85829724272921,-11.836084952915252,23.85829724272921,-11.836084952915252,23.85829724272921,right,1.025912940152631,4.043128895067335,0.3678571428571428,0.0,0.0,,,0.0,0.0
2.25.156375884487675936513403083218009333856,/home/user/workspace/dataset_extracted/Датасет/НД_для_обучения/Исследования/2.25.156375884487675936513403083218009333856/series_003_2_CR/A250727121 DXA/CR DXA/CR000005.dcm,1.2.643.5.1.13.13.12.2.77.8252.09011413060403000011030100010009,12,291,280,left_hip,True,0.0,,,,,,,0.0,0.0,0,0.0,0,0.0,False,0.0,,,,,,,,-3.6906605094468565,3.6906605094468565,30.0,117.60000000000001,0.0,0.7581311716267649,31.2,27.129752793248343,55.650000000000006,19.8,305.55,168.0,291.0,0.26785714285714285,0.24830633284241532,1.0,0.3392857142857143,0.16785714285714284,0.5583322803890849,0.15293434467540268,0.9655879301756278,0.010114634229698537,3.0343415792530606,-0.44010575050396167,3.242292513752665,-0.32777103905420685,3.5482557146273677,-0.17799142378786711,4.35620664912698,-0.028211808521523093,5.764157583626584,0.12156780674481665,7.172108518126197,0.2713474220111564,8.5800594526258,0.38368213346091123,10.086022653500503,0.5334617487272553,12.093973588000116,0.683241363993595,14.70192452249972,-10.566979020740066,17.309875456999332,-30.0,20.517826391498936,-30.0,25.52577732599854,-30.0,27.031740526873254,-30.0,27.031740526873254,-30.0,27.031740526873254,-30.0,27.031740526873254,-30.0,27.031740526873254,-30.0,27.031740526873254,-30.0,27.031740526873254,left,-0.49013019178646977,3.6906605094468565,0.18571428571428572,,,0.0,0.0,0.0,0.0
2.25.156375884487675936513403083218009333856,/home/user/workspace/dataset_extracted/Датасет/НД_для_обучения/Исследования/2.25.156375884487675936513403083218009333856/series_003_2_CR/A250727121 DXA/CR DXA/CR000006.dcm,1.2.643.5.1.13.13.12.2.77.8252.08030713030704060311150311011102,7,291,280,left_hip,True,0.0,,,,,,,0.0,0.0,0,0.0,0,0.0,False,0.0,,,,,,,,-3.6906605094468565,3.6906605094468565,30.0,117.60000000000001,0.0,0.7581311716267649,31.2,27.129752793248343,55.650000000000006,19.8,305.55,168.0,291.0,0.26785714285714285,0.24830633284241532,1.0,0.3392857142857143,0.16785714285714284,0.5583322803890849,0.15293434467540268,0.9655879301756278,0.010114634229698537,3.0343415792530606,-0.44010575050396167,3.242292513752665,-0.32777103905420685,3.5482557146273677,-0.17799142378786711,4.35620664912698,-0.028211808521523093,5.764157583626584,0.12156780674481665,7.172108518126197,0.2713474220111564,8.5800594526258,0.38368213346091123,10.086022653500503,0.5334617487272553,12.093973588000116,0.683241363993595,14.70192452249972,-10.566979020740066,17.309875456999332,-30.0,20.517826391498936,-30.0,25.52577732599854,-30.0,27.031740526873254,-30.0,27.031740526873254,-30.0,27.031740526873254,-30.0,27.031740526873254,-30.0,27.031740526873254,-30.0,27.031740526873254,-30.0,27.031740526873254,left,-0.49013019178646977,3.6906605094468565,0.18571428571428572,,,0.0,0.0,0.0,0.0
2.25.156375884487675936513403083218009333856,/home/user/workspace/dataset_extracted/Датасет/НД_для_обучения/Исследования/2.25.156375884487675936513403083218009333856/series_003_2_CR/A250727121 DXA/CR DXA/CR000007.dcm,1.2.643.5.1.13.13.12.2.77.8252.05051104100602100505120514140315,11,291,280,right_hip,True,0.0,,,,,0.0,0.0,,,0,0.0,0,0.0,False,0.0,,,,,,,,-4.043128895067335,4.043128895067335,30.0,96.60000000000001,0.0,0.24470046082949465,61.8,23.85829724272921,55.650000000000006,39.0,305.55,168.0,291.0,0.45,0.2717476681394207,1.0,0.3607142857142857,0.16785714285714284,0.5799410140757757,0.18170790869927358,0.9579208833902081,-0.4533360048086564,2.914355069895032,-0.30498898016430187,3.6689625942080224,-0.1937287116810296,3.9349182374427696,-0.04538168703666656,4.08952576175576,0.10296533760768796,4.844133286068751,-0.348687637747949,5.5987408103817415,-0.20034061310359447,6.953348334694749,-0.08908034462032219,8.419303977929497,0.05926668002404085,9.773911502242486,0.2076137046684039,11.728519026555476,-0.8440392706872416,14.883126550868468,-2.4956922460428785,18.037734075181458,-5.347345221398524,21.192341599494465,-11.836084952915252,23.85829724272921,-11.836084952915252,23.85829724272921,-11.836084952915252,23.85829724272921,-11.836084952915252,23.85829724272921,-11.836084952915252,23.85829724272921,-11.836084952915252,23.85829724272921,-11.836084952915252,23.85829724272921,right,1.025912940152631,4.043128895067335,0.3678571428571428,0.0,0.0,,,0.0,0.0
2.25.156375884487675936513403083218009333856,/home/user/workspace/dataset_extracted/Датасет/НД_для_обучения/Исследования/2.25.156375884487675936513403083218009333856/series_003_2_CR/A250727121 DXA/CR DXA/CR000008.dcm,1.2.643.5.1.13.13.12.2.77.8252.02120313110611140813031405011300,5,291,280,right_hip,True,0.0,,,,,0.0,0.0,,,0,0.0,0,0.0,False,0.0,,,,,,,,-4.043128895067335,4.043128895067335,30.0,96.60000000000001,0.0,0.24470046082949465,61.8,23.85829724272921,55.650000000000006,39.0,305.55,168.0,291.0,0.45,0.2717476681394207,1.0,0.3607142857142857,0.16785714285714284,0.5799410140757757,0.18170790869927358,0.9579208833902081,-0.4533360048086564,2.914355069895032,-0.30498898016430187,3.6689625942080224,-0.1937287116810296,3.9349182374427696,-0.04538168703666656,4.08952576175576,0.10296533760768796,4.844133286068751,-0.348687637747949,5.5987408103817415,-0.20034061310359447,6.953348334694749,-0.08908034462032219,8.419303977929497,0.05926668002404085,9.773911502242486,0.2076137046684039,11.728519026555476,-0.8440392706872416,14.883126550868468,-2.4956922460428785,18.037734075181458,-5.347345221398524,21.192341599494465,-11.836084952915252,23.85829724272921,-11.836084952915252,23.85829724272921,-11.836084952915252,23.85829724272921,-11.836084952915252,23.85829724272921,-11.836084952915252,23.85829724272921,-11.836084952915252,23.85829724272921,-11.836084952915252,23.85829724272921,right,1.025912940152631,4.043128895067335,0.3678571428571428,0.0,0.0,,,0.0,0.0
2.25.156375884487675936513403083218009333856,/home/user/workspace/dataset_extracted/Датасет/НД_для_обучения/Исследования/2.25.156375884487675936513403083218009333856/series_003_2_CR/A250727121 DXA/CR DXA/CR000009.dcm,1.2.643.5.1.13.13.12.2.77.8252.01081107130715100908030700130001,1,317,300,spine,True,1.0,"Наличие посторонних предметов, артефактов или наложений",0.0,0.0,1.0,,,,,1387,873.8100000000001,1387,873.8100000000001,True,4.5465815999125905,0.19414513195684996,1.3854277410504272,317.0,0.013019409420437663,0.0,0.0031545741324921135,0.4,,,,,,,,,,,,,,,,,,,,,,,,,,,,,,,,,,,,,,,,,,,,,,,,,,,,,,,,,,,,,,,,,,,,,,,
2.25.156375884487675936513403083218009333856,/home/user/workspace/dataset_extracted/Датасет/НД_для_обучения/Исследования/2.25.156375884487675936513403083218009333856/series_003_2_CR/A250727121 DXA/CR DXA/CR000010.dcm,1.2.643.5.1.13.13.12.2.77.8252.02031105000207140511130815071303,10,291,280,left_hip,True,0.0,,,,,,,0.0,0.0,0,0.0,0,0.0,False,0.0,,,,,,,,-3.6906605094468565,3.6906605094468565,30.0,117.60000000000001,0.0,0.7581311716267649,31.2,27.129752793248343,55.650000000000006,19.8,305.55,168.0,291.0,0.26785714285714285,0.24830633284241532,1.0,0.3392857142857143,0.16785714285714284,0.5583322803890849,0.15293434467540268,0.9655879301756278,0.010114634229698537,3.0343415792530606,-0.44010575050396167,3.242292513752665,-0.32777103905420685,3.5482557146273677,-0.17799142378786711,4.35620664912698,-0.028211808521523093,5.764157583626584,0.12156780674481665,7.172108518126197,0.2713474220111564,8.5800594526258,0.38368213346091123,10.086022653500503,0.5334617487272553,12.093973588000116,0.683241363993595,14.70192452249972,-10.566979020740066,17.309875456999332,-30.0,20.517826391498936,-30.0,25.52577732599854,-30.0,27.031740526873254,-30.0,27.031740526873254,-30.0,27.031740526873254,-30.0,27.031740526873254,-30.0,27.031740526873254,-30.0,27.031740526873254,-30.0,27.031740526873254,left,-0.49013019178646977,3.6906605094468565,0.18571428571428572,,,0.0,0.0,0.0,0.0
2.25.156389075510671877606923458507011517218,/home/user/workspace/dataset_extracted/Датасет/НД_для_обучения/Исследования/2.25.156389075510671877606923458507011517218/series_001_2_CR/A2507389755 DXA/CR DXA/CR000000.dcm,1.2.643.5.1.13.13.12.2.77.8252.12101514000107101207120412120213,5,292,280,right_hip,True,0.0,,,,,0.0,0.0,,,51,32.13,51,32.13,True,3.50732476527712,,,,,,,,0.5656551069254973,0.5656551069254973,33.6,88.2,0.0,-0.3437035537106197,63.0,-19.512220309810704,50.400000000000006,3.0,306.6,168.0,132.0,0.48928571428571427,0.2218811154598826,0.4520547945205479,0.33214285714285713,0.18214285714285713,0.5365709202057475,0.14924585482269614,0.9646140069168966,-0.9866032196010734,-22.03610812999901,-1.2347190442441813,-22.8012918902501,-0.8208059127265102,-24.725179710438407,-1.068921737369618,-26.09036347068951,-1.3170375620127344,-26.255547230940596,-1.5651533866558422,-29.42073099119168,-1.2132692112989503,-29.585914751442765,-1.3993560797812876,-30.0,-1.0474719044243954,-30.0,-0.6955877290675119,-30.0,-0.3437035537106197,-30.0,-0.5918193783537277,-30.0,-0.7158772906752858,-30.0,-0.7158772906752858,-30.0,-0.7158772906752858,-30.0,-0.7158772906752858,-30.0,-0.7158772906752858,-30.0,-0.7158772906752858,-30.0,-0.7158772906752858,-30.0,-0.7158772906752858,-30.0,right,0.8283037201322221,0.5656551069254973,0.375,0.0,0.0,,,0.0,0.0
2.25.156389075510671877606923458507011517218,/home/user/workspace/dataset_extracted/Датасет/НД_для_обучения/Исследования/2.25.156389075510671877606923458507011517218/series_001_2_CR/A2507389755 DXA/CR DXA/CR000001.dcm,1.2.643.5.1.13.13.12.2.77.8252.05051100060005040907000403081502,4,292,280,left_hip,True,0.0,,,,,,,0.0,0.0,0,0.0,0,0.0,False,0.0,,,,,,,,-2.3894876358020993,2.3894876358020993,33.0,110.25,0.0,-17.194505494505492,42.6,13.837491188057225,64.05,10.799999999999999,306.6,168.0,292.0,0.34464285714285714,0.25485567514677104,1.0,0.3464285714285714,0.17857142857142858,0.5761860117617312,0.11634331090784528,0.964529512165147,-18.410366991499064,2.333775658303966,-24.431515654157156,2.5621065726726213,-24.447377151150736,2.283354758449104,-23.868525813808827,2.5116856728177592,-23.289674476466917,2.7400165871863975,-22.71082313912502,2.9683475015550527,-23.331971801783112,3.7966784159236906,-23.34783329877668,4.117926601700191,-23.368981961434784,4.946257516068829,-20.990130624092874,5.7745884304374835,-30.0,7.202919344806139,-30.0,8.631250259174777,-30.0,10.059581173543432,-30.0,11.580829359319916,-30.0,13.00916027368857,-30.0,13.837491188057225,-30.0,13.837491188057225,-30.0,13.837491188057225,-30.0,13.837491188057225,-30.0,13.837491188057225,left,-0.41692430401653174,2.3894876358020993,0.25357142857142856,,,0.0,0.0,0.0,0.0
2.25.156389075510671877606923458507011517218,/home/user/workspace/dataset_extracted/Датасет/НД_для_обучения/Исследования/2.25.156389075510671877606923458507011517218/series_001_2_CR/A2507389755 DXA/CR DXA/CR000002.dcm,1.2.643.5.1.13.13.12.2.77.8252.10040508121311001415130412050515,3,289,300,spine,True,0.0,,0.0,0.0,0.0,,,,,766,482.58,766,482.58,True,3.75139153834498,0.040332798620499974,1.1078658791980103,289.0,0.015971079760427644,0.0,0.0034602076124567475,0.33,,,,,,,,,,,,,,,,,,,,,,,,,,,,,,,,,,,,,,,,,,,,,,,,,,,,,,,,,,,,,,,,,,,,,,,
2.25.156389075510671877606923458507011517218,/home/user/workspace/dataset_extracted/Датасет/НД_для_обучения/Исследования/2.25.156389075510671877606923458507011517218/series_001_2_CR/A2507389755 DXA/CR DXA/CR000003.dcm,1.2.643.5.1.13.13.12.2.77.8252.12071112070710000412111310090807,1,289,300,spine,True,0.0,,0.0,0.0,0.0,,,,,766,482.58,766,482.58,True,3.75139153834498,0.040332798620499974,1.1078658791980103,289.0,0.015971079760427644,0.0,0.0034602076124567475,0.33,,,,,,,,,,,,,,,,,,,,,,,,,,,,,,,,,,,,,,,,,,,,,,,,,,,,,,,,,,,,,,,,,,,,,,,
2.25.156389075510671877606923458507011517218,/home/user/workspace/dataset_extracted/Датасет/НД_для_обучения/Исследования/2.25.156389075510671877606923458507011517218/series_001_2_CR/A2507389755 DXA/CR DXA/CR000004.dcm,1.2.643.5.1.13.13.12.2.77.8252.05071102020515091408100612011404,6,292,280,left_hip,True,0.0,,,,,,,0.0,0.0,0,0.0,0,0.0,False,0.0,,,,,,,,-2.3894876358020993,2.3894876358020993,33.0,110.25,0.0,-17.194505494505492,42.6,13.837491188057225,64.05,10.799999999999999,306.6,168.0,292.0,0.34464285714285714,0.25485567514677104,1.0,0.3464285714285714,0.17857142857142858,0.5761860117617312,0.11634331090784528,0.964529512165147,-18.410366991499064,2.333775658303966,-24.431515654157156,2.5621065726726213,-24.447377151150736,2.283354758449104,-23.868525813808827,2.5116856728177592,-23.289674476466917,2.7400165871863975,-22.71082313912502,2.9683475015550527,-23.331971801783112,3.7966784159236906,-23.34783329877668,4.117926601700191,-23.368981961434784,4.946257516068829,-20.990130624092874,5.7745884304374835,-30.0,7.202919344806139,-30.0,8.631250259174777,-30.0,10.059581173543432,-30.0,11.580829359319916,-30.0,13.00916027368857,-30.0,13.837491188057225,-30.0,13.837491188057225,-30.0,13.837491188057225,-30.0,13.837491188057225,-30.0,13.837491188057225,left,-0.41692430401653174,2.3894876358020993,0.25357142857142856,,,0.0,0.0,0.0,0.0
2.25.156389075510671877606923458507011517218,/home/user/workspace/dataset_extracted/Датасет/НД_для_обучения/Исследования/2.25.156389075510671877606923458507011517218/series_001_2_CR/A2507389755 DXA/CR DXA/CR000005.dcm,1.2.643.5.1.13.13.12.2.77.8252.06010215090214010805091400020206,8,292,280,right_hip,True,0.0,,,,,0.0,0.0,,,51,32.13,51,32.13,True,3.50732476527712,,,,,,,,0.5656551069254973,0.5656551069254973,33.6,88.2,0.0,-0.3437035537106197,63.0,-19.512220309810704,50.400000000000006,3.0,306.6,168.0,132.0,0.48928571428571427,0.2218811154598826,0.4520547945205479,0.33214285714285713,0.18214285714285713,0.5365709202057475,0.14924585482269614,0.9646140069168966,-0.9866032196010734,-22.03610812999901,-1.2347190442441813,-22.8012918902501,-0.8208059127265102,-24.725179710438407,-1.068921737369618,-26.09036347068951,-1.3170375620127344,-26.255547230940596,-1.5651533866558422,-29.42073099119168,-1.2132692112989503,-29.585914751442765,-1.3993560797812876,-30.0,-1.0474719044243954,-30.0,-0.6955877290675119,-30.0,-0.3437035537106197,-30.0,-0.5918193783537277,-30.0,-0.7158772906752858,-30.0,-0.7158772906752858,-30.0,-0.7158772906752858,-30.0,-0.7158772906752858,-30.0,-0.7158772906752858,-30.0,-0.7158772906752858,-30.0,-0.7158772906752858,-30.0,-0.7158772906752858,-30.0,right,0.8283037201322221,0.5656551069254973,0.375,0.0,0.0,,,0.0,0.0
2.25.157462338378550185821790046400986801350,/home/user/workspace/dataset_extracted/Датасет/НД_для_обучения/Исследования/2.25.157462338378550185821790046400986801350/series_001_2_CR/A2507498707 DXA/CR DXA/CR000000.dcm,1.2.643.5.1.13.13.12.2.77.8252.15011410150513090204040606151204,1,289,300,spine,True,0.0,,0.0,0.0,0.0,,,,,49,30.87,49,30.87,True,3.3869117990371995,0.4461694249178157,0.1787304760394144,289.0,-0.011898081534772207,0.0,0.0034602076124567475,0.34,,,,,,,,,,,,,,,,,,,,,,,,,,,,,,,,,,,,,,,,,,,,,,,,,,,,,,,,,,,,,,,,,,,,,,,
2.25.157462338378550185821790046400986801350,/home/user/workspace/dataset_extracted/Датасет/НД_для_обучения/Исследования/2.25.157462338378550185821790046400986801350/series_001_2_CR/A2507498707 DXA/CR DXA/CR000001.dcm,1.2.643.5.1.13.13.12.2.77.8252.14100604010411121207140303140506,5,235,280,right_hip,True,1.0,Нарушение позиционирования/ротации правого бедра,,,,1.0,0.0,,,0,0.0,0,0.0,False,0.0,,,,,,,,-11.919944875048776,11.919944875048776,13.2,118.65,0.0,0.0,62.4,0.0,1.05,13.2,246.75,168.0,235.0,0.4446428571428571,0.16179331306990882,1.0,0.21785714285714286,0.1357142857142857,0.5372521327176899,0.14335014309676697,0.9672111507683628,0.4312262958280712,2.68862199747154,0.4312262958280712,2.68862199747154,0.4312262958280712,2.68862199747154,0.4312262958280712,2.68862199747154,0.4312262958280712,2.68862199747154,0.4312262958280712,2.68862199747154,0.4312262958280712,2.68862199747154,0.4312262958280712,2.68862199747154,0.4312262958280712,2.68862199747154,0.4312262958280712,2.68862199747154,0.4312262958280712,2.68862199747154,0.4312262958280712,2.68862199747154,0.4312262958280712,2.68862199747154,0.4312262958280712,2.68862199747154,0.4312262958280712,2.68862199747154,0.4312262958280712,2.68862199747154,0.4312262958280712,2.68862199747154,0.4312262958280712,2.68862199747154,0.4312262958280712,2.68862199747154,0.4312262958280712,2.68862199747154,right,0.4083402107922473,11.919944875048776,0.37142857142857144,1.0,0.0,,,1.0,0.0
2.25.157462338378550185821790046400986801350,/home/user/workspace/dataset_extracted/Датасет/НД_для_обучения/Исследования/2.25.157462338378550185821790046400986801350/series_001_2_CR/A2507498707 DXA/CR DXA/CR000002.dcm,1.2.643.5.1.13.13.12.2.77.8252.15141103121505150805131303080314,3,289,300,spine,True,0.0,,0.0,0.0,0.0,,,,,49,30.87,49,30.87,True,3.3869117990371995,0.4461694249178157,0.1787304760394144,289.0,-0.011898081534772207,0.0,0.0034602076124567475,0.34,,,,,,,,,,,,,,,,,,,,,,,,,,,,,,,,,,,,,,,,,,,,,,,,,,,,,,,,,,,,,,,,,,,,,,,
2.25.157462338378550185821790046400986801350,/home/user/workspace/dataset_extracted/Датасет/НД_для_обучения/Исследования/2.25.157462338378550185821790046400986801350/series_001_2_CR/A2507498707 DXA/CR DXA/CR000003.dcm,1.2.643.5.1.13.13.12.2.77.8252.01041213150709070704090905040703,6,235,280,left_hip,True,1.0,Нарушение позиционирования/ротации левого бедра,,,,,,1.0,0.0,0,0.0,0,0.0,False,0.0,,,,,,,,-11.312548768702008,11.312548768702008,23.7,73.5,1.085217391304347,2.6906202431983104,59.4,6.3555279503105675,56.7,9.6,246.75,168.0,235.0,0.42142857142857143,0.1698936170212766,1.0,0.22857142857142856,0.1392857142857143,0.5336498089729294,0.1449904031816184,0.9662248350286198,-3.59932814276967,1.9468322981366668,-2.440668357973942,2.6250931677018796,-3.37167351937714,2.233788819875798,-3.4130137345814204,1.7120496894410109,-2.254353949785684,1.7903105590062238,-1.0956941649899476,1.268571428571437,0.06296561980578871,1.3468322981366667,1.531960458402591,0.955527950310568,2.6906202431983104,1.033788819875781,-1.5507199720059532,1.7120496894410109,-2.192060187210217,2.390310559006224,-2.8334004024144974,3.6685714285714366,-2.874740617618761,4.946832298136649,-3.8057457790219584,6.3555279503105675,-4.116080832823024,6.225093167701879,-4.116080832823024,6.225093167701879,-4.116080832823024,6.225093167701879,-4.116080832823024,6.225093167701879,-4.116080832823024,6.225093167701879,-4.116080832823024,6.225093167701879,left,-0.4663078898263078,11.312548768702008,0.35357142857142854,,,1.0,0.0,1.0,0.0
2.25.157462338378550185821790046400986801350,/home/user/workspace/dataset_extracted/Датасет/НД_для_обучения/Исследования/2.25.157462338378550185821790046400986801350/series_001_2_CR/A2507498707 DXA/CR DXA/CR000004.dcm,1.2.643.5.1.13.13.12.2.77.8252.01050311070609101401120201090506,8,235,280,right_hip,True,1.0,Нарушение позиционирования/ротации правого бедра,,,,1.0,0.0,,,0,0.0,0,0.0,False,0.0,,,,,,,,-11.919944875048776,11.919944875048776,13.2,118.65,0.0,0.0,62.4,0.0,1.05,13.2,246.75,168.0,235.0,0.4446428571428571,0.16179331306990882,1.0,0.21785714285714286,0.1357142857142857,0.5372521327176899,0.14335014309676697,0.9672111507683628,0.4312262958280712,2.68862199747154,0.4312262958280712,2.68862199747154,0.4312262958280712,2.68862199747154,0.4312262958280712,2.68862199747154,0.4312262958280712,2.68862199747154,0.4312262958280712,2.68862199747154,0.4312262958280712,2.68862199747154,0.4312262958280712,2.68862199747154,0.4312262958280712,2.68862199747154,0.4312262958280712,2.68862199747154,0.4312262958280712,2.68862199747154,0.4312262958280712,2.68862199747154,0.4312262958280712,2.68862199747154,0.4312262958280712,2.68862199747154,0.4312262958280712,2.68862199747154,0.4312262958280712,2.68862199747154,0.4312262958280712,2.68862199747154,0.4312262958280712,2.68862199747154,0.4312262958280712,2.68862199747154,0.4312262958280712,2.68862199747154,right,0.4083402107922473,11.919944875048776,0.37142857142857144,1.0,0.0,,,1.0,0.0
2.25.157462338378550185821790046400986801350,/home/user/workspace/dataset_extracted/Датасет/НД_для_обучения/Исследования/2.25.157462338378550185821790046400986801350/series_001_2_CR/A2507498707 DXA/CR DXA/CR000005.dcm,1.2.643.5.1.13.13.12.2.77.8252.04150901080711131310091006050208,4,235,280,left_hip,True,1.0,Нарушение позиционирования/ротации левого бедра,,,,,,1.0,0.0,0,0.0,0,0.0,False,0.0,,,,,,,,-11.312548768702008,11.312548768702008,23.7,73.5,1.085217391304347,2.6906202431983104,59.4,6.3555279503105675,56.7,9.6,246.75,168.0,235.0,0.42142857142857143,0.1698936170212766,1.0,0.22857142857142856,0.1392857142857143,0.5336498089729294,0.1449904031816184,0.9662248350286198,-3.59932814276967,1.9468322981366668,-2.440668357973942,2.6250931677018796,-3.37167351937714,2.233788819875798,-3.4130137345814204,1.7120496894410109,-2.254353949785684,1.7903105590062238,-1.0956941649899476,1.268571428571437,0.06296561980578871,1.3468322981366667,1.531960458402591,0.955527950310568,2.6906202431983104,1.033788819875781,-1.5507199720059532,1.7120496894410109,-2.192060187210217,2.390310559006224,-2.8334004024144974,3.6685714285714366,-2.874740617618761,4.946832298136649,-3.8057457790219584,6.3555279503105675,-4.116080832823024,6.225093167701879,-4.116080832823024,6.225093167701879,-4.116080832823024,6.225093167701879,-4.116080832823024,6.225093167701879,-4.116080832823024,6.225093167701879,-4.116080832823024,6.225093167701879,left,-0.4663078898263078,11.312548768702008,0.35357142857142854,,,1.0,0.0,1.0,0.0
2.25.158197739569377798130962967413133224194,/home/user/workspace/dataset_extracted/Датасет/НД_для_обучения/Исследования/2.25.158197739569377798130962967413133224194/series_002_2_CR/A2504245497 DXA/CR DXA/CR000000.dcm,1.2.643.5.1.13.13.12.2.77.8252.09040703010601060814101313081104,1,291,300,spine,True,0.0,,0.0,0.0,0.0,,,,,132,83.16,132,83.16,True,3.313758271065647,1.4236164540905614,0.0730183880681583,291.0,0.008168902041270864,0.0,0.003436426116838488,0.3333333333333333,,,,,,,,,,,,,,,,,,,,,,,,,,,,,,,,,,,,,,,,,,,,,,,,,,,,,,,,,,,,,,,,,,,,,,,
2.25.158646777318759504110695916200521633609,/home/user/workspace/dataset_extracted/Датасет/НД_для_обучения/Исследования/2.25.158646777318759504110695916200521633609/series_003_6_CR/A2507266260 DXA/CR DXA/CR000000.dcm,1.2.643.5.1.13.13.12.2.77.8252.11050703151212091005010115120315,15,291,280,right_hip,True,0.0,,,,,0.0,0.0,,,0,0.0,0,0.0,False,0.0,,,,,,,,-2.0340746063532587,2.0340746063532587,24.0,116.55000000000001,0.0,3.9009705159705135,46.199999999999996,26.428578448578456,76.65,33.0,305.55,168.0,291.0,0.34285714285714286,0.2338487972508591,1.0,0.35714285714285715,0.1392857142857143,0.5615899228872695,0.15304378211911718,0.9648541680637828,0.15974201474201094,3.872795717795722,0.2215110565110592,4.836228501228504,0.2678378378378369,5.258803088803089,0.3296068796068766,5.02223587223587,0.39137592137591637,4.785668655668661,0.45314496314496466,5.149101439101443,0.5149140049140044,6.112534222534225,0.5612407862407821,6.5351088101088175,1.2230098280098218,6.8985415935416,1.8847788697788614,7.8619743769743815,1.9465479115479098,8.825407160407172,2.6083169533169497,10.388839943839946,3.270085995085989,11.952272727272737,-9.883587223587233,13.574847314847329,-10.421818181818184,15.738280098280102,-14.560049140049145,18.501712881712894,-14.498280098280105,22.465145665145684,-14.436511056511065,26.428578448578456,-14.390184275184287,26.25115303615305,-13.774742014742026,26.192011232011247,right,0.6307083585521147,2.0340746063532587,0.27499999999999997,0.0,0.0,,,0.0,0.0
2.25.158646777318759504110695916200521633609,/home/user/workspace/dataset_extracted/Датасет/НД_для_обучения/Исследования/2.25.158646777318759504110695916200521633609/series_003_6_CR/A2507266260 DXA/CR DXA/CR000001.dcm,1.2.643.5.1.13.13.12.2.77.8252.08140602091513140007031414030212,13,287,300,spine,True,1.0,"Наличие посторонних предметов, артефактов или наложений",0.0,0.0,1.0,,,,,781,492.03000000000003,781,492.03000000000003,True,3.9355145044731947,0.23099120760675185,4.866907131419543,287.0,-0.019384108419196102,0.0,0.003484320557491289,0.37333333333333335,,,,,,,,,,,,,,,,,,,,,,,,,,,,,,,,,,,,,,,,,,,,,,,,,,,,,,,,,,,,,,,,,,,,,,,
2.25.158646777318759504110695916200521633609,/home/user/workspace/dataset_extracted/Датасет/НД_для_обучения/Исследования/2.25.158646777318759504110695916200521633609/series_003_6_CR/A2507266260 DXA/CR DXA/CR000002.dcm,1.2.643.5.1.13.13.12.2.77.8252.09070206070204150105120502020002,11,287,300,spine,True,1.0,"Наличие посторонних предметов, артефактов или наложений",0.0,0.0,1.0,,,,,781,492.03000000000003,781,492.03000000000003,True,3.9355145044731947,0.23099120760675185,4.866907131419543,287.0,-0.019384108419196102,0.0,0.003484320557491289,0.37333333333333335,,,,,,,,,,,,,,,,,,,,,,,,,,,,,,,,,,,,,,,,,,,,,,,,,,,,,,,,,,,,,,,,,,,,,,,
2.25.158646777318759504110695916200521633609,/home/user/workspace/dataset_extracted/Датасет/НД_для_обучения/Исследования/2.25.158646777318759504110695916200521633609/series_003_6_CR/A2507266260 DXA/CR DXA/CR000003.dcm,1.2.643.5.1.13.13.12.2.77.8252.03110108081008000413081502071511,14,289,280,left_hip,True,0.0,,,,,,,0.0,0.0,0,0.0,0,0.0,False,0.0,,,,,,,,-1.6573025883958599,1.6573025883958599,24.599999999999998,111.30000000000001,13.929983424440131,0.05024057233544283,42.0,18.304644683477328,106.05000000000001,3.0,303.45,168.0,207.0,0.31785714285714284,0.21558329214038557,0.7162629757785467,0.33214285714285713,0.1392857142857143,0.5306349751065034,0.1243802932911988,0.9677509689707579,0.01933445852331488,3.1524175630400237,0.03993853439806685,3.5299806030682332,-15.544608408695865,3.9631528830893927,-15.524004332821113,3.7407159231176106,-16.10340025694637,4.11827896314582,-16.08279618107162,3.895842003174039,-17.262192105196863,4.873405043202248,-19.046739048290796,5.306577323223408,-19.026134972416052,5.684140363251626,-19.005530896541302,6.061703403279836,-18.984926820666548,7.039266443308054,-18.364322744791796,8.616829483336263,-16.543718668917045,10.194392523364472,-15.928265612010986,11.227564803385642,-15.907661536136233,12.805127843413851,-15.887057460261481,14.382690883442068,-15.266453384386729,17.760253923470277,-12.245849308511978,-4.062183036501511,-11.630396251605918,-8.429010756480343,-11.609792175731167,-9.251447716452134,left,-0.5329415414144244,1.6573025883958599,0.25,,,0.0,0.0,0.0,0.0
2.25.158646777318759504110695916200521633609,/home/user/workspace/dataset_extracted/Датасет/НД_для_обучения/Исследования/2.25.158646777318759504110695916200521633609/series_003_6_CR/A2507266260 DXA/CR DXA/CR000004.dcm,1.2.643.5.1.13.13.12.2.77.8252.12001515051514100814070205030801,16,289,280,left_hip,True,0.0,,,,,,,0.0,0.0,0,0.0,0,0.0,False,0.0,,,,,,,,-1.6573025883958599,1.6573025883958599,24.599999999999998,111.30000000000001,13.929983424440131,0.05024057233544283,42.0,18.304644683477328,106.05000000000001,3.0,303.45,168.0,207.0,0.31785714285714284,0.21558329214038557,0.7162629757785467,0.33214285714285713,0.1392857142857143,0.5306349751065034,0.1243802932911988,0.9677509689707579,0.01933445852331488,3.1524175630400237,0.03993853439806685,3.5299806030682332,-15.544608408695865,3.9631528830893927,-15.524004332821113,3.7407159231176106,-16.10340025694637,4.11827896314582,-16.08279618107162,3.895842003174039,-17.262192105196863,4.873405043202248,-19.046739048290796,5.306577323223408,-19.026134972416052,5.684140363251626,-19.005530896541302,6.061703403279836,-18.984926820666548,7.039266443308054,-18.364322744791796,8.616829483336263,-16.543718668917045,10.194392523364472,-15.928265612010986,11.227564803385642,-15.907661536136233,12.805127843413851,-15.887057460261481,14.382690883442068,-15.266453384386729,17.760253923470277,-12.245849308511978,-4.062183036501511,-11.630396251605918,-8.429010756480343,-11.609792175731167,-9.251447716452134,left,-0.5329415414144244,1.6573025883958599,0.25,,,0.0,0.0,0.0,0.0
2.25.158646777318759504110695916200521633609,/home/user/workspace/dataset_extracted/Датасет/НД_для_обучения/Исследования/2.25.158646777318759504110695916200521633609/series_003_6_CR/A2507266260 DXA/CR DXA/CR000005.dcm,1.2.643.5.1.13.13.12.2.77.8252.15131010101502051307000500101007,8,291,280,right_hip,True,0.0,,,,,0.0,0.0,,,0,0.0,0,0.0,False,0.0,,,,,,,,-2.0340746063532587,2.0340746063532587,24.0,116.55000000000001,0.0,3.9009705159705135,46.199999999999996,26.428578448578456,76.65,33.0,305.55,168.0,291.0,0.34285714285714286,0.2338487972508591,1.0,0.35714285714285715,0.1392857142857143,0.5615899228872695,0.15304378211911718,0.9648541680637828,0.15974201474201094,3.872795717795722,0.2215110565110592,4.836228501228504,0.2678378378378369,5.258803088803089,0.3296068796068766,5.02223587223587,0.39137592137591637,4.785668655668661,0.45314496314496466,5.149101439101443,0.5149140049140044,6.112534222534225,0.5612407862407821,6.5351088101088175,1.2230098280098218,6.8985415935416,1.8847788697788614,7.8619743769743815,1.9465479115479098,8.825407160407172,2.6083169533169497,10.388839943839946,3.270085995085989,11.952272727272737,-9.883587223587233,13.574847314847329,-10.421818181818184,15.738280098280102,-14.560049140049145,18.501712881712894,-14.498280098280105,22.465145665145684,-14.436511056511065,26.428578448578456,-14.390184275184287,26.25115303615305,-13.774742014742026,26.192011232011247,right,0.6307083585521147,2.0340746063532587,0.27499999999999997,0.0,0.0,,,0.0,0.0
2.25.158646777318759504110695916200521633609,/home/user/workspace/dataset_extracted/Датасет/НД_для_обучения/Исследования/2.25.158646777318759504110695916200521633609/series_003_6_CR/A2507266260 DXA/CR DXA/CR000006.dcm,1.2.643.5.1.13.13.12.2.77.8252.04030712110411040711120105080700,5,291,280,right_hip,True,0.0,,,,,0.0,0.0,,,0,0.0,0,0.0,False,0.0,,,,,,,,-2.0340746063532587,2.0340746063532587,24.0,116.55000000000001,0.0,3.9009705159705135,46.199999999999996,26.428578448578456,76.65,33.0,305.55,168.0,291.0,0.34285714285714286,0.2338487972508591,1.0,0.35714285714285715,0.1392857142857143,0.5615899228872695,0.15304378211911718,0.9648541680637828,0.15974201474201094,3.872795717795722,0.2215110565110592,4.836228501228504,0.2678378378378369,5.258803088803089,0.3296068796068766,5.02223587223587,0.39137592137591637,4.785668655668661,0.45314496314496466,5.149101439101443,0.5149140049140044,6.112534222534225,0.5612407862407821,6.5351088101088175,1.2230098280098218,6.8985415935416,1.8847788697788614,7.8619743769743815,1.9465479115479098,8.825407160407172,2.6083169533169497,10.388839943839946,3.270085995085989,11.952272727272737,-9.883587223587233,13.574847314847329,-10.421818181818184,15.738280098280102,-14.560049140049145,18.501712881712894,-14.498280098280105,22.465145665145684,-14.436511056511065,26.428578448578456,-14.390184275184287,26.25115303615305,-13.774742014742026,26.192011232011247,right,0.6307083585521147,2.0340746063532587,0.27499999999999997,0.0,0.0,,,0.0,0.0
2.25.158646777318759504110695916200521633609,/home/user/workspace/dataset_extracted/Датасет/НД_для_обучения/Исследования/2.25.158646777318759504110695916200521633609/series_003_6_CR/A2507266260 DXA/CR DXA/CR000007.dcm,1.2.643.5.1.13.13.12.2.77.8252.14150106081013050013050511140613,6,289,280,left_hip,True,0.0,,,,,,,0.0,0.0,0,0.0,0,0.0,False,0.0,,,,,,,,-1.6573025883958599,1.6573025883958599,24.599999999999998,111.30000000000001,13.929983424440131,0.05024057233544283,42.0,18.304644683477328,106.05000000000001,3.0,303.45,168.0,207.0,0.31785714285714284,0.21558329214038557,0.7162629757785467,0.33214285714285713,0.1392857142857143,0.5306349751065034,0.1243802932911988,0.9677509689707579,0.01933445852331488,3.1524175630400237,0.03993853439806685,3.5299806030682332,-15.544608408695865,3.9631528830893927,-15.524004332821113,3.7407159231176106,-16.10340025694637,4.11827896314582,-16.08279618107162,3.895842003174039,-17.262192105196863,4.873405043202248,-19.046739048290796,5.306577323223408,-19.026134972416052,5.684140363251626,-19.005530896541302,6.061703403279836,-18.984926820666548,7.039266443308054,-18.364322744791796,8.616829483336263,-16.543718668917045,10.194392523364472,-15.928265612010986,11.227564803385642,-15.907661536136233,12.805127843413851,-15.887057460261481,14.382690883442068,-15.266453384386729,17.760253923470277,-12.245849308511978,-4.062183036501511,-11.630396251605918,-8.429010756480343,-11.609792175731167,-9.251447716452134,left,-0.5329415414144244,1.6573025883958599,0.25,,,0.0,0.0,0.0,0.0
2.25.158646777318759504110695916200521633609,/home/user/workspace/dataset_extracted/Датасет/НД_для_обучения/Исследования/2.25.158646777318759504110695916200521633609/series_003_6_CR/A2507266260 DXA/CR DXA/CR000008.dcm,1.2.643.5.1.13.13.12.2.77.8252.01120709131111081211081313110800,1,287,300,spine,True,1.0,"Наличие посторонних предметов, артефактов или наложений",0.0,0.0,1.0,,,,,781,492.03000000000003,781,492.03000000000003,True,3.9355145044731947,0.23099120760675185,4.866907131419543,287.0,-0.019384108419196102,0.0,0.003484320557491289,0.37333333333333335,,,,,,,,,,,,,,,,,,,,,,,,,,,,,,,,,,,,,,,,,,,,,,,,,,,,,,,,,,,,,,,,,,,,,,,
2.25.158646777318759504110695916200521633609,/home/user/workspace/dataset_extracted/Датасет/НД_для_обучения/Исследования/2.25.158646777318759504110695916200521633609/series_003_6_CR/A2507266260 DXA/CR DXA/CR000009.dcm,1.2.643.5.1.13.13.12.2.77.8252.10080511020009041308131206080209,3,287,300,spine,True,1.0,"Наличие посторонних предметов, артефактов или наложений",0.0,0.0,1.0,,,,,781,492.03000000000003,781,492.03000000000003,True,3.9355145044731947,0.23099120760675185,4.866907131419543,287.0,-0.019384108419196102,0.0,0.003484320557491289,0.37333333333333335,,,,,,,,,,,,,,,,,,,,,,,,,,,,,,,,,,,,,,,,,,,,,,,,,,,,,,,,,,,,,,,,,,,,,,,
2.25.158646777318759504110695916200521633609,/home/user/workspace/dataset_extracted/Датасет/НД_для_обучения/Исследования/2.25.158646777318759504110695916200521633609/series_003_6_CR/A2507266260 DXA/CR DXA/CR000010.dcm,1.2.643.5.1.13.13.12.2.77.8252.13040700151412120600060201031309,4,289,280,left_hip,True,0.0,,,,,,,0.0,0.0,0,0.0,0,0.0,False,0.0,,,,,,,,-1.6573025883958599,1.6573025883958599,24.599999999999998,111.30000000000001,13.929983424440131,0.05024057233544283,42.0,18.304644683477328,106.05000000000001,3.0,303.45,168.0,207.0,0.31785714285714284,0.21558329214038557,0.7162629757785467,0.33214285714285713,0.1392857142857143,0.5306349751065034,0.1243802932911988,0.9677509689707579,0.01933445852331488,3.1524175630400237,0.03993853439806685,3.5299806030682332,-15.544608408695865,3.9631528830893927,-15.524004332821113,3.7407159231176106,-16.10340025694637,4.11827896314582,-16.08279618107162,3.895842003174039,-17.262192105196863,4.873405043202248,-19.046739048290796,5.306577323223408,-19.026134972416052,5.684140363251626,-19.005530896541302,6.061703403279836,-18.984926820666548,7.039266443308054,-18.364322744791796,8.616829483336263,-16.543718668917045,10.194392523364472,-15.928265612010986,11.227564803385642,-15.907661536136233,12.805127843413851,-15.887057460261481,14.382690883442068,-15.266453384386729,17.760253923470277,-12.245849308511978,-4.062183036501511,-11.630396251605918,-8.429010756480343,-11.609792175731167,-9.251447716452134,left,-0.5329415414144244,1.6573025883958599,0.25,,,0.0,0.0,0.0,0.0
2.25.158646777318759504110695916200521633609,/home/user/workspace/dataset_extracted/Датасет/НД_для_обучения/Исследования/2.25.158646777318759504110695916200521633609/series_004_2_CR/A2507266260 DXA/CR DXA/CR000000.dcm,1.2.643.5.1.13.13.12.2.77.8252.01101303110802020807060303150105,3,287,300,spine,True,1.0,"Наличие посторонних предметов, артефактов или наложений",0.0,0.0,1.0,,,,,781,492.03000000000003,781,492.03000000000003,True,3.9355145044731947,0.23099120760675185,4.866907131419543,287.0,-0.019384108419196102,0.0,0.003484320557491289,0.37333333333333335,,,,,,,,,,,,,,,,,,,,,,,,,,,,,,,,,,,,,,,,,,,,,,,,,,,,,,,,,,,,,,,,,,,,,,,
2.25.158646777318759504110695916200521633609,/home/user/workspace/dataset_extracted/Датасет/НД_для_обучения/Исследования/2.25.158646777318759504110695916200521633609/series_004_2_CR/A2507266260 DXA/CR DXA/CR000001.dcm,1.2.643.5.1.13.13.12.2.77.8252.07040712050005061000030214131300,15,291,280,right_hip,True,0.0,,,,,0.0,0.0,,,0,0.0,0,0.0,False,0.0,,,,,,,,-2.0340746063532587,2.0340746063532587,24.0,116.55000000000001,0.0,3.9009705159705135,46.199999999999996,26.428578448578456,76.65,33.0,305.55,168.0,291.0,0.34285714285714286,0.2338487972508591,1.0,0.35714285714285715,0.1392857142857143,0.5615899228872695,0.15304378211911718,0.9648541680637828,0.15974201474201094,3.872795717795722,0.2215110565110592,4.836228501228504,0.2678378378378369,5.258803088803089,0.3296068796068766,5.02223587223587,0.39137592137591637,4.785668655668661,0.45314496314496466,5.149101439101443,0.5149140049140044,6.112534222534225,0.5612407862407821,6.5351088101088175,1.2230098280098218,6.8985415935416,1.8847788697788614,7.8619743769743815,1.9465479115479098,8.825407160407172,2.6083169533169497,10.388839943839946,3.270085995085989,11.952272727272737,-9.883587223587233,13.574847314847329,-10.421818181818184,15.738280098280102,-14.560049140049145,18.501712881712894,-14.498280098280105,22.465145665145684,-14.436511056511065,26.428578448578456,-14.390184275184287,26.25115303615305,-13.774742014742026,26.192011232011247,right,0.6307083585521147,2.0340746063532587,0.27499999999999997,0.0,0.0,,,0.0,0.0
2.25.158646777318759504110695916200521633609,/home/user/workspace/dataset_extracted/Датасет/НД_для_обучения/Исследования/2.25.158646777318759504110695916200521633609/series_004_2_CR/A2507266260 DXA/CR DXA/CR000002.dcm,1.2.643.5.1.13.13.12.2.77.8252.07100810031004120210110309111304,13,287,300,spine,True,1.0,"Наличие посторонних предметов, артефактов или наложений",0.0,0.0,1.0,,,,,781,492.03000000000003,781,492.03000000000003,True,3.9355145044731947,0.23099120760675185,4.866907131419543,287.0,-0.019384108419196102,0.0,0.003484320557491289,0.37333333333333335,,,,,,,,,,,,,,,,,,,,,,,,,,,,,,,,,,,,,,,,,,,,,,,,,,,,,,,,,,,,,,,,,,,,,,,
2.25.158646777318759504110695916200521633609,/home/user/workspace/dataset_extracted/Датасет/НД_для_обучения/Исследования/2.25.158646777318759504110695916200521633609/series_004_2_CR/A2507266260 DXA/CR DXA/CR000003.dcm,1.2.643.5.1.13.13.12.2.77.8252.07071202031002110807120405030608,4,289,280,left_hip,True,0.0,,,,,,,0.0,0.0,0,0.0,0,0.0,False,0.0,,,,,,,,-1.6573025883958599,1.6573025883958599,24.599999999999998,111.30000000000001,13.929983424440131,0.05024057233544283,42.0,18.304644683477328,106.05000000000001,3.0,303.45,168.0,207.0,0.31785714285714284,0.21558329214038557,0.7162629757785467,0.33214285714285713,0.1392857142857143,0.5306349751065034,0.1243802932911988,0.9677509689707579,0.01933445852331488,3.1524175630400237,0.03993853439806685,3.5299806030682332,-15.544608408695865,3.9631528830893927,-15.524004332821113,3.7407159231176106,-16.10340025694637,4.11827896314582,-16.08279618107162,3.895842003174039,-17.262192105196863,4.873405043202248,-19.046739048290796,5.306577323223408,-19.026134972416052,5.684140363251626,-19.005530896541302,6.061703403279836,-18.984926820666548,7.039266443308054,-18.364322744791796,8.616829483336263,-16.543718668917045,10.194392523364472,-15.928265612010986,11.227564803385642,-15.907661536136233,12.805127843413851,-15.887057460261481,14.382690883442068,-15.266453384386729,17.760253923470277,-12.245849308511978,-4.062183036501511,-11.630396251605918,-8.429010756480343,-11.609792175731167,-9.251447716452134,left,-0.5329415414144244,1.6573025883958599,0.25,,,0.0,0.0,0.0,0.0
2.25.158646777318759504110695916200521633609,/home/user/workspace/dataset_extracted/Датасет/НД_для_обучения/Исследования/2.25.158646777318759504110695916200521633609/series_004_2_CR/A2507266260 DXA/CR DXA/CR000004.dcm,1.2.643.5.1.13.13.12.2.77.8252.02070215040314000714060301121012,5,291,280,right_hip,True,0.0,,,,,0.0,0.0,,,0,0.0,0,0.0,False,0.0,,,,,,,,-2.0340746063532587,2.0340746063532587,24.0,116.55000000000001,0.0,3.9009705159705135,46.199999999999996,26.428578448578456,76.65,33.0,305.55,168.0,291.0,0.34285714285714286,0.2338487972508591,1.0,0.35714285714285715,0.1392857142857143,0.5615899228872695,0.15304378211911718,0.9648541680637828,0.15974201474201094,3.872795717795722,0.2215110565110592,4.836228501228504,0.2678378378378369,5.258803088803089,0.3296068796068766,5.02223587223587,0.39137592137591637,4.785668655668661,0.45314496314496466,5.149101439101443,0.5149140049140044,6.112534222534225,0.5612407862407821,6.5351088101088175,1.2230098280098218,6.8985415935416,1.8847788697788614,7.8619743769743815,1.9465479115479098,8.825407160407172,2.6083169533169497,10.388839943839946,3.270085995085989,11.952272727272737,-9.883587223587233,13.574847314847329,-10.421818181818184,15.738280098280102,-14.560049140049145,18.501712881712894,-14.498280098280105,22.465145665145684,-14.436511056511065,26.428578448578456,-14.390184275184287,26.25115303615305,-13.774742014742026,26.192011232011247,right,0.6307083585521147,2.0340746063532587,0.27499999999999997,0.0,0.0,,,0.0,0.0
2.25.158646777318759504110695916200521633609,/home/user/workspace/dataset_extracted/Датасет/НД_для_обучения/Исследования/2.25.158646777318759504110695916200521633609/series_004_2_CR/A2507266260 DXA/CR DXA/CR000005.dcm,1.2.643.5.1.13.13.12.2.77.8252.14020109130502120101091201060702,21,287,300,spine,True,1.0,"Наличие посторонних предметов, артефактов или наложений",0.0,0.0,1.0,,,,,781,492.03000000000003,781,492.03000000000003,True,3.9355145044731947,0.23099120760675185,4.866907131419543,287.0,-0.019384108419196102,0.0,0.003484320557491289,0.37333333333333335,,,,,,,,,,,,,,,,,,,,,,,,,,,,,,,,,,,,,,,,,,,,,,,,,,,,,,,,,,,,,,,,,,,,,,,
2.25.158646777318759504110695916200521633609,/home/user/workspace/dataset_extracted/Датасет/НД_для_обучения/Исследования/2.25.158646777318759504110695916200521633609/series_004_2_CR/A2507266260 DXA/CR DXA/CR000006.dcm,1.2.643.5.1.13.13.12.2.77.8252.10080501080902141107071310080400,16,289,280,left_hip,True,0.0,,,,,,,0.0,0.0,0,0.0,0,0.0,False,0.0,,,,,,,,-1.6573025883958599,1.6573025883958599,24.599999999999998,111.30000000000001,13.929983424440131,0.05024057233544283,42.0,18.304644683477328,106.05000000000001,3.0,303.45,168.0,207.0,0.31785714285714284,0.21558329214038557,0.7162629757785467,0.33214285714285713,0.1392857142857143,0.5306349751065034,0.1243802932911988,0.9677509689707579,0.01933445852331488,3.1524175630400237,0.03993853439806685,3.5299806030682332,-15.544608408695865,3.9631528830893927,-15.524004332821113,3.7407159231176106,-16.10340025694637,4.11827896314582,-16.08279618107162,3.895842003174039,-17.262192105196863,4.873405043202248,-19.046739048290796,5.306577323223408,-19.026134972416052,5.684140363251626,-19.005530896541302,6.061703403279836,-18.984926820666548,7.039266443308054,-18.364322744791796,8.616829483336263,-16.543718668917045,10.194392523364472,-15.928265612010986,11.227564803385642,-15.907661536136233,12.805127843413851,-15.887057460261481,14.382690883442068,-15.266453384386729,17.760253923470277,-12.245849308511978,-4.062183036501511,-11.630396251605918,-8.429010756480343,-11.609792175731167,-9.251447716452134,left,-0.5329415414144244,1.6573025883958599,0.25,,,0.0,0.0,0.0,0.0
2.25.158646777318759504110695916200521633609,/home/user/workspace/dataset_extracted/Датасет/НД_для_обучения/Исследования/2.25.158646777318759504110695916200521633609/series_004_2_CR/A2507266260 DXA/CR DXA/CR000007.dcm,1.2.643.5.1.13.13.12.2.77.8252.05110305041311030310151512080811,28,291,280,right_hip,True,0.0,,,,,0.0,0.0,,,0,0.0,0,0.0,False,0.0,,,,,,,,-2.0340746063532587,2.0340746063532587,24.0,116.55000000000001,0.0,3.9009705159705135,46.199999999999996,26.428578448578456,76.65,33.0,305.55,168.0,291.0,0.34285714285714286,0.2338487972508591,1.0,0.35714285714285715,0.1392857142857143,0.5615899228872695,0.15304378211911718,0.9648541680637828,0.15974201474201094,3.872795717795722,0.2215110565110592,4.836228501228504,0.2678378378378369,5.258803088803089,0.3296068796068766,5.02223587223587,0.39137592137591637,4.785668655668661,0.45314496314496466,5.149101439101443,0.5149140049140044,6.112534222534225,0.5612407862407821,6.5351088101088175,1.2230098280098218,6.8985415935416,1.8847788697788614,7.8619743769743815,1.9465479115479098,8.825407160407172,2.6083169533169497,10.388839943839946,3.270085995085989,11.952272727272737,-9.883587223587233,13.574847314847329,-10.421818181818184,15.738280098280102,-14.560049140049145,18.501712881712894,-14.498280098280105,22.465145665145684,-14.436511056511065,26.428578448578456,-14.390184275184287,26.25115303615305,-13.774742014742026,26.192011232011247,right,0.6307083585521147,2.0340746063532587,0.27499999999999997,0.0,0.0,,,0.0,0.0
2.25.158646777318759504110695916200521633609,/home/user/workspace/dataset_extracted/Датасет/НД_для_обучения/Исследования/2.25.158646777318759504110695916200521633609/series_004_2_CR/A2507266260 DXA/CR DXA/CR000008.dcm,1.2.643.5.1.13.13.12.2.77.8252.05050408000609040210110603090612,1,287,300,spine,True,1.0,"Наличие посторонних предметов, артефактов или наложений",0.0,0.0,1.0,,,,,781,492.03000000000003,781,492.03000000000003,True,3.9355145044731947,0.23099120760675185,4.866907131419543,287.0,-0.019384108419196102,0.0,0.003484320557491289,0.37333333333333335,,,,,,,,,,,,,,,,,,,,,,,,,,,,,,,,,,,,,,,,,,,,,,,,,,,,,,,,,,,,,,,,,,,,,,,
2.25.158646777318759504110695916200521633609,/home/user/workspace/dataset_extracted/Датасет/НД_для_обучения/Исследования/2.25.158646777318759504110695916200521633609/series_004_2_CR/A2507266260 DXA/CR DXA/CR000009.dcm,1.2.643.5.1.13.13.12.2.77.8252.09030907130311001200011206051201,26,289,280,left_hip,True,0.0,,,,,,,0.0,0.0,0,0.0,0,0.0,False,0.0,,,,,,,,-1.6573025883958599,1.6573025883958599,24.599999999999998,111.30000000000001,13.929983424440131,0.05024057233544283,42.0,18.304644683477328,106.05000000000001,3.0,303.45,168.0,207.0,0.31785714285714284,0.21558329214038557,0.7162629757785467,0.33214285714285713,0.1392857142857143,0.5306349751065034,0.1243802932911988,0.9677509689707579,0.01933445852331488,3.1524175630400237,0.03993853439806685,3.5299806030682332,-15.544608408695865,3.9631528830893927,-15.524004332821113,3.7407159231176106,-16.10340025694637,4.11827896314582,-16.08279618107162,3.895842003174039,-17.262192105196863,4.873405043202248,-19.046739048290796,5.306577323223408,-19.026134972416052,5.684140363251626,-19.005530896541302,6.061703403279836,-18.984926820666548,7.039266443308054,-18.364322744791796,8.616829483336263,-16.543718668917045,10.194392523364472,-15.928265612010986,11.227564803385642,-15.907661536136233,12.805127843413851,-15.887057460261481,14.382690883442068,-15.266453384386729,17.760253923470277,-12.245849308511978,-4.062183036501511,-11.630396251605918,-8.429010756480343,-11.609792175731167,-9.251447716452134,left,-0.5329415414144244,1.6573025883958599,0.25,,,0.0,0.0,0.0,0.0
2.25.158646777318759504110695916200521633609,/home/user/workspace/dataset_extracted/Датасет/НД_для_обучения/Исследования/2.25.158646777318759504110695916200521633609/series_004_2_CR/A2507266260 DXA/CR DXA/CR000010.dcm,1.2.643.5.1.13.13.12.2.77.8252.14070407100802110204090510100607,8,291,280,right_hip,True,0.0,,,,,0.0,0.0,,,0,0.0,0,0.0,False,0.0,,,,,,,,-2.0340746063532587,2.0340746063532587,24.0,116.55000000000001,0.0,3.9009705159705135,46.199999999999996,26.428578448578456,76.65,33.0,305.55,168.0,291.0,0.34285714285714286,0.2338487972508591,1.0,0.35714285714285715,0.1392857142857143,0.5615899228872695,0.15304378211911718,0.9648541680637828,0.15974201474201094,3.872795717795722,0.2215110565110592,4.836228501228504,0.2678378378378369,5.258803088803089,0.3296068796068766,5.02223587223587,0.39137592137591637,4.785668655668661,0.45314496314496466,5.149101439101443,0.5149140049140044,6.112534222534225,0.5612407862407821,6.5351088101088175,1.2230098280098218,6.8985415935416,1.8847788697788614,7.8619743769743815,1.9465479115479098,8.825407160407172,2.6083169533169497,10.388839943839946,3.270085995085989,11.952272727272737,-9.883587223587233,13.574847314847329,-10.421818181818184,15.738280098280102,-14.560049140049145,18.501712881712894,-14.498280098280105,22.465145665145684,-14.436511056511065,26.428578448578456,-14.390184275184287,26.25115303615305,-13.774742014742026,26.192011232011247,right,0.6307083585521147,2.0340746063532587,0.27499999999999997,0.0,0.0,,,0.0,0.0
2.25.158646777318759504110695916200521633609,/home/user/workspace/dataset_extracted/Датасет/НД_для_обучения/Исследования/2.25.158646777318759504110695916200521633609/series_004_2_CR/A2507266260 DXA/CR DXA/CR000011.dcm,1.2.643.5.1.13.13.12.2.77.8252.02001101060409110302091107020305,24,289,280,left_hip,True,0.0,,,,,,,0.0,0.0,0,0.0,0,0.0,False,0.0,,,,,,,,-1.6573025883958599,1.6573025883958599,24.599999999999998,111.30000000000001,13.929983424440131,0.05024057233544283,42.0,18.304644683477328,106.05000000000001,3.0,303.45,168.0,207.0,0.31785714285714284,0.21558329214038557,0.7162629757785467,0.33214285714285713,0.1392857142857143,0.5306349751065034,0.1243802932911988,0.9677509689707579,0.01933445852331488,3.1524175630400237,0.03993853439806685,3.5299806030682332,-15.544608408695865,3.9631528830893927,-15.524004332821113,3.7407159231176106,-16.10340025694637,4.11827896314582,-16.08279618107162,3.895842003174039,-17.262192105196863,4.873405043202248,-19.046739048290796,5.306577323223408,-19.026134972416052,5.684140363251626,-19.005530896541302,6.061703403279836,-18.984926820666548,7.039266443308054,-18.364322744791796,8.616829483336263,-16.543718668917045,10.194392523364472,-15.928265612010986,11.227564803385642,-15.907661536136233,12.805127843413851,-15.887057460261481,14.382690883442068,-15.266453384386729,17.760253923470277,-12.245849308511978,-4.062183036501511,-11.630396251605918,-8.429010756480343,-11.609792175731167,-9.251447716452134,left,-0.5329415414144244,1.6573025883958599,0.25,,,0.0,0.0,0.0,0.0
2.25.158646777318759504110695916200521633609,/home/user/workspace/dataset_extracted/Датасет/НД_для_обучения/Исследования/2.25.158646777318759504110695916200521633609/series_004_2_CR/A2507266260 DXA/CR DXA/CR000012.dcm,1.2.643.5.1.13.13.12.2.77.8252.02081311121209090807151401120110,11,287,300,spine,True,1.0,"Наличие посторонних предметов, артефактов или наложений",0.0,0.0,1.0,,,,,781,492.03000000000003,781,492.03000000000003,True,3.9355145044731947,0.23099120760675185,4.866907131419543,287.0,-0.019384108419196102,0.0,0.003484320557491289,0.37333333333333335,,,,,,,,,,,,,,,,,,,,,,,,,,,,,,,,,,,,,,,,,,,,,,,,,,,,,,,,,,,,,,,,,,,,,,,
2.25.158646777318759504110695916200521633609,/home/user/workspace/dataset_extracted/Датасет/НД_для_обучения/Исследования/2.25.158646777318759504110695916200521633609/series_004_2_CR/A2507266260 DXA/CR DXA/CR000013.dcm,1.2.643.5.1.13.13.12.2.77.8252.04021100060501150502031503091205,23,287,300,spine,True,1.0,"Наличие посторонних предметов, артефактов или наложений",0.0,0.0,1.0,,,,,781,492.03000000000003,781,492.03000000000003,True,3.9355145044731947,0.23099120760675185,4.866907131419543,287.0,-0.019384108419196102,0.0,0.003484320557491289,0.37333333333333335,,,,,,,,,,,,,,,,,,,,,,,,,,,,,,,,,,,,,,,,,,,,,,,,,,,,,,,,,,,,,,,,,,,,,,,
2.25.158646777318759504110695916200521633609,/home/user/workspace/dataset_extracted/Датасет/НД_для_обучения/Исследования/2.25.158646777318759504110695916200521633609/series_004_2_CR/A2507266260 DXA/CR DXA/CR000014.dcm,1.2.643.5.1.13.13.12.2.77.8252.08031403081214020202010408050515,6,289,280,left_hip,True,0.0,,,,,,,0.0,0.0,0,0.0,0,0.0,False,0.0,,,,,,,,-1.6573025883958599,1.6573025883958599,24.599999999999998,111.30000000000001,13.929983424440131,0.05024057233544283,42.0,18.304644683477328,106.05000000000001,3.0,303.45,168.0,207.0,0.31785714285714284,0.21558329214038557,0.7162629757785467,0.33214285714285713,0.1392857142857143,0.5306349751065034,0.1243802932911988,0.9677509689707579,0.01933445852331488,3.1524175630400237,0.03993853439806685,3.5299806030682332,-15.544608408695865,3.9631528830893927,-15.524004332821113,3.7407159231176106,-16.10340025694637,4.11827896314582,-16.08279618107162,3.895842003174039,-17.262192105196863,4.873405043202248,-19.046739048290796,5.306577323223408,-19.026134972416052,5.684140363251626,-19.005530896541302,6.061703403279836,-18.984926820666548,7.039266443308054,-18.364322744791796,8.616829483336263,-16.543718668917045,10.194392523364472,-15.928265612010986,11.227564803385642,-15.907661536136233,12.805127843413851,-15.887057460261481,14.382690883442068,-15.266453384386729,17.760253923470277,-12.245849308511978,-4.062183036501511,-11.630396251605918,-8.429010756480343,-11.609792175731167,-9.251447716452134,left,-0.5329415414144244,1.6573025883958599,0.25,,,0.0,0.0,0.0,0.0
2.25.158646777318759504110695916200521633609,/home/user/workspace/dataset_extracted/Датасет/НД_для_обучения/Исследования/2.25.158646777318759504110695916200521633609/series_004_2_CR/A2507266260 DXA/CR DXA/CR000015.dcm,1.2.643.5.1.13.13.12.2.77.8252.12010614051405051206130410050708,14,289,280,left_hip,True,0.0,,,,,,,0.0,0.0,0,0.0,0,0.0,False,0.0,,,,,,,,-1.6573025883958599,1.6573025883958599,24.599999999999998,111.30000000000001,13.929983424440131,0.05024057233544283,42.0,18.304644683477328,106.05000000000001,3.0,303.45,168.0,207.0,0.31785714285714284,0.21558329214038557,0.7162629757785467,0.33214285714285713,0.1392857142857143,0.5306349751065034,0.1243802932911988,0.9677509689707579,0.01933445852331488,3.1524175630400237,0.03993853439806685,3.5299806030682332,-15.544608408695865,3.9631528830893927,-15.524004332821113,3.7407159231176106,-16.10340025694637,4.11827896314582,-16.08279618107162,3.895842003174039,-17.262192105196863,4.873405043202248,-19.046739048290796,5.306577323223408,-19.026134972416052,5.684140363251626,-19.005530896541302,6.061703403279836,-18.984926820666548,7.039266443308054,-18.364322744791796,8.616829483336263,-16.543718668917045,10.194392523364472,-15.928265612010986,11.227564803385642,-15.907661536136233,12.805127843413851,-15.887057460261481,14.382690883442068,-15.266453384386729,17.760253923470277,-12.245849308511978,-4.062183036501511,-11.630396251605918,-8.429010756480343,-11.609792175731167,-9.251447716452134,left,-0.5329415414144244,1.6573025883958599,0.25,,,0.0,0.0,0.0,0.0
2.25.158646777318759504110695916200521633609,/home/user/workspace/dataset_extracted/Датасет/НД_для_обучения/Исследования/2.25.158646777318759504110695916200521633609/series_004_2_CR/A2507266260 DXA/CR DXA/CR000016.dcm,1.2.643.5.1.13.13.12.2.77.8252.05131012021403090403150713091114,25,291,280,right_hip,True,0.0,,,,,0.0,0.0,,,0,0.0,0,0.0,False,0.0,,,,,,,,-2.0340746063532587,2.0340746063532587,24.0,116.55000000000001,0.0,3.9009705159705135,46.199999999999996,26.428578448578456,76.65,33.0,305.55,168.0,291.0,0.34285714285714286,0.2338487972508591,1.0,0.35714285714285715,0.1392857142857143,0.5615899228872695,0.15304378211911718,0.9648541680637828,0.15974201474201094,3.872795717795722,0.2215110565110592,4.836228501228504,0.2678378378378369,5.258803088803089,0.3296068796068766,5.02223587223587,0.39137592137591637,4.785668655668661,0.45314496314496466,5.149101439101443,0.5149140049140044,6.112534222534225,0.5612407862407821,6.5351088101088175,1.2230098280098218,6.8985415935416,1.8847788697788614,7.8619743769743815,1.9465479115479098,8.825407160407172,2.6083169533169497,10.388839943839946,3.270085995085989,11.952272727272737,-9.883587223587233,13.574847314847329,-10.421818181818184,15.738280098280102,-14.560049140049145,18.501712881712894,-14.498280098280105,22.465145665145684,-14.436511056511065,26.428578448578456,-14.390184275184287,26.25115303615305,-13.774742014742026,26.192011232011247,right,0.6307083585521147,2.0340746063532587,0.27499999999999997,0.0,0.0,,,0.0,0.0
2.25.158646777318759504110695916200521633609,/home/user/workspace/dataset_extracted/Датасет/НД_для_обучения/Исследования/2.25.158646777318759504110695916200521633609/series_004_2_CR/A2507266260 DXA/CR DXA/CR000017.dcm,1.2.643.5.1.13.13.12.2.77.8252.11030505061512110108000404010908,18,291,280,right_hip,True,0.0,,,,,0.0,0.0,,,0,0.0,0,0.0,False,0.0,,,,,,,,-2.0340746063532587,2.0340746063532587,24.0,116.55000000000001,0.0,3.9009705159705135,46.199999999999996,26.428578448578456,76.65,33.0,305.55,168.0,291.0,0.34285714285714286,0.2338487972508591,1.0,0.35714285714285715,0.1392857142857143,0.5615899228872695,0.15304378211911718,0.9648541680637828,0.15974201474201094,3.872795717795722,0.2215110565110592,4.836228501228504,0.2678378378378369,5.258803088803089,0.3296068796068766,5.02223587223587,0.39137592137591637,4.785668655668661,0.45314496314496466,5.149101439101443,0.5149140049140044,6.112534222534225,0.5612407862407821,6.5351088101088175,1.2230098280098218,6.8985415935416,1.8847788697788614,7.8619743769743815,1.9465479115479098,8.825407160407172,2.6083169533169497,10.388839943839946,3.270085995085989,11.952272727272737,-9.883587223587233,13.574847314847329,-10.421818181818184,15.738280098280102,-14.560049140049145,18.501712881712894,-14.498280098280105,22.465145665145684,-14.436511056511065,26.428578448578456,-14.390184275184287,26.25115303615305,-13.774742014742026,26.192011232011247,right,0.6307083585521147,2.0340746063532587,0.27499999999999997,0.0,0.0,,,0.0,0.0
2.25.159930383074323525630608416881201447861,/home/user/workspace/dataset_extracted/Датасет/НД_для_обучения/Исследования/2.25.159930383074323525630608416881201447861/series_002_2_CR/A2507139428 DXA/CR DXA/CR000000.dcm,1.2.643.5.1.13.13.12.2.77.8252.03050413050004110015050414021412,1,289,300,spine,True,0.0,,0.0,0.0,0.0,,,,,0,0.0,0,0.0,False,0.0,0.34062857549049375,0.5101691340193906,289.0,-0.027286524628556682,0.0,0.0034602076124567475,0.38,,,,,,,,,,,,,,,,,,,,,,,,,,,,,,,,,,,,,,,,,,,,,,,,,,,,,,,,,,,,,,,,,,,,,,,
2.25.164566280810634620154538016595892212884,/home/user/workspace/dataset_extracted/Датасет/НД_для_обучения/Исследования/2.25.164566280810634620154538016595892212884/series_001_2_CR/A2504291878 DXA Exam/CR DXA Images/CR000000.dcm,1.2.643.5.1.13.13.12.2.77.8252.05080909100510090906081209130901,3,346,280,right_hip,True,1.0,Нарушение позиционирования/ротации правого бедра,,,,1.0,0.0,,,0,0.0,0,0.0,False,0.0,,,,,,,,-5.7516794237022335,5.7516794237022335,31.2,118.65,0.0,7.860328365160688,38.4,5.201558653270342,19.95,46.199999999999996,363.3,168.0,346.0,0.30892857142857144,0.44875103220478946,1.0,0.475,0.16428571428571428,0.6327697484562408,0.1924104631112594,0.9311480284654299,3.330740568234745,-1.555213254374877,4.018630647414997,-0.5134074123361472,5.284548206800184,0.11794696919288299,7.172438285980436,1.1597528112316127,7.860328365160688,5.201558653270342,7.860328365160688,5.201558653270342,7.860328365160688,5.201558653270342,7.860328365160688,5.201558653270342,7.860328365160688,5.201558653270342,7.860328365160688,5.201558653270342,7.860328365160688,5.201558653270342,7.860328365160688,5.201558653270342,7.860328365160688,5.201558653270342,7.860328365160688,5.201558653270342,7.860328365160688,5.201558653270342,7.860328365160688,5.201558653270342,7.860328365160688,5.201558653270342,7.860328365160688,5.201558653270342,7.860328365160688,5.201558653270342,7.860328365160688,5.201558653270342,right,0.9818696146491985,5.7516794237022335,0.22857142857142856,1.0,0.0,,,1.0,0.0
2.25.164566280810634620154538016595892212884,/home/user/workspace/dataset_extracted/Датасет/НД_для_обучения/Исследования/2.25.164566280810634620154538016595892212884/series_001_2_CR/A2504291878 DXA Exam/CR DXA Images/CR000001.dcm,1.2.643.5.1.13.13.12.2.77.8252.02030112081401101404040904010405,1,287,300,spine,True,1.0,Нарушение укладки поясничного отдела позвоночника,1.0,0.0,0.0,,,,,0,0.0,0,0.0,False,0.0,1.3965197068464739,0.703108482276189,287.0,0.0007255169900701238,0.0,0.003484320557491289,0.2733333333333333,,,,,,,,,,,,,,,,,,,,,,,,,,,,,,,,,,,,,,,,,,,,,,,,,,,,,,,,,,,,,,,,,,,,,,,
2.25.164566280810634620154538016595892212884,/home/user/workspace/dataset_extracted/Датасет/НД_для_обучения/Исследования/2.25.164566280810634620154538016595892212884/series_001_2_CR/A2504291878 DXA Exam/CR DXA Images/CR000002.dcm,1.2.643.5.1.13.13.12.2.77.8252.00071210060602011311010906021407,2,346,280,left_hip,True,0.0,,,,,,,0.0,0.0,0,0.0,0,0.0,False,0.0,,,,,,,,-0.8097343256952714,0.8097343256952714,34.8,114.45,0.0,5.903308312482623,34.199999999999996,6.3071559633027166,25.200000000000003,52.8,363.3,168.0,346.0,0.34464285714285714,0.4403385631709331,1.0,0.5178571428571429,0.17857142857142858,0.6046998773252587,0.14705036849509925,0.9280760957746544,4.395585209897136,-0.6121100917431477,5.298159577425632,0.7717431192660286,5.675090353072004,1.0596330275229149,5.3776647206004995,1.8434862385320911,5.680239088128995,6.22733944954125,5.382813455657495,5.811192660550426,5.308457047539619,6.3071559633027166,5.308457047539619,6.3071559633027166,5.308457047539619,6.3071559633027166,5.308457047539619,6.3071559633027166,5.308457047539619,6.3071559633027166,5.308457047539619,6.3071559633027166,5.308457047539619,6.3071559633027166,5.308457047539619,6.3071559633027166,5.308457047539619,6.3071559633027166,5.308457047539619,6.3071559633027166,5.308457047539619,6.3071559633027166,5.308457047539619,6.3071559633027166,5.308457047539619,6.3071559633027166,5.308457047539619,6.3071559633027166,left,-1.1269547712537982,0.8097343256952714,0.20357142857142854,,,0.0,0.0,0.0,0.0
2.25.165091430504580219034019815337441064349,/home/user/workspace/dataset_extracted/Датасет/НД_для_обучения/Исследования/2.25.165091430504580219034019815337441064349/series_001_2_CR/A2504415443 DXA/CR DXA/CR000000.dcm,1.2.643.5.1.13.13.12.2.77.8252.14100208080000030010140812001111,5,235,280,right_hip,True,0.0,,,,,0.0,0.0,,,0,0.0,0,0.0,False,0.0,,,,,,,,0.2201027521534039,0.2201027521534039,28.799999999999997,72.45,0.0,2.0781147241505407,49.199999999999996,-18.663427109974457,29.400000000000002,3.0,246.75,168.0,97.0,0.3892857142857143,0.18314589665653497,0.4127659574468085,0.22142857142857142,0.16071428571428573,0.5413615634263291,0.17839352645712567,0.9613483615897489,0.536134453781517,-20.574702228717616,0.3554987212276273,-26.12306905370848,0.82002192181221,-26.83434417245162,1.2393861892583202,-27.582710997442483,1.6587504567044304,-28.93107782243335,2.0781147241505407,-30.0,1.8974789915966426,-30.0,1.85232005845817,-30.0,1.85232005845817,-30.0,1.85232005845817,-30.0,1.85232005845817,-30.0,1.85232005845817,-30.0,1.85232005845817,-30.0,1.85232005845817,-30.0,1.85232005845817,-30.0,1.85232005845817,-30.0,1.85232005845817,-30.0,1.85232005845817,-30.0,1.85232005845817,-30.0,1.85232005845817,-30.0,right,0.3496371853644382,0.2201027521534039,0.2928571428571428,0.0,0.0,,,0.0,0.0
2.25.165091430504580219034019815337441064349,/home/user/workspace/dataset_extracted/Датасет/НД_для_обучения/Исследования/2.25.165091430504580219034019815337441064349/series_001_2_CR/A2504415443 DXA/CR DXA/CR000001.dcm,1.2.643.5.1.13.13.12.2.77.8252.12140710150813060013011403140807,9,261,280,left_hip,True,1.0,Нарушение позиционирования/ротации левого бедра,,,,,,1.0,0.0,0,0.0,0,0.0,False,0.0,,,,,,,,-4.81303809184332,4.81303809184332,27.0,81.9,0.0,-11.591125330365832,75.0,16.19879614056828,67.2,2.4,274.05,168.0,261.0,0.5267857142857143,0.1768472906403941,1.0,0.2892857142857143,0.15714285714285714,0.4989522612858027,0.14255891566061937,0.9664931062883699,-11.724662679093052,1.952659998229609,-12.990513284184175,2.3795166858457946,-13.1899012380025,2.849659201557938,-13.255751843093606,3.8765158891741063,-13.321602448184729,4.303372576790292,-13.987453053275834,4.730229264406478,-14.053303658366957,5.157085952022646,-14.252691612185282,5.627228467734789,-14.318542217276388,6.054085155350975,-16.18439282236751,7.080941842967143,-16.850243427458615,8.707798530583329,-20.516094032549738,10.334655218199515,-23.581944637640845,11.361511905815684,-24.381332591459188,11.231654421527827,-25.64718319655029,11.058511109144012,-25.113033801641397,15.68536779676018,-24.71242175545974,16.155510312472323,-24.71242175545974,16.155510312472323,-24.71242175545974,16.155510312472323,-24.71242175545974,16.155510312472323,left,-1.0137168854490426,4.81303809184332,0.44642857142857145,,,1.0,0.0,1.0,0.0
2.25.165091430504580219034019815337441064349,/home/user/workspace/dataset_extracted/Датасет/НД_для_обучения/Исследования/2.25.165091430504580219034019815337441064349/series_001_2_CR/A2504415443 DXA/CR DXA/CR000002.dcm,1.2.643.5.1.13.13.12.2.77.8252.01120104060301100213100004141203,1,287,300,spine,True,0.0,,0.0,0.0,0.0,,,,,23,14.49,23,14.49,True,3.9993058792170495,1.8020200383437965,0.4914328411665565,287.0,-0.061779231743351586,0.0,0.003484320557491289,0.3566666666666667,,,,,,,,,,,,,,,,,,,,,,,,,,,,,,,,,,,,,,,,,,,,,,,,,,,,,,,,,,,,,,,,,,,,,,,
2.25.165091430504580219034019815337441064349,/home/user/workspace/dataset_extracted/Датасет/НД_для_обучения/Исследования/2.25.165091430504580219034019815337441064349/series_001_2_CR/A2504415443 DXA/CR DXA/CR000003.dcm,1.2.643.5.1.13.13.12.2.77.8252.03000107141315000207090502080502,7,287,300,spine,True,0.0,,0.0,0.0,0.0,,,,,23,14.49,23,14.49,True,3.9993058792170495,1.8020200383437965,0.4914328411665565,287.0,-0.061779231743351586,0.0,0.003484320557491289,0.3566666666666667,,,,,,,,,,,,,,,,,,,,,,,,,,,,,,,,,,,,,,,,,,,,,,,,,,,,,,,,,,,,,,,,,,,,,,,
2.25.165091430504580219034019815337441064349,/home/user/workspace/dataset_extracted/Датасет/НД_для_обучения/Исследования/2.25.165091430504580219034019815337441064349/series_001_2_CR/A2504415443 DXA/CR DXA/CR000004.dcm,1.2.643.5.1.13.13.12.2.77.8252.12050607100307101401110010080508,8,235,280,right_hip,True,0.0,,,,,0.0,0.0,,,0,0.0,0,0.0,False,0.0,,,,,,,,0.2201027521534039,0.2201027521534039,28.799999999999997,72.45,0.0,2.0781147241505407,49.199999999999996,-18.663427109974457,29.400000000000002,3.0,246.75,168.0,97.0,0.3892857142857143,0.18314589665653497,0.4127659574468085,0.22142857142857142,0.16071428571428573,0.5413615634263291,0.17839352645712567,0.9613483615897489,0.536134453781517,-20.574702228717616,0.3554987212276273,-26.12306905370848,0.82002192181221,-26.83434417245162,1.2393861892583202,-27.582710997442483,1.6587504567044304,-28.93107782243335,2.0781147241505407,-30.0,1.8974789915966426,-30.0,1.85232005845817,-30.0,1.85232005845817,-30.0,1.85232005845817,-30.0,1.85232005845817,-30.0,1.85232005845817,-30.0,1.85232005845817,-30.0,1.85232005845817,-30.0,1.85232005845817,-30.0,1.85232005845817,-30.0,1.85232005845817,-30.0,1.85232005845817,-30.0,1.85232005845817,-30.0,1.85232005845817,-30.0,right,0.3496371853644382,0.2201027521534039,0.2928571428571428,0.0,0.0,,,0.0,0.0
2.25.165091430504580219034019815337441064349,/home/user/workspace/dataset_extracted/Датасет/НД_для_обучения/Исследования/2.25.165091430504580219034019815337441064349/series_001_2_CR/A2504415443 DXA/CR DXA/CR000005.dcm,1.2.643.5.1.13.13.12.2.77.8252.02080910050503150405130310031107,3,261,280,left_hip,True,1.0,Нарушение позиционирования/ротации левого бедра,,,,,,1.0,0.0,0,0.0,0,0.0,False,0.0,,,,,,,,-4.81303809184332,4.81303809184332,27.0,81.9,0.0,-11.591125330365832,75.0,16.19879614056828,67.2,2.4,274.05,168.0,261.0,0.5267857142857143,0.1768472906403941,1.0,0.2892857142857143,0.15714285714285714,0.4989522612858027,0.14255891566061937,0.9664931062883699,-11.724662679093052,1.952659998229609,-12.990513284184175,2.3795166858457946,-13.1899012380025,2.849659201557938,-13.255751843093606,3.8765158891741063,-13.321602448184729,4.303372576790292,-13.987453053275834,4.730229264406478,-14.053303658366957,5.157085952022646,-14.252691612185282,5.627228467734789,-14.318542217276388,6.054085155350975,-16.18439282236751,7.080941842967143,-16.850243427458615,8.707798530583329,-20.516094032549738,10.334655218199515,-23.581944637640845,11.361511905815684,-24.381332591459188,11.231654421527827,-25.64718319655029,11.058511109144012,-25.113033801641397,15.68536779676018,-24.71242175545974,16.155510312472323,-24.71242175545974,16.155510312472323,-24.71242175545974,16.155510312472323,-24.71242175545974,16.155510312472323,left,-1.0137168854490426,4.81303809184332,0.44642857142857145,,,1.0,0.0,1.0,0.0
2.25.165355673991587715046346525964554729786,/home/user/workspace/dataset_extracted/Датасет/НД_для_обучения/Исследования/2.25.165355673991587715046346525964554729786/series_003_3_CR/A2506448267 DXA/CR DXA/CR000000.dcm,1.2.643.5.1.13.13.12.2.77.8252.03030806061309020808141008071213,3,261,280,right_hip,False,,,,,,,,,,46,28.98,46,28.98,True,3.8443304578786774,,,,,,,,-7.86264935375632,7.86264935375632,26.4,92.4,0.0,6.3445704624705055,46.8,12.71961008770387,59.85,10.799999999999999,274.05,168.0,256.0,0.3767857142857143,0.1858648056923919,0.9808429118773946,0.24642857142857144,0.15357142857142858,0.5338849061428457,0.14880938653855844,0.9675561263551024,3.8358493888908356,2.4152108062414244,4.9064280934098745,2.325774012891412,4.509362121799154,2.2586964178789115,3.779940826318193,2.1692596245289164,4.250519530837232,2.6798228311789045,4.721098235356271,3.1903860378289095,5.19167693987531,3.700949244478897,4.194610968264589,4.8338716494663965,4.665189672783629,5.944434856116385,5.135768377302668,7.05499806276639,5.606347081821707,8.165561269416377,6.0769257863407455,9.876124476066382,5.947504490859785,11.58668768271637,5.550438519249064,12.71961008770387,5.421017223768104,12.630173294353876,5.421017223768104,12.630173294353876,5.421017223768104,12.630173294353876,5.421017223768104,12.630173294353876,5.421017223768104,12.630173294353876,5.421017223768104,12.630173294353876,left,-0.27161120346505213,7.86264935375632,0.2785714285714286,,,0.0,0.0,0.0,0.0
2.25.165355673991587715046346525964554729786,/home/user/workspace/dataset_extracted/Датасет/НД_для_обучения/Исследования/2.25.165355673991587715046346525964554729786/series_003_3_CR/A2506448267 DXA/CR DXA/CR000001.dcm,1.2.643.5.1.13.13.12.2.77.8252.05130006080703150808130311150104,1,317,300,spine,True,1.0,"Наличие посторонних предметов, артефактов или наложений",0.0,0.0,1.0,,,,,213,134.19,213,134.19,True,3.9760179077462876,0.809843853011746,0.12812105051374623,317.0,-0.019439369095026204,0.0,0.0031545741324921135,0.68,,,,,,,,,,,,,,,,,,,,,,,,,,,,,,,,,,,,,,,,,,,,,,,,,,,,,,,,,,,,,,,,,,,,,,,
2.25.167344201679287285499405412654740659745,/home/user/workspace/dataset_extracted/Датасет/НД_для_обучения/Исследования/2.25.167344201679287285499405412654740659745/series_003_2_CR/A2504249537 DXA/CR DXA/CR000000.dcm,1.2.643.5.1.13.13.12.2.77.8252.05050004021105041108010100020012,5,265,280,left_hip,True,0.0,,,,,,,0.0,0.0,0,0.0,0,0.0,False,0.0,,,,,,,,-3.2276474321692397,3.2276474321692397,26.4,84.0,0.0,1.240998593530253,45.0,19.60202531645567,70.35000000000001,10.2,278.25,168.0,265.0,0.3392857142857143,0.20149595687331537,1.0,0.2857142857142857,0.14642857142857144,0.5240380508839756,0.16489398152822832,0.9576300526004922,0.10413502109705632,3.6826582278480884,0.21715893108299156,3.921983122362857,0.30192686357244725,4.251476793248932,0.41495077355838245,5.090801687763701,1.1279746835443176,5.330126582278479,1.240998593530253,5.569451476793239,-22.645977496483813,5.808776371307999,-22.561209563994364,6.1382700421940735,-22.44818565400843,6.977594936708852,-22.335161744022493,7.816919831223611,-30.0,9.256244725738371,-30.0,10.69556962025315,-30.0,12.13489451476791,-30.0,13.664388185653985,-30.0,15.103713080168761,-30.0,17.74303797468352,-30.0,18.58236286919828,-30.0,19.60202531645567,-30.0,19.60202531645567,-30.0,19.60202531645567,right,0.28441413083519246,3.2276474321692397,0.26785714285714285,0.0,0.0,,,0.0,0.0
2.25.167344201679287285499405412654740659745,/home/user/workspace/dataset_extracted/Датасет/НД_для_обучения/Исследования/2.25.167344201679287285499405412654740659745/series_003_2_CR/A2504249537 DXA/CR DXA/CR000001.dcm,1.2.643.5.1.13.13.12.2.77.8252.03020203090713120707041512070302,4,263,280,right_hip,True,0.0,,,,,0.0,0.0,,,0,0.0,0,0.0,False,0.0,,,,,,,,-2.9803968090207276,2.9803968090207276,25.8,95.55,0.0,-15.543048256091739,36.6,23.15805064500718,72.45,7.199999999999999,276.15000000000003,168.0,263.0,0.2892857142857143,0.1766702878870179,1.0,0.24285714285714285,0.14642857142857144,0.48301249158277926,0.14868334907920122,0.9600584312133345,-15.725484949832786,3.0884854276158817,-15.603860487338757,4.572766364070728,-16.11264214046824,4.935977066411868,-18.99101767797421,5.220258002866714,-20.06939321548018,6.7045389393215595,-22.947768752986153,6.988819875776414,-24.626144290492125,7.2731008122312595,-26.334925943621602,7.636311514572401,-26.813301481127574,8.520592451027246,-26.691677018633545,9.4048733874821,-30.0,10.889154323936946,-30.0,12.373435260391801,-30.0,13.857716196846647,-30.0,16.020926899187778,-30.0,18.105207835642634,-30.0,20.18948877209748,-30.0,20.473769708552332,-30.0,23.15805064500718,-30.0,23.15805064500718,-30.0,23.15805064500718,left,-0.2478845350186298,2.9803968090207276,0.21785714285714286,,,0.0,0.0,0.0,0.0
2.25.167344201679287285499405412654740659745,/home/user/workspace/dataset_extracted/Датасет/НД_для_обучения/Исследования/2.25.167344201679287285499405412654740659745/series_003_2_CR/A2504249537 DXA/CR DXA/CR000002.dcm,1.2.643.5.1.13.13.12.2.77.8252.06020510071406141308051102110806,1,292,300,spine,True,0.0,,0.0,0.0,0.0,,,,,0,0.0,0,0.0,False,0.0,0.7049122049750948,0.20576530412004512,292.0,0.010674100096736461,0.0,0.003424657534246575,0.32,,,,,,,,,,,,,,,,,,,,,,,,,,,,,,,,,,,,,,,,,,,,,,,,,,,,,,,,,,,,,,,,,,,,,,,
2.25.167344201679287285499405412654740659745,/home/user/workspace/dataset_extracted/Датасет/НД_для_обучения/Исследования/2.25.167344201679287285499405412654740659745/series_003_2_CR/A2504249537 DXA/CR DXA/CR000003.dcm,1.2.643.5.1.13.13.12.2.77.8252.03110714040901011514120512140506,8,263,280,right_hip,True,0.0,,,,,0.0,0.0,,,0,0.0,0,0.0,False,0.0,,,,,,,,-2.9803968090207276,2.9803968090207276,25.8,95.55,0.0,-15.543048256091739,36.6,23.15805064500718,72.45,7.199999999999999,276.15000000000003,168.0,263.0,0.2892857142857143,0.1766702878870179,1.0,0.24285714285714285,0.14642857142857144,0.48301249158277926,0.14868334907920122,0.9600584312133345,-15.725484949832786,3.0884854276158817,-15.603860487338757,4.572766364070728,-16.11264214046824,4.935977066411868,-18.99101767797421,5.220258002866714,-20.06939321548018,6.7045389393215595,-22.947768752986153,6.988819875776414,-24.626144290492125,7.2731008122312595,-26.334925943621602,7.636311514572401,-26.813301481127574,8.520592451027246,-26.691677018633545,9.4048733874821,-30.0,10.889154323936946,-30.0,12.373435260391801,-30.0,13.857716196846647,-30.0,16.020926899187778,-30.0,18.105207835642634,-30.0,20.18948877209748,-30.0,20.473769708552332,-30.0,23.15805064500718,-30.0,23.15805064500718,-30.0,23.15805064500718,left,-0.2478845350186298,2.9803968090207276,0.21785714285714286,,,0.0,0.0,0.0,0.0
2.25.167344201679287285499405412654740659745,/home/user/workspace/dataset_extracted/Датасет/НД_для_обучения/Исследования/2.25.167344201679287285499405412654740659745/series_003_2_CR/A2504249537 DXA/CR DXA/CR000004.dcm,1.2.643.5.1.13.13.12.2.77.8252.04140115150705031110051301090913,6,292,300,spine,True,0.0,,0.0,0.0,0.0,,,,,0,0.0,0,0.0,False,0.0,0.7049122049750948,0.20576530412004512,292.0,0.010674100096736461,0.0,0.003424657534246575,0.32,,,,,,,,,,,,,,,,,,,,,,,,,,,,,,,,,,,,,,,,,,,,,,,,,,,,,,,,,,,,,,,,,,,,,,,
2.25.167344201679287285499405412654740659745,/home/user/workspace/dataset_extracted/Датасет/НД_для_обучения/Исследования/2.25.167344201679287285499405412654740659745/series_003_2_CR/A2504249537 DXA/CR DXA/CR000005.dcm,1.2.643.5.1.13.13.12.2.77.8252.10110808050405011511051303070302,7,265,280,left_hip,True,0.0,,,,,,,0.0,0.0,0,0.0,0,0.0,False,0.0,,,,,,,,-3.2276474321692397,3.2276474321692397,26.4,84.0,0.0,1.240998593530253,45.0,19.60202531645567,70.35000000000001,10.2,278.25,168.0,265.0,0.3392857142857143,0.20149595687331537,1.0,0.2857142857142857,0.14642857142857144,0.5240380508839756,0.16489398152822832,0.9576300526004922,0.10413502109705632,3.6826582278480884,0.21715893108299156,3.921983122362857,0.30192686357244725,4.251476793248932,0.41495077355838245,5.090801687763701,1.1279746835443176,5.330126582278479,1.240998593530253,5.569451476793239,-22.645977496483813,5.808776371307999,-22.561209563994364,6.1382700421940735,-22.44818565400843,6.977594936708852,-22.335161744022493,7.816919831223611,-30.0,9.256244725738371,-30.0,10.69556962025315,-30.0,12.13489451476791,-30.0,13.664388185653985,-30.0,15.103713080168761,-30.0,17.74303797468352,-30.0,18.58236286919828,-30.0,19.60202531645567,-30.0,19.60202531645567,-30.0,19.60202531645567,right,0.28441413083519246,3.2276474321692397,0.26785714285714285,0.0,0.0,,,0.0,0.0
2.25.16773626720107440979805052259711419763,/home/user/workspace/dataset_extracted/Датасет/НД_для_обучения/Исследования/2.25.16773626720107440979805052259711419763/series_004_2_CR/A2507537392 DXA/CR DXA/CR000000.dcm,1.2.643.5.1.13.13.12.2.77.8252.09031014151115011007041507060209,16,289,300,spine,True,0.0,,0.0,0.0,0.0,,,,,66,41.58,66,41.58,True,3.644734105597995,1.3389416649081864,1.1520971848524946,289.0,-0.0027996447661656513,0.0,0.0034602076124567475,0.3433333333333333,,,,,,,,,,,,,,,,,,,,,,,,,,,,,,,,,,,,,,,,,,,,,,,,,,,,,,,,,,,,,,,,,,,,,,,
2.25.16773626720107440979805052259711419763,/home/user/workspace/dataset_extracted/Датасет/НД_для_обучения/Исследования/2.25.16773626720107440979805052259711419763/series_004_2_CR/A2507537392 DXA/CR DXA/CR000001.dcm,1.2.643.5.1.13.13.12.2.77.8252.15000110101510080415120006131402,9,261,280,right_hip,True,0.0,,,,,0.0,0.0,,,0,0.0,0,0.0,False,0.0,,,,,,,,-8.85856506999268,8.85856506999268,27.599999999999998,81.9,0.0,-0.5386739842435929,40.199999999999996,23.1143135345667,69.3,11.4,274.05,168.0,261.0,0.3196428571428571,0.22910509031198686,1.0,0.3535714285714286,0.16428571428571428,0.4759215420323575,0.13947481363208664,0.9414440777681793,-2.3122396590750864,1.7853943524829616,-1.3302242061735596,2.058227848101265,-1.1937126164974103,2.4128529698149945,-1.4116971635958833,3.285686465433298,-1.0296817106943563,4.15851996105161,-1.8476662577928293,5.631353456669913,-0.865650804891294,6.504186952288216,-4.9291392152151525,7.458812074001946,-4.547123762313618,9.531645569620249,-5.365108309412091,11.004479065238552,-6.183092856510563,13.077312560856864,-15.401077403609037,15.150146056475167,-16.81906195070751,18.42297955209347,-17.282550361031358,20.5776046738072,-17.500534908129833,21.450438169425514,-17.718519455228307,21.723271665043807,-17.936504002326778,22.59610516066212,-17.691000139101394,23.1143135345667,-17.691000139101394,23.1143135345667,-17.691000139101394,23.1143135345667,right,0.4532627212833894,8.85856506999268,0.23928571428571427,0.0,0.0,,,0.0,0.0
2.25.16773626720107440979805052259711419763,/home/user/workspace/dataset_extracted/Датасет/НД_для_обучения/Исследования/2.25.16773626720107440979805052259711419763/series_004_2_CR/A2507537392 DXA/CR DXA/CR000002.dcm,1.2.643.5.1.13.13.12.2.77.8252.07111109140703130315001513000701,4,261,280,right_hip,True,0.0,,,,,0.0,0.0,,,0,0.0,0,0.0,False,0.0,,,,,,,,-8.85856506999268,8.85856506999268,27.599999999999998,81.9,0.0,-0.5386739842435929,40.199999999999996,23.1143135345667,69.3,11.4,274.05,168.0,261.0,0.3196428571428571,0.22910509031198686,1.0,0.3535714285714286,0.16428571428571428,0.4759215420323575,0.13947481363208664,0.9414440777681793,-2.3122396590750864,1.7853943524829616,-1.3302242061735596,2.058227848101265,-1.1937126164974103,2.4128529698149945,-1.4116971635958833,3.285686465433298,-1.0296817106943563,4.15851996105161,-1.8476662577928293,5.631353456669913,-0.865650804891294,6.504186952288216,-4.9291392152151525,7.458812074001946,-4.547123762313618,9.531645569620249,-5.365108309412091,11.004479065238552,-6.183092856510563,13.077312560856864,-15.401077403609037,15.150146056475167,-16.81906195070751,18.42297955209347,-17.282550361031358,20.5776046738072,-17.500534908129833,21.450438169425514,-17.718519455228307,21.723271665043807,-17.936504002326778,22.59610516066212,-17.691000139101394,23.1143135345667,-17.691000139101394,23.1143135345667,-17.691000139101394,23.1143135345667,right,0.4532627212833894,8.85856506999268,0.23928571428571427,0.0,0.0,,,0.0,0.0
2.25.16773626720107440979805052259711419763,/home/user/workspace/dataset_extracted/Датасет/НД_для_обучения/Исследования/2.25.16773626720107440979805052259711419763/series_004_2_CR/A2507537392 DXA/CR DXA/CR000003.dcm,1.2.643.5.1.13.13.12.2.77.8252.15061506101401070412150108010615,3,289,300,spine,True,0.0,,0.0,0.0,0.0,,,,,66,41.58,66,41.58,True,3.644734105597995,1.3389416649081864,1.1520971848524946,289.0,-0.0027996447661656513,0.0,0.0034602076124567475,0.3433333333333333,,,,,,,,,,,,,,,,,,,,,,,,,,,,,,,,,,,,,,,,,,,,,,,,,,,,,,,,,,,,,,,,,,,,,,,
2.25.16773626720107440979805052259711419763,/home/user/workspace/dataset_extracted/Датасет/НД_для_обучения/Исследования/2.25.16773626720107440979805052259711419763/series_004_2_CR/A2507537392 DXA/CR DXA/CR000004.dcm,1.2.643.5.1.13.13.12.2.77.8252.13040605040810031203041510031012,18,261,280,left_hip,True,0.0,,,,,,,0.0,0.0,0,0.0,0,0.0,False,0.0,,,,,,,,-6.148324147011734,6.148324147011734,27.0,81.9,0.0,-5.0480051593975475,44.4,20.899285524601975,79.8,12.6,274.05,168.0,261.0,0.34464285714285714,0.21636562671045428,1.0,0.30714285714285716,0.15714285714285714,0.4835450585686049,0.14121617030320735,0.945175964910329,-7.4650766954564345,1.559169943980072,-5.656540927426991,1.8628384273953884,-5.200139101404915,1.64058978995688,-6.391603333375471,1.9442582733721963,-6.983067565346027,2.2479267567875127,-6.3745317973165925,2.551595240202846,-5.765996029287157,3.4552637236181623,-7.109594203265073,4.433015086179637,-6.501058435235637,5.33668356959497,-8.892522667206203,6.2403520530102865,-10.683986899176759,7.144020536425603,-10.075451131147314,8.64768901984092,-9.466915363117879,10.751357503256235,-9.010513537095795,11.729108865817727,-12.00197776906636,14.432777349233042,-21.593442001036923,17.13644583264836,-22.78490623300748,18.640114316063677,-23.376370464978045,18.943782799478992,-24.11996863895597,20.521534162040485,-24.111432870926524,20.8252026454558,left,-0.40904551087106866,6.148324147011734,0.2642857142857143,,,0.0,0.0,0.0,0.0
2.25.16773626720107440979805052259711419763,/home/user/workspace/dataset_extracted/Датасет/НД_для_обучения/Исследования/2.25.16773626720107440979805052259711419763/series_004_2_CR/A2507537392 DXA/CR DXA/CR000005.dcm,1.2.643.5.1.13.13.12.2.77.8252.02071412140202140114070213030205,17,261,280,right_hip,True,0.0,,,,,0.0,0.0,,,0,0.0,0,0.0,False,0.0,,,,,,,,-8.85856506999268,8.85856506999268,27.599999999999998,81.9,0.0,-0.5386739842435929,40.199999999999996,23.1143135345667,69.3,11.4,274.05,168.0,261.0,0.3196428571428571,0.22910509031198686,1.0,0.3535714285714286,0.16428571428571428,0.4759215420323575,0.13947481363208664,0.9414440777681793,-2.3122396590750864,1.7853943524829616,-1.3302242061735596,2.058227848101265,-1.1937126164974103,2.4128529698149945,-1.4116971635958833,3.285686465433298,-1.0296817106943563,4.15851996105161,-1.8476662577928293,5.631353456669913,-0.865650804891294,6.504186952288216,-4.9291392152151525,7.458812074001946,-4.547123762313618,9.531645569620249,-5.365108309412091,11.004479065238552,-6.183092856510563,13.077312560856864,-15.401077403609037,15.150146056475167,-16.81906195070751,18.42297955209347,-17.282550361031358,20.5776046738072,-17.500534908129833,21.450438169425514,-17.718519455228307,21.723271665043807,-17.936504002326778,22.59610516066212,-17.691000139101394,23.1143135345667,-17.691000139101394,23.1143135345667,-17.691000139101394,23.1143135345667,right,0.4532627212833894,8.85856506999268,0.23928571428571427,0.0,0.0,,,0.0,0.0
2.25.16773626720107440979805052259711419763,/home/user/workspace/dataset_extracted/Датасет/НД_для_обучения/Исследования/2.25.16773626720107440979805052259711419763/series_004_2_CR/A2507537392 DXA/CR DXA/CR000006.dcm,1.2.643.5.1.13.13.12.2.77.8252.11120907150103150102101200080104,6,261,280,right_hip,True,0.0,,,,,0.0,0.0,,,0,0.0,0,0.0,False,0.0,,,,,,,,-8.85856506999268,8.85856506999268,27.599999999999998,81.9,0.0,-0.5386739842435929,40.199999999999996,23.1143135345667,69.3,11.4,274.05,168.0,261.0,0.3196428571428571,0.22910509031198686,1.0,0.3535714285714286,0.16428571428571428,0.4759215420323575,0.13947481363208664,0.9414440777681793,-2.3122396590750864,1.7853943524829616,-1.3302242061735596,2.058227848101265,-1.1937126164974103,2.4128529698149945,-1.4116971635958833,3.285686465433298,-1.0296817106943563,4.15851996105161,-1.8476662577928293,5.631353456669913,-0.865650804891294,6.504186952288216,-4.9291392152151525,7.458812074001946,-4.547123762313618,9.531645569620249,-5.365108309412091,11.004479065238552,-6.183092856510563,13.077312560856864,-15.401077403609037,15.150146056475167,-16.81906195070751,18.42297955209347,-17.282550361031358,20.5776046738072,-17.500534908129833,21.450438169425514,-17.718519455228307,21.723271665043807,-17.936504002326778,22.59610516066212,-17.691000139101394,23.1143135345667,-17.691000139101394,23.1143135345667,-17.691000139101394,23.1143135345667,right,0.4532627212833894,8.85856506999268,0.23928571428571427,0.0,0.0,,,0.0,0.0
2.25.16773626720107440979805052259711419763,/home/user/workspace/dataset_extracted/Датасет/НД_для_обучения/Исследования/2.25.16773626720107440979805052259711419763/series_004_2_CR/A2507537392 DXA/CR DXA/CR000007.dcm,1.2.643.5.1.13.13.12.2.77.8252.00120605081302140615061408051413,7,261,280,left_hip,True,0.0,,,,,,,0.0,0.0,0,0.0,0,0.0,False,0.0,,,,,,,,-6.148324147011734,6.148324147011734,27.0,81.9,0.0,-5.0480051593975475,44.4,20.899285524601975,79.8,12.6,274.05,168.0,261.0,0.34464285714285714,0.21636562671045428,1.0,0.30714285714285716,0.15714285714285714,0.4835450585686049,0.14121617030320735,0.945175964910329,-7.4650766954564345,1.559169943980072,-5.656540927426991,1.8628384273953884,-5.200139101404915,1.64058978995688,-6.391603333375471,1.9442582733721963,-6.983067565346027,2.2479267567875127,-6.3745317973165925,2.551595240202846,-5.765996029287157,3.4552637236181623,-7.109594203265073,4.433015086179637,-6.501058435235637,5.33668356959497,-8.892522667206203,6.2403520530102865,-10.683986899176759,7.144020536425603,-10.075451131147314,8.64768901984092,-9.466915363117879,10.751357503256235,-9.010513537095795,11.729108865817727,-12.00197776906636,14.432777349233042,-21.593442001036923,17.13644583264836,-22.78490623300748,18.640114316063677,-23.376370464978045,18.943782799478992,-24.11996863895597,20.521534162040485,-24.111432870926524,20.8252026454558,left,-0.40904551087106866,6.148324147011734,0.2642857142857143,,,0.0,0.0,0.0,0.0
2.25.16773626720107440979805052259711419763,/home/user/workspace/dataset_extracted/Датасет/НД_для_обучения/Исследования/2.25.16773626720107440979805052259711419763/series_004_2_CR/A2507537392 DXA/CR DXA/CR000008.dcm,1.2.643.5.1.13.13.12.2.77.8252.13060012130706071508131506061110,5,261,280,left_hip,True,0.0,,,,,,,0.0,0.0,0,0.0,0,0.0,False,0.0,,,,,,,,-6.148324147011734,6.148324147011734,27.0,81.9,0.0,-5.0480051593975475,44.4,20.899285524601975,79.8,12.6,274.05,168.0,261.0,0.34464285714285714,0.21636562671045428,1.0,0.30714285714285716,0.15714285714285714,0.4835450585686049,0.14121617030320735,0.945175964910329,-7.4650766954564345,1.559169943980072,-5.656540927426991,1.8628384273953884,-5.200139101404915,1.64058978995688,-6.391603333375471,1.9442582733721963,-6.983067565346027,2.2479267567875127,-6.3745317973165925,2.551595240202846,-5.765996029287157,3.4552637236181623,-7.109594203265073,4.433015086179637,-6.501058435235637,5.33668356959497,-8.892522667206203,6.2403520530102865,-10.683986899176759,7.144020536425603,-10.075451131147314,8.64768901984092,-9.466915363117879,10.751357503256235,-9.010513537095795,11.729108865817727,-12.00197776906636,14.432777349233042,-21.593442001036923,17.13644583264836,-22.78490623300748,18.640114316063677,-23.376370464978045,18.943782799478992,-24.11996863895597,20.521534162040485,-24.111432870926524,20.8252026454558,left,-0.40904551087106866,6.148324147011734,0.2642857142857143,,,0.0,0.0,0.0,0.0
2.25.16773626720107440979805052259711419763,/home/user/workspace/dataset_extracted/Датасет/НД_для_обучения/Исследования/2.25.16773626720107440979805052259711419763/series_004_2_CR/A2507537392 DXA/CR DXA/CR000009.dcm,1.2.643.5.1.13.13.12.2.77.8252.09020303070910070711011409031209,10,261,280,left_hip,True,0.0,,,,,,,0.0,0.0,0,0.0,0,0.0,False,0.0,,,,,,,,-6.148324147011734,6.148324147011734,27.0,81.9,0.0,-5.0480051593975475,44.4,20.899285524601975,79.8,12.6,274.05,168.0,261.0,0.34464285714285714,0.21636562671045428,1.0,0.30714285714285716,0.15714285714285714,0.4835450585686049,0.14121617030320735,0.945175964910329,-7.4650766954564345,1.559169943980072,-5.656540927426991,1.8628384273953884,-5.200139101404915,1.64058978995688,-6.391603333375471,1.9442582733721963,-6.983067565346027,2.2479267567875127,-6.3745317973165925,2.551595240202846,-5.765996029287157,3.4552637236181623,-7.109594203265073,4.433015086179637,-6.501058435235637,5.33668356959497,-8.892522667206203,6.2403520530102865,-10.683986899176759,7.144020536425603,-10.075451131147314,8.64768901984092,-9.466915363117879,10.751357503256235,-9.010513537095795,11.729108865817727,-12.00197776906636,14.432777349233042,-21.593442001036923,17.13644583264836,-22.78490623300748,18.640114316063677,-23.376370464978045,18.943782799478992,-24.11996863895597,20.521534162040485,-24.111432870926524,20.8252026454558,left,-0.40904551087106866,6.148324147011734,0.2642857142857143,,,0.0,0.0,0.0,0.0
2.25.16773626720107440979805052259711419763,/home/user/workspace/dataset_extracted/Датасет/НД_для_обучения/Исследования/2.25.16773626720107440979805052259711419763/series_004_2_CR/A2507537392 DXA/CR DXA/CR000010.dcm,1.2.643.5.1.13.13.12.2.77.8252.04101314021103041302071314011203,12,261,280,right_hip,True,0.0,,,,,0.0,0.0,,,0,0.0,0,0.0,False,0.0,,,,,,,,-8.85856506999268,8.85856506999268,27.599999999999998,81.9,0.0,-0.5386739842435929,40.199999999999996,23.1143135345667,69.3,11.4,274.05,168.0,261.0,0.3196428571428571,0.22910509031198686,1.0,0.3535714285714286,0.16428571428571428,0.4759215420323575,0.13947481363208664,0.9414440777681793,-2.3122396590750864,1.7853943524829616,-1.3302242061735596,2.058227848101265,-1.1937126164974103,2.4128529698149945,-1.4116971635958833,3.285686465433298,-1.0296817106943563,4.15851996105161,-1.8476662577928293,5.631353456669913,-0.865650804891294,6.504186952288216,-4.9291392152151525,7.458812074001946,-4.547123762313618,9.531645569620249,-5.365108309412091,11.004479065238552,-6.183092856510563,13.077312560856864,-15.401077403609037,15.150146056475167,-16.81906195070751,18.42297955209347,-17.282550361031358,20.5776046738072,-17.500534908129833,21.450438169425514,-17.718519455228307,21.723271665043807,-17.936504002326778,22.59610516066212,-17.691000139101394,23.1143135345667,-17.691000139101394,23.1143135345667,-17.691000139101394,23.1143135345667,right,0.4532627212833894,8.85856506999268,0.23928571428571427,0.0,0.0,,,0.0,0.0
2.25.16773626720107440979805052259711419763,/home/user/workspace/dataset_extracted/Датасет/НД_для_обучения/Исследования/2.25.16773626720107440979805052259711419763/series_004_2_CR/A2507537392 DXA/CR DXA/CR000011.dcm,1.2.643.5.1.13.13.12.2.77.8252.03120113151010021310000801051000,1,289,300,spine,True,0.0,,0.0,0.0,0.0,,,,,66,41.58,66,41.58,True,3.644734105597995,1.3389416649081864,1.1520971848524946,289.0,-0.0027996447661656513,0.0,0.0034602076124567475,0.3433333333333333,,,,,,,,,,,,,,,,,,,,,,,,,,,,,,,,,,,,,,,,,,,,,,,,,,,,,,,,,,,,,,,,,,,,,,,
2.25.168317503020329569414190677927680518621,/home/user/workspace/dataset_extracted/Датасет/НД_для_обучения/Исследования/2.25.168317503020329569414190677927680518621/series_004_2_CR/A2507557128 DXA/CR DXA/CR000000.dcm,1.2.643.5.1.13.13.12.2.77.8252.10050700041001040614050614130103,18,261,280,right_hip,True,0.0,,,,,0.0,0.0,,,71,44.73,71,44.73,True,3.4855399581373976,,,,,,,,-2.2486403167846567,2.2486403167846567,25.2,81.9,0.0,-10.021828804107287,33.6,21.651636970624303,79.8,9.0,274.05,168.0,261.0,0.2892857142857143,0.19084564860426928,1.0,0.30714285714285716,0.14642857142857144,0.4785448111772514,0.126304155775704,0.9546909392324018,-12.434256882358147,1.368914629674117,-12.14426838983801,1.929065870838019,-11.926777020447906,3.0991793017109415,-11.636788527927768,4.259330542874843,-10.746800035407631,4.819481784038737,-10.456811542887493,5.379633025202639,-10.166823050367356,5.939784266366542,-10.549331680977252,6.509897697239464,-11.459343188457114,7.070048938403358,-14.169354695936976,7.630200179567259,-15.07936620341684,8.790351420731161,-15.389377710896701,9.950502661895055,-19.299389218376565,11.710653903058956,-23.28189784898646,13.48076733393188,-25.39190935646632,15.840918575095781,-26.301920863946176,18.201069816259675,-26.61193237142604,19.361221057423577,-27.5219438789059,19.32137229858748,-28.504452509515797,20.4914857294604,-28.21446401699566,21.651636970624303,left,-0.0838295523334166,2.2486403167846567,0.2,,,0.0,0.0,0.0,0.0
2.25.168317503020329569414190677927680518621,/home/user/workspace/dataset_extracted/Датасет/НД_для_обучения/Исследования/2.25.168317503020329569414190677927680518621/series_004_2_CR/A2507557128 DXA/CR DXA/CR000001.dcm,1.2.643.5.1.13.13.12.2.77.8252.04081410150705000907120005030306,7,261,280,right_hip,True,0.0,,,,,0.0,0.0,,,71,44.73,71,44.73,True,3.4855399581373976,,,,,,,,-2.2486403167846567,2.2486403167846567,25.2,81.9,0.0,-10.021828804107287,33.6,21.651636970624303,79.8,9.0,274.05,168.0,261.0,0.2892857142857143,0.19084564860426928,1.0,0.30714285714285716,0.14642857142857144,0.4785448111772514,0.126304155775704,0.9546909392324018,-12.434256882358147,1.368914629674117,-12.14426838983801,1.929065870838019,-11.926777020447906,3.0991793017109415,-11.636788527927768,4.259330542874843,-10.746800035407631,4.819481784038737,-10.456811542887493,5.379633025202639,-10.166823050367356,5.939784266366542,-10.549331680977252,6.509897697239464,-11.459343188457114,7.070048938403358,-14.169354695936976,7.630200179567259,-15.07936620341684,8.790351420731161,-15.389377710896701,9.950502661895055,-19.299389218376565,11.710653903058956,-23.28189784898646,13.48076733393188,-25.39190935646632,15.840918575095781,-26.301920863946176,18.201069816259675,-26.61193237142604,19.361221057423577,-27.5219438789059,19.32137229858748,-28.504452509515797,20.4914857294604,-28.21446401699566,21.651636970624303,left,-0.0838295523334166,2.2486403167846567,0.2,,,0.0,0.0,0.0,0.0
2.25.168317503020329569414190677927680518621,/home/user/workspace/dataset_extracted/Датасет/НД_для_обучения/Исследования/2.25.168317503020329569414190677927680518621/series_004_2_CR/A2507557128 DXA/CR DXA/CR000002.dcm,1.2.643.5.1.13.13.12.2.77.8252.10010207001309070508110212031008,9,261,280,right_hip,True,0.0,,,,,0.0,0.0,,,71,44.73,71,44.73,True,3.4855399581373976,,,,,,,,-2.2486403167846567,2.2486403167846567,25.2,81.9,0.0,-10.021828804107287,33.6,21.651636970624303,79.8,9.0,274.05,168.0,261.0,0.2892857142857143,0.19084564860426928,1.0,0.30714285714285716,0.14642857142857144,0.4785448111772514,0.126304155775704,0.9546909392324018,-12.434256882358147,1.368914629674117,-12.14426838983801,1.929065870838019,-11.926777020447906,3.0991793017109415,-11.636788527927768,4.259330542874843,-10.746800035407631,4.819481784038737,-10.456811542887493,5.379633025202639,-10.166823050367356,5.939784266366542,-10.549331680977252,6.509897697239464,-11.459343188457114,7.070048938403358,-14.169354695936976,7.630200179567259,-15.07936620341684,8.790351420731161,-15.389377710896701,9.950502661895055,-19.299389218376565,11.710653903058956,-23.28189784898646,13.48076733393188,-25.39190935646632,15.840918575095781,-26.301920863946176,18.201069816259675,-26.61193237142604,19.361221057423577,-27.5219438789059,19.32137229858748,-28.504452509515797,20.4914857294604,-28.21446401699566,21.651636970624303,left,-0.0838295523334166,2.2486403167846567,0.2,,,0.0,0.0,0.0,0.0
2.25.168317503020329569414190677927680518621,/home/user/workspace/dataset_extracted/Датасет/НД_для_обучения/Исследования/2.25.168317503020329569414190677927680518621/series_004_2_CR/A2507557128 DXA/CR DXA/CR000003.dcm,1.2.643.5.1.13.13.12.2.77.8252.08150001020008051511060800070004,3,259,300,spine,True,0.0,,0.0,0.0,0.0,,,,,378,238.14000000000001,378,238.14000000000001,True,3.608041361108402,0.4463058370281298,0.4527391263069602,259.0,0.0036985284190630334,0.0,0.003861003861003861,0.36666666666666664,,,,,,,,,,,,,,,,,,,,,,,,,,,,,,,,,,,,,,,,,,,,,,,,,,,,,,,,,,,,,,,,,,,,,,,
2.25.168317503020329569414190677927680518621,/home/user/workspace/dataset_extracted/Датасет/НД_для_обучения/Исследования/2.25.168317503020329569414190677927680518621/series_004_2_CR/A2507557128 DXA/CR DXA/CR000004.dcm,1.2.643.5.1.13.13.12.2.77.8252.03110002011112060400010906040109,17,289,280,right_hip,True,0.0,,,,,0.0,0.0,,,143,90.09,143,90.09,True,3.5185984329865474,,,,,,,,-3.175959517426548,3.175959517426548,25.8,90.3,0.0,-11.427289966507852,46.8,20.952444926647452,79.8,9.0,303.45,168.0,289.0,0.36428571428571427,0.1860479485912012,1.0,0.25,0.14642857142857144,0.44195115192925893,0.0965510234292977,0.9652092803921895,-11.616910231614701,0.9158696164913067,-11.837669701401008,1.4290126892777635,-12.153239303740742,1.963869993867604,-12.373998773527058,3.0770130666540525,-12.594758243313365,4.190156139440509,-12.215517713099672,4.703299212226957,-12.436277182885988,5.2164422850134144,-12.75184678522572,5.751299589603255,-12.972606255012026,6.264442662389703,-13.793365724798344,6.77758573517616,-14.01412519458466,7.2907288079626085,-14.834884664370966,9.003871880749065,-18.055644134157273,10.717014953535513,-19.571213736497015,11.851872258125354,-22.191973206283322,14.16501533091181,-23.61273267606963,16.47815840369826,-24.433492145855944,17.591301476484716,-25.25425161564226,18.704444549271162,-25.569821217981993,19.239301853861004,-25.7905806877683,20.952444926647452,right,0.39368998617474577,3.175959517426548,0.2785714285714286,0.0,0.0,,,0.0,0.0
2.25.168317503020329569414190677927680518621,/home/user/workspace/dataset_extracted/Датасет/НД_для_обучения/Исследования/2.25.168317503020329569414190677927680518621/series_004_2_CR/A2507557128 DXA/CR DXA/CR000005.dcm,1.2.643.5.1.13.13.12.2.77.8252.01130115100005150714080303151110,10,261,280,right_hip,True,0.0,,,,,0.0,0.0,,,71,44.73,71,44.73,True,3.4855399581373976,,,,,,,,-2.2486403167846567,2.2486403167846567,25.2,81.9,0.0,-10.021828804107287,33.6,21.651636970624303,79.8,9.0,274.05,168.0,261.0,0.2892857142857143,0.19084564860426928,1.0,0.30714285714285716,0.14642857142857144,0.4785448111772514,0.126304155775704,0.9546909392324018,-12.434256882358147,1.368914629674117,-12.14426838983801,1.929065870838019,-11.926777020447906,3.0991793017109415,-11.636788527927768,4.259330542874843,-10.746800035407631,4.819481784038737,-10.456811542887493,5.379633025202639,-10.166823050367356,5.939784266366542,-10.549331680977252,6.509897697239464,-11.459343188457114,7.070048938403358,-14.169354695936976,7.630200179567259,-15.07936620341684,8.790351420731161,-15.389377710896701,9.950502661895055,-19.299389218376565,11.710653903058956,-23.28189784898646,13.48076733393188,-25.39190935646632,15.840918575095781,-26.301920863946176,18.201069816259675,-26.61193237142604,19.361221057423577,-27.5219438789059,19.32137229858748,-28.504452509515797,20.4914857294604,-28.21446401699566,21.651636970624303,left,-0.0838295523334166,2.2486403167846567,0.2,,,0.0,0.0,0.0,0.0
2.25.168317503020329569414190677927680518621,/home/user/workspace/dataset_extracted/Датасет/НД_для_обучения/Исследования/2.25.168317503020329569414190677927680518621/series_004_2_CR/A2507557128 DXA/CR DXA/CR000006.dcm,1.2.643.5.1.13.13.12.2.77.8252.14030405080503070005090010011210,1,259,300,spine,True,0.0,,0.0,0.0,0.0,,,,,378,238.14000000000001,378,238.14000000000001,True,3.608041361108402,0.4463058370281298,0.4527391263069602,259.0,0.0036985284190630334,0.0,0.003861003861003861,0.36666666666666664,,,,,,,,,,,,,,,,,,,,,,,,,,,,,,,,,,,,,,,,,,,,,,,,,,,,,,,,,,,,,,,,,,,,,,,
2.25.168317503020329569414190677927680518621,/home/user/workspace/dataset_extracted/Датасет/НД_для_обучения/Исследования/2.25.168317503020329569414190677927680518621/series_004_2_CR/A2507557128 DXA/CR DXA/CR000007.dcm,1.2.643.5.1.13.13.12.2.77.8252.02031311110004131100010706000003,6,289,280,right_hip,True,0.0,,,,,0.0,0.0,,,143,90.09,143,90.09,True,3.5185984329865474,,,,,,,,-3.175959517426548,3.175959517426548,25.8,90.3,0.0,-11.427289966507852,46.8,20.952444926647452,79.8,9.0,303.45,168.0,289.0,0.36428571428571427,0.1860479485912012,1.0,0.25,0.14642857142857144,0.44195115192925893,0.0965510234292977,0.9652092803921895,-11.616910231614701,0.9158696164913067,-11.837669701401008,1.4290126892777635,-12.153239303740742,1.963869993867604,-12.373998773527058,3.0770130666540525,-12.594758243313365,4.190156139440509,-12.215517713099672,4.703299212226957,-12.436277182885988,5.2164422850134144,-12.75184678522572,5.751299589603255,-12.972606255012026,6.264442662389703,-13.793365724798344,6.77758573517616,-14.01412519458466,7.2907288079626085,-14.834884664370966,9.003871880749065,-18.055644134157273,10.717014953535513,-19.571213736497015,11.851872258125354,-22.191973206283322,14.16501533091181,-23.61273267606963,16.47815840369826,-24.433492145855944,17.591301476484716,-25.25425161564226,18.704444549271162,-25.569821217981993,19.239301853861004,-25.7905806877683,20.952444926647452,right,0.39368998617474577,3.175959517426548,0.2785714285714286,0.0,0.0,,,0.0,0.0
2.25.168317503020329569414190677927680518621,/home/user/workspace/dataset_extracted/Датасет/НД_для_обучения/Исследования/2.25.168317503020329569414190677927680518621/series_004_2_CR/A2507557128 DXA/CR DXA/CR000008.dcm,1.2.643.5.1.13.13.12.2.77.8252.14040413080712030012001414011512,4,289,280,right_hip,True,0.0,,,,,0.0,0.0,,,143,90.09,143,90.09,True,3.5185984329865474,,,,,,,,-3.175959517426548,3.175959517426548,25.8,90.3,0.0,-11.427289966507852,46.8,20.952444926647452,79.8,9.0,303.45,168.0,289.0,0.36428571428571427,0.1860479485912012,1.0,0.25,0.14642857142857144,0.44195115192925893,0.0965510234292977,0.9652092803921895,-11.616910231614701,0.9158696164913067,-11.837669701401008,1.4290126892777635,-12.153239303740742,1.963869993867604,-12.373998773527058,3.0770130666540525,-12.594758243313365,4.190156139440509,-12.215517713099672,4.703299212226957,-12.436277182885988,5.2164422850134144,-12.75184678522572,5.751299589603255,-12.972606255012026,6.264442662389703,-13.793365724798344,6.77758573517616,-14.01412519458466,7.2907288079626085,-14.834884664370966,9.003871880749065,-18.055644134157273,10.717014953535513,-19.571213736497015,11.851872258125354,-22.191973206283322,14.16501533091181,-23.61273267606963,16.47815840369826,-24.433492145855944,17.591301476484716,-25.25425161564226,18.704444549271162,-25.569821217981993,19.239301853861004,-25.7905806877683,20.952444926647452,right,0.39368998617474577,3.175959517426548,0.2785714285714286,0.0,0.0,,,0.0,0.0
2.25.168317503020329569414190677927680518621,/home/user/workspace/dataset_extracted/Датасет/НД_для_обучения/Исследования/2.25.168317503020329569414190677927680518621/series_004_2_CR/A2507557128 DXA/CR DXA/CR000009.dcm,1.2.643.5.1.13.13.12.2.77.8252.09111007121406000411060915050407,16,259,300,spine,True,0.0,,0.0,0.0,0.0,,,,,378,238.14000000000001,378,238.14000000000001,True,3.608041361108402,0.4463058370281298,0.4527391263069602,259.0,0.0036985284190630334,0.0,0.003861003861003861,0.36666666666666664,,,,,,,,,,,,,,,,,,,,,,,,,,,,,,,,,,,,,,,,,,,,,,,,,,,,,,,,,,,,,,,,,,,,,,,
2.25.168317503020329569414190677927680518621,/home/user/workspace/dataset_extracted/Датасет/НД_для_обучения/Исследования/2.25.168317503020329569414190677927680518621/series_004_2_CR/A2507557128 DXA/CR DXA/CR000010.dcm,1.2.643.5.1.13.13.12.2.77.8252.06080402070700011103140402140007,5,261,280,right_hip,True,0.0,,,,,0.0,0.0,,,71,44.73,71,44.73,True,3.4855399581373976,,,,,,,,-2.2486403167846567,2.2486403167846567,25.2,81.9,0.0,-10.021828804107287,33.6,21.651636970624303,79.8,9.0,274.05,168.0,261.0,0.2892857142857143,0.19084564860426928,1.0,0.30714285714285716,0.14642857142857144,0.4785448111772514,0.126304155775704,0.9546909392324018,-12.434256882358147,1.368914629674117,-12.14426838983801,1.929065870838019,-11.926777020447906,3.0991793017109415,-11.636788527927768,4.259330542874843,-10.746800035407631,4.819481784038737,-10.456811542887493,5.379633025202639,-10.166823050367356,5.939784266366542,-10.549331680977252,6.509897697239464,-11.459343188457114,7.070048938403358,-14.169354695936976,7.630200179567259,-15.07936620341684,8.790351420731161,-15.389377710896701,9.950502661895055,-19.299389218376565,11.710653903058956,-23.28189784898646,13.48076733393188,-25.39190935646632,15.840918575095781,-26.301920863946176,18.201069816259675,-26.61193237142604,19.361221057423577,-27.5219438789059,19.32137229858748,-28.504452509515797,20.4914857294604,-28.21446401699566,21.651636970624303,left,-0.0838295523334166,2.2486403167846567,0.2,,,0.0,0.0,0.0,0.0
2.25.168317503020329569414190677927680518621,/home/user/workspace/dataset_extracted/Датасет/НД_для_обучения/Исследования/2.25.168317503020329569414190677927680518621/series_004_2_CR/A2507557128 DXA/CR DXA/CR000011.dcm,1.2.643.5.1.13.13.12.2.77.8252.05090510080809140209120604081002,12,289,280,right_hip,True,0.0,,,,,0.0,0.0,,,143,90.09,143,90.09,True,3.5185984329865474,,,,,,,,-3.175959517426548,3.175959517426548,25.8,90.3,0.0,-11.427289966507852,46.8,20.952444926647452,79.8,9.0,303.45,168.0,289.0,0.36428571428571427,0.1860479485912012,1.0,0.25,0.14642857142857144,0.44195115192925893,0.0965510234292977,0.9652092803921895,-11.616910231614701,0.9158696164913067,-11.837669701401008,1.4290126892777635,-12.153239303740742,1.963869993867604,-12.373998773527058,3.0770130666540525,-12.594758243313365,4.190156139440509,-12.215517713099672,4.703299212226957,-12.436277182885988,5.2164422850134144,-12.75184678522572,5.751299589603255,-12.972606255012026,6.264442662389703,-13.793365724798344,6.77758573517616,-14.01412519458466,7.2907288079626085,-14.834884664370966,9.003871880749065,-18.055644134157273,10.717014953535513,-19.571213736497015,11.851872258125354,-22.191973206283322,14.16501533091181,-23.61273267606963,16.47815840369826,-24.433492145855944,17.591301476484716,-25.25425161564226,18.704444549271162,-25.569821217981993,19.239301853861004,-25.7905806877683,20.952444926647452,right,0.39368998617474577,3.175959517426548,0.2785714285714286,0.0,0.0,,,0.0,0.0
2.25.169242707068684757906797344800977707240,/home/user/workspace/dataset_extracted/Датасет/НД_для_обучения/Исследования/2.25.169242707068684757906797344800977707240/series_003_2_CR/A2507185832 DXA/CR DXA/CR000000.dcm,1.2.643.5.1.13.13.12.2.77.8252.03020907090204060013031106111312,1,285,300,spine,True,0.0,,0.0,0.0,0.0,,,,,1359,856.17,1359,856.17,True,4.052066807763428,0.8126809402408091,1.1151048568186068,285.0,-0.01710387569576009,0.0,0.0035087719298245615,0.62,,,,,,,,,,,,,,,,,,,,,,,,,,,,,,,,,,,,,,,,,,,,,,,,,,,,,,,,,,,,,,,,,,,,,,,
2.25.172445998420765569384934552191547932566,/home/user/workspace/dataset_extracted/Датасет/НД_для_обучения/Исследования/2.25.172445998420765569384934552191547932566/series_004_2_CR/A2507368766 DXA/CR DXA/CR000000.dcm,1.2.643.5.1.13.13.12.2.77.8252.08131412000401011215150704040610,1,315,300,spine,True,1.0,"Наличие посторонних предметов, артефактов или наложений",0.0,0.0,1.0,,,,,564,355.32,564,355.32,True,4.003159209246591,1.9845913480542992,0.6666672778717135,315.0,-0.03854774645142915,0.0,0.0031746031746031746,0.4,,,,,,,,,,,,,,,,,,,,,,,,,,,,,,,,,,,,,,,,,,,,,,,,,,,,,,,,,,,,,,,,,,,,,,,
2.25.172445998420765569384934552191547932566,/home/user/workspace/dataset_extracted/Датасет/НД_для_обучения/Исследования/2.25.172445998420765569384934552191547932566/series_004_2_CR/A2507368766 DXA/CR DXA/CR000001.dcm,1.2.643.5.1.13.13.12.2.77.8252.05030907080814020708000711150507,5,291,280,right_hip,True,0.0,,,,,0.0,0.0,,,55,34.65,55,34.65,True,3.7627934639726077,,,,,,,,-7.044583746615576,7.044583746615576,25.8,91.35000000000001,0.0,-10.916920609462716,54.6,17.20817963111467,96.60000000000001,6.0,305.55,168.0,291.0,0.39464285714285713,0.16672803141875306,1.0,0.24642857142857144,0.14285714285714285,0.45824236424687753,0.11746514066258304,0.9657265820145238,-11.633983378289715,0.9830064882991791,-12.790067070059054,1.188896989137561,-13.507129838886055,0.8933148647663302,-14.063213530655394,1.699205365604712,-14.019297222424735,2.5050958664430936,-13.375380914194064,2.7109863672814583,-13.331464605963395,3.51687686811984,-13.448527374790403,3.821294743748626,-13.404611066559744,4.627185244587008,-12.760694758329082,6.033075745425372,-12.716778450098413,7.438966246263754,-12.672862141867745,7.644856747102119,-13.228945833637084,7.250747247940501,-14.546008602464092,7.555165123569287,-15.102092294233422,8.361055624407651,-16.25817598600276,9.766946125246033,-19.814259677772093,11.772836626084414,-21.570343369541433,13.178727126922796,-23.487406138368442,14.083145002551566,-24.64348983013777,15.489035503389948,right,0.6324719211592345,7.044583746615576,0.325,0.0,0.0,,,0.0,0.0
2.25.172445998420765569384934552191547932566,/home/user/workspace/dataset_extracted/Датасет/НД_для_обучения/Исследования/2.25.172445998420765569384934552191547932566/series_004_2_CR/A2507368766 DXA/CR DXA/CR000002.dcm,1.2.643.5.1.13.13.12.2.77.8252.15151313120000020410110702050700,3,317,280,left_hip,True,0.0,,,,,,,0.0,0.0,161,101.43,161,101.43,True,3.6873225616680405,,,,,,,,-3.778118543236195,3.778118543236195,27.0,127.05000000000001,2.7111773472429244,4.396314862484758,46.8,14.435572415661829,122.85000000000001,3.0,332.85,168.0,238.0,0.3482142857142857,0.24490761604326272,0.750788643533123,0.39285714285714285,0.14285714285714285,0.5448384519305272,0.10450392111706999,0.9673284785851194,0.01703834168811511,4.991339926839186,-15.450491803278686,6.369104457390591,-15.35113941200379,7.252427855304154,-15.218669556970598,7.430192385855577,-15.686199701937408,7.007956916406982,-15.553729846904218,6.585721446958405,-15.421259991871018,6.163485977509827,-14.721907600596122,5.24680937542339,-14.589437745562932,4.824573905974796,-13.856967890529742,5.002338436526219,-13.724498035496543,5.7801029670776245,-12.992028180463352,6.557867497629047,-12.859558325430163,7.335632028180452,-12.760205934155266,8.218955426094015,-12.627736079122075,8.996719956645437,-12.495266224088876,10.374484487196861,-11.762796369055687,12.352249017748266,-12.230326514022488,-9.069986451700311,-13.3309741227476,-11.786663053786748,-13.1985042677144,-15.808898523235342,left,-0.5230295197922692,3.778118543236195,0.2785714285714286,,,0.0,0.0,0.0,0.0
2.25.173731186748227489808861376513577450951,/home/user/workspace/dataset_extracted/Датасет/НД_для_обучения/Исследования/2.25.173731186748227489808861376513577450951/series_002_2_CR/A2507188958 DXA/CR DXA/CR000000.dcm,1.2.643.5.1.13.13.12.2.77.8252.01091510011014070612050311031410,1,289,300,spine,True,0.0,,0.0,0.0,0.0,,,,,1643,1035.09,1643,1035.09,True,5.968401126498576,1.7790066371682929,0.09944685574224277,289.0,0.0328060321876986,0.0,0.0034602076124567475,0.3433333333333333,,,,,,,,,,,,,,,,,,,,,,,,,,,,,,,,,,,,,,,,,,,,,,,,,,,,,,,,,,,,,,,,,,,,,,,
2.25.173731186748227489808861376513577450951,/home/user/workspace/dataset_extracted/Датасет/НД_для_обучения/Исследования/2.25.173731186748227489808861376513577450951/series_002_2_CR/A2507188958 DXA/CR DXA/CR000001.dcm,1.2.643.5.1.13.13.12.2.77.8252.04070212140009090002060410031413,3,263,280,left_hip,True,0.0,,,,,,,0.0,0.0,0,0.0,0,0.0,False,0.0,,,,,,,,-4.108009585308379,4.108009585308379,25.8,74.55,0.0,-15.28611670020125,66.6,12.553722334004066,77.7,3.0,276.15000000000003,168.0,145.0,0.46785714285714286,0.16610537751222162,0.5513307984790875,0.23214285714285715,0.14642857142857144,0.6111927600714135,0.17906761873456187,0.9841137613864653,-16.34305835010064,0.8451911468813023,-17.352313883299836,1.6326358148893518,-18.409255533199236,2.5232193158953975,-18.818511066398433,3.310663983903447,-20.427766599597625,3.4981086519114966,-21.43702213279682,3.685553319919546,-22.446277665996025,3.8729979879275955,-22.903219315895416,4.163581488933642,-23.31247484909461,3.751026156941691,-23.721730382293803,4.538470824949741,-24.730985915492997,4.72591549295779,-25.740241448692203,5.513360160965839,-27.349496981891395,6.300804828973889,-29.606438631790787,7.191388329979918,-30.0,8.578832997987968,-30.0,10.566277665996017,-30.0,12.553722334004066,-30.0,12.141167002012116,-30.0,11.831750503018162,-30.0,11.625472837022187,left,-0.750292851858497,4.108009585308379,0.3964285714285714,,,0.0,0.0,0.0,0.0
2.25.173753313169335820519632380691065649420,/home/user/workspace/dataset_extracted/Датасет/НД_для_обучения/Исследования/2.25.173753313169335820519632380691065649420/series_003_2_CR/A2504265499 DXA/CR DXA/CR000000.dcm,1.2.643.5.1.13.13.12.2.77.8252.10100404000008120405081411021306,5,207,280,right_hip,True,1.0,Нарушение корректности области интереса правого бедра,,,,0.0,1.0,,,0,0.0,0,0.0,False,0.0,,,,,,,,-17.345797192269366,17.345797192269366,13.2,65.10000000000001,1.1967001586462143,7.41971745863863,40.199999999999996,9.414383923849835,46.2,7.8,217.35000000000002,168.0,207.0,0.3339285714285714,0.21031746031746032,1.0,0.2892857142857143,0.19285714285714287,0.46066317260540957,0.12913512018160664,0.8951241341764473,6.0760595301049705,1.0016922263352968,6.101427815970351,1.4033844526705763,5.670454030369382,1.4046536224220232,5.695822316234762,2.406345848757303,5.721190602100142,3.4080380750925654,3.946558887965523,4.409730301427845,2.771927173830886,6.011422527763124,2.9409533882299344,7.8126916975145715,2.9663216740952976,9.414383923849835,2.991689959960695,8.616076150185114,2.417058245826058,7.817768376520394,2.129742388758757,8.018614489688025,2.129742388758757,8.018614489688025,2.129742388758757,8.018614489688025,2.129742388758757,8.018614489688025,2.129742388758757,8.018614489688025,2.129742388758757,8.018614489688025,2.129742388758757,8.018614489688025,2.129742388758757,8.018614489688025,2.129742388758757,8.018614489688025,right,0.3453333471648199,17.345797192269366,0.23928571428571427,0.0,1.0,,,0.0,1.0
2.25.173753313169335820519632380691065649420,/home/user/workspace/dataset_extracted/Датасет/НД_для_обучения/Исследования/2.25.173753313169335820519632380691065649420/series_003_2_CR/A2504265499 DXA/CR DXA/CR000001.dcm,1.2.643.5.1.13.13.12.2.77.8252.04131502110204030305140811061103,11,207,280,right_hip,True,1.0,Нарушение корректности области интереса правого бедра,,,,0.0,1.0,,,0,0.0,0,0.0,False,0.0,,,,,,,,-17.345797192269366,17.345797192269366,13.2,65.10000000000001,1.1967001586462143,7.41971745863863,40.199999999999996,9.414383923849835,46.2,7.8,217.35000000000002,168.0,207.0,0.3339285714285714,0.21031746031746032,1.0,0.2892857142857143,0.19285714285714287,0.46066317260540957,0.12913512018160664,0.8951241341764473,6.0760595301049705,1.0016922263352968,6.101427815970351,1.4033844526705763,5.670454030369382,1.4046536224220232,5.695822316234762,2.406345848757303,5.721190602100142,3.4080380750925654,3.946558887965523,4.409730301427845,2.771927173830886,6.011422527763124,2.9409533882299344,7.8126916975145715,2.9663216740952976,9.414383923849835,2.991689959960695,8.616076150185114,2.417058245826058,7.817768376520394,2.129742388758757,8.018614489688025,2.129742388758757,8.018614489688025,2.129742388758757,8.018614489688025,2.129742388758757,8.018614489688025,2.129742388758757,8.018614489688025,2.129742388758757,8.018614489688025,2.129742388758757,8.018614489688025,2.129742388758757,8.018614489688025,2.129742388758757,8.018614489688025,right,0.3453333471648199,17.345797192269366,0.23928571428571427,0.0,1.0,,,0.0,1.0
2.25.173753313169335820519632380691065649420,/home/user/workspace/dataset_extracted/Датасет/НД_для_обучения/Исследования/2.25.173753313169335820519632380691065649420/series_003_2_CR/A2504265499 DXA/CR DXA/CR000002.dcm,1.2.643.5.1.13.13.12.2.77.8252.13001014110608151112110112061114,9,318,300,spine,True,1.0,Нарушение оси позвоночника (отклонение более 5 градусов),0.0,1.0,0.0,,,,,854,538.02,854,538.02,True,4.896798093364535,3.0764514760465222,0.95304423793828,318.0,-0.007378564131141446,0.0,0.0031446540880503146,0.6566666666666666,,,,,,,,,,,,,,,,,,,,,,,,,,,,,,,,,,,,,,,,,,,,,,,,,,,,,,,,,,,,,,,,,,,,,,,
2.25.173753313169335820519632380691065649420,/home/user/workspace/dataset_extracted/Датасет/НД_для_обучения/Исследования/2.25.173753313169335820519632380691065649420/series_003_2_CR/A2504265499 DXA/CR DXA/CR000003.dcm,1.2.643.5.1.13.13.12.2.77.8252.04111300031205120703050100121209,3,237,280,left_hip,True,0.0,,,,,,,0.0,0.0,0,0.0,0,0.0,False,0.0,,,,,,,,-17.485151470035937,17.485151470035937,12.6,74.55,0.0,11.753722334003992,74.39999999999999,13.50929577464791,52.5,10.2,248.85000000000002,168.0,237.0,0.5339285714285714,0.19769439421338156,1.0,0.275,0.18571428571428572,0.4776659312256572,0.12835653380675463,0.9370369383025291,7.451891348088503,1.3170422535211515,8.328430583500976,1.3474647887324067,9.285835010060334,2.120281690140865,10.162374245472806,2.1507042253521376,10.438913480885281,2.7811267605633927,11.315452716297756,4.011549295774665,10.39199195171023,4.641971830985938,10.749396378269585,5.414788732394396,10.425935613682059,6.645211267605668,9.502474849094535,8.475633802816924,9.779014084507008,10.306056338028196,10.055553319919483,12.736478873239468,10.332092555331956,13.36690140845074,10.332092555331956,13.36690140845074,10.332092555331956,13.36690140845074,10.332092555331956,13.36690140845074,10.332092555331956,13.36690140845074,10.332092555331956,13.36690140845074,10.332092555331956,13.36690140845074,10.332092555331956,13.36690140845074,left,-1.4667458048744608,17.485151470035937,0.4428571428571428,,,0.0,0.0,0.0,0.0
2.25.173753313169335820519632380691065649420,/home/user/workspace/dataset_extracted/Датасет/НД_для_обучения/Исследования/2.25.173753313169335820519632380691065649420/series_003_2_CR/A2504265499 DXA/CR DXA/CR000004.dcm,1.2.643.5.1.13.13.12.2.77.8252.14060111140409011305070812141414,13,207,280,right_hip,True,1.0,Нарушение корректности области интереса правого бедра,,,,0.0,1.0,,,0,0.0,0,0.0,False,0.0,,,,,,,,-17.345797192269366,17.345797192269366,13.2,65.10000000000001,1.1967001586462143,7.41971745863863,40.199999999999996,9.414383923849835,46.2,7.8,217.35000000000002,168.0,207.0,0.3339285714285714,0.21031746031746032,1.0,0.2892857142857143,0.19285714285714287,0.46066317260540957,0.12913512018160664,0.8951241341764473,6.0760595301049705,1.0016922263352968,6.101427815970351,1.4033844526705763,5.670454030369382,1.4046536224220232,5.695822316234762,2.406345848757303,5.721190602100142,3.4080380750925654,3.946558887965523,4.409730301427845,2.771927173830886,6.011422527763124,2.9409533882299344,7.8126916975145715,2.9663216740952976,9.414383923849835,2.991689959960695,8.616076150185114,2.417058245826058,7.817768376520394,2.129742388758757,8.018614489688025,2.129742388758757,8.018614489688025,2.129742388758757,8.018614489688025,2.129742388758757,8.018614489688025,2.129742388758757,8.018614489688025,2.129742388758757,8.018614489688025,2.129742388758757,8.018614489688025,2.129742388758757,8.018614489688025,2.129742388758757,8.018614489688025,right,0.3453333471648199,17.345797192269366,0.23928571428571427,0.0,1.0,,,0.0,1.0
2.25.173753313169335820519632380691065649420,/home/user/workspace/dataset_extracted/Датасет/НД_для_обучения/Исследования/2.25.173753313169335820519632380691065649420/series_003_2_CR/A2504265499 DXA/CR DXA/CR000005.dcm,1.2.643.5.1.13.13.12.2.77.8252.15000310101315070007100105150401,1,318,300,spine,True,1.0,Нарушение оси позвоночника (отклонение более 5 градусов),0.0,1.0,0.0,,,,,854,538.02,854,538.02,True,4.896798093364535,3.0764514760465222,0.95304423793828,318.0,-0.007378564131141446,0.0,0.0031446540880503146,0.6566666666666666,,,,,,,,,,,,,,,,,,,,,,,,,,,,,,,,,,,,,,,,,,,,,,,,,,,,,,,,,,,,,,,,,,,,,,,
2.25.173753313169335820519632380691065649420,/home/user/workspace/dataset_extracted/Датасет/НД_для_обучения/Исследования/2.25.173753313169335820519632380691065649420/series_003_2_CR/A2504265499 DXA/CR DXA/CR000006.dcm,1.2.643.5.1.13.13.12.2.77.8252.05130004120107120511100914090711,2,207,280,right_hip,True,1.0,Нарушение корректности области интереса правого бедра,,,,0.0,1.0,,,0,0.0,0,0.0,False,0.0,,,,,,,,-17.345797192269366,17.345797192269366,13.2,65.10000000000001,1.1967001586462143,7.41971745863863,40.199999999999996,9.414383923849835,46.2,7.8,217.35000000000002,168.0,207.0,0.3339285714285714,0.21031746031746032,1.0,0.2892857142857143,0.19285714285714287,0.46066317260540957,0.12913512018160664,0.8951241341764473,6.0760595301049705,1.0016922263352968,6.101427815970351,1.4033844526705763,5.670454030369382,1.4046536224220232,5.695822316234762,2.406345848757303,5.721190602100142,3.4080380750925654,3.946558887965523,4.409730301427845,2.771927173830886,6.011422527763124,2.9409533882299344,7.8126916975145715,2.9663216740952976,9.414383923849835,2.991689959960695,8.616076150185114,2.417058245826058,7.817768376520394,2.129742388758757,8.018614489688025,2.129742388758757,8.018614489688025,2.129742388758757,8.018614489688025,2.129742388758757,8.018614489688025,2.129742388758757,8.018614489688025,2.129742388758757,8.018614489688025,2.129742388758757,8.018614489688025,2.129742388758757,8.018614489688025,2.129742388758757,8.018614489688025,right,0.3453333471648199,17.345797192269366,0.23928571428571427,0.0,1.0,,,0.0,1.0
2.25.173753313169335820519632380691065649420,/home/user/workspace/dataset_extracted/Датасет/НД_для_обучения/Исследования/2.25.173753313169335820519632380691065649420/series_003_2_CR/A2504265499 DXA/CR DXA/CR000007.dcm,1.2.643.5.1.13.13.12.2.77.8252.14100508051012080011140911030615,10,237,280,left_hip,True,0.0,,,,,,,0.0,0.0,0,0.0,0,0.0,False,0.0,,,,,,,,-17.485151470035937,17.485151470035937,12.6,74.55,0.0,11.753722334003992,74.39999999999999,13.50929577464791,52.5,10.2,248.85000000000002,168.0,237.0,0.5339285714285714,0.19769439421338156,1.0,0.275,0.18571428571428572,0.4776659312256572,0.12835653380675463,0.9370369383025291,7.451891348088503,1.3170422535211515,8.328430583500976,1.3474647887324067,9.285835010060334,2.120281690140865,10.162374245472806,2.1507042253521376,10.438913480885281,2.7811267605633927,11.315452716297756,4.011549295774665,10.39199195171023,4.641971830985938,10.749396378269585,5.414788732394396,10.425935613682059,6.645211267605668,9.502474849094535,8.475633802816924,9.779014084507008,10.306056338028196,10.055553319919483,12.736478873239468,10.332092555331956,13.36690140845074,10.332092555331956,13.36690140845074,10.332092555331956,13.36690140845074,10.332092555331956,13.36690140845074,10.332092555331956,13.36690140845074,10.332092555331956,13.36690140845074,10.332092555331956,13.36690140845074,10.332092555331956,13.36690140845074,left,-1.4667458048744608,17.485151470035937,0.4428571428571428,,,0.0,0.0,0.0,0.0
2.25.173753313169335820519632380691065649420,/home/user/workspace/dataset_extracted/Датасет/НД_для_обучения/Исследования/2.25.173753313169335820519632380691065649420/series_003_2_CR/A2504265499 DXA/CR DXA/CR000008.dcm,1.2.643.5.1.13.13.12.2.77.8252.04041008080502040914000415071204,4,318,300,spine,True,1.0,Нарушение оси позвоночника (отклонение более 5 градусов),0.0,1.0,0.0,,,,,854,538.02,854,538.02,True,4.896798093364535,3.0764514760465222,0.95304423793828,318.0,-0.007378564131141446,0.0,0.0031446540880503146,0.6566666666666666,,,,,,,,,,,,,,,,,,,,,,,,,,,,,,,,,,,,,,,,,,,,,,,,,,,,,,,,,,,,,,,,,,,,,,,
2.25.173753313169335820519632380691065649420,/home/user/workspace/dataset_extracted/Датасет/НД_для_обучения/Исследования/2.25.173753313169335820519632380691065649420/series_003_2_CR/A2504265499 DXA/CR DXA/CR000009.dcm,1.2.643.5.1.13.13.12.2.77.8252.03020200150014080308080615120500,12,237,280,left_hip,True,0.0,,,,,,,0.0,0.0,0,0.0,0,0.0,False,0.0,,,,,,,,-17.485151470035937,17.485151470035937,12.6,74.55,0.0,11.753722334003992,74.39999999999999,13.50929577464791,52.5,10.2,248.85000000000002,168.0,237.0,0.5339285714285714,0.19769439421338156,1.0,0.275,0.18571428571428572,0.4776659312256572,0.12835653380675463,0.9370369383025291,7.451891348088503,1.3170422535211515,8.328430583500976,1.3474647887324067,9.285835010060334,2.120281690140865,10.162374245472806,2.1507042253521376,10.438913480885281,2.7811267605633927,11.315452716297756,4.011549295774665,10.39199195171023,4.641971830985938,10.749396378269585,5.414788732394396,10.425935613682059,6.645211267605668,9.502474849094535,8.475633802816924,9.779014084507008,10.306056338028196,10.055553319919483,12.736478873239468,10.332092555331956,13.36690140845074,10.332092555331956,13.36690140845074,10.332092555331956,13.36690140845074,10.332092555331956,13.36690140845074,10.332092555331956,13.36690140845074,10.332092555331956,13.36690140845074,10.332092555331956,13.36690140845074,10.332092555331956,13.36690140845074,left,-1.4667458048744608,17.485151470035937,0.4428571428571428,,,0.0,0.0,0.0,0.0
2.25.173753313169335820519632380691065649420,/home/user/workspace/dataset_extracted/Датасет/НД_для_обучения/Исследования/2.25.173753313169335820519632380691065649420/series_003_2_CR/A2504265499 DXA/CR DXA/CR000010.dcm,1.2.643.5.1.13.13.12.2.77.8252.13141514150708151311080810050711,6,237,280,left_hip,True,0.0,,,,,,,0.0,0.0,0,0.0,0,0.0,False,0.0,,,,,,,,-17.485151470035937,17.485151470035937,12.6,74.55,0.0,11.753722334003992,74.39999999999999,13.50929577464791,52.5,10.2,248.85000000000002,168.0,237.0,0.5339285714285714,0.19769439421338156,1.0,0.275,0.18571428571428572,0.4776659312256572,0.12835653380675463,0.9370369383025291,7.451891348088503,1.3170422535211515,8.328430583500976,1.3474647887324067,9.285835010060334,2.120281690140865,10.162374245472806,2.1507042253521376,10.438913480885281,2.7811267605633927,11.315452716297756,4.011549295774665,10.39199195171023,4.641971830985938,10.749396378269585,5.414788732394396,10.425935613682059,6.645211267605668,9.502474849094535,8.475633802816924,9.779014084507008,10.306056338028196,10.055553319919483,12.736478873239468,10.332092555331956,13.36690140845074,10.332092555331956,13.36690140845074,10.332092555331956,13.36690140845074,10.332092555331956,13.36690140845074,10.332092555331956,13.36690140845074,10.332092555331956,13.36690140845074,10.332092555331956,13.36690140845074,10.332092555331956,13.36690140845074,left,-1.4667458048744608,17.485151470035937,0.4428571428571428,,,0.0,0.0,0.0,0.0
2.25.175881661753775295785039265792986971602,/home/user/workspace/dataset_extracted/Датасет/НД_для_обучения/Исследования/2.25.175881661753775295785039265792986971602/series_003_2_CR/A2507266462 DXA/CR DXA/CR000000.dcm,1.2.643.5.1.13.13.12.2.77.8252.06070803110509120507010310141201,1,235,280,right_hip,True,0.0,,,,,0.0,0.0,,,0,0.0,0,0.0,False,0.0,,,,,,,,-5.946480921861135,5.946480921861135,24.0,72.45,0.0,-2.296222141030307,61.8,12.385093167701854,63.0,6.6,246.75,168.0,230.0,0.4625,0.16656534954407295,0.9787234042553191,0.175,0.1392857142857143,0.5137016166277028,0.15525302135776245,0.9603102294430494,-3.184932407745683,1.3987577639751463,-2.473964194373377,1.234782608695633,-3.14073803434415,1.1118012422360153,-4.229769820971844,0.947826086956502,-4.718801607599539,1.3838509316770058,-7.6078333942272245,1.8198757763975095,-8.096865180854929,2.8559006211179963,-8.763639020825702,3.3329192546583783,-9.852670807453388,4.368944099378865,-10.94170259408109,5.404968944099369,-12.030734380708793,6.440993788819855,-12.51976616733648,8.077018633540359,-12.408797953964164,9.113043478260863,-11.875571793934938,10.790062111801229,-11.76460358056264,11.826086956521731,-11.831377420533414,12.303105590062097,-11.831377420533414,12.303105590062097,-11.831377420533414,12.303105590062097,-11.831377420533414,12.303105590062097,-11.831377420533414,12.303105590062097,right,0.5044073102934186,5.946480921861135,0.3678571428571428,0.0,0.0,,,0.0,0.0
2.25.175881661753775295785039265792986971602,/home/user/workspace/dataset_extracted/Датасет/НД_для_обучения/Исследования/2.25.175881661753775295785039265792986971602/series_003_2_CR/A2507266462 DXA/CR DXA/CR000001.dcm,1.2.643.5.1.13.13.12.2.77.8252.14060403060314010506081209070311,2,315,300,spine,True,0.0,,0.0,0.0,0.0,,,,,800,504.0,800,504.0,True,4.251666343917834,2.3555770214578566,0.307781760928032,315.0,-0.024815189259139458,0.0,0.0031746031746031746,0.6,,,,,,,,,,,,,,,,,,,,,,,,,,,,,,,,,,,,,,,,,,,,,,,,,,,,,,,,,,,,,,,,,,,,,,,
2.25.175881661753775295785039265792986971602,/home/user/workspace/dataset_extracted/Датасет/НД_для_обучения/Исследования/2.25.175881661753775295785039265792986971602/series_003_2_CR/A2507266462 DXA/CR DXA/CR000002.dcm,1.2.643.5.1.13.13.12.2.77.8252.10000603030913050503020611051415,3,233,280,left_hip,True,0.0,,,,,,,0.0,0.0,0,0.0,0,0.0,False,0.0,,,,,,,,-10.865848762376935,10.865848762376935,24.0,72.45,0.0,-1.6992327365729067,66.0,11.980650347095388,77.7,7.199999999999999,244.65,168.0,233.0,0.4642857142857143,0.17326793378295524,1.0,0.2357142857142857,0.1392857142857143,0.44828508203709844,0.1276095414704838,0.9401205108481806,-3.727658019729631,0.7893898428936836,-3.849104859335034,0.25554987212275365,-3.040189989039095,-0.14483010595541826,-4.361636828644498,-0.07867007672634826,-4.483083668249918,-0.012510047497261211,-4.604530507855321,0.05364998173182584,-4.125977347460741,0.1198100109609129,-3.3170624771648023,0.9194300328827238,-2.2385093167702053,0.985590062111811,-1.7599561563756083,1.651750091340898,-6.081402995981011,2.317910120569985,-7.402849835586431,3.584070149799072,-8.124296675191834,4.850230179028159,-7.915381804895895,6.24985020094997,-7.436828644501315,7.516010230179057,-7.558275484106718,8.182170259408144,-6.479722323712122,8.248330288637215,-5.401169163317524,10.1144903178663,-5.192254293021585,11.514110339788113,-4.6529777128243035,11.847190354402665,left,-0.7500840458627616,10.865848762376935,0.39285714285714285,,,0.0,0.0,0.0,0.0
2.25.175881661753775295785039265792986971602,/home/user/workspace/dataset_extracted/Датасет/НД_для_обучения/Исследования/2.25.175881661753775295785039265792986971602/series_003_2_CR/A2507266462 DXA/CR DXA/CR000003.dcm,1.2.643.5.1.13.13.12.2.77.8252.06110514030914051115040913030103,4,235,280,right_hip,True,0.0,,,,,0.0,0.0,,,0,0.0,0,0.0,False,0.0,,,,,,,,-5.946480921861135,5.946480921861135,24.0,72.45,0.0,-2.296222141030307,61.8,12.385093167701854,63.0,6.6,246.75,168.0,230.0,0.4625,0.16656534954407295,0.9787234042553191,0.175,0.1392857142857143,0.5137016166277028,0.15525302135776245,0.9603102294430494,-3.184932407745683,1.3987577639751463,-2.473964194373377,1.234782608695633,-3.14073803434415,1.1118012422360153,-4.229769820971844,0.947826086956502,-4.718801607599539,1.3838509316770058,-7.6078333942272245,1.8198757763975095,-8.096865180854929,2.8559006211179963,-8.763639020825702,3.3329192546583783,-9.852670807453388,4.368944099378865,-10.94170259408109,5.404968944099369,-12.030734380708793,6.440993788819855,-12.51976616733648,8.077018633540359,-12.408797953964164,9.113043478260863,-11.875571793934938,10.790062111801229,-11.76460358056264,11.826086956521731,-11.831377420533414,12.303105590062097,-11.831377420533414,12.303105590062097,-11.831377420533414,12.303105590062097,-11.831377420533414,12.303105590062097,-11.831377420533414,12.303105590062097,right,0.5044073102934186,5.946480921861135,0.3678571428571428,0.0,0.0,,,0.0,0.0
2.25.175903805423871105435148927871625232853,/home/user/workspace/dataset_extracted/Датасет/НД_для_обучения/Исследования/2.25.175903805423871105435148927871625232853/series_001_2_CR/A2507159447 DXA/CR DXA/CR000000.dcm,1.2.643.5.1.13.13.12.2.77.8252.12071204070300150506091512141413,1,315,300,spine,True,0.0,,0.0,0.0,0.0,,,,,980,617.4,980,617.4,True,3.9630873382754075,0.49460740349659493,0.08053505443598574,315.0,-0.013933659102203061,0.0,0.0031746031746031746,0.3433333333333333,,,,,,,,,,,,,,,,,,,,,,,,,,,,,,,,,,,,,,,,,,,,,,,,,,,,,,,,,,,,,,,,,,,,,,,
2.25.175903805423871105435148927871625232853,/home/user/workspace/dataset_extracted/Датасет/НД_для_обучения/Исследования/2.25.175903805423871105435148927871625232853/series_001_2_CR/A2507159447 DXA/CR DXA/CR000001.dcm,1.2.643.5.1.13.13.12.2.77.8252.13151105000600070510031109011109,5,289,280,left_hip,True,0.0,,,,,,,0.0,0.0,0,0.0,0,0.0,False,0.0,,,,,,,,-1.8845080285146034,1.8845080285146034,24.0,99.75,0.0,-16.643717805151173,30.599999999999998,15.19509238521835,105.0,5.3999999999999995,303.45,168.0,284.0,0.24821428571428572,0.16706623826000988,0.9826989619377162,0.2357142857142857,0.125,0.47929839984093325,0.13022732468682305,0.9695498891004684,-17.250923852183647,1.0588773796192499,-18.46053191489361,1.9728863381858786,-19.66773796192609,2.3583930571108565,-20.877346024636054,3.2724020156774856,-21.48695408734602,4.186410974244114,-22.696562150055986,5.100419932810743,-22.70617021276595,6.014428891377372,-22.713376259798427,6.399935610302341,-22.722984322508392,6.71394456886897,-23.33259238521836,7.027953527435599,-23.342200447928324,6.741962486002228,-25.751808510638295,7.055971444568857,-27.561416573348257,6.769980403135485,-28.16862262038073,7.155487122060455,-29.978230683090697,8.069496080627085,-30.0,8.983505039193712,-30.0,9.897513997760342,-30.0,10.81152295632697,-30.0,11.19702967525195,-30.0,12.111038633818577,right,0.13458118588912568,1.8845080285146034,0.18214285714285713,0.0,0.0,,,0.0,0.0
2.25.175903805423871105435148927871625232853,/home/user/workspace/dataset_extracted/Датасет/НД_для_обучения/Исследования/2.25.175903805423871105435148927871625232853/series_001_2_CR/A2507159447 DXA/CR DXA/CR000002.dcm,1.2.643.5.1.13.13.12.2.77.8252.15100208060002090813060606131404,3,289,280,left_hip,True,0.0,,,,,,,0.0,0.0,3927,2474.01,3927,2474.01,True,5.794061211403969,,,,,,,,-1.989383829232521,1.989383829232521,24.599999999999998,87.15,0.0,-15.988107132362199,50.4,10.169887914025418,86.10000000000001,3.0,303.45,168.0,165.0,0.36607142857142855,0.17467869500741473,0.5709342560553633,0.3,0.1357142857142857,0.612356141744674,0.16511446842098648,0.9890611875152406,-17.169845934259683,0.8368288484950142,-18.33332353805466,1.7815750808110464,-18.905931740900886,2.190134755048058,-19.46940934469585,3.1348809873640904,-19.43288694849083,3.4796272196801055,-19.996364552285797,4.424373451996121,-20.559842156080766,4.769119684312153,-20.53245035892699,5.177679358549164,-20.495927962721968,6.1224255908651966,-21.659405566516934,6.467171823181212,-22.8228831703119,6.211918055497244,-23.986360774106878,5.956664287813259,-25.149838377901848,6.3014105201292745,-26.922446580748073,6.109970194366303,-29.28592418454305,6.454716426682318,-30.0,7.399462658998334,-30.0,8.344208891314366,-30.0,8.68895512363038,-30.0,9.69751479786741,-30.0,10.042261030183425,left,-0.40445287438388516,1.989383829232521,0.3,,,0.0,0.0,0.0,0.0
2.25.17706555930735581384953296958427669848,/home/user/workspace/dataset_extracted/Датасет/НД_для_обучения/Исследования/2.25.17706555930735581384953296958427669848/series_004_3_CR/A2504146513 DXA/CR DXA/CR000000.dcm,1.2.643.5.1.13.13.12.2.77.8252.11051514070611150905020505061111,3,261,280,left_hip,True,0.0,,,,,,,0.0,0.0,0,0.0,0,0.0,False,0.0,,,,,,,,-12.086196645790837,12.086196645790837,24.599999999999998,81.9,0.0,1.2248738603168987,39.0,17.595308488979377,81.9,10.2,274.05,168.0,261.0,0.30357142857142855,0.18203338806787084,1.0,0.2785714285714286,0.14642857142857144,0.4562110290269843,0.12380320052261214,0.9510790434415479,-4.896030551726753,1.9775313294300587,-4.841720305011443,2.0331541875845573,-4.500987619974955,1.6248713312004355,-3.8466773732596464,1.6804941893549425,-3.7923671265443373,1.7361170475094412,-2.5380568798290284,2.391739905663948,-1.2837466331137193,2.447362763818455,-0.34301394807723967,3.2390799074343333,0.9112962986380779,3.8947027655888404,0.365606545353387,5.150325623743339,-0.7800832079313039,7.005948481897854,-2.5257729612159947,8.261571340052352,-3.0714627145006856,10.117194198206851,-4.530730029464206,11.508911341822738,-6.876419782748888,14.564534199977237,-8.622109536033587,16.420157058131736,-8.56779928931827,17.07577991628625,-7.9134890426029525,17.131402774440748,-8.172756357566481,17.323119918056637,-7.518446110851164,17.378742776211134,left,-0.3501473271372314,12.086196645790837,0.23214285714285715,,,0.0,0.0,0.0,0.0
2.25.17706555930735581384953296958427669848,/home/user/workspace/dataset_extracted/Датасет/НД_для_обучения/Исследования/2.25.17706555930735581384953296958427669848/series_004_3_CR/A2504146513 DXA/CR DXA/CR000001.dcm,1.2.643.5.1.13.13.12.2.77.8252.03050114141207061001080502130215,1,287,300,spine,True,1.0,"Наличие посторонних предметов, артефактов или наложений",0.0,0.0,1.0,,,,,245,154.35,245,154.35,True,3.4268919393884376,2.3250533208761572,2.4200169424107294,287.0,-0.022400312869137715,0.0,0.003484320557491289,0.4633333333333333,,,,,,,,,,,,,,,,,,,,,,,,,,,,,,,,,,,,,,,,,,,,,,,,,,,,,,,,,,,,,,,,,,,,,,,
2.25.17706555930735581384953296958427669848,/home/user/workspace/dataset_extracted/Датасет/НД_для_обучения/Исследования/2.25.17706555930735581384953296958427669848/series_004_3_CR/A2504146513 DXA/CR DXA/CR000002.dcm,1.2.643.5.1.13.13.12.2.77.8252.02140511090200100603110807051014,7,287,300,spine,True,1.0,"Наличие посторонних предметов, артефактов или наложений",0.0,0.0,1.0,,,,,245,154.35,245,154.35,True,3.4268919393884376,2.3250533208761572,2.4200169424107294,287.0,-0.022400312869137715,0.0,0.003484320557491289,0.4633333333333333,,,,,,,,,,,,,,,,,,,,,,,,,,,,,,,,,,,,,,,,,,,,,,,,,,,,,,,,,,,,,,,,,,,,,,,
2.25.17706555930735581384953296958427669848,/home/user/workspace/dataset_extracted/Датасет/НД_для_обучения/Исследования/2.25.17706555930735581384953296958427669848/series_004_3_CR/A2504146513 DXA/CR DXA/CR000003.dcm,1.2.643.5.1.13.13.12.2.77.8252.08081313070715151208110603030015,8,261,280,left_hip,True,0.0,,,,,,,0.0,0.0,0,0.0,0,0.0,False,0.0,,,,,,,,-4.985864276063786,4.985864276063786,13.799999999999999,81.9,0.0,-8.997589752020133,19.2,20.927373891930866,86.10000000000001,10.799999999999999,274.05,168.0,261.0,0.22142857142857142,0.17716201423097974,1.0,0.2892857142857143,0.075,0.4464237603979338,0.10393080477721994,0.9544306729610439,-11.096189886063305,1.8714804183158718,-11.432301875339851,2.602551878501251,-11.834385867297263,2.850855473640291,-12.170497856573808,2.3819269338256785,-12.506609845850354,2.5129983940110576,-12.2427218351269,2.044069854196445,-11.978833824403447,2.175141314381824,-11.180917816360857,3.0234449095208644,-10.917029805637403,3.754516369706252,-11.25314179491395,4.485587829891631,-10.989253784190495,5.816659290077018,-10.12536577346704,7.147730750262405,-9.261477762743587,9.078802210447792,-9.063561754700999,9.927105805586825,-15.999673743977544,13.058177265772212,-24.73578573325409,15.5892487259576,-27.471897722530635,16.920320186142977,-29.00800971180718,18.851391646328366,-30.0,20.299695241467408,-30.0,19.830766701652784,right,0.049834994329378324,4.985864276063786,0.11428571428571428,0.0,0.0,,,0.0,0.0
2.25.17706555930735581384953296958427669848,/home/user/workspace/dataset_extracted/Датасет/НД_для_обучения/Исследования/2.25.17706555930735581384953296958427669848/series_004_3_CR/A2504146513 DXA/CR DXA/CR000004.dcm,1.2.643.5.1.13.13.12.2.77.8252.04041511061006011303010701020104,5,261,280,left_hip,True,0.0,,,,,,,0.0,0.0,0,0.0,0,0.0,False,0.0,,,,,,,,-4.985864276063786,4.985864276063786,13.799999999999999,81.9,0.0,-8.997589752020133,19.2,20.927373891930866,86.10000000000001,10.799999999999999,274.05,168.0,261.0,0.22142857142857142,0.17716201423097974,1.0,0.2892857142857143,0.075,0.4464237603979338,0.10393080477721994,0.9544306729610439,-11.096189886063305,1.8714804183158718,-11.432301875339851,2.602551878501251,-11.834385867297263,2.850855473640291,-12.170497856573808,2.3819269338256785,-12.506609845850354,2.5129983940110576,-12.2427218351269,2.044069854196445,-11.978833824403447,2.175141314381824,-11.180917816360857,3.0234449095208644,-10.917029805637403,3.754516369706252,-11.25314179491395,4.485587829891631,-10.989253784190495,5.816659290077018,-10.12536577346704,7.147730750262405,-9.261477762743587,9.078802210447792,-9.063561754700999,9.927105805586825,-15.999673743977544,13.058177265772212,-24.73578573325409,15.5892487259576,-27.471897722530635,16.920320186142977,-29.00800971180718,18.851391646328366,-30.0,20.299695241467408,-30.0,19.830766701652784,right,0.049834994329378324,4.985864276063786,0.11428571428571428,0.0,0.0,,,0.0,0.0
2.25.17706555930735581384953296958427669848,/home/user/workspace/dataset_extracted/Датасет/НД_для_обучения/Исследования/2.25.17706555930735581384953296958427669848/series_004_3_CR/A2504146513 DXA/CR DXA/CR000005.dcm,1.2.643.5.1.13.13.12.2.77.8252.14111104000112000401050109111415,9,261,280,left_hip,True,0.0,,,,,,,0.0,0.0,0,0.0,0,0.0,False,0.0,,,,,,,,-12.086196645790837,12.086196645790837,24.599999999999998,81.9,0.0,1.2248738603168987,39.0,17.595308488979377,81.9,10.2,274.05,168.0,261.0,0.30357142857142855,0.18203338806787084,1.0,0.2785714285714286,0.14642857142857144,0.4562110290269843,0.12380320052261214,0.9510790434415479,-4.896030551726753,1.9775313294300587,-4.841720305011443,2.0331541875845573,-4.500987619974955,1.6248713312004355,-3.8466773732596464,1.6804941893549425,-3.7923671265443373,1.7361170475094412,-2.5380568798290284,2.391739905663948,-1.2837466331137193,2.447362763818455,-0.34301394807723967,3.2390799074343333,0.9112962986380779,3.8947027655888404,0.365606545353387,5.150325623743339,-0.7800832079313039,7.005948481897854,-2.5257729612159947,8.261571340052352,-3.0714627145006856,10.117194198206851,-4.530730029464206,11.508911341822738,-6.876419782748888,14.564534199977237,-8.622109536033587,16.420157058131736,-8.56779928931827,17.07577991628625,-7.9134890426029525,17.131402774440748,-8.172756357566481,17.323119918056637,-7.518446110851164,17.378742776211134,left,-0.3501473271372314,12.086196645790837,0.23214285714285715,,,0.0,0.0,0.0,0.0
2.25.177745077805190810016231350557005569203,/home/user/workspace/dataset_extracted/Датасет/НД_для_обучения/Исследования/2.25.177745077805190810016231350557005569203/series_002_2_CR/A2504273759 DXA/CR DXA/CR000000.dcm,1.2.643.5.1.13.13.12.2.77.8252.04150214121314031409051312111410,3,233,280,left_hip,True,0.0,,,,,,,0.0,0.0,800,504.0,800,504.0,True,6.581053900745664,,,,,,,,-10.872194019648056,10.872194019648056,9.0,72.45,0.0,1.4801607599561748,79.8,9.422360248447205,68.25,9.0,244.65,168.0,233.0,0.5,0.1884426732066217,1.0,0.30357142857142855,0.1,0.5049454971752495,0.15759961838345138,0.971156857671411,1.0983266350018652,5.580124223602445,-0.5380051150894815,4.730434782608648,-1.165253927658,4.693167701863314,-1.0015856777493468,3.8434782608695173,-1.4379174278406766,3.5937888198757375,-1.2742491779320233,3.344099378881958,-0.510580928023353,3.6944099378881785,-3.5378297405918713,3.657142857142827,-6.3741614906832185,4.607453416149047,-6.810493240774548,6.157763975155251,-7.246824990865894,7.708074534161471,-8.28315674095724,7.458385093167692,-9.31948849104857,7.8086956521738955,-9.34673730361709,8.371428571428561,-9.783069053708436,8.721739130434765,-10.819400803799766,8.472049689440984,-11.855732553891112,9.422360248447205,-11.855732553891112,9.422360248447205,-11.855732553891112,9.422360248447205,-11.855732553891112,9.422360248447205,left,-1.0089836272045536,10.872194019648056,0.475,,,0.0,0.0,0.0,0.0
2.25.177745077805190810016231350557005569203,/home/user/workspace/dataset_extracted/Датасет/НД_для_обучения/Исследования/2.25.177745077805190810016231350557005569203/series_002_2_CR/A2504273759 DXA/CR DXA/CR000001.dcm,1.2.643.5.1.13.13.12.2.77.8252.03031110041309110901030612131412,7,318,300,spine,True,0.0,,0.0,0.0,0.0,,,,,1257,791.91,1257,791.91,True,4.09474440871971,2.1946000098531058,3.3881662023561177,318.0,0.04274930701102022,0.0,0.0031446540880503146,0.8633333333333333,,,,,,,,,,,,,,,,,,,,,,,,,,,,,,,,,,,,,,,,,,,,,,,,,,,,,,,,,,,,,,,,,,,,,,,
2.25.177745077805190810016231350557005569203,/home/user/workspace/dataset_extracted/Датасет/НД_для_обучения/Исследования/2.25.177745077805190810016231350557005569203/series_002_2_CR/A2504273759 DXA/CR DXA/CR000002.dcm,1.2.643.5.1.13.13.12.2.77.8252.10151201011509101414030411060512,1,318,300,spine,True,0.0,,0.0,0.0,0.0,,,,,1257,791.91,1257,791.91,True,4.09474440871971,2.1946000098531058,3.3881662023561177,318.0,0.04274930701102022,0.0,0.0031446540880503146,0.8633333333333333,,,,,,,,,,,,,,,,,,,,,,,,,,,,,,,,,,,,,,,,,,,,,,,,,,,,,,,,,,,,,,,,,,,,,,,
2.25.177745077805190810016231350557005569203,/home/user/workspace/dataset_extracted/Датасет/НД_для_обучения/Исследования/2.25.177745077805190810016231350557005569203/series_002_2_CR/A2504273759 DXA/CR DXA/CR000003.dcm,1.2.643.5.1.13.13.12.2.77.8252.00141000101506010405040508081209,9,233,280,left_hip,True,0.0,,,,,,,0.0,0.0,800,504.0,800,504.0,True,6.581053900745664,,,,,,,,-10.872194019648056,10.872194019648056,9.0,72.45,0.0,1.4801607599561748,79.8,9.422360248447205,68.25,9.0,244.65,168.0,233.0,0.5,0.1884426732066217,1.0,0.30357142857142855,0.1,0.5049454971752495,0.15759961838345138,0.971156857671411,1.0983266350018652,5.580124223602445,-0.5380051150894815,4.730434782608648,-1.165253927658,4.693167701863314,-1.0015856777493468,3.8434782608695173,-1.4379174278406766,3.5937888198757375,-1.2742491779320233,3.344099378881958,-0.510580928023353,3.6944099378881785,-3.5378297405918713,3.657142857142827,-6.3741614906832185,4.607453416149047,-6.810493240774548,6.157763975155251,-7.246824990865894,7.708074534161471,-8.28315674095724,7.458385093167692,-9.31948849104857,7.8086956521738955,-9.34673730361709,8.371428571428561,-9.783069053708436,8.721739130434765,-10.819400803799766,8.472049689440984,-11.855732553891112,9.422360248447205,-11.855732553891112,9.422360248447205,-11.855732553891112,9.422360248447205,-11.855732553891112,9.422360248447205,left,-1.0089836272045536,10.872194019648056,0.475,,,0.0,0.0,0.0,0.0
2.25.177745077805190810016231350557005569203,/home/user/workspace/dataset_extracted/Датасет/НД_для_обучения/Исследования/2.25.177745077805190810016231350557005569203/series_002_2_CR/A2504273759 DXA/CR DXA/CR000004.dcm,1.2.643.5.1.13.13.12.2.77.8252.06130700140211110505051411010711,8,233,280,right_hip,True,0.0,,,,,0.0,0.0,,,743,468.09,743,468.09,True,5.492445682307182,,,,,,,,-12.139068085909614,12.139068085909614,10.2,72.45,0.0,2.784128607964931,69.6,7.290537084398999,60.900000000000006,12.6,244.65,168.0,233.0,0.45357142857142857,0.20656039239730226,1.0,0.2892857142857143,0.1357142857142857,0.5355233145913015,0.178419237908094,0.9707601217874973,0.8161198392400649,2.842864450127871,1.6727365728900507,2.4926854219948837,1.715199123127536,1.7800511508951387,1.371815856777505,1.4298721227621514,2.2284325904274906,1.0796930946291639,2.4850493240774765,0.7295140664961763,2.1416660577274453,0.9793350383631718,2.784128607964931,1.466700767263444,1.2407453416149166,2.9165217391304394,-3.302637924735097,4.3663427109974515,-4.8460211910851285,6.416163682864465,-5.789404457435142,6.665984654731477,-6.732787723785156,6.915805626598489,-7.2903251735476715,6.803171355498745,-7.633708439897703,7.052992327365757,-7.419554256485202,6.815447570332514,-7.419554256485202,6.815447570332514,-7.419554256485202,6.815447570332514,-7.419554256485202,6.815447570332514,-7.419554256485202,6.815447570332514,right,0.8544601363828965,12.139068085909614,0.41428571428571426,0.0,0.0,,,0.0,0.0
2.25.177745077805190810016231350557005569203,/home/user/workspace/dataset_extracted/Датасет/НД_для_обучения/Исследования/2.25.177745077805190810016231350557005569203/series_002_2_CR/A2504273759 DXA/CR DXA/CR000005.dcm,1.2.643.5.1.13.13.12.2.77.8252.01001108050505090405071008120805,5,233,280,right_hip,True,0.0,,,,,0.0,0.0,,,743,468.09,743,468.09,True,5.492445682307182,,,,,,,,-12.139068085909614,12.139068085909614,10.2,72.45,0.0,2.784128607964931,69.6,7.290537084398999,60.900000000000006,12.6,244.65,168.0,233.0,0.45357142857142857,0.20656039239730226,1.0,0.2892857142857143,0.1357142857142857,0.5355233145913015,0.178419237908094,0.9707601217874973,0.8161198392400649,2.842864450127871,1.6727365728900507,2.4926854219948837,1.715199123127536,1.7800511508951387,1.371815856777505,1.4298721227621514,2.2284325904274906,1.0796930946291639,2.4850493240774765,0.7295140664961763,2.1416660577274453,0.9793350383631718,2.784128607964931,1.466700767263444,1.2407453416149166,2.9165217391304394,-3.302637924735097,4.3663427109974515,-4.8460211910851285,6.416163682864465,-5.789404457435142,6.665984654731477,-6.732787723785156,6.915805626598489,-7.2903251735476715,6.803171355498745,-7.633708439897703,7.052992327365757,-7.419554256485202,6.815447570332514,-7.419554256485202,6.815447570332514,-7.419554256485202,6.815447570332514,-7.419554256485202,6.815447570332514,-7.419554256485202,6.815447570332514,right,0.8544601363828965,12.139068085909614,0.41428571428571426,0.0,0.0,,,0.0,0.0
2.25.178533355209696795441380751187185128893,/home/user/workspace/dataset_extracted/Датасет/НД_для_обучения/Исследования/2.25.178533355209696795441380751187185128893/series_003_2_CR/A2507155452 DXA/CR DXA/CR000000.dcm,1.2.643.5.1.13.13.12.2.77.8252.14110604050810020100071004090404,1,317,300,spine,True,0.0,,0.0,0.0,0.0,,,,,1624,1023.12,1624,1023.12,True,4.533036078677661,3.804368055495585,0.10442076801425548,317.0,-0.06768397902216208,0.0,0.0031545741324921135,0.4166666666666667,,,,,,,,,,,,,,,,,,,,,,,,,,,,,,,,,,,,,,,,,,,,,,,,,,,,,,,,,,,,,,,,,,,,,,,
2.25.181196659018348153828200695057897449628,/home/user/workspace/dataset_extracted/Датасет/НД_для_обучения/Исследования/2.25.181196659018348153828200695057897449628/series_004_2_CR/A2507370620 DXA/CR DXA/CR000000.dcm,1.2.643.5.1.13.13.12.2.77.8252.14150808010700150501131415040808,9,291,280,right_hip,True,0.0,,,,,0.0,0.0,,,0,0.0,0,0.0,False,0.0,,,,,,,,0.27703966503256566,0.27703966503256566,15.6,101.85000000000001,0.0,-18.72680412371134,21.599999999999998,21.06821481169789,77.7,10.799999999999999,305.55,168.0,291.0,0.21785714285714286,0.19164212076583212,1.0,0.38571428571428573,0.06785714285714285,0.4609044110500151,0.1284178931555425,0.9604795733678857,-22.13524090048391,2.287618346307602,-23.279823269514,2.9836524300441964,-23.688260046286562,3.205677992846634,-24.23284241531665,3.90171207658322,-24.77742478434673,4.597746160319815,-28.32200715337682,5.293780244056393,-30.0,5.389814327792988,-30.0,5.611839890595425,-30.0,6.307873974332011,-30.0,7.003908058068597,-30.0,8.299942141805184,-30.0,9.595976225541778,-30.0,11.492010309278365,-30.0,12.314035872080803,-30.0,15.410069955817388,-30.0,17.906104039553973,-30.0,18.60213812329057,-30.0,20.498172207027146,-30.0,20.720197769829593,-30.0,21.06821481169789,left,-0.04047206021188265,0.27703966503256566,0.12857142857142856,,,0.0,0.0,0.0,0.0
2.25.181196659018348153828200695057897449628,/home/user/workspace/dataset_extracted/Датасет/НД_для_обучения/Исследования/2.25.181196659018348153828200695057897449628/series_004_2_CR/A2507370620 DXA/CR DXA/CR000001.dcm,1.2.643.5.1.13.13.12.2.77.8252.07040306041313130904140702020908,10,265,280,left_hip,True,0.0,,,,,,,0.0,0.0,0,0.0,0,0.0,False,0.0,,,,,,,,-6.15529192438569,6.15529192438569,27.599999999999998,82.95,0.0,-11.450827653359307,40.199999999999996,23.049406037001,70.35000000000001,10.2,278.25,168.0,265.0,0.32142857142857145,0.20475741239892184,1.0,0.30714285714285716,0.16071428571428573,0.4663342677948439,0.1403401361899696,0.9460826731112463,-13.257312560856871,1.9991918208373987,-12.69108081791627,2.8595228821811247,-12.86640701071081,3.2047711781889063,-12.300175267770209,3.4651022395326323,-11.733943524829607,3.7254333008763494,-12.367711781889005,4.585764362220067,-13.601480038948404,5.446095423563793,-14.376806231742952,6.391343719571583,-16.21057448880235,7.8516747809153,-18.64434274586174,9.312005842259026,-21.67811100292114,10.772336903602744,-23.511879259980535,12.832667964946461,-26.545647517039935,14.892999026290186,-27.920973709834485,17.638247322297968,-29.15474196689388,19.698578383641692,-29.78851022395328,19.95890944498542,-30.0,22.01924050632913,-30.0,23.049406037001,-30.0,23.049406037001,-30.0,23.049406037001,right,0.32593723721107143,6.15529192438569,0.23928571428571427,0.0,0.0,,,0.0,0.0
2.25.181196659018348153828200695057897449628,/home/user/workspace/dataset_extracted/Датасет/НД_для_обучения/Исследования/2.25.181196659018348153828200695057897449628/series_004_2_CR/A2507370620 DXA/CR DXA/CR000002.dcm,1.2.643.5.1.13.13.12.2.77.8252.08141015091400020302110912090508,13,317,300,spine,True,0.0,,0.0,0.0,0.0,,,,,2554,1609.02,2554,1609.02,True,5.056394800661716,1.5888145563664473,0.21661394284410473,317.0,0.06813209307926191,0.0,0.0031545741324921135,0.31666666666666665,,,,,,,,,,,,,,,,,,,,,,,,,,,,,,,,,,,,,,,,,,,,,,,,,,,,,,,,,,,,,,,,,,,,,,,
2.25.181196659018348153828200695057897449628,/home/user/workspace/dataset_extracted/Датасет/НД_для_обучения/Исследования/2.25.181196659018348153828200695057897449628/series_004_2_CR/A2507370620 DXA/CR DXA/CR000003.dcm,1.2.643.5.1.13.13.12.2.77.8252.07130015011404020601141211131000,1,317,300,spine,True,0.0,,0.0,0.0,0.0,,,,,2554,1609.02,2554,1609.02,True,5.056394800661716,1.5888145563664473,0.21661394284410473,317.0,0.06813209307926191,0.0,0.0031545741324921135,0.31666666666666665,,,,,,,,,,,,,,,,,,,,,,,,,,,,,,,,,,,,,,,,,,,,,,,,,,,,,,,,,,,,,,,,,,,,,,,
2.25.181196659018348153828200695057897449628,/home/user/workspace/dataset_extracted/Датасет/НД_для_обучения/Исследования/2.25.181196659018348153828200695057897449628/series_004_2_CR/A2507370620 DXA/CR DXA/CR000004.dcm,1.2.643.5.1.13.13.12.2.77.8252.07070209131108100009081313101204,2,265,280,left_hip,True,0.0,,,,,,,0.0,0.0,0,0.0,0,0.0,False,0.0,,,,,,,,-6.15529192438569,6.15529192438569,27.599999999999998,82.95,0.0,-11.450827653359307,40.199999999999996,23.049406037001,70.35000000000001,10.2,278.25,168.0,265.0,0.32142857142857145,0.20475741239892184,1.0,0.30714285714285716,0.16071428571428573,0.4663342677948439,0.1403401361899696,0.9460826731112463,-13.257312560856871,1.9991918208373987,-12.69108081791627,2.8595228821811247,-12.86640701071081,3.2047711781889063,-12.300175267770209,3.4651022395326323,-11.733943524829607,3.7254333008763494,-12.367711781889005,4.585764362220067,-13.601480038948404,5.446095423563793,-14.376806231742952,6.391343719571583,-16.21057448880235,7.8516747809153,-18.64434274586174,9.312005842259026,-21.67811100292114,10.772336903602744,-23.511879259980535,12.832667964946461,-26.545647517039935,14.892999026290186,-27.920973709834485,17.638247322297968,-29.15474196689388,19.698578383641692,-29.78851022395328,19.95890944498542,-30.0,22.01924050632913,-30.0,23.049406037001,-30.0,23.049406037001,-30.0,23.049406037001,right,0.32593723721107143,6.15529192438569,0.23928571428571427,0.0,0.0,,,0.0,0.0
2.25.181196659018348153828200695057897449628,/home/user/workspace/dataset_extracted/Датасет/НД_для_обучения/Исследования/2.25.181196659018348153828200695057897449628/series_004_2_CR/A2507370620 DXA/CR DXA/CR000005.dcm,1.2.643.5.1.13.13.12.2.77.8252.03001212011504090610110601060006,7,265,280,left_hip,True,0.0,,,,,,,0.0,0.0,0,0.0,0,0.0,False,0.0,,,,,,,,-6.15529192438569,6.15529192438569,27.599999999999998,82.95,0.0,-11.450827653359307,40.199999999999996,23.049406037001,70.35000000000001,10.2,278.25,168.0,265.0,0.32142857142857145,0.20475741239892184,1.0,0.30714285714285716,0.16071428571428573,0.4663342677948439,0.1403401361899696,0.9460826731112463,-13.257312560856871,1.9991918208373987,-12.69108081791627,2.8595228821811247,-12.86640701071081,3.2047711781889063,-12.300175267770209,3.4651022395326323,-11.733943524829607,3.7254333008763494,-12.367711781889005,4.585764362220067,-13.601480038948404,5.446095423563793,-14.376806231742952,6.391343719571583,-16.21057448880235,7.8516747809153,-18.64434274586174,9.312005842259026,-21.67811100292114,10.772336903602744,-23.511879259980535,12.832667964946461,-26.545647517039935,14.892999026290186,-27.920973709834485,17.638247322297968,-29.15474196689388,19.698578383641692,-29.78851022395328,19.95890944498542,-30.0,22.01924050632913,-30.0,23.049406037001,-30.0,23.049406037001,-30.0,23.049406037001,right,0.32593723721107143,6.15529192438569,0.23928571428571427,0.0,0.0,,,0.0,0.0
2.25.181196659018348153828200695057897449628,/home/user/workspace/dataset_extracted/Датасет/НД_для_обучения/Исследования/2.25.181196659018348153828200695057897449628/series_004_2_CR/A2507370620 DXA/CR DXA/CR000006.dcm,1.2.643.5.1.13.13.12.2.77.8252.11080509070315011108060003120408,3,291,280,right_hip,True,0.0,,,,,0.0,0.0,,,0,0.0,0,0.0,False,0.0,,,,,,,,0.27703966503256566,0.27703966503256566,15.6,101.85000000000001,0.0,-18.72680412371134,21.599999999999998,21.06821481169789,77.7,10.799999999999999,305.55,168.0,291.0,0.21785714285714286,0.19164212076583212,1.0,0.38571428571428573,0.06785714285714285,0.4609044110500151,0.1284178931555425,0.9604795733678857,-22.13524090048391,2.287618346307602,-23.279823269514,2.9836524300441964,-23.688260046286562,3.205677992846634,-24.23284241531665,3.90171207658322,-24.77742478434673,4.597746160319815,-28.32200715337682,5.293780244056393,-30.0,5.389814327792988,-30.0,5.611839890595425,-30.0,6.307873974332011,-30.0,7.003908058068597,-30.0,8.299942141805184,-30.0,9.595976225541778,-30.0,11.492010309278365,-30.0,12.314035872080803,-30.0,15.410069955817388,-30.0,17.906104039553973,-30.0,18.60213812329057,-30.0,20.498172207027146,-30.0,20.720197769829593,-30.0,21.06821481169789,left,-0.04047206021188265,0.27703966503256566,0.12857142857142856,,,0.0,0.0,0.0,0.0
2.25.181196659018348153828200695057897449628,/home/user/workspace/dataset_extracted/Датасет/НД_для_обучения/Исследования/2.25.181196659018348153828200695057897449628/series_004_2_CR/A2507370620 DXA/CR DXA/CR000007.dcm,1.2.643.5.1.13.13.12.2.77.8252.13100414021307020008020611130410,8,291,280,right_hip,True,0.0,,,,,0.0,0.0,,,0,0.0,0,0.0,False,0.0,,,,,,,,0.27703966503256566,0.27703966503256566,15.6,101.85000000000001,0.0,-18.72680412371134,21.599999999999998,21.06821481169789,77.7,10.799999999999999,305.55,168.0,291.0,0.21785714285714286,0.19164212076583212,1.0,0.38571428571428573,0.06785714285714285,0.4609044110500151,0.1284178931555425,0.9604795733678857,-22.13524090048391,2.287618346307602,-23.279823269514,2.9836524300441964,-23.688260046286562,3.205677992846634,-24.23284241531665,3.90171207658322,-24.77742478434673,4.597746160319815,-28.32200715337682,5.293780244056393,-30.0,5.389814327792988,-30.0,5.611839890595425,-30.0,6.307873974332011,-30.0,7.003908058068597,-30.0,8.299942141805184,-30.0,9.595976225541778,-30.0,11.492010309278365,-30.0,12.314035872080803,-30.0,15.410069955817388,-30.0,17.906104039553973,-30.0,18.60213812329057,-30.0,20.498172207027146,-30.0,20.720197769829593,-30.0,21.06821481169789,left,-0.04047206021188265,0.27703966503256566,0.12857142857142856,,,0.0,0.0,0.0,0.0
2.25.181196659018348153828200695057897449628,/home/user/workspace/dataset_extracted/Датасет/НД_для_обучения/Исследования/2.25.181196659018348153828200695057897449628/series_004_2_CR/A2507370620 DXA/CR DXA/CR000008.dcm,1.2.643.5.1.13.13.12.2.77.8252.00010603011503150401111314061209,15,291,280,right_hip,True,0.0,,,,,0.0,0.0,,,0,0.0,0,0.0,False,0.0,,,,,,,,0.27703966503256566,0.27703966503256566,15.6,101.85000000000001,0.0,-18.72680412371134,21.599999999999998,21.06821481169789,77.7,10.799999999999999,305.55,168.0,291.0,0.21785714285714286,0.19164212076583212,1.0,0.38571428571428573,0.06785714285714285,0.4609044110500151,0.1284178931555425,0.9604795733678857,-22.13524090048391,2.287618346307602,-23.279823269514,2.9836524300441964,-23.688260046286562,3.205677992846634,-24.23284241531665,3.90171207658322,-24.77742478434673,4.597746160319815,-28.32200715337682,5.293780244056393,-30.0,5.389814327792988,-30.0,5.611839890595425,-30.0,6.307873974332011,-30.0,7.003908058068597,-30.0,8.299942141805184,-30.0,9.595976225541778,-30.0,11.492010309278365,-30.0,12.314035872080803,-30.0,15.410069955817388,-30.0,17.906104039553973,-30.0,18.60213812329057,-30.0,20.498172207027146,-30.0,20.720197769829593,-30.0,21.06821481169789,left,-0.04047206021188265,0.27703966503256566,0.12857142857142856,,,0.0,0.0,0.0,0.0
2.25.181196659018348153828200695057897449628,/home/user/workspace/dataset_extracted/Датасет/НД_для_обучения/Исследования/2.25.181196659018348153828200695057897449628/series_004_2_CR/A2507370620 DXA/CR DXA/CR000009.dcm,1.2.643.5.1.13.13.12.2.77.8252.08041100070615121300141413020001,14,265,280,left_hip,True,0.0,,,,,,,0.0,0.0,0,0.0,0,0.0,False,0.0,,,,,,,,-6.15529192438569,6.15529192438569,27.599999999999998,82.95,0.0,-11.450827653359307,40.199999999999996,23.049406037001,70.35000000000001,10.2,278.25,168.0,265.0,0.32142857142857145,0.20475741239892184,1.0,0.30714285714285716,0.16071428571428573,0.4663342677948439,0.1403401361899696,0.9460826731112463,-13.257312560856871,1.9991918208373987,-12.69108081791627,2.8595228821811247,-12.86640701071081,3.2047711781889063,-12.300175267770209,3.4651022395326323,-11.733943524829607,3.7254333008763494,-12.367711781889005,4.585764362220067,-13.601480038948404,5.446095423563793,-14.376806231742952,6.391343719571583,-16.21057448880235,7.8516747809153,-18.64434274586174,9.312005842259026,-21.67811100292114,10.772336903602744,-23.511879259980535,12.832667964946461,-26.545647517039935,14.892999026290186,-27.920973709834485,17.638247322297968,-29.15474196689388,19.698578383641692,-29.78851022395328,19.95890944498542,-30.0,22.01924050632913,-30.0,23.049406037001,-30.0,23.049406037001,-30.0,23.049406037001,right,0.32593723721107143,6.15529192438569,0.23928571428571427,0.0,0.0,,,0.0,0.0
2.25.181196659018348153828200695057897449628,/home/user/workspace/dataset_extracted/Датасет/НД_для_обучения/Исследования/2.25.181196659018348153828200695057897449628/series_004_2_CR/A2507370620 DXA/CR DXA/CR000010.dcm,1.2.643.5.1.13.13.12.2.77.8252.08060613070108000200131403151214,6,291,280,right_hip,True,0.0,,,,,0.0,0.0,,,0,0.0,0,0.0,False,0.0,,,,,,,,0.27703966503256566,0.27703966503256566,15.6,101.85000000000001,0.0,-18.72680412371134,21.599999999999998,21.06821481169789,77.7,10.799999999999999,305.55,168.0,291.0,0.21785714285714286,0.19164212076583212,1.0,0.38571428571428573,0.06785714285714285,0.4609044110500151,0.1284178931555425,0.9604795733678857,-22.13524090048391,2.287618346307602,-23.279823269514,2.9836524300441964,-23.688260046286562,3.205677992846634,-24.23284241531665,3.90171207658322,-24.77742478434673,4.597746160319815,-28.32200715337682,5.293780244056393,-30.0,5.389814327792988,-30.0,5.611839890595425,-30.0,6.307873974332011,-30.0,7.003908058068597,-30.0,8.299942141805184,-30.0,9.595976225541778,-30.0,11.492010309278365,-30.0,12.314035872080803,-30.0,15.410069955817388,-30.0,17.906104039553973,-30.0,18.60213812329057,-30.0,20.498172207027146,-30.0,20.720197769829593,-30.0,21.06821481169789,left,-0.04047206021188265,0.27703966503256566,0.12857142857142856,,,0.0,0.0,0.0,0.0
2.25.181196659018348153828200695057897449628,/home/user/workspace/dataset_extracted/Датасет/НД_для_обучения/Исследования/2.25.181196659018348153828200695057897449628/series_004_2_CR/A2507370620 DXA/CR DXA/CR000011.dcm,1.2.643.5.1.13.13.12.2.77.8252.15131206051500011310060914011411,4,317,300,spine,True,0.0,,0.0,0.0,0.0,,,,,2554,1609.02,2554,1609.02,True,5.056394800661716,1.5888145563664473,0.21661394284410473,317.0,0.06813209307926191,0.0,0.0031545741324921135,0.31666666666666665,,,,,,,,,,,,,,,,,,,,,,,,,,,,,,,,,,,,,,,,,,,,,,,,,,,,,,,,,,,,,,,,,,,,,,,
2.25.181196659018348153828200695057897449628,/home/user/workspace/dataset_extracted/Датасет/НД_для_обучения/Исследования/2.25.181196659018348153828200695057897449628/series_004_2_CR/A2507370620 DXA/CR DXA/CR000012.dcm,1.2.643.5.1.13.13.12.2.77.8252.00110402080602151505051001010810,5,265,280,left_hip,True,0.0,,,,,,,0.0,0.0,0,0.0,0,0.0,False,0.0,,,,,,,,-6.15529192438569,6.15529192438569,27.599999999999998,82.95,0.0,-11.450827653359307,40.199999999999996,23.049406037001,70.35000000000001,10.2,278.25,168.0,265.0,0.32142857142857145,0.20475741239892184,1.0,0.30714285714285716,0.16071428571428573,0.4663342677948439,0.1403401361899696,0.9460826731112463,-13.257312560856871,1.9991918208373987,-12.69108081791627,2.8595228821811247,-12.86640701071081,3.2047711781889063,-12.300175267770209,3.4651022395326323,-11.733943524829607,3.7254333008763494,-12.367711781889005,4.585764362220067,-13.601480038948404,5.446095423563793,-14.376806231742952,6.391343719571583,-16.21057448880235,7.8516747809153,-18.64434274586174,9.312005842259026,-21.67811100292114,10.772336903602744,-23.511879259980535,12.832667964946461,-26.545647517039935,14.892999026290186,-27.920973709834485,17.638247322297968,-29.15474196689388,19.698578383641692,-29.78851022395328,19.95890944498542,-30.0,22.01924050632913,-30.0,23.049406037001,-30.0,23.049406037001,-30.0,23.049406037001,right,0.32593723721107143,6.15529192438569,0.23928571428571427,0.0,0.0,,,0.0,0.0
2.25.184198356665635336833172191504278054074,/home/user/workspace/dataset_extracted/Датасет/НД_для_обучения/Исследования/2.25.184198356665635336833172191504278054074/series_004_2_CR/A250788286 DXA/CR DXA/CR000000.dcm,1.2.643.5.1.13.13.12.2.77.8252.04151306060901060605121400081206,1,291,300,spine,True,0.0,,0.0,0.0,0.0,,,,,3452,2174.76,3452,2174.76,True,4.8685890368400795,0.9635435122699795,0.1090433945631002,291.0,0.03419258735608963,0.0,0.003436426116838488,0.33,,,,,,,,,,,,,,,,,,,,,,,,,,,,,,,,,,,,,,,,,,,,,,,,,,,,,,,,,,,,,,,,,,,,,,,
2.25.184198356665635336833172191504278054074,/home/user/workspace/dataset_extracted/Датасет/НД_для_обучения/Исследования/2.25.184198356665635336833172191504278054074/series_004_2_CR/A250788286 DXA/CR DXA/CR000001.dcm,1.2.643.5.1.13.13.12.2.77.8252.11141409010404080202090702050104,3,320,280,right_hip,True,0.0,,,,,0.0,0.0,,,0,0.0,0,0.0,False,0.0,,,,,,,,-2.1195151285511344,2.1195151285511344,25.8,118.65,0.0,-14.536536030341342,34.8,19.242897065673024,75.60000000000001,8.4,336.0,168.0,320.0,0.2767857142857143,0.18229910714285713,1.0,0.2714285714285714,0.14285714285714285,0.476026474716697,0.1201350850149774,0.9727174295048715,-16.88503559784417,2.2393905116773962,-19.816368354514605,3.1971787876771343,-19.764867922017434,4.815519994676936,-20.29620067868787,6.373308270676674,-20.82753343535831,7.331096546676411,-20.758866192028744,8.28888482267614,-21.29019894869918,8.646673098675878,-22.43869851620201,8.46501430567568,-23.57003127287245,8.22280258167541,-25.301364029542885,7.980590857675147,-25.832696786213322,8.338379133674886,-26.96402954288376,9.296167409674615,-29.895362299554197,10.853955685674352,-30.0,11.872296892674154,-30.0,12.830085168673884,-30.0,14.387873444673621,-30.0,16.54566172067336,-30.0,18.70344999667309,-30.0,19.12179120367289,-30.0,19.12179120367289,left,-0.15139519101212653,2.1195151285511344,0.20714285714285713,,,0.0,0.0,0.0,0.0
2.25.184198356665635336833172191504278054074,/home/user/workspace/dataset_extracted/Датасет/НД_для_обучения/Исследования/2.25.184198356665635336833172191504278054074/series_004_2_CR/A250788286 DXA/CR DXA/CR000002.dcm,1.2.643.5.1.13.13.12.2.77.8252.02150805140008141106110606070801,5,318,280,left_hip,True,0.0,,,,,,,0.0,0.0,0,0.0,0,0.0,False,0.0,,,,,,,,0.2502869371294967,0.2502869371294967,25.2,127.05000000000001,0.0,-0.003028044980359823,44.4,21.72068283430431,80.85000000000001,8.4,333.90000000000003,168.0,318.0,0.3517857142857143,0.19294699011680144,1.0,0.28214285714285714,0.14285714285714285,0.5102124998297599,0.14603563770125103,0.9720084901466867,-0.5740685543964276,4.545270288578806,-0.08990651673215666,6.266126541119109,-0.1767849884839535,7.406768730524339,-0.2926229508196741,8.527624983064642,-0.40846091315540317,9.048481235604955,-0.5242988754911323,9.56933748814526,-16.84013683782686,8.890193740685563,-18.127015309578656,8.830835930090794,-20.042853271914378,8.751692182631098,-24.958691234250107,9.272548435171402,-26.274529196585835,9.793404687711705,-30.0,10.914260940252017,-30.0,12.035117192792322,-30.0,13.175759382197551,-30.0,14.896615634737856,-30.0,16.61747188727816,-30.0,18.938328139818463,-30.0,21.259184392358776,-30.0,21.199826581763997,-30.0,21.72068283430431,right,0.23538727692926026,0.2502869371294967,0.2642857142857143,0.0,0.0,,,0.0,0.0
2.25.186201010600484120326273381077449377115,/home/user/workspace/dataset_extracted/Датасет/НД_для_обучения/Исследования/2.25.186201010600484120326273381077449377115/series_004_2_CR/A250777475 DXA/CR DXA/CR000000.dcm,1.2.643.5.1.13.13.12.2.77.8252.01110601131107041511021510061211,6,261,280,left_hip,True,0.0,,,,,,,0.0,0.0,44,27.72,44,27.72,True,4.033219680135097,,,,,,,,-8.597265773830127,8.597265773830127,28.2,81.9,0.0,0.06516015629940171,50.4,13.826644241834112,73.5,10.2,274.05,168.0,261.0,0.38571428571428573,0.19185823754789272,1.0,0.26785714285714285,0.16071428571428573,0.5169554592245651,0.1515622061277941,0.9617382523461981,-9.089781104970976,2.7013973368403694,-8.727371362814395,2.993836543203628,-8.605564056196968,3.363165947976063,-8.243154314040387,3.055605154339321,-7.280744571883806,3.348044360702579,-6.318334829727235,3.040483567065837,-7.155925087570654,2.7329227734290953,-6.434117780953227,3.1022521782015473,-5.471708038796646,3.3946913845648052,-5.109298296640065,3.6871305909280636,-4.146888554483485,4.579569797291304,-4.384478812326904,5.472009003654563,-3.422069070170332,6.36444821001782,-2.7002617635528963,6.733777614790273,-1.7378520213963156,8.22621682115353,-0.17544227923973493,9.718656027516772,-8.213032537083171,11.81109523388003,-8.45062279492659,13.303534440243288,-8.810020359387453,13.826644241834112,-8.810020359387453,13.826644241834112,left,-0.44803196165265136,8.597265773830127,0.3,,,0.0,0.0,0.0,0.0
2.25.186201010600484120326273381077449377115,/home/user/workspace/dataset_extracted/Датасет/НД_для_обучения/Исследования/2.25.186201010600484120326273381077449377115/series_004_2_CR/A250777475 DXA/CR DXA/CR000001.dcm,1.2.643.5.1.13.13.12.2.77.8252.09061504020803021006021501021304,10,261,280,left_hip,True,0.0,,,,,,,0.0,0.0,44,27.72,44,27.72,True,4.033219680135097,,,,,,,,-8.597265773830127,8.597265773830127,28.2,81.9,0.0,0.06516015629940171,50.4,13.826644241834112,73.5,10.2,274.05,168.0,261.0,0.38571428571428573,0.19185823754789272,1.0,0.26785714285714285,0.16071428571428573,0.5169554592245651,0.1515622061277941,0.9617382523461981,-9.089781104970976,2.7013973368403694,-8.727371362814395,2.993836543203628,-8.605564056196968,3.363165947976063,-8.243154314040387,3.055605154339321,-7.280744571883806,3.348044360702579,-6.318334829727235,3.040483567065837,-7.155925087570654,2.7329227734290953,-6.434117780953227,3.1022521782015473,-5.471708038796646,3.3946913845648052,-5.109298296640065,3.6871305909280636,-4.146888554483485,4.579569797291304,-4.384478812326904,5.472009003654563,-3.422069070170332,6.36444821001782,-2.7002617635528963,6.733777614790273,-1.7378520213963156,8.22621682115353,-0.17544227923973493,9.718656027516772,-8.213032537083171,11.81109523388003,-8.45062279492659,13.303534440243288,-8.810020359387453,13.826644241834112,-8.810020359387453,13.826644241834112,left,-0.44803196165265136,8.597265773830127,0.3,,,0.0,0.0,0.0,0.0
2.25.186201010600484120326273381077449377115,/home/user/workspace/dataset_extracted/Датасет/НД_для_обучения/Исследования/2.25.186201010600484120326273381077449377115/series_004_2_CR/A250777475 DXA/CR DXA/CR000002.dcm,1.2.643.5.1.13.13.12.2.77.8252.00091315091215060415120908060402,11,261,280,right_hip,True,0.0,,,,,0.0,0.0,,,17,10.71,17,10.71,True,3.4574234097167382,,,,,,,,-11.892674652625034,11.892674652625034,13.799999999999999,81.9,0.0,15.040349523893848,53.4,14.161605483124447,70.35000000000001,9.6,274.05,168.0,261.0,0.4017857142857143,0.17922824302134646,1.0,0.275,0.16428571428571428,0.47732975664890287,0.12607246504854464,0.9549663689343468,4.562349043361718,1.5278797152214678,6.066859722555955,2.4633543671518168,6.595242731951612,2.2649603560995786,7.499753411145832,2.0004350080299274,8.404264090340051,2.335909659960276,9.308774769534272,2.6713843118906255,10.213285448728493,3.0068589638209744,10.741668458124167,3.408464952768736,12.246179137318403,4.343939604699085,12.550689816512625,4.679414256629434,12.255200495706845,6.214888908559783,13.759711174901065,7.150363560490132,14.664221854095285,8.08583821242048,11.592604863490942,9.087444201368243,11.297115542685162,11.22291885329859,11.601626221879382,12.75839350522894,11.90613690107362,13.693868157159272,12.05839224067073,14.161605483124447,12.05839224067073,14.161605483124447,12.05839224067073,14.161605483124447,right,0.44570974117482365,11.892674652625034,0.31785714285714284,0.0,0.0,,,0.0,0.0
2.25.186201010600484120326273381077449377115,/home/user/workspace/dataset_extracted/Датасет/НД_для_обучения/Исследования/2.25.186201010600484120326273381077449377115/series_004_2_CR/A250777475 DXA/CR DXA/CR000003.dcm,1.2.643.5.1.13.13.12.2.77.8252.01141302020713050903060503061314,13,261,280,right_hip,True,0.0,,,,,0.0,0.0,,,17,10.71,17,10.71,True,3.4574234097167382,,,,,,,,-11.892674652625034,11.892674652625034,13.799999999999999,81.9,0.0,15.040349523893848,53.4,14.161605483124447,70.35000000000001,9.6,274.05,168.0,261.0,0.4017857142857143,0.17922824302134646,1.0,0.275,0.16428571428571428,0.47732975664890287,0.12607246504854464,0.9549663689343468,4.562349043361718,1.5278797152214678,6.066859722555955,2.4633543671518168,6.595242731951612,2.2649603560995786,7.499753411145832,2.0004350080299274,8.404264090340051,2.335909659960276,9.308774769534272,2.6713843118906255,10.213285448728493,3.0068589638209744,10.741668458124167,3.408464952768736,12.246179137318403,4.343939604699085,12.550689816512625,4.679414256629434,12.255200495706845,6.214888908559783,13.759711174901065,7.150363560490132,14.664221854095285,8.08583821242048,11.592604863490942,9.087444201368243,11.297115542685162,11.22291885329859,11.601626221879382,12.75839350522894,11.90613690107362,13.693868157159272,12.05839224067073,14.161605483124447,12.05839224067073,14.161605483124447,12.05839224067073,14.161605483124447,right,0.44570974117482365,11.892674652625034,0.31785714285714284,0.0,0.0,,,0.0,0.0
2.25.186201010600484120326273381077449377115,/home/user/workspace/dataset_extracted/Датасет/НД_для_обучения/Исследования/2.25.186201010600484120326273381077449377115/series_004_2_CR/A250777475 DXA/CR DXA/CR000004.dcm,1.2.643.5.1.13.13.12.2.77.8252.13051209051006081503100907110310,12,261,280,left_hip,True,0.0,,,,,,,0.0,0.0,44,27.72,44,27.72,True,4.033219680135097,,,,,,,,-8.597265773830127,8.597265773830127,28.2,81.9,0.0,0.06516015629940171,50.4,13.826644241834112,73.5,10.2,274.05,168.0,261.0,0.38571428571428573,0.19185823754789272,1.0,0.26785714285714285,0.16071428571428573,0.5169554592245651,0.1515622061277941,0.9617382523461981,-9.089781104970976,2.7013973368403694,-8.727371362814395,2.993836543203628,-8.605564056196968,3.363165947976063,-8.243154314040387,3.055605154339321,-7.280744571883806,3.348044360702579,-6.318334829727235,3.040483567065837,-7.155925087570654,2.7329227734290953,-6.434117780953227,3.1022521782015473,-5.471708038796646,3.3946913845648052,-5.109298296640065,3.6871305909280636,-4.146888554483485,4.579569797291304,-4.384478812326904,5.472009003654563,-3.422069070170332,6.36444821001782,-2.7002617635528963,6.733777614790273,-1.7378520213963156,8.22621682115353,-0.17544227923973493,9.718656027516772,-8.213032537083171,11.81109523388003,-8.45062279492659,13.303534440243288,-8.810020359387453,13.826644241834112,-8.810020359387453,13.826644241834112,left,-0.44803196165265136,8.597265773830127,0.3,,,0.0,0.0,0.0,0.0
2.25.186201010600484120326273381077449377115,/home/user/workspace/dataset_extracted/Датасет/НД_для_обучения/Исследования/2.25.186201010600484120326273381077449377115/series_004_2_CR/A250777475 DXA/CR DXA/CR000005.dcm,1.2.643.5.1.13.13.12.2.77.8252.07131015031512050310021202060000,5,261,280,right_hip,True,0.0,,,,,0.0,0.0,,,17,10.71,17,10.71,True,3.4574234097167382,,,,,,,,-11.892674652625034,11.892674652625034,13.799999999999999,81.9,0.0,15.040349523893848,53.4,14.161605483124447,70.35000000000001,9.6,274.05,168.0,261.0,0.4017857142857143,0.17922824302134646,1.0,0.275,0.16428571428571428,0.47732975664890287,0.12607246504854464,0.9549663689343468,4.562349043361718,1.5278797152214678,6.066859722555955,2.4633543671518168,6.595242731951612,2.2649603560995786,7.499753411145832,2.0004350080299274,8.404264090340051,2.335909659960276,9.308774769534272,2.6713843118906255,10.213285448728493,3.0068589638209744,10.741668458124167,3.408464952768736,12.246179137318403,4.343939604699085,12.550689816512625,4.679414256629434,12.255200495706845,6.214888908559783,13.759711174901065,7.150363560490132,14.664221854095285,8.08583821242048,11.592604863490942,9.087444201368243,11.297115542685162,11.22291885329859,11.601626221879382,12.75839350522894,11.90613690107362,13.693868157159272,12.05839224067073,14.161605483124447,12.05839224067073,14.161605483124447,12.05839224067073,14.161605483124447,right,0.44570974117482365,11.892674652625034,0.31785714285714284,0.0,0.0,,,0.0,0.0
2.25.186201010600484120326273381077449377115,/home/user/workspace/dataset_extracted/Датасет/НД_для_обучения/Исследования/2.25.186201010600484120326273381077449377115/series_004_2_CR/A250777475 DXA/CR DXA/CR000006.dcm,1.2.643.5.1.13.13.12.2.77.8252.01060001050009070514040213010802,2,261,280,right_hip,True,0.0,,,,,0.0,0.0,,,17,10.71,17,10.71,True,3.4574234097167382,,,,,,,,-11.892674652625034,11.892674652625034,13.799999999999999,81.9,0.0,15.040349523893848,53.4,14.161605483124447,70.35000000000001,9.6,274.05,168.0,261.0,0.4017857142857143,0.17922824302134646,1.0,0.275,0.16428571428571428,0.47732975664890287,0.12607246504854464,0.9549663689343468,4.562349043361718,1.5278797152214678,6.066859722555955,2.4633543671518168,6.595242731951612,2.2649603560995786,7.499753411145832,2.0004350080299274,8.404264090340051,2.335909659960276,9.308774769534272,2.6713843118906255,10.213285448728493,3.0068589638209744,10.741668458124167,3.408464952768736,12.246179137318403,4.343939604699085,12.550689816512625,4.679414256629434,12.255200495706845,6.214888908559783,13.759711174901065,7.150363560490132,14.664221854095285,8.08583821242048,11.592604863490942,9.087444201368243,11.297115542685162,11.22291885329859,11.601626221879382,12.75839350522894,11.90613690107362,13.693868157159272,12.05839224067073,14.161605483124447,12.05839224067073,14.161605483124447,12.05839224067073,14.161605483124447,right,0.44570974117482365,11.892674652625034,0.31785714285714284,0.0,0.0,,,0.0,0.0
2.25.186201010600484120326273381077449377115,/home/user/workspace/dataset_extracted/Датасет/НД_для_обучения/Исследования/2.25.186201010600484120326273381077449377115/series_004_2_CR/A250777475 DXA/CR DXA/CR000007.dcm,1.2.643.5.1.13.13.12.2.77.8252.07140512060315100814061103061308,9,315,300,spine,True,0.0,,0.0,0.0,0.0,,,,,728,458.64,728,458.64,True,4.735541934920036,1.3629286865601689,0.18614110628990943,315.0,0.006113895732449824,0.0,0.0031746031746031746,0.5366666666666666,,,,,,,,,,,,,,,,,,,,,,,,,,,,,,,,,,,,,,,,,,,,,,,,,,,,,,,,,,,,,,,,,,,,,,,
2.25.186201010600484120326273381077449377115,/home/user/workspace/dataset_extracted/Датасет/НД_для_обучения/Исследования/2.25.186201010600484120326273381077449377115/series_004_2_CR/A250777475 DXA/CR DXA/CR000008.dcm,1.2.643.5.1.13.13.12.2.77.8252.05080405071204150306061400051307,7,261,280,left_hip,True,0.0,,,,,,,0.0,0.0,44,27.72,44,27.72,True,4.033219680135097,,,,,,,,-8.597265773830127,8.597265773830127,28.2,81.9,0.0,0.06516015629940171,50.4,13.826644241834112,73.5,10.2,274.05,168.0,261.0,0.38571428571428573,0.19185823754789272,1.0,0.26785714285714285,0.16071428571428573,0.5169554592245651,0.1515622061277941,0.9617382523461981,-9.089781104970976,2.7013973368403694,-8.727371362814395,2.993836543203628,-8.605564056196968,3.363165947976063,-8.243154314040387,3.055605154339321,-7.280744571883806,3.348044360702579,-6.318334829727235,3.040483567065837,-7.155925087570654,2.7329227734290953,-6.434117780953227,3.1022521782015473,-5.471708038796646,3.3946913845648052,-5.109298296640065,3.6871305909280636,-4.146888554483485,4.579569797291304,-4.384478812326904,5.472009003654563,-3.422069070170332,6.36444821001782,-2.7002617635528963,6.733777614790273,-1.7378520213963156,8.22621682115353,-0.17544227923973493,9.718656027516772,-8.213032537083171,11.81109523388003,-8.45062279492659,13.303534440243288,-8.810020359387453,13.826644241834112,-8.810020359387453,13.826644241834112,left,-0.44803196165265136,8.597265773830127,0.3,,,0.0,0.0,0.0,0.0
2.25.186201010600484120326273381077449377115,/home/user/workspace/dataset_extracted/Датасет/НД_для_обучения/Исследования/2.25.186201010600484120326273381077449377115/series_004_2_CR/A250777475 DXA/CR DXA/CR000009.dcm,1.2.643.5.1.13.13.12.2.77.8252.13020010101411130307011411150509,3,261,280,left_hip,True,0.0,,,,,,,0.0,0.0,44,27.72,44,27.72,True,4.033219680135097,,,,,,,,-8.597265773830127,8.597265773830127,28.2,81.9,0.0,0.06516015629940171,50.4,13.826644241834112,73.5,10.2,274.05,168.0,261.0,0.38571428571428573,0.19185823754789272,1.0,0.26785714285714285,0.16071428571428573,0.5169554592245651,0.1515622061277941,0.9617382523461981,-9.089781104970976,2.7013973368403694,-8.727371362814395,2.993836543203628,-8.605564056196968,3.363165947976063,-8.243154314040387,3.055605154339321,-7.280744571883806,3.348044360702579,-6.318334829727235,3.040483567065837,-7.155925087570654,2.7329227734290953,-6.434117780953227,3.1022521782015473,-5.471708038796646,3.3946913845648052,-5.109298296640065,3.6871305909280636,-4.146888554483485,4.579569797291304,-4.384478812326904,5.472009003654563,-3.422069070170332,6.36444821001782,-2.7002617635528963,6.733777614790273,-1.7378520213963156,8.22621682115353,-0.17544227923973493,9.718656027516772,-8.213032537083171,11.81109523388003,-8.45062279492659,13.303534440243288,-8.810020359387453,13.826644241834112,-8.810020359387453,13.826644241834112,left,-0.44803196165265136,8.597265773830127,0.3,,,0.0,0.0,0.0,0.0
2.25.186201010600484120326273381077449377115,/home/user/workspace/dataset_extracted/Датасет/НД_для_обучения/Исследования/2.25.186201010600484120326273381077449377115/series_004_2_CR/A250777475 DXA/CR DXA/CR000010.dcm,1.2.643.5.1.13.13.12.2.77.8252.07061504011201061005090406100203,4,315,300,spine,True,0.0,,0.0,0.0,0.0,,,,,728,458.64,728,458.64,True,4.735541934920036,1.3629286865601689,0.18614110628990943,315.0,0.006113895732449824,0.0,0.0031746031746031746,0.5366666666666666,,,,,,,,,,,,,,,,,,,,,,,,,,,,,,,,,,,,,,,,,,,,,,,,,,,,,,,,,,,,,,,,,,,,,,,
2.25.186201010600484120326273381077449377115,/home/user/workspace/dataset_extracted/Датасет/НД_для_обучения/Исследования/2.25.186201010600484120326273381077449377115/series_004_2_CR/A250777475 DXA/CR DXA/CR000011.dcm,1.2.643.5.1.13.13.12.2.77.8252.04100315041404021215101114140602,1,315,300,spine,True,0.0,,0.0,0.0,0.0,,,,,728,458.64,728,458.64,True,4.735541934920036,1.3629286865601689,0.18614110628990943,315.0,0.006113895732449824,0.0,0.0031746031746031746,0.5366666666666666,,,,,,,,,,,,,,,,,,,,,,,,,,,,,,,,,,,,,,,,,,,,,,,,,,,,,,,,,,,,,,,,,,,,,,,
2.25.190331309633057244929837507901317950031,/home/user/workspace/dataset_extracted/Датасет/НД_для_обучения/Исследования/2.25.190331309633057244929837507901317950031/series_001_2_CR/A250791815 DXA/CR DXA/CR000000.dcm,1.2.643.5.1.13.13.12.2.77.8252.11050911061500091304001000100608,3,235,280,left_hip,True,0.0,,,,,,,0.0,0.0,0,0.0,0,0.0,False,0.0,,,,,,,,-4.5534034462295585,4.5534034462295585,31.2,95.55,2.9610931677018577,4.04938365981842,43.8,6.493014811275708,77.7,4.2,246.75,168.0,165.0,0.35,0.28393617021276596,0.7021276595744681,0.30714285714285716,0.16785714285714284,0.6878995346817932,0.19586767983593792,0.9437561403648169,1.812154801720001,2.861194457716215,2.3738557095078674,3.9539225991400087,2.945131390348763,4.623468705207858,2.9068322981366292,-15.883803153368348,3.468533205924487,-16.591075011944554,4.030234113712353,-18.49834687052076,3.9919350215002196,-20.405618729096965,3.963210702341115,-20.936072623029116,3.9249116101289814,-21.64334448160532,2.686612517916839,-23.550616340181527,-0.35168657429529443,-24.857888198757735,-0.38998566650742816,-26.16516005733394,-0.42828475871956184,-28.072431915910148,-1.0570090778786663,-28.602885809842295,-3.4953081700908,-29.3101576684185,-5.333607262302942,-30.0,-10.171906354515075,-30.0,-10.21020544672721,-30.0,-12.638929765886314,-30.0,-14.45807931199238,-30.0,left,-0.2410815274244889,4.5534034462295585,0.2607142857142857,,,0.0,0.0,0.0,0.0
2.25.190331309633057244929837507901317950031,/home/user/workspace/dataset_extracted/Датасет/НД_для_обучения/Исследования/2.25.190331309633057244929837507901317950031/series_001_2_CR/A250791815 DXA/CR DXA/CR000001.dcm,1.2.643.5.1.13.13.12.2.77.8252.13070805121401080100090313021511,6,235,280,left_hip,True,0.0,,,,,,,0.0,0.0,0,0.0,0,0.0,False,0.0,,,,,,,,-4.5534034462295585,4.5534034462295585,31.2,95.55,2.9610931677018577,4.04938365981842,43.8,6.493014811275708,77.7,4.2,246.75,168.0,165.0,0.35,0.28393617021276596,0.7021276595744681,0.30714285714285716,0.16785714285714284,0.6878995346817932,0.19586767983593792,0.9437561403648169,1.812154801720001,2.861194457716215,2.3738557095078674,3.9539225991400087,2.945131390348763,4.623468705207858,2.9068322981366292,-15.883803153368348,3.468533205924487,-16.591075011944554,4.030234113712353,-18.49834687052076,3.9919350215002196,-20.405618729096965,3.963210702341115,-20.936072623029116,3.9249116101289814,-21.64334448160532,2.686612517916839,-23.550616340181527,-0.35168657429529443,-24.857888198757735,-0.38998566650742816,-26.16516005733394,-0.42828475871956184,-28.072431915910148,-1.0570090778786663,-28.602885809842295,-3.4953081700908,-29.3101576684185,-5.333607262302942,-30.0,-10.171906354515075,-30.0,-10.21020544672721,-30.0,-12.638929765886314,-30.0,-14.45807931199238,-30.0,left,-0.2410815274244889,4.5534034462295585,0.2607142857142857,,,0.0,0.0,0.0,0.0
2.25.190331309633057244929837507901317950031,/home/user/workspace/dataset_extracted/Датасет/НД_для_обучения/Исследования/2.25.190331309633057244929837507901317950031/series_001_2_CR/A250791815 DXA/CR DXA/CR000002.dcm,1.2.643.5.1.13.13.12.2.77.8252.06100709031109071008120605101311,10,235,280,left_hip,True,0.0,,,,,,,0.0,0.0,0,0.0,0,0.0,False,0.0,,,,,,,,-4.5534034462295585,4.5534034462295585,31.2,95.55,2.9610931677018577,4.04938365981842,43.8,6.493014811275708,77.7,4.2,246.75,168.0,165.0,0.35,0.28393617021276596,0.7021276595744681,0.30714285714285716,0.16785714285714284,0.6878995346817932,0.19586767983593792,0.9437561403648169,1.812154801720001,2.861194457716215,2.3738557095078674,3.9539225991400087,2.945131390348763,4.623468705207858,2.9068322981366292,-15.883803153368348,3.468533205924487,-16.591075011944554,4.030234113712353,-18.49834687052076,3.9919350215002196,-20.405618729096965,3.963210702341115,-20.936072623029116,3.9249116101289814,-21.64334448160532,2.686612517916839,-23.550616340181527,-0.35168657429529443,-24.857888198757735,-0.38998566650742816,-26.16516005733394,-0.42828475871956184,-28.072431915910148,-1.0570090778786663,-28.602885809842295,-3.4953081700908,-29.3101576684185,-5.333607262302942,-30.0,-10.171906354515075,-30.0,-10.21020544672721,-30.0,-12.638929765886314,-30.0,-14.45807931199238,-30.0,left,-0.2410815274244889,4.5534034462295585,0.2607142857142857,,,0.0,0.0,0.0,0.0
2.25.190331309633057244929837507901317950031,/home/user/workspace/dataset_extracted/Датасет/НД_для_обучения/Исследования/2.25.190331309633057244929837507901317950031/series_001_2_CR/A250791815 DXA/CR DXA/CR000003.dcm,1.2.643.5.1.13.13.12.2.77.8252.11100109131006120600020910050910,1,318,300,spine,True,1.0,Нарушение оси позвоночника (отклонение более 5 градусов),0.0,1.0,0.0,,,,,1144,720.72,1144,720.72,True,4.401745974241145,1.5531788030651736,3.4543128828936425,318.0,0.008111133782221315,0.0,0.0031446540880503146,0.53,,,,,,,,,,,,,,,,,,,,,,,,,,,,,,,,,,,,,,,,,,,,,,,,,,,,,,,,,,,,,,,,,,,,,,,
2.25.190331309633057244929837507901317950031,/home/user/workspace/dataset_extracted/Датасет/НД_для_обучения/Исследования/2.25.190331309633057244929837507901317950031/series_001_2_CR/A250791815 DXA/CR DXA/CR000004.dcm,1.2.643.5.1.13.13.12.2.77.8252.03000010070307110614031003090302,5,235,280,right_hip,True,1.0,Нарушение позиционирования/ротации правого бедра,,,,1.0,0.0,,,0,0.0,0,0.0,False,0.0,,,,,,,,5.786775079145231,5.786775079145231,29.4,28.35,0.0,5.433699633699672,58.199999999999996,-3.3515262515262862,69.3,3.0,246.75,168.0,93.0,0.43214285714285716,0.2427659574468085,0.39574468085106385,0.3142857142857143,0.175,0.5582770641046116,0.1304268293076968,0.9373850239851057,0.36336996336995353,-12.774236874236845,0.5743589743589638,-11.711965811965792,0.13260073260073,-10.915262515262508,0.3435897435897402,-9.852991452991455,0.5545787545787505,-9.390720390720384,0.7655677655677692,-8.328449328449329,0.9765567765567794,-7.866178266178275,1.1347985347985456,-7.069474969474984,1.3457875457875559,-6.00720390720393,1.5567765567765746,-4.944932844932867,2.3677655677655847,-3.8826617826618133,2.578754578754604,-3.420390720390759,3.3897435897436137,-4.158119658119705,3.5479853479853714,-3.9614163614164055,4.358974358974391,-3.499145299145351,5.1699633699634004,-4.836874236874297,5.38095238095242,-5.574603174603243,5.433699633699672,-5.309035409035479,5.433699633699672,-5.309035409035479,5.433699633699672,-5.309035409035479,right,0.6997814017780674,5.786775079145231,0.3464285714285714,1.0,0.0,,,1.0,0.0
2.25.190331309633057244929837507901317950031,/home/user/workspace/dataset_extracted/Датасет/НД_для_обучения/Исследования/2.25.190331309633057244929837507901317950031/series_001_2_CR/A250791815 DXA/CR DXA/CR000005.dcm,1.2.643.5.1.13.13.12.2.77.8252.02040104021012120313090806030008,9,318,300,spine,True,1.0,Нарушение оси позвоночника (отклонение более 5 градусов),0.0,1.0,0.0,,,,,1144,720.72,1144,720.72,True,4.401745974241145,1.5531788030651736,3.4543128828936425,318.0,0.008111133782221315,0.0,0.0031446540880503146,0.53,,,,,,,,,,,,,,,,,,,,,,,,,,,,,,,,,,,,,,,,,,,,,,,,,,,,,,,,,,,,,,,,,,,,,,,
2.25.190331309633057244929837507901317950031,/home/user/workspace/dataset_extracted/Датасет/НД_для_обучения/Исследования/2.25.190331309633057244929837507901317950031/series_001_2_CR/A250791815 DXA/CR DXA/CR000006.dcm,1.2.643.5.1.13.13.12.2.77.8252.03020007121211050710080207000313,13,235,280,right_hip,True,1.0,Нарушение позиционирования/ротации правого бедра,,,,1.0,0.0,,,0,0.0,0,0.0,False,0.0,,,,,,,,5.786775079145231,5.786775079145231,29.4,28.35,0.0,5.433699633699672,58.199999999999996,-3.3515262515262862,69.3,3.0,246.75,168.0,93.0,0.43214285714285716,0.2427659574468085,0.39574468085106385,0.3142857142857143,0.175,0.5582770641046116,0.1304268293076968,0.9373850239851057,0.36336996336995353,-12.774236874236845,0.5743589743589638,-11.711965811965792,0.13260073260073,-10.915262515262508,0.3435897435897402,-9.852991452991455,0.5545787545787505,-9.390720390720384,0.7655677655677692,-8.328449328449329,0.9765567765567794,-7.866178266178275,1.1347985347985456,-7.069474969474984,1.3457875457875559,-6.00720390720393,1.5567765567765746,-4.944932844932867,2.3677655677655847,-3.8826617826618133,2.578754578754604,-3.420390720390759,3.3897435897436137,-4.158119658119705,3.5479853479853714,-3.9614163614164055,4.358974358974391,-3.499145299145351,5.1699633699634004,-4.836874236874297,5.38095238095242,-5.574603174603243,5.433699633699672,-5.309035409035479,5.433699633699672,-5.309035409035479,5.433699633699672,-5.309035409035479,right,0.6997814017780674,5.786775079145231,0.3464285714285714,1.0,0.0,,,1.0,0.0
2.25.190331309633057244929837507901317950031,/home/user/workspace/dataset_extracted/Датасет/НД_для_обучения/Исследования/2.25.190331309633057244929837507901317950031/series_001_2_CR/A250791815 DXA/CR DXA/CR000007.dcm,1.2.643.5.1.13.13.12.2.77.8252.10061312041507151308110106051414,2,235,280,right_hip,True,1.0,Нарушение позиционирования/ротации правого бедра,,,,1.0,0.0,,,0,0.0,0,0.0,False,0.0,,,,,,,,5.786775079145231,5.786775079145231,29.4,28.35,0.0,5.433699633699672,58.199999999999996,-3.3515262515262862,69.3,3.0,246.75,168.0,93.0,0.43214285714285716,0.2427659574468085,0.39574468085106385,0.3142857142857143,0.175,0.5582770641046116,0.1304268293076968,0.9373850239851057,0.36336996336995353,-12.774236874236845,0.5743589743589638,-11.711965811965792,0.13260073260073,-10.915262515262508,0.3435897435897402,-9.852991452991455,0.5545787545787505,-9.390720390720384,0.7655677655677692,-8.328449328449329,0.9765567765567794,-7.866178266178275,1.1347985347985456,-7.069474969474984,1.3457875457875559,-6.00720390720393,1.5567765567765746,-4.944932844932867,2.3677655677655847,-3.8826617826618133,2.578754578754604,-3.420390720390759,3.3897435897436137,-4.158119658119705,3.5479853479853714,-3.9614163614164055,4.358974358974391,-3.499145299145351,5.1699633699634004,-4.836874236874297,5.38095238095242,-5.574603174603243,5.433699633699672,-5.309035409035479,5.433699633699672,-5.309035409035479,5.433699633699672,-5.309035409035479,right,0.6997814017780674,5.786775079145231,0.3464285714285714,1.0,0.0,,,1.0,0.0
2.25.190331309633057244929837507901317950031,/home/user/workspace/dataset_extracted/Датасет/НД_для_обучения/Исследования/2.25.190331309633057244929837507901317950031/series_001_2_CR/A250791815 DXA/CR DXA/CR000008.dcm,1.2.643.5.1.13.13.12.2.77.8252.06130501091009001200080400150413,4,318,300,spine,True,1.0,Нарушение оси позвоночника (отклонение более 5 градусов),0.0,1.0,0.0,,,,,1144,720.72,1144,720.72,True,4.401745974241145,1.5531788030651736,3.4543128828936425,318.0,0.008111133782221315,0.0,0.0031446540880503146,0.53,,,,,,,,,,,,,,,,,,,,,,,,,,,,,,,,,,,,,,,,,,,,,,,,,,,,,,,,,,,,,,,,,,,,,,,
2.25.190331309633057244929837507901317950031,/home/user/workspace/dataset_extracted/Датасет/НД_для_обучения/Исследования/2.25.190331309633057244929837507901317950031/series_001_2_CR/A250791815 DXA/CR DXA/CR000009.dcm,1.2.643.5.1.13.13.12.2.77.8252.11100404131302060711141306031414,12,235,280,left_hip,True,0.0,,,,,,,0.0,0.0,0,0.0,0,0.0,False,0.0,,,,,,,,-4.5534034462295585,4.5534034462295585,31.2,95.55,2.9610931677018577,4.04938365981842,43.8,6.493014811275708,77.7,4.2,246.75,168.0,165.0,0.35,0.28393617021276596,0.7021276595744681,0.30714285714285716,0.16785714285714284,0.6878995346817932,0.19586767983593792,0.9437561403648169,1.812154801720001,2.861194457716215,2.3738557095078674,3.9539225991400087,2.945131390348763,4.623468705207858,2.9068322981366292,-15.883803153368348,3.468533205924487,-16.591075011944554,4.030234113712353,-18.49834687052076,3.9919350215002196,-20.405618729096965,3.963210702341115,-20.936072623029116,3.9249116101289814,-21.64334448160532,2.686612517916839,-23.550616340181527,-0.35168657429529443,-24.857888198757735,-0.38998566650742816,-26.16516005733394,-0.42828475871956184,-28.072431915910148,-1.0570090778786663,-28.602885809842295,-3.4953081700908,-29.3101576684185,-5.333607262302942,-30.0,-10.171906354515075,-30.0,-10.21020544672721,-30.0,-12.638929765886314,-30.0,-14.45807931199238,-30.0,left,-0.2410815274244889,4.5534034462295585,0.2607142857142857,,,0.0,0.0,0.0,0.0
2.25.190331309633057244929837507901317950031,/home/user/workspace/dataset_extracted/Датасет/НД_для_обучения/Исследования/2.25.190331309633057244929837507901317950031/series_001_2_CR/A250791815 DXA/CR DXA/CR000010.dcm,1.2.643.5.1.13.13.12.2.77.8252.09051315030213060214031014080701,11,235,280,right_hip,True,1.0,Нарушение позиционирования/ротации правого бедра,,,,1.0,0.0,,,0,0.0,0,0.0,False,0.0,,,,,,,,5.786775079145231,5.786775079145231,29.4,28.35,0.0,5.433699633699672,58.199999999999996,-3.3515262515262862,69.3,3.0,246.75,168.0,93.0,0.43214285714285716,0.2427659574468085,0.39574468085106385,0.3142857142857143,0.175,0.5582770641046116,0.1304268293076968,0.9373850239851057,0.36336996336995353,-12.774236874236845,0.5743589743589638,-11.711965811965792,0.13260073260073,-10.915262515262508,0.3435897435897402,-9.852991452991455,0.5545787545787505,-9.390720390720384,0.7655677655677692,-8.328449328449329,0.9765567765567794,-7.866178266178275,1.1347985347985456,-7.069474969474984,1.3457875457875559,-6.00720390720393,1.5567765567765746,-4.944932844932867,2.3677655677655847,-3.8826617826618133,2.578754578754604,-3.420390720390759,3.3897435897436137,-4.158119658119705,3.5479853479853714,-3.9614163614164055,4.358974358974391,-3.499145299145351,5.1699633699634004,-4.836874236874297,5.38095238095242,-5.574603174603243,5.433699633699672,-5.309035409035479,5.433699633699672,-5.309035409035479,5.433699633699672,-5.309035409035479,right,0.6997814017780674,5.786775079145231,0.3464285714285714,1.0,0.0,,,1.0,0.0
2.25.190807933410234695931591553323782771995,/home/user/workspace/dataset_extracted/Датасет/НД_для_обучения/Исследования/2.25.190807933410234695931591553323782771995/series_002_3_CR/A250762254 DXA/CR DXA/CR000000.dcm,1.2.643.5.1.13.13.12.2.77.8252.04000404020304020301120408100801,1,317,300,spine,True,1.0,"Наличие посторонних предметов, артефактов или наложений",0.0,0.0,1.0,,,,,157,98.91,157,98.91,True,3.9413645570130567,0.2955789950973983,1.3165337886276038,317.0,-0.01698988674671417,0.0,0.0031545741324921135,0.6033333333333334,,,,,,,,,,,,,,,,,,,,,,,,,,,,,,,,,,,,,,,,,,,,,,,,,,,,,,,,,,,,,,,,,,,,,,,
2.25.190807933410234695931591553323782771995,/home/user/workspace/dataset_extracted/Датасет/НД_для_обучения/Исследования/2.25.190807933410234695931591553323782771995/series_002_3_CR/A250762254 DXA/CR DXA/CR000001.dcm,1.2.643.5.1.13.13.12.2.77.8252.10101410111513000809081215030802,3,292,280,right_hip,False,,,,,,,,,,950,598.5,950,598.5,True,6.877899327389604,,,,,,,,-1.6405121269531124,1.6405121269531124,24.599999999999998,91.35000000000001,0.0,0.841940657578158,48.6,15.38989574979957,76.65,12.6,306.6,168.0,292.0,0.3875,0.2141756360078278,1.0,0.29642857142857143,0.14285714285714285,0.5217604989535172,0.12574974245668535,0.9722655352962929,-8.834562951082619,1.6421010425020568,-8.562229350441083,2.2738572574178506,-8.357979149959931,2.2976744186047,-8.085645549318386,2.9294306335205023,-7.813311948676849,3.5611868484362956,-7.5409783480353125,4.192943063352097,-6.668644747393768,4.824699278267891,-6.464394546912615,4.848516439454741,-6.192060946271078,4.880272654370543,-5.919727345629533,4.9120288692863365,-5.047393744987997,4.943785084202131,-3.5750601443464602,5.5755412991179325,-2.702726543704915,6.207297514033734,-0.0984763432237628,6.831114675220576,0.7738572574177738,8.062870890136377,-12.15380914194069,9.894627105052171,-13.681475541299145,11.126383319967973,-14.609141940657608,13.558139534883766,-15.004891740176447,14.781956696070615,-14.936808340016063,15.38989574979957,left,-0.3221084661983148,1.6405121269531124,0.2892857142857143,,,0.0,0.0,0.0,0.0
2.25.215177279960644564778148238928738915103,/home/user/workspace/dataset_extracted/Датасет/НД_для_обучения/Исследования/2.25.215177279960644564778148238928738915103/series_002_2_CR/A2504147013 DXA/CR DXA/CR000000.dcm,1.2.643.5.1.13.13.12.2.77.8252.02120211101306000510080011031411,4,320,280,left_hip,True,1.0,Нарушение позиционирования/ротации левого бедра,,,,,,1.0,0.0,0,0.0,0,0.0,False,0.0,,,,,,,,1.5446577632498506,1.5446577632498506,24.599999999999998,168.0,0.0,0.04429245283017735,58.8,19.336924000937557,58.800000000000004,6.6,336.0,168.0,320.0,0.4607142857142857,0.16171875,1.0,0.175,0.13214285714285715,0.5177577961633246,0.14556386163044807,0.9769516212366341,-14.502053791163728,2.7289162662604154,-15.297182116488932,3.360301476620202,-20.243528360482838,3.983840384390038,-24.03865668580805,4.615225594749807,-25.43378501113326,5.846610805109594,-28.028913336458462,7.077996015469364,-29.424041661783676,8.309381225829151,-30.0,8.932920133598985,-30.0,9.564305343958774,-30.0,10.795690554318542,-30.0,12.62707576467833,-30.0,14.458460975038099,-30.0,15.689846185397885,-30.0,17.51338509316772,-30.0,19.336924000937557,-30.0,19.336924000937557,-30.0,19.336924000937557,-30.0,19.336924000937557,-30.0,19.336924000937557,-30.0,19.336924000937557,left,-0.4741738325382877,1.5446577632498506,0.35,,,1.0,0.0,1.0,0.0
2.25.215177279960644564778148238928738915103,/home/user/workspace/dataset_extracted/Датасет/НД_для_обучения/Исследования/2.25.215177279960644564778148238928738915103/series_002_2_CR/A2504147013 DXA/CR DXA/CR000001.dcm,1.2.643.5.1.13.13.12.2.77.8252.05011012001311141515001115080104,3,291,300,spine,True,0.0,,0.0,0.0,0.0,,,,,1012,637.5600000000001,1012,637.5600000000001,True,5.346034749538597,1.7075324114908697,0.001813682015316953,291.0,-0.07821340796153776,0.0,0.003436426116838488,0.29,,,,,,,,,,,,,,,,,,,,,,,,,,,,,,,,,,,,,,,,,,,,,,,,,,,,,,,,,,,,,,,,,,,,,,,
2.25.215177279960644564778148238928738915103,/home/user/workspace/dataset_extracted/Датасет/НД_для_обучения/Исследования/2.25.215177279960644564778148238928738915103/series_002_2_CR/A2504147013 DXA/CR DXA/CR000002.dcm,1.2.643.5.1.13.13.12.2.77.8252.00070615051510041500030210150312,5,292,280,left_hip,True,1.0,Нарушение позиционирования/ротации левого бедра,,,,,,1.0,0.0,0,0.0,0,0.0,False,0.0,,,,,,,,4.188083413126669,4.188083413126669,25.2,154.35,0.0,-10.62158233156276,45.0,17.11887736212589,48.300000000000004,6.0,306.6,168.0,292.0,0.41964285714285715,0.16158268101761253,1.0,0.16071428571428573,0.1357142857142857,0.545723376255452,0.1761259899408996,0.9783748056061459,-14.5303999274645,2.383763383176293,-18.542156722000165,3.7871075716476836,-20.650974317901905,3.9396157130012313,-21.662731112437562,4.742959901472614,-23.274487906973228,6.146304089944004,-23.686244701508887,6.9496482784153955,-24.09800149604455,7.752992466886786,-24.406819091946293,9.105500608240325,-30.0,10.508844796711715,-30.0,11.912188985183107,-30.0,13.915533173654497,-30.0,17.11887736212589,-30.0,17.11887736212589,-30.0,17.11887736212589,-30.0,17.11887736212589,-30.0,17.11887736212589,-30.0,17.11887736212589,-30.0,17.11887736212589,-30.0,17.11887736212589,-30.0,17.11887736212589,right,0.19128396985164361,4.188083413126669,0.26785714285714285,1.0,0.0,,,1.0,0.0
2.25.215177279960644564778148238928738915103,/home/user/workspace/dataset_extracted/Датасет/НД_для_обучения/Исследования/2.25.215177279960644564778148238928738915103/series_002_2_CR/A2504147013 DXA/CR DXA/CR000003.dcm,1.2.643.5.1.13.13.12.2.77.8252.02080006130815010800091303020804,6,320,280,left_hip,True,1.0,Нарушение позиционирования/ротации левого бедра,,,,,,1.0,0.0,0,0.0,0,0.0,False,0.0,,,,,,,,1.5446577632498506,1.5446577632498506,24.599999999999998,168.0,0.0,0.04429245283017735,58.8,19.336924000937557,58.800000000000004,6.6,336.0,168.0,320.0,0.4607142857142857,0.16171875,1.0,0.175,0.13214285714285715,0.5177577961633246,0.14556386163044807,0.9769516212366341,-14.502053791163728,2.7289162662604154,-15.297182116488932,3.360301476620202,-20.243528360482838,3.983840384390038,-24.03865668580805,4.615225594749807,-25.43378501113326,5.846610805109594,-28.028913336458462,7.077996015469364,-29.424041661783676,8.309381225829151,-30.0,8.932920133598985,-30.0,9.564305343958774,-30.0,10.795690554318542,-30.0,12.62707576467833,-30.0,14.458460975038099,-30.0,15.689846185397885,-30.0,17.51338509316772,-30.0,19.336924000937557,-30.0,19.336924000937557,-30.0,19.336924000937557,-30.0,19.336924000937557,-30.0,19.336924000937557,-30.0,19.336924000937557,left,-0.4741738325382877,1.5446577632498506,0.35,,,1.0,0.0,1.0,0.0
2.25.215177279960644564778148238928738915103,/home/user/workspace/dataset_extracted/Датасет/НД_для_обучения/Исследования/2.25.215177279960644564778148238928738915103/series_002_2_CR/A2504147013 DXA/CR DXA/CR000004.dcm,1.2.643.5.1.13.13.12.2.77.8252.13140203110104081414101201001405,1,291,300,spine,True,0.0,,0.0,0.0,0.0,,,,,1012,637.5600000000001,1012,637.5600000000001,True,5.346034749538597,1.7075324114908697,0.001813682015316953,291.0,-0.07821340796153776,0.0,0.003436426116838488,0.29,,,,,,,,,,,,,,,,,,,,,,,,,,,,,,,,,,,,,,,,,,,,,,,,,,,,,,,,,,,,,,,,,,,,,,,
2.25.217397325224876728316360420804118329081,/home/user/workspace/dataset_extracted/Датасет/НД_для_обучения/Исследования/2.25.217397325224876728316360420804118329081/series_002_2_CR/A250474631 DXA/CR DXA/CR000000.dcm,1.2.643.5.1.13.13.12.2.77.8252.02091115080411030312040600000701,3,263,280,left_hip,True,0.0,,,,,,,0.0,0.0,0,0.0,0,0.0,False,0.0,,,,,,,,-12.632431172301008,12.632431172301008,18.599999999999998,107.10000000000001,0.0,3.794307072054971,67.8,11.451014695986999,42.0,6.0,276.15000000000003,168.0,263.0,0.4767857142857143,0.17229766431287344,1.0,0.22142857142857142,0.15,0.4743443606141395,0.1307388369653505,0.9593302517249995,3.1017444063080917,1.4040519985750735,3.286869737801851,2.106562021136449,3.125713736422153,2.933444538057472,3.310839067915913,4.23595456061883,-0.7040356005903617,4.938464583180189,-1.7189102690966023,6.840974605741548,-2.13378493760286,8.143484628302923,-2.2949409389825406,8.970367145223928,-3.309815607488798,10.272877167785305,-3.124690275995056,10.975387190346662,-3.032127610248176,11.326642201627351,-3.032127610248176,11.326642201627351,-3.032127610248176,11.326642201627351,-3.032127610248176,11.326642201627351,-3.032127610248176,11.326642201627351,-3.032127610248176,11.326642201627351,-3.032127610248176,11.326642201627351,-3.032127610248176,11.326642201627351,-3.032127610248176,11.326642201627351,-3.032127610248176,11.326642201627351,left,-0.8696565770670087,12.632431172301008,0.4035714285714286,,,0.0,0.0,0.0,0.0
2.25.217397325224876728316360420804118329081,/home/user/workspace/dataset_extracted/Датасет/НД_для_обучения/Исследования/2.25.217397325224876728316360420804118329081/series_002_2_CR/A250474631 DXA/CR DXA/CR000001.dcm,1.2.643.5.1.13.13.12.2.77.8252.10000400041408060608031009090710,2,235,280,right_hip,True,0.0,,,,,0.0,0.0,,,0,0.0,0,0.0,False,0.0,,,,,,,,-13.889605079385525,13.889605079385525,10.799999999999999,73.5,0.0,11.379896771935927,60.599999999999994,14.072595573440651,54.6,7.8,246.75,168.0,235.0,0.44107142857142856,0.1712917933130699,1.0,0.2571428571428571,0.15714285714285714,0.4667796548330086,0.1436784370295504,0.9451687021647669,5.0600297436794275,0.5043863179074491,6.804003149330731,0.771187122736427,7.511983203569195,1.121287726358156,9.2559566092205,1.9880885311871337,10.399930014871801,2.8548893360160945,10.943903420523105,4.321690140845072,10.887876826174407,5.78849094567405,6.795856880412873,6.738591549295779,7.339830286064193,8.205392354124756,7.883803691715479,9.672193158953718,7.827777097366782,11.138993963782696,8.971750503018086,12.005794768611674,9.515723908669388,14.072595573440651,10.387710611495049,13.90599597585513,10.387710611495049,13.90599597585513,10.387710611495049,13.90599597585513,10.387710611495049,13.90599597585513,10.387710611495049,13.90599597585513,10.387710611495049,13.90599597585513,10.387710611495049,13.90599597585513,right,0.5326931595309499,13.889605079385525,0.36071428571428565,0.0,0.0,,,0.0,0.0
2.25.217397325224876728316360420804118329081,/home/user/workspace/dataset_extracted/Датасет/НД_для_обучения/Исследования/2.25.217397325224876728316360420804118329081/series_002_2_CR/A250474631 DXA/CR DXA/CR000002.dcm,1.2.643.5.1.13.13.12.2.77.8252.04131001000110131311121304090609,1,318,300,spine,True,0.0,,0.0,0.0,0.0,,,,,1411,888.93,1411,888.93,True,4.8248809158888335,2.6861134570472833,0.7183645278072426,318.0,0.0652753009362461,0.0,0.0031446540880503146,0.5933333333333334,,,,,,,,,,,,,,,,,,,,,,,,,,,,,,,,,,,,,,,,,,,,,,,,,,,,,,,,,,,,,,,,,,,,,,,
2.25.217397325224876728316360420804118329081,/home/user/workspace/dataset_extracted/Датасет/НД_для_обучения/Исследования/2.25.217397325224876728316360420804118329081/series_002_2_CR/A250474631 DXA/CR DXA/CR000003.dcm,1.2.643.5.1.13.13.12.2.77.8252.01120903030308120114061013030505,5,235,280,right_hip,True,0.0,,,,,0.0,0.0,,,0,0.0,0,0.0,False,0.0,,,,,,,,-13.889605079385525,13.889605079385525,10.799999999999999,73.5,0.0,11.379896771935927,60.599999999999994,14.072595573440651,54.6,7.8,246.75,168.0,235.0,0.44107142857142856,0.1712917933130699,1.0,0.2571428571428571,0.15714285714285714,0.4667796548330086,0.1436784370295504,0.9451687021647669,5.0600297436794275,0.5043863179074491,6.804003149330731,0.771187122736427,7.511983203569195,1.121287726358156,9.2559566092205,1.9880885311871337,10.399930014871801,2.8548893360160945,10.943903420523105,4.321690140845072,10.887876826174407,5.78849094567405,6.795856880412873,6.738591549295779,7.339830286064193,8.205392354124756,7.883803691715479,9.672193158953718,7.827777097366782,11.138993963782696,8.971750503018086,12.005794768611674,9.515723908669388,14.072595573440651,10.387710611495049,13.90599597585513,10.387710611495049,13.90599597585513,10.387710611495049,13.90599597585513,10.387710611495049,13.90599597585513,10.387710611495049,13.90599597585513,10.387710611495049,13.90599597585513,10.387710611495049,13.90599597585513,right,0.5326931595309499,13.889605079385525,0.36071428571428565,0.0,0.0,,,0.0,0.0
2.25.217397325224876728316360420804118329081,/home/user/workspace/dataset_extracted/Датасет/НД_для_обучения/Исследования/2.25.217397325224876728316360420804118329081/series_002_2_CR/A250474631 DXA/CR DXA/CR000004.dcm,1.2.643.5.1.13.13.12.2.77.8252.03000813041512141007100304081206,4,318,300,spine,True,0.0,,0.0,0.0,0.0,,,,,1411,888.93,1411,888.93,True,4.8248809158888335,2.6861134570472833,0.7183645278072426,318.0,0.0652753009362461,0.0,0.0031446540880503146,0.5933333333333334,,,,,,,,,,,,,,,,,,,,,,,,,,,,,,,,,,,,,,,,,,,,,,,,,,,,,,,,,,,,,,,,,,,,,,,
2.25.217397325224876728316360420804118329081,/home/user/workspace/dataset_extracted/Датасет/НД_для_обучения/Исследования/2.25.217397325224876728316360420804118329081/series_002_2_CR/A250474631 DXA/CR DXA/CR000005.dcm,1.2.643.5.1.13.13.12.2.77.8252.13021514070905140715121507140313,9,318,300,spine,True,0.0,,0.0,0.0,0.0,,,,,1411,888.93,1411,888.93,True,4.8248809158888335,2.6861134570472833,0.7183645278072426,318.0,0.0652753009362461,0.0,0.0031446540880503146,0.5933333333333334,,,,,,,,,,,,,,,,,,,,,,,,,,,,,,,,,,,,,,,,,,,,,,,,,,,,,,,,,,,,,,,,,,,,,,,
2.25.217397325224876728316360420804118329081,/home/user/workspace/dataset_extracted/Датасет/НД_для_обучения/Исследования/2.25.217397325224876728316360420804118329081/series_002_2_CR/A250474631 DXA/CR DXA/CR000006.dcm,1.2.643.5.1.13.13.12.2.77.8252.08100408121001020706011402110914,12,263,280,left_hip,True,0.0,,,,,,,0.0,0.0,0,0.0,0,0.0,False,0.0,,,,,,,,-12.632431172301008,12.632431172301008,18.599999999999998,107.10000000000001,0.0,3.794307072054971,67.8,11.451014695986999,42.0,6.0,276.15000000000003,168.0,263.0,0.4767857142857143,0.17229766431287344,1.0,0.22142857142857142,0.15,0.4743443606141395,0.1307388369653505,0.9593302517249995,3.1017444063080917,1.4040519985750735,3.286869737801851,2.106562021136449,3.125713736422153,2.933444538057472,3.310839067915913,4.23595456061883,-0.7040356005903617,4.938464583180189,-1.7189102690966023,6.840974605741548,-2.13378493760286,8.143484628302923,-2.2949409389825406,8.970367145223928,-3.309815607488798,10.272877167785305,-3.124690275995056,10.975387190346662,-3.032127610248176,11.326642201627351,-3.032127610248176,11.326642201627351,-3.032127610248176,11.326642201627351,-3.032127610248176,11.326642201627351,-3.032127610248176,11.326642201627351,-3.032127610248176,11.326642201627351,-3.032127610248176,11.326642201627351,-3.032127610248176,11.326642201627351,-3.032127610248176,11.326642201627351,-3.032127610248176,11.326642201627351,left,-0.8696565770670087,12.632431172301008,0.4035714285714286,,,0.0,0.0,0.0,0.0
2.25.217397325224876728316360420804118329081,/home/user/workspace/dataset_extracted/Датасет/НД_для_обучения/Исследования/2.25.217397325224876728316360420804118329081/series_002_2_CR/A250474631 DXA/CR DXA/CR000007.dcm,1.2.643.5.1.13.13.12.2.77.8252.15101108070415081206070914081510,10,263,280,left_hip,True,0.0,,,,,,,0.0,0.0,0,0.0,0,0.0,False,0.0,,,,,,,,-12.632431172301008,12.632431172301008,18.599999999999998,107.10000000000001,0.0,3.794307072054971,67.8,11.451014695986999,42.0,6.0,276.15000000000003,168.0,263.0,0.4767857142857143,0.17229766431287344,1.0,0.22142857142857142,0.15,0.4743443606141395,0.1307388369653505,0.9593302517249995,3.1017444063080917,1.4040519985750735,3.286869737801851,2.106562021136449,3.125713736422153,2.933444538057472,3.310839067915913,4.23595456061883,-0.7040356005903617,4.938464583180189,-1.7189102690966023,6.840974605741548,-2.13378493760286,8.143484628302923,-2.2949409389825406,8.970367145223928,-3.309815607488798,10.272877167785305,-3.124690275995056,10.975387190346662,-3.032127610248176,11.326642201627351,-3.032127610248176,11.326642201627351,-3.032127610248176,11.326642201627351,-3.032127610248176,11.326642201627351,-3.032127610248176,11.326642201627351,-3.032127610248176,11.326642201627351,-3.032127610248176,11.326642201627351,-3.032127610248176,11.326642201627351,-3.032127610248176,11.326642201627351,-3.032127610248176,11.326642201627351,left,-0.8696565770670087,12.632431172301008,0.4035714285714286,,,0.0,0.0,0.0,0.0
2.25.217397325224876728316360420804118329081,/home/user/workspace/dataset_extracted/Датасет/НД_для_обучения/Исследования/2.25.217397325224876728316360420804118329081/series_002_2_CR/A250474631 DXA/CR DXA/CR000008.dcm,1.2.643.5.1.13.13.12.2.77.8252.14010614131006141014100714050813,11,235,280,right_hip,True,0.0,,,,,0.0,0.0,,,0,0.0,0,0.0,False,0.0,,,,,,,,-13.889605079385525,13.889605079385525,10.799999999999999,73.5,0.0,11.379896771935927,60.599999999999994,14.072595573440651,54.6,7.8,246.75,168.0,235.0,0.44107142857142856,0.1712917933130699,1.0,0.2571428571428571,0.15714285714285714,0.4667796548330086,0.1436784370295504,0.9451687021647669,5.0600297436794275,0.5043863179074491,6.804003149330731,0.771187122736427,7.511983203569195,1.121287726358156,9.2559566092205,1.9880885311871337,10.399930014871801,2.8548893360160945,10.943903420523105,4.321690140845072,10.887876826174407,5.78849094567405,6.795856880412873,6.738591549295779,7.339830286064193,8.205392354124756,7.883803691715479,9.672193158953718,7.827777097366782,11.138993963782696,8.971750503018086,12.005794768611674,9.515723908669388,14.072595573440651,10.387710611495049,13.90599597585513,10.387710611495049,13.90599597585513,10.387710611495049,13.90599597585513,10.387710611495049,13.90599597585513,10.387710611495049,13.90599597585513,10.387710611495049,13.90599597585513,10.387710611495049,13.90599597585513,right,0.5326931595309499,13.889605079385525,0.36071428571428565,0.0,0.0,,,0.0,0.0
2.25.217397325224876728316360420804118329081,/home/user/workspace/dataset_extracted/Датасет/НД_для_обучения/Исследования/2.25.217397325224876728316360420804118329081/series_002_2_CR/A250474631 DXA/CR DXA/CR000009.dcm,1.2.643.5.1.13.13.12.2.77.8252.07081006110204030410140712110010,6,263,280,left_hip,True,0.0,,,,,,,0.0,0.0,0,0.0,0,0.0,False,0.0,,,,,,,,-12.632431172301008,12.632431172301008,18.599999999999998,107.10000000000001,0.0,3.794307072054971,67.8,11.451014695986999,42.0,6.0,276.15000000000003,168.0,263.0,0.4767857142857143,0.17229766431287344,1.0,0.22142857142857142,0.15,0.4743443606141395,0.1307388369653505,0.9593302517249995,3.1017444063080917,1.4040519985750735,3.286869737801851,2.106562021136449,3.125713736422153,2.933444538057472,3.310839067915913,4.23595456061883,-0.7040356005903617,4.938464583180189,-1.7189102690966023,6.840974605741548,-2.13378493760286,8.143484628302923,-2.2949409389825406,8.970367145223928,-3.309815607488798,10.272877167785305,-3.124690275995056,10.975387190346662,-3.032127610248176,11.326642201627351,-3.032127610248176,11.326642201627351,-3.032127610248176,11.326642201627351,-3.032127610248176,11.326642201627351,-3.032127610248176,11.326642201627351,-3.032127610248176,11.326642201627351,-3.032127610248176,11.326642201627351,-3.032127610248176,11.326642201627351,-3.032127610248176,11.326642201627351,-3.032127610248176,11.326642201627351,left,-0.8696565770670087,12.632431172301008,0.4035714285714286,,,0.0,0.0,0.0,0.0
2.25.217397325224876728316360420804118329081,/home/user/workspace/dataset_extracted/Датасет/НД_для_обучения/Исследования/2.25.217397325224876728316360420804118329081/series_002_2_CR/A250474631 DXA/CR DXA/CR000010.dcm,1.2.643.5.1.13.13.12.2.77.8252.03030902090804040112070613130312,13,235,280,right_hip,True,0.0,,,,,0.0,0.0,,,0,0.0,0,0.0,False,0.0,,,,,,,,-13.889605079385525,13.889605079385525,10.799999999999999,73.5,0.0,11.379896771935927,60.599999999999994,14.072595573440651,54.6,7.8,246.75,168.0,235.0,0.44107142857142856,0.1712917933130699,1.0,0.2571428571428571,0.15714285714285714,0.4667796548330086,0.1436784370295504,0.9451687021647669,5.0600297436794275,0.5043863179074491,6.804003149330731,0.771187122736427,7.511983203569195,1.121287726358156,9.2559566092205,1.9880885311871337,10.399930014871801,2.8548893360160945,10.943903420523105,4.321690140845072,10.887876826174407,5.78849094567405,6.795856880412873,6.738591549295779,7.339830286064193,8.205392354124756,7.883803691715479,9.672193158953718,7.827777097366782,11.138993963782696,8.971750503018086,12.005794768611674,9.515723908669388,14.072595573440651,10.387710611495049,13.90599597585513,10.387710611495049,13.90599597585513,10.387710611495049,13.90599597585513,10.387710611495049,13.90599597585513,10.387710611495049,13.90599597585513,10.387710611495049,13.90599597585513,10.387710611495049,13.90599597585513,right,0.5326931595309499,13.889605079385525,0.36071428571428565,0.0,0.0,,,0.0,0.0
2.25.220866240977467582196609708837940253840,/home/user/workspace/dataset_extracted/Датасет/НД_для_обучения/Исследования/2.25.220866240977467582196609708837940253840/series_001_2_CR/A2504258893 DXA/CR DXA/CR000000.dcm,1.2.643.5.1.13.13.12.2.77.8252.03010603150012061509030005111300,1,317,300,spine,True,1.0,Нарушение оси позвоночника (отклонение более 5 градусов),0.0,1.0,0.0,,,,,591,372.33,591,372.33,True,3.5741508444113066,5.071895794117937,0.016423870943046204,317.0,-0.11784575530844804,0.0,0.0031545741324921135,0.43666666666666665,,,,,,,,,,,,,,,,,,,,,,,,,,,,,,,,,,,,,,,,,,,,,,,,,,,,,,,,,,,,,,,,,,,,,,,
2.25.234651502352368356456298825489565282446,/home/user/workspace/dataset_extracted/Датасет/НД_для_обучения/Исследования/2.25.234651502352368356456298825489565282446/series_002_2_CR/A2504307193 DXA/CR DXA/CR000000.dcm,1.2.643.5.1.13.13.12.2.77.8252.02051208030605070510050510081213,5,233,280,right_hip,True,1.0,Нарушение позиционирования/ротации правого бедра,,,,1.0,0.0,,,0,0.0,0,0.0,False,0.0,,,,,,,,-10.56044752182988,10.56044752182988,31.799999999999997,85.05,0.0,5.296025293586276,31.2,3.40094399277325,65.10000000000001,3.5999999999999996,244.65,168.0,143.0,0.26071428571428573,0.28341508277130595,0.6137339055793991,0.38571428571428573,0.15,0.6484346812266177,0.2016397925467453,0.9432162552010498,4.168057813911477,-14.90256549232161,5.120036133694674,-16.716603432701003,4.784019873532074,-18.227131887985568,3.935998193315271,-19.44116982836498,3.6879765130984765,-21.255207768744388,3.4399548328816736,-22.469245709123783,0.19193315266487046,-24.283283649503193,0.4559168925022703,-25.193812104787742,0.8078952122854673,-25.80785004516715,0.5598735320686643,-25.82188798554656,-0.8881481481481387,-26.43592592592597,-2.3361698283649415,-30.0,-4.984191508581736,-30.0,-5.3202077687443365,-30.0,-4.968229448961139,-30.0,-6.416251129177942,-30.0,-6.328256549232145,-30.0,-6.328256549232145,-30.0,-6.328256549232145,-30.0,-6.328256549232145,-30.0,right,0.2342263240781862,10.56044752182988,0.18571428571428572,1.0,0.0,,,1.0,0.0
2.25.234651502352368356456298825489565282446,/home/user/workspace/dataset_extracted/Датасет/НД_для_обучения/Исследования/2.25.234651502352368356456298825489565282446/series_002_2_CR/A2504307193 DXA/CR DXA/CR000001.dcm,1.2.643.5.1.13.13.12.2.77.8252.05090510140315010003130007000910,2,233,280,right_hip,True,1.0,Нарушение позиционирования/ротации правого бедра,,,,1.0,0.0,,,0,0.0,0,0.0,False,0.0,,,,,,,,-10.56044752182988,10.56044752182988,31.799999999999997,85.05,0.0,5.296025293586276,31.2,3.40094399277325,65.10000000000001,3.5999999999999996,244.65,168.0,143.0,0.26071428571428573,0.28341508277130595,0.6137339055793991,0.38571428571428573,0.15,0.6484346812266177,0.2016397925467453,0.9432162552010498,4.168057813911477,-14.90256549232161,5.120036133694674,-16.716603432701003,4.784019873532074,-18.227131887985568,3.935998193315271,-19.44116982836498,3.6879765130984765,-21.255207768744388,3.4399548328816736,-22.469245709123783,0.19193315266487046,-24.283283649503193,0.4559168925022703,-25.193812104787742,0.8078952122854673,-25.80785004516715,0.5598735320686643,-25.82188798554656,-0.8881481481481387,-26.43592592592597,-2.3361698283649415,-30.0,-4.984191508581736,-30.0,-5.3202077687443365,-30.0,-4.968229448961139,-30.0,-6.416251129177942,-30.0,-6.328256549232145,-30.0,-6.328256549232145,-30.0,-6.328256549232145,-30.0,-6.328256549232145,-30.0,right,0.2342263240781862,10.56044752182988,0.18571428571428572,1.0,0.0,,,1.0,0.0
2.25.234651502352368356456298825489565282446,/home/user/workspace/dataset_extracted/Датасет/НД_для_обучения/Исследования/2.25.234651502352368356456298825489565282446/series_002_2_CR/A2504307193 DXA/CR DXA/CR000002.dcm,1.2.643.5.1.13.13.12.2.77.8252.09031307051100020212010511060414,4,291,300,spine,True,0.0,,0.0,0.0,0.0,,,,,0,0.0,0,0.0,False,0.0,1.0472258770247296,3.1407521418500304,291.0,0.015807515214896834,0.0,0.003436426116838488,0.36666666666666664,,,,,,,,,,,,,,,,,,,,,,,,,,,,,,,,,,,,,,,,,,,,,,,,,,,,,,,,,,,,,,,,,,,,,,,
2.25.234651502352368356456298825489565282446,/home/user/workspace/dataset_extracted/Датасет/НД_для_обучения/Исследования/2.25.234651502352368356456298825489565282446/series_002_2_CR/A2504307193 DXA/CR DXA/CR000003.dcm,1.2.643.5.1.13.13.12.2.77.8252.09140613011500120102030800080807,3,207,280,left_hip,True,1.0,Нарушение позиционирования/ротации левого бедра,,,,,,1.0,0.0,6,3.7800000000000002,6,3.7800000000000002,True,3.0485999514796904,,,,,,,,-5.074055028701854,5.074055028701854,27.599999999999998,26.25,0.0,6.706153846153819,43.8,-17.045999999999996,60.900000000000006,3.0,217.35000000000002,168.0,83.0,0.3392857142857143,0.23088336783988958,0.40096618357487923,0.29642857142857143,0.16071428571428573,0.5808139543183539,0.16424879667460243,0.9362798054276275,0.31384615384614845,-19.90153846153847,0.4523076923076843,-22.30892307692307,0.5561538461538361,-22.764461538461532,0.694615384615372,-23.371846153846143,0.8330769230769078,-24.579230769230765,0.9715384615384437,-25.786615384615367,1.7099999999999795,-26.393999999999988,1.81384615384614,-28.04953846153844,2.5523076923076755,-29.25692307692306,3.2907692307692114,-29.864307692307662,4.629230769230747,-30.0,6.567692307692283,-30.0,6.706153846153819,-30.0,4.409999999999971,-30.0,2.7484615384615068,-30.0,0.9830769230768908,-30.0,0.9830769230768908,-30.0,0.9830769230768908,-30.0,0.9830769230768908,-30.0,0.9830769230768908,-30.0,left,-0.3468521545230189,5.074055028701854,0.2607142857142857,,,1.0,0.0,1.0,0.0
2.25.234651502352368356456298825489565282446,/home/user/workspace/dataset_extracted/Датасет/НД_для_обучения/Исследования/2.25.234651502352368356456298825489565282446/series_002_2_CR/A2504307193 DXA/CR DXA/CR000004.dcm,1.2.643.5.1.13.13.12.2.77.8252.09061112071413071402070608030006,10,207,280,left_hip,True,1.0,Нарушение позиционирования/ротации левого бедра,,,,,,1.0,0.0,6,3.7800000000000002,6,3.7800000000000002,True,3.0485999514796904,,,,,,,,-5.074055028701854,5.074055028701854,27.599999999999998,26.25,0.0,6.706153846153819,43.8,-17.045999999999996,60.900000000000006,3.0,217.35000000000002,168.0,83.0,0.3392857142857143,0.23088336783988958,0.40096618357487923,0.29642857142857143,0.16071428571428573,0.5808139543183539,0.16424879667460243,0.9362798054276275,0.31384615384614845,-19.90153846153847,0.4523076923076843,-22.30892307692307,0.5561538461538361,-22.764461538461532,0.694615384615372,-23.371846153846143,0.8330769230769078,-24.579230769230765,0.9715384615384437,-25.786615384615367,1.7099999999999795,-26.393999999999988,1.81384615384614,-28.04953846153844,2.5523076923076755,-29.25692307692306,3.2907692307692114,-29.864307692307662,4.629230769230747,-30.0,6.567692307692283,-30.0,6.706153846153819,-30.0,4.409999999999971,-30.0,2.7484615384615068,-30.0,0.9830769230768908,-30.0,0.9830769230768908,-30.0,0.9830769230768908,-30.0,0.9830769230768908,-30.0,0.9830769230768908,-30.0,left,-0.3468521545230189,5.074055028701854,0.2607142857142857,,,1.0,0.0,1.0,0.0
2.25.234651502352368356456298825489565282446,/home/user/workspace/dataset_extracted/Датасет/НД_для_обучения/Исследования/2.25.234651502352368356456298825489565282446/series_002_2_CR/A2504307193 DXA/CR DXA/CR000005.dcm,1.2.643.5.1.13.13.12.2.77.8252.14111506040710041211031511080401,12,207,280,left_hip,True,1.0,Нарушение позиционирования/ротации левого бедра,,,,,,1.0,0.0,6,3.7800000000000002,6,3.7800000000000002,True,3.0485999514796904,,,,,,,,-5.074055028701854,5.074055028701854,27.599999999999998,26.25,0.0,6.706153846153819,43.8,-17.045999999999996,60.900000000000006,3.0,217.35000000000002,168.0,83.0,0.3392857142857143,0.23088336783988958,0.40096618357487923,0.29642857142857143,0.16071428571428573,0.5808139543183539,0.16424879667460243,0.9362798054276275,0.31384615384614845,-19.90153846153847,0.4523076923076843,-22.30892307692307,0.5561538461538361,-22.764461538461532,0.694615384615372,-23.371846153846143,0.8330769230769078,-24.579230769230765,0.9715384615384437,-25.786615384615367,1.7099999999999795,-26.393999999999988,1.81384615384614,-28.04953846153844,2.5523076923076755,-29.25692307692306,3.2907692307692114,-29.864307692307662,4.629230769230747,-30.0,6.567692307692283,-30.0,6.706153846153819,-30.0,4.409999999999971,-30.0,2.7484615384615068,-30.0,0.9830769230768908,-30.0,0.9830769230768908,-30.0,0.9830769230768908,-30.0,0.9830769230768908,-30.0,0.9830769230768908,-30.0,left,-0.3468521545230189,5.074055028701854,0.2607142857142857,,,1.0,0.0,1.0,0.0
2.25.234651502352368356456298825489565282446,/home/user/workspace/dataset_extracted/Датасет/НД_для_обучения/Исследования/2.25.234651502352368356456298825489565282446/series_002_2_CR/A2504307193 DXA/CR DXA/CR000006.dcm,1.2.643.5.1.13.13.12.2.77.8252.10051211011505050506141504040101,1,291,300,spine,True,0.0,,0.0,0.0,0.0,,,,,0,0.0,0,0.0,False,0.0,1.0472258770247296,3.1407521418500304,291.0,0.015807515214896834,0.0,0.003436426116838488,0.36666666666666664,,,,,,,,,,,,,,,,,,,,,,,,,,,,,,,,,,,,,,,,,,,,,,,,,,,,,,,,,,,,,,,,,,,,,,,
2.25.234651502352368356456298825489565282446,/home/user/workspace/dataset_extracted/Датасет/НД_для_обучения/Исследования/2.25.234651502352368356456298825489565282446/series_002_2_CR/A2504307193 DXA/CR DXA/CR000007.dcm,1.2.643.5.1.13.13.12.2.77.8252.15100402090103120615100706141310,11,233,280,right_hip,True,1.0,Нарушение позиционирования/ротации правого бедра,,,,1.0,0.0,,,0,0.0,0,0.0,False,0.0,,,,,,,,-10.56044752182988,10.56044752182988,31.799999999999997,85.05,0.0,5.296025293586276,31.2,3.40094399277325,65.10000000000001,3.5999999999999996,244.65,168.0,143.0,0.26071428571428573,0.28341508277130595,0.6137339055793991,0.38571428571428573,0.15,0.6484346812266177,0.2016397925467453,0.9432162552010498,4.168057813911477,-14.90256549232161,5.120036133694674,-16.716603432701003,4.784019873532074,-18.227131887985568,3.935998193315271,-19.44116982836498,3.6879765130984765,-21.255207768744388,3.4399548328816736,-22.469245709123783,0.19193315266487046,-24.283283649503193,0.4559168925022703,-25.193812104787742,0.8078952122854673,-25.80785004516715,0.5598735320686643,-25.82188798554656,-0.8881481481481387,-26.43592592592597,-2.3361698283649415,-30.0,-4.984191508581736,-30.0,-5.3202077687443365,-30.0,-4.968229448961139,-30.0,-6.416251129177942,-30.0,-6.328256549232145,-30.0,-6.328256549232145,-30.0,-6.328256549232145,-30.0,-6.328256549232145,-30.0,right,0.2342263240781862,10.56044752182988,0.18571428571428572,1.0,0.0,,,1.0,0.0
2.25.234651502352368356456298825489565282446,/home/user/workspace/dataset_extracted/Датасет/НД_для_обучения/Исследования/2.25.234651502352368356456298825489565282446/series_002_2_CR/A2504307193 DXA/CR DXA/CR000008.dcm,1.2.643.5.1.13.13.12.2.77.8252.10021305031009110615021114111114,9,291,300,spine,True,0.0,,0.0,0.0,0.0,,,,,0,0.0,0,0.0,False,0.0,1.0472258770247296,3.1407521418500304,291.0,0.015807515214896834,0.0,0.003436426116838488,0.36666666666666664,,,,,,,,,,,,,,,,,,,,,,,,,,,,,,,,,,,,,,,,,,,,,,,,,,,,,,,,,,,,,,,,,,,,,,,
2.25.234651502352368356456298825489565282446,/home/user/workspace/dataset_extracted/Датасет/НД_для_обучения/Исследования/2.25.234651502352368356456298825489565282446/series_002_2_CR/A2504307193 DXA/CR DXA/CR000009.dcm,1.2.643.5.1.13.13.12.2.77.8252.09110410141103030507060004110108,6,207,280,left_hip,True,1.0,Нарушение позиционирования/ротации левого бедра,,,,,,1.0,0.0,6,3.7800000000000002,6,3.7800000000000002,True,3.0485999514796904,,,,,,,,-5.074055028701854,5.074055028701854,27.599999999999998,26.25,0.0,6.706153846153819,43.8,-17.045999999999996,60.900000000000006,3.0,217.35000000000002,168.0,83.0,0.3392857142857143,0.23088336783988958,0.40096618357487923,0.29642857142857143,0.16071428571428573,0.5808139543183539,0.16424879667460243,0.9362798054276275,0.31384615384614845,-19.90153846153847,0.4523076923076843,-22.30892307692307,0.5561538461538361,-22.764461538461532,0.694615384615372,-23.371846153846143,0.8330769230769078,-24.579230769230765,0.9715384615384437,-25.786615384615367,1.7099999999999795,-26.393999999999988,1.81384615384614,-28.04953846153844,2.5523076923076755,-29.25692307692306,3.2907692307692114,-29.864307692307662,4.629230769230747,-30.0,6.567692307692283,-30.0,6.706153846153819,-30.0,4.409999999999971,-30.0,2.7484615384615068,-30.0,0.9830769230768908,-30.0,0.9830769230768908,-30.0,0.9830769230768908,-30.0,0.9830769230768908,-30.0,0.9830769230768908,-30.0,left,-0.3468521545230189,5.074055028701854,0.2607142857142857,,,1.0,0.0,1.0,0.0
2.25.234651502352368356456298825489565282446,/home/user/workspace/dataset_extracted/Датасет/НД_для_обучения/Исследования/2.25.234651502352368356456298825489565282446/series_002_2_CR/A2504307193 DXA/CR DXA/CR000010.dcm,1.2.643.5.1.13.13.12.2.77.8252.15060200100906151411000112060511,13,233,280,right_hip,True,1.0,Нарушение позиционирования/ротации правого бедра,,,,1.0,0.0,,,0,0.0,0,0.0,False,0.0,,,,,,,,-10.56044752182988,10.56044752182988,31.799999999999997,85.05,0.0,5.296025293586276,31.2,3.40094399277325,65.10000000000001,3.5999999999999996,244.65,168.0,143.0,0.26071428571428573,0.28341508277130595,0.6137339055793991,0.38571428571428573,0.15,0.6484346812266177,0.2016397925467453,0.9432162552010498,4.168057813911477,-14.90256549232161,5.120036133694674,-16.716603432701003,4.784019873532074,-18.227131887985568,3.935998193315271,-19.44116982836498,3.6879765130984765,-21.255207768744388,3.4399548328816736,-22.469245709123783,0.19193315266487046,-24.283283649503193,0.4559168925022703,-25.193812104787742,0.8078952122854673,-25.80785004516715,0.5598735320686643,-25.82188798554656,-0.8881481481481387,-26.43592592592597,-2.3361698283649415,-30.0,-4.984191508581736,-30.0,-5.3202077687443365,-30.0,-4.968229448961139,-30.0,-6.416251129177942,-30.0,-6.328256549232145,-30.0,-6.328256549232145,-30.0,-6.328256549232145,-30.0,-6.328256549232145,-30.0,right,0.2342263240781862,10.56044752182988,0.18571428571428572,1.0,0.0,,,1.0,0.0
2.25.247714038039430659432048101646401574824,/home/user/workspace/dataset_extracted/Датасет/НД_для_обучения/Исследования/2.25.247714038039430659432048101646401574824/series_002_2_CR/A2504238024 DXA Exam/CR DXA Images/CR000000.dcm,1.2.643.5.1.13.13.12.2.77.8252.06051510010614000404080600020603,2,346,280,left_hip,True,0.0,,,,,,,0.0,0.0,0,0.0,0,0.0,False,0.0,,,,,,,,-0.8510746931859636,0.8510746931859636,30.0,90.3,13.106166894664842,6.16930987310721,39.0,17.522626538987698,95.55,4.8,363.3,168.0,177.0,0.33035714285714285,0.28780966143682907,0.5115606936416185,0.19642857142857142,0.16428571428571428,0.5370335811554008,0.14779980638027881,0.9640216463130353,0.8081701967073798,2.950588235294137,1.2742393509127652,3.291874145006858,1.1737912165668063,3.697838577291401,1.6398603707721917,3.439124487004122,2.1059295249775856,3.180410396716843,3.171998679182971,3.5216963064295723,3.6380678333883565,4.462982216142285,4.737619699042398,4.868946648426828,5.203688853247783,5.810232558139558,5.669758007453169,6.751518467852279,6.1358271616585585,8.292804377565,6.001896315863943,9.83409028727772,5.8679654700693336,11.97537619699044,5.767517335723374,14.181340629274985,3.8335864899287597,17.522626538987698,2.4996556441341453,-15.136087551299573,2.3657247983395306,-17.794801641586844,1.6317939525449205,-22.25351573187413,0.9313458181989617,-22.447551299589588,-0.4025850275956529,-22.706265389876858,left,-0.7374544434341522,0.8510746931859636,0.23214285714285715,,,0.0,0.0,0.0,0.0
2.25.247714038039430659432048101646401574824,/home/user/workspace/dataset_extracted/Датасет/НД_для_обучения/Исследования/2.25.247714038039430659432048101646401574824/series_002_2_CR/A2504238024 DXA Exam/CR DXA Images/CR000001.dcm,1.2.643.5.1.13.13.12.2.77.8252.13110800060502010303101404091303,3,344,280,right_hip,True,0.0,,,,,0.0,0.0,,,0,0.0,0,0.0,False,0.0,,,,,,,,-4.033663779407264,4.033663779407264,31.5,130.20000000000002,0.0,4.148032730133765,25.8,15.614384893784381,29.400000000000002,53.4,361.2,168.0,344.0,0.24285714285714285,0.31482558139534883,1.0,0.39285714285714285,0.16071428571428573,0.5146541090368028,0.14662262224924408,0.9570510930303395,2.384706845003944,4.114090952006256,3.5684072383949754,5.305446420141584,3.5561825334382475,6.648963021243071,4.139882926829278,9.040318489378398,4.12358332022031,12.031673957513727,3.5072837136113404,14.423029425649053,2.8909841070023714,15.614384893784381,2.8869092053501304,15.46222376081822,2.8869092053501304,15.46222376081822,2.8869092053501304,15.46222376081822,2.8869092053501304,15.46222376081822,2.8869092053501304,15.46222376081822,2.8869092053501304,15.46222376081822,2.8869092053501304,15.46222376081822,2.8869092053501304,15.46222376081822,2.8869092053501304,15.46222376081822,2.8869092053501304,15.46222376081822,2.8869092053501304,15.46222376081822,2.8869092053501304,15.46222376081822,2.8869092053501304,15.46222376081822,right,0.719861432143739,4.033663779407264,0.15357142857142858,0.0,0.0,,,0.0,0.0
2.25.247714038039430659432048101646401574824,/home/user/workspace/dataset_extracted/Датасет/НД_для_обучения/Исследования/2.25.247714038039430659432048101646401574824/series_002_2_CR/A2504238024 DXA Exam/CR DXA Images/CR000002.dcm,1.2.643.5.1.13.13.12.2.77.8252.06030210110500061108030910090908,1,315,300,spine,True,1.0,"Наличие посторонних предметов, артефактов или наложений",0.0,0.0,1.0,,,,,758,477.54,758,477.54,True,4.688119104268065,0.24598378512157135,0.8206574500050792,315.0,0.002673152652304888,0.0,0.0031746031746031746,0.42333333333333334,,,,,,,,,,,,,,,,,,,,,,,,,,,,,,,,,,,,,,,,,,,,,,,,,,,,,,,,,,,,,,,,,,,,,,,
2.25.269648774413746842548908998641183395622,/home/user/workspace/dataset_extracted/Датасет/НД_для_обучения/Исследования/2.25.269648774413746842548908998641183395622/series_001_2_CR/A2504393664 DXA/CR DXA/CR000000.dcm,1.2.643.5.1.13.13.12.2.77.8252.12031014110715041000030602140501,2,263,280,right_hip,True,0.0,,,,,0.0,0.0,,,0,0.0,0,0.0,False,0.0,,,,,,,,-8.783570053532326,8.783570053532326,27.0,81.9,0.0,-1.9499968386044002,58.8,17.58733671391899,65.10000000000001,10.2,276.15000000000003,168.0,263.0,0.4303571428571429,0.20492938620315046,1.0,0.28214285714285714,0.15714285714285714,0.4958468731335891,0.13424092989014746,0.9506524494394962,-5.2632253822126955,2.223272929602024,-4.276596820900591,2.5119791600804207,-2.936625399916514,2.878508832939201,-1.9499968386044002,3.1672150634175806,-6.363368277292295,3.4559212938959605,-7.176739715980181,4.344627524374357,-7.990111154668085,4.633333754852736,-7.250139733684,5.599863427711517,-6.8635111723718865,6.488569658189896,-6.47688261105979,7.377275888668276,-5.490254049747676,8.865982119146674,-5.10362548843558,10.354688349625052,-5.916996927123466,11.843394580103432,-11.777025506139381,13.409924252962213,-11.990396944827284,16.09863048344059,-12.20376838351517,17.58733671391899,-12.557111243187142,17.50951327153857,-12.557111243187142,17.50951327153857,-12.557111243187142,17.50951327153857,-12.557111243187142,17.50951327153857,right,0.5864030431635895,8.783570053532326,0.35,0.0,0.0,,,0.0,0.0
2.25.269648774413746842548908998641183395622,/home/user/workspace/dataset_extracted/Датасет/НД_для_обучения/Исследования/2.25.269648774413746842548908998641183395622/series_001_2_CR/A2504393664 DXA/CR DXA/CR000001.dcm,1.2.643.5.1.13.13.12.2.77.8252.02001209000515050108060411111311,1,317,300,spine,True,1.0,"Нарушение оси позвоночника (отклонение более 5 градусов); Наличие посторонних предметов, артефактов или наложений",0.0,1.0,1.0,,,,,1060,667.8,1060,667.8,True,4.344053899793894,1.5126847410151458,0.637160270561016,317.0,-0.044471722743925565,0.0,0.0031545741324921135,0.65,,,,,,,,,,,,,,,,,,,,,,,,,,,,,,,,,,,,,,,,,,,,,,,,,,,,,,,,,,,,,,,,,,,,,,,
2.25.269648774413746842548908998641183395622,/home/user/workspace/dataset_extracted/Датасет/НД_для_обучения/Исследования/2.25.269648774413746842548908998641183395622/series_001_2_CR/A2504393664 DXA/CR DXA/CR000002.dcm,1.2.643.5.1.13.13.12.2.77.8252.12130902030702050210110604020115,3,261,280,left_hip,True,0.0,,,,,,,0.0,0.0,22,13.86,22,13.86,True,3.5261299333544502,,,,,,,,-11.44357109960241,11.44357109960241,27.599999999999998,81.9,0.0,-1.3081273157222313,58.8,19.53683025834923,77.7,11.4,274.05,168.0,261.0,0.42678571428571427,0.19742747673782157,1.0,0.26071428571428573,0.15714285714285714,0.478903904190689,0.12334011823406477,0.949880205466861,-6.5673516357060295,1.250665789906293,-6.530613690107333,1.9870180452458952,-6.2030602309083065,2.839282236750597,-4.966322285309593,3.5756344920901824,-3.7295843397108968,4.9119867474297845,-2.4928463941121835,5.048339002769387,-4.256108448513487,5.184691258108989,-3.9285549893144434,5.4369554496136745,-3.891817043715747,5.573307704953277,-3.2550790981170508,6.309659960292879,-2.0183411525183375,7.046012215632464,-1.9816032069196239,8.382364470972066,-1.9448652613209276,9.718716726311651,-1.617311802121901,10.570980917816353,-2.180573856523188,12.507333173155956,-8.74383591092449,15.043685428495557,-9.307097965325777,16.980037683835143,-9.27036001972708,18.316389939174744,-9.542806560528037,18.568654130679448,-9.524437587728698,19.53683025834923,left,-0.8685994180481492,11.44357109960241,0.35,,,0.0,0.0,0.0,0.0
2.25.269742577365511543488820993979123763373,/home/user/workspace/dataset_extracted/Датасет/НД_для_обучения/Исследования/2.25.269742577365511543488820993979123763373/series_003_2_CR/A250477751 DXA/CR DXA/CR000000.dcm,1.2.643.5.1.13.13.12.2.77.8252.11081308031311040302130506061304,1,315,300,spine,True,0.0,,0.0,0.0,0.0,,,,,114,71.82000000000001,114,71.82000000000001,True,3.7493794121123165,5.403837209747568,0.6557865940736338,315.0,-0.10933688032573562,0.0,0.0031746031746031746,0.8733333333333333,,,,,,,,,,,,,,,,,,,,,,,,,,,,,,,,,,,,,,,,,,,,,,,,,,,,,,,,,,,,,,,,,,,,,,,
2.25.272690031744216183651627058502316132741,/home/user/workspace/dataset_extracted/Датасет/НД_для_обучения/Исследования/2.25.272690031744216183651627058502316132741/series_002_2_CR/A2504373414 DXA/CR DXA/CR000000.dcm,1.2.643.5.1.13.13.12.2.77.8252.01011201030601080312040805131303,5,349,280,left_hip,True,1.0,Нарушение позиционирования/ротации левого бедра,,,,,,1.0,0.0,6640,4183.2,6640,4183.2,True,6.079338011664999,,,,,,,,-0.24692830732253088,0.24692830732253088,24.599999999999998,168.0,0.0,0.7998631782491529,35.4,-15.718301886792466,42.0,5.3999999999999995,366.45,168.0,200.0,0.2892857142857143,0.17473393368808843,0.5730659025787965,0.29285714285714287,0.1392857142857143,0.6585482346903904,0.16839781003318913,0.9876729565202123,-0.1690088480018744,-16.378471522325107,-0.21303322395405644,-16.45869770303529,-0.24605150591819722,-17.118867338567927,0.30992411812961645,-17.19909351927811,0.2658997421774302,-19.079319699988293,0.22187536622524817,-20.35954588069848,0.7778509902730618,-21.039772061408662,0.7448327083089211,-21.699941696941305,0.700808332356739,-22.38016787765149,0.6567839564045528,-22.460394058361675,0.03477176842845751,-23.100507148716765,0.03477176842845751,-23.100507148716765,0.03477176842845751,-23.100507148716765,0.03477176842845751,-23.100507148716765,0.03477176842845751,-23.100507148716765,0.03477176842845751,-23.100507148716765,0.03477176842845751,-23.100507148716765,0.03477176842845751,-23.100507148716765,0.03477176842845751,-23.100507148716765,0.03477176842845751,-23.100507148716765,right,0.18554774985164912,0.24692830732253088,0.21071428571428572,0.0,0.0,,,0.0,0.0
2.25.272690031744216183651627058502316132741,/home/user/workspace/dataset_extracted/Датасет/НД_для_обучения/Исследования/2.25.272690031744216183651627058502316132741/series_002_2_CR/A2504373414 DXA/CR DXA/CR000001.dcm,1.2.643.5.1.13.13.12.2.77.8252.06030606140315081407041104141012,9,322,300,spine,True,0.0,,0.0,0.0,0.0,,,,,0,0.0,0,0.0,False,0.0,3.5488455172667193,0.03355272640608087,322.0,0.07369035905605273,0.0,0.003105590062111801,0.3433333333333333,,,,,,,,,,,,,,,,,,,,,,,,,,,,,,,,,,,,,,,,,,,,,,,,,,,,,,,,,,,,,,,,,,,,,,,
2.25.272690031744216183651627058502316132741,/home/user/workspace/dataset_extracted/Датасет/НД_для_обучения/Исследования/2.25.272690031744216183651627058502316132741/series_002_2_CR/A2504373414 DXA/CR DXA/CR000002.dcm,1.2.643.5.1.13.13.12.2.77.8252.15091411140404110408151008030010,10,320,280,left_hip,True,1.0,Нарушение позиционирования/ротации левого бедра,,,,,,1.0,0.0,0,0.0,0,0.0,False,0.0,,,,,,,,2.5688079707848757,2.5688079707848757,26.4,147.0,8.27021022938487,2.044345411209019,57.599999999999994,11.44699787890051,66.15,3.0,336.0,168.0,203.0,0.475,0.21176339285714285,0.634375,0.34285714285714286,0.14642857142857144,0.571227778469699,0.16188824594076037,0.9770839057350779,0.962387876932479,2.7057518969626755,1.2751708906430934,3.995394371432951,1.6597581509260522,5.262626227285653,1.9725411646366666,5.952268701755912,1.685324178347281,7.841911176226187,-1.001892807942113,7.931553650696463,-6.089109794231498,8.021196125166739,-6.30452253394854,8.088427981019441,-13.791739520237925,8.1780704554897,-14.07895650652731,9.467712929959974,-14.366173492816696,10.15735540443025,-12.853390479106082,11.44699787890051,-11.340607465395475,-7.063359646629214,-14.556020205112517,-8.196127790776512,-15.443237191401902,-9.906485316306236,-15.730454177691287,-12.81684284183596,-16.474062670835984,-13.972021604600831,-16.474062670835984,-13.972021604600831,-16.474062670835984,-13.972021604600831,-16.474062670835984,-13.972021604600831,left,-0.4211519961519961,2.5688079707848757,0.3428571428571428,,,1.0,0.0,1.0,0.0
2.25.272690031744216183651627058502316132741,/home/user/workspace/dataset_extracted/Датасет/НД_для_обучения/Исследования/2.25.272690031744216183651627058502316132741/series_002_2_CR/A2504373414 DXA/CR DXA/CR000003.dcm,1.2.643.5.1.13.13.12.2.77.8252.12111114061412150313141006121511,3,320,280,left_hip,True,1.0,Нарушение позиционирования/ротации левого бедра,,,,,,1.0,0.0,0,0.0,0,0.0,False,0.0,,,,,,,,2.5688079707848757,2.5688079707848757,26.4,147.0,8.27021022938487,2.044345411209019,57.599999999999994,11.44699787890051,66.15,3.0,336.0,168.0,203.0,0.475,0.21176339285714285,0.634375,0.34285714285714286,0.14642857142857144,0.571227778469699,0.16188824594076037,0.9770839057350779,0.962387876932479,2.7057518969626755,1.2751708906430934,3.995394371432951,1.6597581509260522,5.262626227285653,1.9725411646366666,5.952268701755912,1.685324178347281,7.841911176226187,-1.001892807942113,7.931553650696463,-6.089109794231498,8.021196125166739,-6.30452253394854,8.088427981019441,-13.791739520237925,8.1780704554897,-14.07895650652731,9.467712929959974,-14.366173492816696,10.15735540443025,-12.853390479106082,11.44699787890051,-11.340607465395475,-7.063359646629214,-14.556020205112517,-8.196127790776512,-15.443237191401902,-9.906485316306236,-15.730454177691287,-12.81684284183596,-16.474062670835984,-13.972021604600831,-16.474062670835984,-13.972021604600831,-16.474062670835984,-13.972021604600831,-16.474062670835984,-13.972021604600831,left,-0.4211519961519961,2.5688079707848757,0.3428571428571428,,,1.0,0.0,1.0,0.0
2.25.272690031744216183651627058502316132741,/home/user/workspace/dataset_extracted/Датасет/НД_для_обучения/Исследования/2.25.272690031744216183651627058502316132741/series_002_2_CR/A2504373414 DXA/CR DXA/CR000004.dcm,1.2.643.5.1.13.13.12.2.77.8252.11001315081502000300100815110411,11,349,280,left_hip,True,1.0,Нарушение позиционирования/ротации левого бедра,,,,,,1.0,0.0,6640,4183.2,6640,4183.2,True,6.079338011664999,,,,,,,,-0.24692830732253088,0.24692830732253088,24.599999999999998,168.0,0.0,0.7998631782491529,35.4,-15.718301886792466,42.0,5.3999999999999995,366.45,168.0,200.0,0.2892857142857143,0.17473393368808843,0.5730659025787965,0.29285714285714287,0.1392857142857143,0.6585482346903904,0.16839781003318913,0.9876729565202123,-0.1690088480018744,-16.378471522325107,-0.21303322395405644,-16.45869770303529,-0.24605150591819722,-17.118867338567927,0.30992411812961645,-17.19909351927811,0.2658997421774302,-19.079319699988293,0.22187536622524817,-20.35954588069848,0.7778509902730618,-21.039772061408662,0.7448327083089211,-21.699941696941305,0.700808332356739,-22.38016787765149,0.6567839564045528,-22.460394058361675,0.03477176842845751,-23.100507148716765,0.03477176842845751,-23.100507148716765,0.03477176842845751,-23.100507148716765,0.03477176842845751,-23.100507148716765,0.03477176842845751,-23.100507148716765,0.03477176842845751,-23.100507148716765,0.03477176842845751,-23.100507148716765,0.03477176842845751,-23.100507148716765,0.03477176842845751,-23.100507148716765,0.03477176842845751,-23.100507148716765,right,0.18554774985164912,0.24692830732253088,0.21071428571428572,0.0,0.0,,,0.0,0.0
2.25.272690031744216183651627058502316132741,/home/user/workspace/dataset_extracted/Датасет/НД_для_обучения/Исследования/2.25.272690031744216183651627058502316132741/series_002_2_CR/A2504373414 DXA/CR DXA/CR000005.dcm,1.2.643.5.1.13.13.12.2.77.8252.05061403001014150211070209121100,13,349,280,left_hip,True,1.0,Нарушение позиционирования/ротации левого бедра,,,,,,1.0,0.0,6640,4183.2,6640,4183.2,True,6.079338011664999,,,,,,,,-0.24692830732253088,0.24692830732253088,24.599999999999998,168.0,0.0,0.7998631782491529,35.4,-15.718301886792466,42.0,5.3999999999999995,366.45,168.0,200.0,0.2892857142857143,0.17473393368808843,0.5730659025787965,0.29285714285714287,0.1392857142857143,0.6585482346903904,0.16839781003318913,0.9876729565202123,-0.1690088480018744,-16.378471522325107,-0.21303322395405644,-16.45869770303529,-0.24605150591819722,-17.118867338567927,0.30992411812961645,-17.19909351927811,0.2658997421774302,-19.079319699988293,0.22187536622524817,-20.35954588069848,0.7778509902730618,-21.039772061408662,0.7448327083089211,-21.699941696941305,0.700808332356739,-22.38016787765149,0.6567839564045528,-22.460394058361675,0.03477176842845751,-23.100507148716765,0.03477176842845751,-23.100507148716765,0.03477176842845751,-23.100507148716765,0.03477176842845751,-23.100507148716765,0.03477176842845751,-23.100507148716765,0.03477176842845751,-23.100507148716765,0.03477176842845751,-23.100507148716765,0.03477176842845751,-23.100507148716765,0.03477176842845751,-23.100507148716765,0.03477176842845751,-23.100507148716765,right,0.18554774985164912,0.24692830732253088,0.21071428571428572,0.0,0.0,,,0.0,0.0
2.25.272690031744216183651627058502316132741,/home/user/workspace/dataset_extracted/Датасет/НД_для_обучения/Исследования/2.25.272690031744216183651627058502316132741/series_002_2_CR/A2504373414 DXA/CR DXA/CR000006.dcm,1.2.643.5.1.13.13.12.2.77.8252.07020101080211090714060800071015,1,322,300,spine,True,0.0,,0.0,0.0,0.0,,,,,0,0.0,0,0.0,False,0.0,3.5488455172667193,0.03355272640608087,322.0,0.07369035905605273,0.0,0.003105590062111801,0.3433333333333333,,,,,,,,,,,,,,,,,,,,,,,,,,,,,,,,,,,,,,,,,,,,,,,,,,,,,,,,,,,,,,,,,,,,,,,
2.25.272690031744216183651627058502316132741,/home/user/workspace/dataset_extracted/Датасет/НД_для_обучения/Исследования/2.25.272690031744216183651627058502316132741/series_002_2_CR/A2504373414 DXA/CR DXA/CR000007.dcm,1.2.643.5.1.13.13.12.2.77.8252.10090104061310110414150206150115,2,349,280,left_hip,True,1.0,Нарушение позиционирования/ротации левого бедра,,,,,,1.0,0.0,6640,4183.2,6640,4183.2,True,6.079338011664999,,,,,,,,-0.24692830732253088,0.24692830732253088,24.599999999999998,168.0,0.0,0.7998631782491529,35.4,-15.718301886792466,42.0,5.3999999999999995,366.45,168.0,200.0,0.2892857142857143,0.17473393368808843,0.5730659025787965,0.29285714285714287,0.1392857142857143,0.6585482346903904,0.16839781003318913,0.9876729565202123,-0.1690088480018744,-16.378471522325107,-0.21303322395405644,-16.45869770303529,-0.24605150591819722,-17.118867338567927,0.30992411812961645,-17.19909351927811,0.2658997421774302,-19.079319699988293,0.22187536622524817,-20.35954588069848,0.7778509902730618,-21.039772061408662,0.7448327083089211,-21.699941696941305,0.700808332356739,-22.38016787765149,0.6567839564045528,-22.460394058361675,0.03477176842845751,-23.100507148716765,0.03477176842845751,-23.100507148716765,0.03477176842845751,-23.100507148716765,0.03477176842845751,-23.100507148716765,0.03477176842845751,-23.100507148716765,0.03477176842845751,-23.100507148716765,0.03477176842845751,-23.100507148716765,0.03477176842845751,-23.100507148716765,0.03477176842845751,-23.100507148716765,0.03477176842845751,-23.100507148716765,right,0.18554774985164912,0.24692830732253088,0.21071428571428572,0.0,0.0,,,0.0,0.0
2.25.272690031744216183651627058502316132741,/home/user/workspace/dataset_extracted/Датасет/НД_для_обучения/Исследования/2.25.272690031744216183651627058502316132741/series_002_2_CR/A2504373414 DXA/CR DXA/CR000008.dcm,1.2.643.5.1.13.13.12.2.77.8252.03130108120702021004141402130400,12,320,280,left_hip,True,1.0,Нарушение позиционирования/ротации левого бедра,,,,,,1.0,0.0,0,0.0,0,0.0,False,0.0,,,,,,,,2.5688079707848757,2.5688079707848757,26.4,147.0,8.27021022938487,2.044345411209019,57.599999999999994,11.44699787890051,66.15,3.0,336.0,168.0,203.0,0.475,0.21176339285714285,0.634375,0.34285714285714286,0.14642857142857144,0.571227778469699,0.16188824594076037,0.9770839057350779,0.962387876932479,2.7057518969626755,1.2751708906430934,3.995394371432951,1.6597581509260522,5.262626227285653,1.9725411646366666,5.952268701755912,1.685324178347281,7.841911176226187,-1.001892807942113,7.931553650696463,-6.089109794231498,8.021196125166739,-6.30452253394854,8.088427981019441,-13.791739520237925,8.1780704554897,-14.07895650652731,9.467712929959974,-14.366173492816696,10.15735540443025,-12.853390479106082,11.44699787890051,-11.340607465395475,-7.063359646629214,-14.556020205112517,-8.196127790776512,-15.443237191401902,-9.906485316306236,-15.730454177691287,-12.81684284183596,-16.474062670835984,-13.972021604600831,-16.474062670835984,-13.972021604600831,-16.474062670835984,-13.972021604600831,-16.474062670835984,-13.972021604600831,left,-0.4211519961519961,2.5688079707848757,0.3428571428571428,,,1.0,0.0,1.0,0.0
2.25.272690031744216183651627058502316132741,/home/user/workspace/dataset_extracted/Датасет/НД_для_обучения/Исследования/2.25.272690031744216183651627058502316132741/series_002_2_CR/A2504373414 DXA/CR DXA/CR000009.dcm,1.2.643.5.1.13.13.12.2.77.8252.05090009071111050211130101070710,4,322,300,spine,True,0.0,,0.0,0.0,0.0,,,,,0,0.0,0,0.0,False,0.0,3.5488455172667193,0.03355272640608087,322.0,0.07369035905605273,0.0,0.003105590062111801,0.3433333333333333,,,,,,,,,,,,,,,,,,,,,,,,,,,,,,,,,,,,,,,,,,,,,,,,,,,,,,,,,,,,,,,,,,,,,,,
2.25.272690031744216183651627058502316132741,/home/user/workspace/dataset_extracted/Датасет/НД_для_обучения/Исследования/2.25.272690031744216183651627058502316132741/series_002_2_CR/A2504373414 DXA/CR DXA/CR000010.dcm,1.2.643.5.1.13.13.12.2.77.8252.06121304010102150202081301011406,6,320,280,left_hip,True,1.0,Нарушение позиционирования/ротации левого бедра,,,,,,1.0,0.0,0,0.0,0,0.0,False,0.0,,,,,,,,2.5688079707848757,2.5688079707848757,26.4,147.0,8.27021022938487,2.044345411209019,57.599999999999994,11.44699787890051,66.15,3.0,336.0,168.0,203.0,0.475,0.21176339285714285,0.634375,0.34285714285714286,0.14642857142857144,0.571227778469699,0.16188824594076037,0.9770839057350779,0.962387876932479,2.7057518969626755,1.2751708906430934,3.995394371432951,1.6597581509260522,5.262626227285653,1.9725411646366666,5.952268701755912,1.685324178347281,7.841911176226187,-1.001892807942113,7.931553650696463,-6.089109794231498,8.021196125166739,-6.30452253394854,8.088427981019441,-13.791739520237925,8.1780704554897,-14.07895650652731,9.467712929959974,-14.366173492816696,10.15735540443025,-12.853390479106082,11.44699787890051,-11.340607465395475,-7.063359646629214,-14.556020205112517,-8.196127790776512,-15.443237191401902,-9.906485316306236,-15.730454177691287,-12.81684284183596,-16.474062670835984,-13.972021604600831,-16.474062670835984,-13.972021604600831,-16.474062670835984,-13.972021604600831,-16.474062670835984,-13.972021604600831,left,-0.4211519961519961,2.5688079707848757,0.3428571428571428,,,1.0,0.0,1.0,0.0
2.25.276415754443998872860614500027519740375,/home/user/workspace/dataset_extracted/Датасет/НД_для_обучения/Исследования/2.25.276415754443998872860614500027519740375/series_002_2_CR/A2504387089 DXA/CR DXA/CR000000.dcm,1.2.643.5.1.13.13.12.2.77.8252.13000009090006001202001212051006,3,291,300,spine,True,0.0,,0.0,0.0,0.0,,,,,0,0.0,0,0.0,False,0.0,2.5886173587338064,1.235114464670593,291.0,0.030374243018341834,0.0,0.003436426116838488,0.37,,,,,,,,,,,,,,,,,,,,,,,,,,,,,,,,,,,,,,,,,,,,,,,,,,,,,,,,,,,,,,,,,,,,,,,
2.25.276415754443998872860614500027519740375,/home/user/workspace/dataset_extracted/Датасет/НД_для_обучения/Исследования/2.25.276415754443998872860614500027519740375/series_002_2_CR/A2504387089 DXA/CR DXA/CR000001.dcm,1.2.643.5.1.13.13.12.2.77.8252.00080112010710030607090609070409,1,291,300,spine,True,0.0,,0.0,0.0,0.0,,,,,0,0.0,0,0.0,False,0.0,2.5886173587338064,1.235114464670593,291.0,0.030374243018341834,0.0,0.003436426116838488,0.37,,,,,,,,,,,,,,,,,,,,,,,,,,,,,,,,,,,,,,,,,,,,,,,,,,,,,,,,,,,,,,,,,,,,,,,
2.25.276415754443998872860614500027519740375,/home/user/workspace/dataset_extracted/Датасет/НД_для_обучения/Исследования/2.25.276415754443998872860614500027519740375/series_002_2_CR/A2504387089 DXA/CR DXA/CR000002.dcm,1.2.643.5.1.13.13.12.2.77.8252.01080011050715071510151108031409,5,292,280,right_hip,True,0.0,,,,,0.0,0.0,,,0,0.0,0,0.0,False,0.0,,,,,,,,1.7048416813284457,1.7048416813284457,27.599999999999998,118.65,0.0,-15.731700379266748,50.4,26.08042783951032,78.75,11.4,306.6,168.0,292.0,0.41785714285714287,0.2051614481409002,1.0,0.2357142857142857,0.16071428571428573,0.5140528525983632,0.14825664831702726,0.9627541878601936,-17.703792667509482,2.915483398762427,-17.933249051833126,4.136043648945406,-18.105341340075853,4.751463836582644,-18.334797724399497,5.9720240867656225,-20.96425410872314,6.592584336948602,-23.593710493046782,7.2131445871315805,-25.623166877370426,7.833704837314559,-25.79525916561315,7.849125024951797,-26.624715549936795,8.469685275134776,-27.454171934260437,9.090245525317755,-28.88362831858408,10.310805775500734,-30.0,10.931366025683712,-30.0,12.75192627586669,-30.0,13.96734646350393,-30.0,15.787906713686908,-30.0,18.208466963869885,-30.0,20.629027214052865,-30.0,23.049587464235845,-30.0,24.26500765187308,-30.0,26.08042783951032,right,0.49770813519835844,1.7048416813284457,0.3,0.0,0.0,,,0.0,0.0
2.25.276415754443998872860614500027519740375,/home/user/workspace/dataset_extracted/Датасет/НД_для_обучения/Исследования/2.25.276415754443998872860614500027519740375/series_002_2_CR/A2504387089 DXA/CR DXA/CR000003.dcm,1.2.643.5.1.13.13.12.2.77.8252.12100615051100140712150704150801,4,292,280,left_hip,True,0.0,,,,,,,0.0,0.0,0,0.0,0,0.0,False,0.0,,,,,,,,-4.744924971973832,4.744924971973832,27.0,91.35000000000001,0.0,-11.81091346504341,70.2,26.10819421156234,82.95,9.0,306.6,168.0,292.0,0.4982142857142857,0.18999510763209393,1.0,0.3107142857142857,0.15714285714285714,0.46862999236032404,0.13805442078877259,0.959556919204651,-12.206258657140813,1.6977582561785198,-12.279131734344276,2.727648173798991,-12.48378654224689,3.8000656120143446,-12.556659619450352,4.829955529634816,-12.629532696653813,5.859845447255287,-12.702405773857294,6.289735364875758,-13.375278851060772,6.71962528249623,-13.57993365896337,6.592042720711583,-14.852806736166832,7.621932638332055,-15.52567981337031,8.051822555952526,-16.798552890573774,9.081712473572997,-17.471425967777254,10.111602391193468,-18.144299044980716,11.14149230881394,-18.94895385288331,12.813909747029294,-22.021826930086792,15.043799664649747,-23.89470000729027,17.27368958227022,-25.167573084493732,20.10357949989069,-25.840446161697194,22.33346941751116,-26.045100969599808,23.405886855726514,-26.71797404680327,25.035776773346985,left,-1.0327152047456116,4.744924971973832,0.41785714285714287,,,0.0,0.0,0.0,0.0
2.25.276415754443998872860614500027519740375,/home/user/workspace/dataset_extracted/Датасет/НД_для_обучения/Исследования/2.25.276415754443998872860614500027519740375/series_002_2_CR/A2504387089 DXA/CR DXA/CR000004.dcm,1.2.643.5.1.13.13.12.2.77.8252.06120002061108140400041203121102,8,292,280,right_hip,True,0.0,,,,,0.0,0.0,,,0,0.0,0,0.0,False,0.0,,,,,,,,1.7048416813284457,1.7048416813284457,27.599999999999998,118.65,0.0,-15.731700379266748,50.4,26.08042783951032,78.75,11.4,306.6,168.0,292.0,0.41785714285714287,0.2051614481409002,1.0,0.2357142857142857,0.16071428571428573,0.5140528525983632,0.14825664831702726,0.9627541878601936,-17.703792667509482,2.915483398762427,-17.933249051833126,4.136043648945406,-18.105341340075853,4.751463836582644,-18.334797724399497,5.9720240867656225,-20.96425410872314,6.592584336948602,-23.593710493046782,7.2131445871315805,-25.623166877370426,7.833704837314559,-25.79525916561315,7.849125024951797,-26.624715549936795,8.469685275134776,-27.454171934260437,9.090245525317755,-28.88362831858408,10.310805775500734,-30.0,10.931366025683712,-30.0,12.75192627586669,-30.0,13.96734646350393,-30.0,15.787906713686908,-30.0,18.208466963869885,-30.0,20.629027214052865,-30.0,23.049587464235845,-30.0,24.26500765187308,-30.0,26.08042783951032,right,0.49770813519835844,1.7048416813284457,0.3,0.0,0.0,,,0.0,0.0
2.25.276415754443998872860614500027519740375,/home/user/workspace/dataset_extracted/Датасет/НД_для_обучения/Исследования/2.25.276415754443998872860614500027519740375/series_002_2_CR/A2504387089 DXA/CR DXA/CR000005.dcm,1.2.643.5.1.13.13.12.2.77.8252.15130815100101091501031008111015,6,292,280,left_hip,True,0.0,,,,,,,0.0,0.0,0,0.0,0,0.0,False,0.0,,,,,,,,-4.744924971973832,4.744924971973832,27.0,91.35000000000001,0.0,-11.81091346504341,70.2,26.10819421156234,82.95,9.0,306.6,168.0,292.0,0.4982142857142857,0.18999510763209393,1.0,0.3107142857142857,0.15714285714285714,0.46862999236032404,0.13805442078877259,0.959556919204651,-12.206258657140813,1.6977582561785198,-12.279131734344276,2.727648173798991,-12.48378654224689,3.8000656120143446,-12.556659619450352,4.829955529634816,-12.629532696653813,5.859845447255287,-12.702405773857294,6.289735364875758,-13.375278851060772,6.71962528249623,-13.57993365896337,6.592042720711583,-14.852806736166832,7.621932638332055,-15.52567981337031,8.051822555952526,-16.798552890573774,9.081712473572997,-17.471425967777254,10.111602391193468,-18.144299044980716,11.14149230881394,-18.94895385288331,12.813909747029294,-22.021826930086792,15.043799664649747,-23.89470000729027,17.27368958227022,-25.167573084493732,20.10357949989069,-25.840446161697194,22.33346941751116,-26.045100969599808,23.405886855726514,-26.71797404680327,25.035776773346985,left,-1.0327152047456116,4.744924971973832,0.41785714285714287,,,0.0,0.0,0.0,0.0
2.25.277752758923974029595977676354128739670,/home/user/workspace/dataset_extracted/Датасет/НД_для_обучения/Исследования/2.25.277752758923974029595977676354128739670/series_002_2_CR/A2504223752 DXA/CR DXA/CR000000.dcm,1.2.643.5.1.13.13.12.2.77.8252.11140100091110050501140207060912,5,261,280,right_hip,True,0.0,,,,,0.0,0.0,,,0,0.0,0,0.0,False,0.0,,,,,,,,-11.98224031290602,11.98224031290602,14.1,81.9,0.0,6.491561602954022,67.8,21.139721038455235,71.4,5.3999999999999995,274.05,168.0,261.0,0.48928571428571427,0.16353311439518337,1.0,0.2785714285714286,0.16071428571428573,0.43025142766251245,0.126655510934721,0.9486041883779827,3.702285056715436,2.506678131994596,5.299604193275104,3.5212433136483923,5.8975935456948205,4.582167199888727,5.694912682254471,5.596732381542523,6.0922318188141045,6.011297563196302,5.889550955373755,6.4258627448500985,6.286870091933406,7.440427926503895,5.684859444353123,8.501351812744229,5.482178580912773,9.515916994398026,4.079497717472407,11.130482176051805,3.8768168540320573,12.745047357705602,3.674135990591708,14.35961253935938,4.071455127151341,15.374177721013176,4.669444479571075,15.835101607253511,5.066763616130708,16.24966678890731,5.464082752690359,16.664231970561104,5.8614018892500095,17.678797152214884,5.8593912416697265,21.139721038455235,5.8593912416697265,21.139721038455235,5.8593912416697265,21.139721038455235,right,0.8355871001496686,11.98224031290602,0.4035714285714286,0.0,0.0,,,0.0,0.0
2.25.277752758923974029595977676354128739670,/home/user/workspace/dataset_extracted/Датасет/НД_для_обучения/Исследования/2.25.277752758923974029595977676354128739670/series_002_2_CR/A2504223752 DXA/CR DXA/CR000001.dcm,1.2.643.5.1.13.13.12.2.77.8252.05010011080903070300131415001403,3,261,280,left_hip,True,1.0,Нарушение корректности области интереса левого бедра,,,,,,0.0,1.0,0,0.0,0,0.0,False,0.0,,,,,,,,-9.912347685152431,9.912347685152431,25.8,100.80000000000001,0.0,2.9269872490504327,60.0,20.28648806294089,70.35000000000001,5.3999999999999995,274.05,168.0,261.0,0.4392857142857143,0.15670498084291187,1.0,0.22142857142857142,0.15357142857142858,0.4418460292100492,0.11896351106677815,0.9593562362533784,2.0791087900162553,3.1298941942485214,2.1410784047747993,3.5239636462290034,2.487555615843712,3.969515735214344,2.549525230602239,4.963585187194809,2.611494845360801,5.957654639175291,2.673464460119345,6.351724091155757,2.7354340748778894,7.345793543136221,2.481911285946785,8.391345632121562,1.9438809007053464,9.385415084102045,-0.39414948453610915,10.97948453608251,-0.9321798697775647,12.573553988062974,-1.4702102550190204,14.167623440043439,-2.008240640260476,14.561692892023904,-1.6617634291915635,15.607244981009261,-1.599793814433019,16.601314432989728,-2.137824199674475,18.19538388497019,-2.6758545849159305,19.189453336950656,-2.6448697775366665,20.28648806294089,-2.6448697775366665,20.28648806294089,-2.6448697775366665,20.28648806294089,left,-0.653229561536274,9.912347685152431,0.35714285714285715,,,0.0,1.0,0.0,1.0
2.25.277752758923974029595977676354128739670,/home/user/workspace/dataset_extracted/Датасет/НД_для_обучения/Исследования/2.25.277752758923974029595977676354128739670/series_002_2_CR/A2504223752 DXA/CR DXA/CR000002.dcm,1.2.643.5.1.13.13.12.2.77.8252.09010705011309010307011213150407,9,261,280,left_hip,True,1.0,Нарушение корректности области интереса левого бедра,,,,,,0.0,1.0,0,0.0,0,0.0,False,0.0,,,,,,,,-9.912347685152431,9.912347685152431,25.8,100.80000000000001,0.0,2.9269872490504327,60.0,20.28648806294089,70.35000000000001,5.3999999999999995,274.05,168.0,261.0,0.4392857142857143,0.15670498084291187,1.0,0.22142857142857142,0.15357142857142858,0.4418460292100492,0.11896351106677815,0.9593562362533784,2.0791087900162553,3.1298941942485214,2.1410784047747993,3.5239636462290034,2.487555615843712,3.969515735214344,2.549525230602239,4.963585187194809,2.611494845360801,5.957654639175291,2.673464460119345,6.351724091155757,2.7354340748778894,7.345793543136221,2.481911285946785,8.391345632121562,1.9438809007053464,9.385415084102045,-0.39414948453610915,10.97948453608251,-0.9321798697775647,12.573553988062974,-1.4702102550190204,14.167623440043439,-2.008240640260476,14.561692892023904,-1.6617634291915635,15.607244981009261,-1.599793814433019,16.601314432989728,-2.137824199674475,18.19538388497019,-2.6758545849159305,19.189453336950656,-2.6448697775366665,20.28648806294089,-2.6448697775366665,20.28648806294089,-2.6448697775366665,20.28648806294089,left,-0.653229561536274,9.912347685152431,0.35714285714285715,,,0.0,1.0,0.0,1.0
2.25.277752758923974029595977676354128739670,/home/user/workspace/dataset_extracted/Датасет/НД_для_обучения/Исследования/2.25.277752758923974029595977676354128739670/series_002_2_CR/A2504223752 DXA/CR DXA/CR000003.dcm,1.2.643.5.1.13.13.12.2.77.8252.05101415070003100803120514081507,8,261,280,right_hip,True,0.0,,,,,0.0,0.0,,,0,0.0,0,0.0,False,0.0,,,,,,,,-11.98224031290602,11.98224031290602,14.1,81.9,0.0,6.491561602954022,67.8,21.139721038455235,71.4,5.3999999999999995,274.05,168.0,261.0,0.48928571428571427,0.16353311439518337,1.0,0.2785714285714286,0.16071428571428573,0.43025142766251245,0.126655510934721,0.9486041883779827,3.702285056715436,2.506678131994596,5.299604193275104,3.5212433136483923,5.8975935456948205,4.582167199888727,5.694912682254471,5.596732381542523,6.0922318188141045,6.011297563196302,5.889550955373755,6.4258627448500985,6.286870091933406,7.440427926503895,5.684859444353123,8.501351812744229,5.482178580912773,9.515916994398026,4.079497717472407,11.130482176051805,3.8768168540320573,12.745047357705602,3.674135990591708,14.35961253935938,4.071455127151341,15.374177721013176,4.669444479571075,15.835101607253511,5.066763616130708,16.24966678890731,5.464082752690359,16.664231970561104,5.8614018892500095,17.678797152214884,5.8593912416697265,21.139721038455235,5.8593912416697265,21.139721038455235,5.8593912416697265,21.139721038455235,right,0.8355871001496686,11.98224031290602,0.4035714285714286,0.0,0.0,,,0.0,0.0
2.25.277752758923974029595977676354128739670,/home/user/workspace/dataset_extracted/Датасет/НД_для_обучения/Исследования/2.25.277752758923974029595977676354128739670/series_002_2_CR/A2504223752 DXA/CR DXA/CR000004.dcm,1.2.643.5.1.13.13.12.2.77.8252.07090609050707040704081509101500,1,285,300,spine,True,1.0,"Наличие посторонних предметов, артефактов или наложений",0.0,0.0,1.0,,,,,775,488.25,775,488.25,True,3.819640783402289,0.4905337449846531,0.13455107335286698,285.0,-0.00633937343963917,0.0,0.0035087719298245615,0.5,,,,,,,,,,,,,,,,,,,,,,,,,,,,,,,,,,,,,,,,,,,,,,,,,,,,,,,,,,,,,,,,,,,,,,,
2.25.277752758923974029595977676354128739670,/home/user/workspace/dataset_extracted/Датасет/НД_для_обучения/Исследования/2.25.277752758923974029595977676354128739670/series_002_2_CR/A2504223752 DXA/CR DXA/CR000005.dcm,1.2.643.5.1.13.13.12.2.77.8252.15080302090100001214141305071301,7,285,300,spine,True,1.0,"Наличие посторонних предметов, артефактов или наложений",0.0,0.0,1.0,,,,,775,488.25,775,488.25,True,3.819640783402289,0.4905337449846531,0.13455107335286698,285.0,-0.00633937343963917,0.0,0.0035087719298245615,0.5,,,,,,,,,,,,,,,,,,,,,,,,,,,,,,,,,,,,,,,,,,,,,,,,,,,,,,,,,,,,,,,,,,,,,,,
2.25.286999464611662854355201599068538813496,/home/user/workspace/dataset_extracted/Датасет/НД_для_обучения/Исследования/2.25.286999464611662854355201599068538813496/series_003_2_CR/A2504223477 DXA/CR DXA/CR000000.dcm,1.2.643.5.1.13.13.12.2.77.8252.11091010090201121300090614051311,7,265,280,left_hip,True,0.0,,,,,,,0.0,0.0,0,0.0,0,0.0,False,0.0,,,,,,,,-4.636319411836018,4.636319411836018,27.0,82.95,0.0,-11.440165530671868,37.199999999999996,20.37874878286273,93.45,8.4,278.25,168.0,265.0,0.30178571428571427,0.16950134770889488,1.0,0.20357142857142857,0.15714285714285714,0.46269994726864105,0.12226284587644634,0.9570818619504493,-11.711027263875371,1.2520691333982483,-11.77616845180137,1.7057205452775122,-11.975024342745868,2.79595910418696,-11.440165530671868,3.2496105160662236,-11.505306718597867,4.303261927945479,-12.170447906523867,4.7569133398247425,-12.835589094449867,5.210564751703998,-13.634444985394364,5.100803310613446,-13.699586173320364,5.55445472249271,-13.764727361246363,6.008106134371974,-14.429868549172362,7.061757546251229,-14.495009737098353,7.515408958130493,-14.560150925024361,7.969060370009748,-14.75900681596886,8.459298928919196,-15.42414800389485,9.51295034079846,-16.089289191820857,10.566601752677723,-18.55443037974685,12.22025316455698,-19.81957156767285,13.873904576436242,-20.018427458617357,14.96414313534569,-21.283568646543348,17.217794547224944,right,0.20714052089032695,4.636319411836018,0.2214285714285714,0.0,0.0,,,0.0,0.0
2.25.286999464611662854355201599068538813496,/home/user/workspace/dataset_extracted/Датасет/НД_для_обучения/Исследования/2.25.286999464611662854355201599068538813496/series_003_2_CR/A2504223477 DXA/CR DXA/CR000001.dcm,1.2.643.5.1.13.13.12.2.77.8252.02141512030209141106060309030501,6,291,300,spine,True,0.0,,0.0,0.0,0.0,,,,,0,0.0,0,0.0,False,0.0,0.9318601159160228,0.25963041391427844,291.0,0.004042955814173486,0.0,0.003436426116838488,0.31666666666666665,,,,,,,,,,,,,,,,,,,,,,,,,,,,,,,,,,,,,,,,,,,,,,,,,,,,,,,,,,,,,,,,,,,,,,,
2.25.286999464611662854355201599068538813496,/home/user/workspace/dataset_extracted/Датасет/НД_для_обучения/Исследования/2.25.286999464611662854355201599068538813496/series_003_2_CR/A2504223477 DXA/CR DXA/CR000002.dcm,1.2.643.5.1.13.13.12.2.77.8252.15080906090913051107110915140103,4,265,280,left_hip,True,0.0,,,,,,,0.0,0.0,0,0.0,0,0.0,False,0.0,,,,,,,,-4.850035730963618,4.850035730963618,26.4,82.95,0.0,-11.187955209347622,45.0,22.32988802336907,95.55,9.0,278.25,168.0,265.0,0.34285714285714286,0.17594339622641508,1.0,0.20714285714285716,0.15357142857142858,0.48453409859250596,0.12509877535559885,0.9612419535818902,-11.459138266796502,0.9521567672833526,-11.524162609542367,1.9743768257059429,-11.722930866601768,2.4410418695228855,-11.187955209347622,3.463261927945484,-11.252979552093487,4.485481986368074,-12.51800389483935,5.507702044790665,-12.583028237585212,5.929922103213255,-13.381796494644606,5.7965871470301975,-13.44682083739047,6.218807205452788,-13.511845180136334,6.641027263875378,-13.576869522882197,7.663247322297968,-13.04189386562806,8.085467380720559,-14.306918208373924,9.107687439143149,-15.105686465433315,9.57435248296009,-16.37071080817918,9.99657254138269,-17.635735150925044,11.61879259980528,-19.500759493670905,13.24101265822787,-20.76578383641677,14.86323271665046,-22.164552093476164,17.129897760467404,-22.829576436222027,19.352117818889994,left,-0.33497150293269123,4.850035730963618,0.26785714285714285,,,0.0,0.0,0.0,0.0
2.25.286999464611662854355201599068538813496,/home/user/workspace/dataset_extracted/Датасет/НД_для_обучения/Исследования/2.25.286999464611662854355201599068538813496/series_003_2_CR/A2504223477 DXA/CR DXA/CR000003.dcm,1.2.643.5.1.13.13.12.2.77.8252.02060612071110031306070811070605,5,265,280,left_hip,True,0.0,,,,,,,0.0,0.0,0,0.0,0,0.0,False,0.0,,,,,,,,-4.636319411836018,4.636319411836018,27.0,82.95,0.0,-11.440165530671868,37.199999999999996,20.37874878286273,93.45,8.4,278.25,168.0,265.0,0.30178571428571427,0.16950134770889488,1.0,0.20357142857142857,0.15714285714285714,0.46269994726864105,0.12226284587644634,0.9570818619504493,-11.711027263875371,1.2520691333982483,-11.77616845180137,1.7057205452775122,-11.975024342745868,2.79595910418696,-11.440165530671868,3.2496105160662236,-11.505306718597867,4.303261927945479,-12.170447906523867,4.7569133398247425,-12.835589094449867,5.210564751703998,-13.634444985394364,5.100803310613446,-13.699586173320364,5.55445472249271,-13.764727361246363,6.008106134371974,-14.429868549172362,7.061757546251229,-14.495009737098353,7.515408958130493,-14.560150925024361,7.969060370009748,-14.75900681596886,8.459298928919196,-15.42414800389485,9.51295034079846,-16.089289191820857,10.566601752677723,-18.55443037974685,12.22025316455698,-19.81957156767285,13.873904576436242,-20.018427458617357,14.96414313534569,-21.283568646543348,17.217794547224944,right,0.20714052089032695,4.636319411836018,0.2214285714285714,0.0,0.0,,,0.0,0.0
2.25.286999464611662854355201599068538813496,/home/user/workspace/dataset_extracted/Датасет/НД_для_обучения/Исследования/2.25.286999464611662854355201599068538813496/series_003_2_CR/A2504223477 DXA/CR DXA/CR000004.dcm,1.2.643.5.1.13.13.12.2.77.8252.08001013010106001102020015031109,1,291,300,spine,True,0.0,,0.0,0.0,0.0,,,,,0,0.0,0,0.0,False,0.0,0.9318601159160228,0.25963041391427844,291.0,0.004042955814173486,0.0,0.003436426116838488,0.31666666666666665,,,,,,,,,,,,,,,,,,,,,,,,,,,,,,,,,,,,,,,,,,,,,,,,,,,,,,,,,,,,,,,,,,,,,,,
2.25.286999464611662854355201599068538813496,/home/user/workspace/dataset_extracted/Датасет/НД_для_обучения/Исследования/2.25.286999464611662854355201599068538813496/series_003_2_CR/A2504223477 DXA/CR DXA/CR000005.dcm,1.2.643.5.1.13.13.12.2.77.8252.11130511020109141404120604130811,8,265,280,left_hip,True,0.0,,,,,,,0.0,0.0,0,0.0,0,0.0,False,0.0,,,,,,,,-4.850035730963618,4.850035730963618,26.4,82.95,0.0,-11.187955209347622,45.0,22.32988802336907,95.55,9.0,278.25,168.0,265.0,0.34285714285714286,0.17594339622641508,1.0,0.20714285714285716,0.15357142857142858,0.48453409859250596,0.12509877535559885,0.9612419535818902,-11.459138266796502,0.9521567672833526,-11.524162609542367,1.9743768257059429,-11.722930866601768,2.4410418695228855,-11.187955209347622,3.463261927945484,-11.252979552093487,4.485481986368074,-12.51800389483935,5.507702044790665,-12.583028237585212,5.929922103213255,-13.381796494644606,5.7965871470301975,-13.44682083739047,6.218807205452788,-13.511845180136334,6.641027263875378,-13.576869522882197,7.663247322297968,-13.04189386562806,8.085467380720559,-14.306918208373924,9.107687439143149,-15.105686465433315,9.57435248296009,-16.37071080817918,9.99657254138269,-17.635735150925044,11.61879259980528,-19.500759493670905,13.24101265822787,-20.76578383641677,14.86323271665046,-22.164552093476164,17.129897760467404,-22.829576436222027,19.352117818889994,left,-0.33497150293269123,4.850035730963618,0.26785714285714285,,,0.0,0.0,0.0,0.0
2.25.29638026465755240167985424461715024381,/home/user/workspace/dataset_extracted/Датасет/НД_для_обучения/Исследования/2.25.29638026465755240167985424461715024381/series_004_3_CR/A2504115579 DXA/CR DXA/CR000000.dcm,1.2.643.5.1.13.13.12.2.77.8252.09040806151211060704090912150608,4,265,280,right_hip,True,0.0,,,,,0.0,0.0,,,0,0.0,0,0.0,False,0.0,,,,,,,,-9.132701470907723,9.132701470907723,26.4,82.95,0.0,-7.350262901655338,61.199999999999996,17.900389483933825,75.60000000000001,9.6,278.25,168.0,265.0,0.4392857142857143,0.18743935309973045,1.0,0.26071428571428573,0.15357142857142858,0.46571086453487864,0.10966464676682276,0.9557091400994254,-9.00514118792602,2.02004868549173,-8.632054527750755,2.84275559883157,-9.102239532619302,3.759785783836429,-8.729152872444047,3.982492697176252,-8.356066212268773,4.805199610516092,-7.982979552093502,5.027906523855916,-7.609892891918229,5.250613437195739,-8.080077896786792,5.567643622200614,-7.70699123661152,6.3903505355404375,-8.533904576436248,7.21305744888026,-9.960817916260975,8.035764362220084,-10.78773125608572,9.458471275559907,-11.614644595910448,10.88117818889973,-12.084829600778994,11.798208373904606,-13.511742940603739,14.420915287244428,-14.338656280428467,16.44362220058425,-15.165569620253194,16.666329113924075,-15.392482960077938,16.889036027263916,-15.262667964946484,17.806066212268775,-15.262667964946484,17.806066212268775,right,0.8501584351314462,9.132701470907723,0.36428571428571427,0.0,0.0,,,0.0,0.0
2.25.29638026465755240167985424461715024381,/home/user/workspace/dataset_extracted/Датасет/НД_для_обучения/Исследования/2.25.29638026465755240167985424461715024381/series_004_3_CR/A2504115579 DXA/CR DXA/CR000001.dcm,1.2.643.5.1.13.13.12.2.77.8252.12021011000615031102060001101203,2,315,300,spine,True,1.0,Нарушение укладки поясничного отдела позвоночника,1.0,0.0,0.0,,,,,37,23.31,37,23.31,True,3.363412398897349,1.1887063559465312,0.18258245320588617,315.0,-0.024931275366254793,0.0,0.0031746031746031746,0.30666666666666664,,,,,,,,,,,,,,,,,,,,,,,,,,,,,,,,,,,,,,,,,,,,,,,,,,,,,,,,,,,,,,,,,,,,,,,
2.25.29638026465755240167985424461715024381,/home/user/workspace/dataset_extracted/Датасет/НД_для_обучения/Исследования/2.25.29638026465755240167985424461715024381/series_004_3_CR/A2504115579 DXA/CR DXA/CR000002.dcm,1.2.643.5.1.13.13.12.2.77.8252.11100504100006050214040402081303,1,265,280,right_hip,True,0.0,,,,,0.0,0.0,,,0,0.0,0,0.0,False,0.0,,,,,,,,-9.132701470907723,9.132701470907723,26.4,82.95,0.0,-7.350262901655338,61.199999999999996,17.900389483933825,75.60000000000001,9.6,278.25,168.0,265.0,0.4392857142857143,0.18743935309973045,1.0,0.26071428571428573,0.15357142857142858,0.46571086453487864,0.10966464676682276,0.9557091400994254,-9.00514118792602,2.02004868549173,-8.632054527750755,2.84275559883157,-9.102239532619302,3.759785783836429,-8.729152872444047,3.982492697176252,-8.356066212268773,4.805199610516092,-7.982979552093502,5.027906523855916,-7.609892891918229,5.250613437195739,-8.080077896786792,5.567643622200614,-7.70699123661152,6.3903505355404375,-8.533904576436248,7.21305744888026,-9.960817916260975,8.035764362220084,-10.78773125608572,9.458471275559907,-11.614644595910448,10.88117818889973,-12.084829600778994,11.798208373904606,-13.511742940603739,14.420915287244428,-14.338656280428467,16.44362220058425,-15.165569620253194,16.666329113924075,-15.392482960077938,16.889036027263916,-15.262667964946484,17.806066212268775,-15.262667964946484,17.806066212268775,right,0.8501584351314462,9.132701470907723,0.36428571428571427,0.0,0.0,,,0.0,0.0
2.25.29638026465755240167985424461715024381,/home/user/workspace/dataset_extracted/Датасет/НД_для_обучения/Исследования/2.25.29638026465755240167985424461715024381/series_004_3_CR/A2504115579 DXA/CR DXA/CR000003.dcm,1.2.643.5.1.13.13.12.2.77.8252.12090901030412121214030908040015,3,265,280,left_hip,True,0.0,,,,,,,0.0,0.0,0,0.0,0,0.0,False,0.0,,,,,,,,-3.3183760232344905,3.3183760232344905,27.0,56.7,0.0,9.308595387840645,66.0,-16.598322851153075,109.2,3.0,278.25,168.0,158.0,0.46964285714285714,0.22610512129380053,0.5962264150943396,0.34285714285714286,0.15714285714285714,0.5070727485922725,0.12291777635802796,0.948234543416127,0.8670859538784043,-18.046624737945525,1.0230607966456944,-18.97769392033546,1.140041928721166,-19.825995807127914,1.2960167714884647,-20.157064989517835,1.4519916142557634,-21.08813417190777,1.6079664570230534,-21.41920335429771,2.3639412997903433,-21.750272536687635,2.480922431865815,-21.9985744234801,2.636897274633114,-22.32964360587002,3.3928721174004037,-22.060712788259963,4.1488469601677025,-21.7917819706499,4.304821802934993,-20.922851153039822,5.060796645702291,-20.653920335429763,5.177777777777763,-20.90222222222221,5.933752620545053,-21.23329140461215,7.289727463312351,-25.164360587002072,8.645702306079642,-30.0,8.80167714884694,-30.0,8.918658280922411,-30.0,9.074633123689702,-30.0,left,-0.8863175544878026,3.3183760232344905,0.39285714285714285,,,0.0,0.0,0.0,0.0
2.25.306921081709806079165809721263236241032,/home/user/workspace/dataset_extracted/Датасет/НД_для_обучения/Исследования/2.25.306921081709806079165809721263236241032/series_002_2_CR/A2504381177 DXA/CR DXA/CR000000.dcm,1.2.643.5.1.13.13.12.2.77.8252.05140704131104071313121101000313,1,313,300,spine,True,0.0,,0.0,0.0,0.0,,,,,841,529.83,841,529.83,True,4.428488769041765,0.5547709831396195,0.1601562345394747,313.0,-0.018664109485248825,0.0,0.003194888178913738,0.34,,,,,,,,,,,,,,,,,,,,,,,,,,,,,,,,,,,,,,,,,,,,,,,,,,,,,,,,,,,,,,,,,,,,,,,
2.25.307021710202910067378603383388989711646,/home/user/workspace/dataset_extracted/Датасет/НД_для_обучения/Исследования/2.25.307021710202910067378603383388989711646/series_004_2_CR/A2504110565 DXA/CR DXA/CR000000.dcm,1.2.643.5.1.13.13.12.2.77.8252.10011315050807060809100706050011,1,318,300,spine,True,1.0,"Наличие посторонних предметов, артефактов или наложений",0.0,0.0,1.0,,,,,2559,1612.17,2559,1612.17,True,4.406003372530337,0.2547931881280294,0.3856650026255266,318.0,0.012300093930854815,0.0,0.0031446540880503146,0.33,,,,,,,,,,,,,,,,,,,,,,,,,,,,,,,,,,,,,,,,,,,,,,,,,,,,,,,,,,,,,,,,,,,,,,,
2.25.307021710202910067378603383388989711646,/home/user/workspace/dataset_extracted/Датасет/НД_для_обучения/Исследования/2.25.307021710202910067378603383388989711646/series_004_2_CR/A2504110565 DXA/CR DXA/CR000001.dcm,1.2.643.5.1.13.13.12.2.77.8252.12090115120005000603040515131409,2,265,280,right_hip,True,0.0,,,,,0.0,0.0,,,0,0.0,0,0.0,False,0.0,,,,,,,,-3.688562945124116,3.688562945124116,25.8,90.3,0.0,-17.33630642954856,58.199999999999996,17.715150714656357,88.2,7.199999999999999,278.25,168.0,265.0,0.4160714285714286,0.17099730458221024,1.0,0.25,0.14285714285714285,0.4781498530504178,0.13501375306734642,0.9631016822993549,-20.21306854096891,1.2592046794660348,-21.848751356196047,2.082001981225551,-22.325513467616393,2.9990999575451838,-22.16119628284353,4.421897259304717,-21.996879098070657,5.2446945610642155,-21.832561913297795,6.067491862823749,-22.26824472852493,6.290289164583248,-23.345006839945277,6.607387140902898,-24.380689655172414,6.830184442662414,-24.21637247039954,7.05298174442193,-24.05205528562668,7.275779046181446,-29.287738100853815,7.498576347940962,-30.0,8.321373649700478,-30.0,8.638471626020111,-30.0,10.061268927779627,-30.0,11.484066229539144,-30.0,12.90686353129866,-30.0,14.329660833058176,-30.0,14.646758809377808,-30.0,15.469556111137324,right,0.6335015722762305,3.688562945124116,0.3464285714285714,0.0,0.0,,,0.0,0.0
2.25.307021710202910067378603383388989711646,/home/user/workspace/dataset_extracted/Датасет/НД_для_обучения/Исследования/2.25.307021710202910067378603383388989711646/series_004_2_CR/A2504110565 DXA/CR DXA/CR000002.dcm,1.2.643.5.1.13.13.12.2.77.8252.04030803131507080109070101120910,7,265,280,right_hip,True,0.0,,,,,0.0,0.0,,,0,0.0,0,0.0,False,0.0,,,,,,,,-3.688562945124116,3.688562945124116,25.8,90.3,0.0,-17.33630642954856,58.199999999999996,17.715150714656357,88.2,7.199999999999999,278.25,168.0,265.0,0.4160714285714286,0.17099730458221024,1.0,0.25,0.14285714285714285,0.4781498530504178,0.13501375306734642,0.9631016822993549,-20.21306854096891,1.2592046794660348,-21.848751356196047,2.082001981225551,-22.325513467616393,2.9990999575451838,-22.16119628284353,4.421897259304717,-21.996879098070657,5.2446945610642155,-21.832561913297795,6.067491862823749,-22.26824472852493,6.290289164583248,-23.345006839945277,6.607387140902898,-24.380689655172414,6.830184442662414,-24.21637247039954,7.05298174442193,-24.05205528562668,7.275779046181446,-29.287738100853815,7.498576347940962,-30.0,8.321373649700478,-30.0,8.638471626020111,-30.0,10.061268927779627,-30.0,11.484066229539144,-30.0,12.90686353129866,-30.0,14.329660833058176,-30.0,14.646758809377808,-30.0,15.469556111137324,right,0.6335015722762305,3.688562945124116,0.3464285714285714,0.0,0.0,,,0.0,0.0
2.25.307021710202910067378603383388989711646,/home/user/workspace/dataset_extracted/Датасет/НД_для_обучения/Исследования/2.25.307021710202910067378603383388989711646/series_004_2_CR/A2504110565 DXA/CR DXA/CR000003.dcm,1.2.643.5.1.13.13.12.2.77.8252.08080707141115140509110700030200,9,265,280,right_hip,True,0.0,,,,,0.0,0.0,,,0,0.0,0,0.0,False,0.0,,,,,,,,-3.688562945124116,3.688562945124116,25.8,90.3,0.0,-17.33630642954856,58.199999999999996,17.715150714656357,88.2,7.199999999999999,278.25,168.0,265.0,0.4160714285714286,0.17099730458221024,1.0,0.25,0.14285714285714285,0.4781498530504178,0.13501375306734642,0.9631016822993549,-20.21306854096891,1.2592046794660348,-21.848751356196047,2.082001981225551,-22.325513467616393,2.9990999575451838,-22.16119628284353,4.421897259304717,-21.996879098070657,5.2446945610642155,-21.832561913297795,6.067491862823749,-22.26824472852493,6.290289164583248,-23.345006839945277,6.607387140902898,-24.380689655172414,6.830184442662414,-24.21637247039954,7.05298174442193,-24.05205528562668,7.275779046181446,-29.287738100853815,7.498576347940962,-30.0,8.321373649700478,-30.0,8.638471626020111,-30.0,10.061268927779627,-30.0,11.484066229539144,-30.0,12.90686353129866,-30.0,14.329660833058176,-30.0,14.646758809377808,-30.0,15.469556111137324,right,0.6335015722762305,3.688562945124116,0.3464285714285714,0.0,0.0,,,0.0,0.0
2.25.307021710202910067378603383388989711646,/home/user/workspace/dataset_extracted/Датасет/НД_для_обучения/Исследования/2.25.307021710202910067378603383388989711646/series_004_2_CR/A2504110565 DXA/CR DXA/CR000004.dcm,1.2.643.5.1.13.13.12.2.77.8252.09020610121102091006070609000414,8,265,280,left_hip,True,0.0,,,,,,,0.0,0.0,0,0.0,0,0.0,False,0.0,,,,,,,,0.05319124412286886,0.05319124412286886,27.0,92.4,0.0,3.584577859180723,64.2,-15.630094043887162,49.35,3.0,278.25,168.0,135.0,0.46964285714285714,0.17080862533692723,0.5094339622641509,0.25,0.15,0.488137678937353,0.13849608088797982,0.9659290821812467,0.3944507062097017,-18.106126941636436,0.2852752632876502,-19.407504138635492,0.2033936810961137,-20.083537036384786,0.6942182381740621,-22.584914233383824,1.1850427952520106,-23.286291430382878,1.0758673523299591,-24.587668627381934,1.566691909407899,-25.289045824380974,2.0848103272163625,-25.965078722130265,2.575634884294311,-29.666455919129305,3.0664594413722597,-30.0,3.5572839984502083,-30.0,3.4481085555281568,-30.0,2.8208146947976416,-30.0,2.8208146947976416,-30.0,2.8208146947976416,-30.0,2.8208146947976416,-30.0,2.8208146947976416,-30.0,2.8208146947976416,-30.0,2.8208146947976416,-30.0,2.8208146947976416,-30.0,left,-0.566461937799532,0.05319124412286886,0.3821428571428572,,,0.0,0.0,0.0,0.0
2.25.307021710202910067378603383388989711646,/home/user/workspace/dataset_extracted/Датасет/НД_для_обучения/Исследования/2.25.307021710202910067378603383388989711646/series_004_2_CR/A2504110565 DXA/CR DXA/CR000005.dcm,1.2.643.5.1.13.13.12.2.77.8252.09141210051000000105030213061514,14,265,280,left_hip,True,0.0,,,,,,,0.0,0.0,0,0.0,0,0.0,False,0.0,,,,,,,,0.05319124412286886,0.05319124412286886,27.0,92.4,0.0,3.584577859180723,64.2,-15.630094043887162,49.35,3.0,278.25,168.0,135.0,0.46964285714285714,0.17080862533692723,0.5094339622641509,0.25,0.15,0.488137678937353,0.13849608088797982,0.9659290821812467,0.3944507062097017,-18.106126941636436,0.2852752632876502,-19.407504138635492,0.2033936810961137,-20.083537036384786,0.6942182381740621,-22.584914233383824,1.1850427952520106,-23.286291430382878,1.0758673523299591,-24.587668627381934,1.566691909407899,-25.289045824380974,2.0848103272163625,-25.965078722130265,2.575634884294311,-29.666455919129305,3.0664594413722597,-30.0,3.5572839984502083,-30.0,3.4481085555281568,-30.0,2.8208146947976416,-30.0,2.8208146947976416,-30.0,2.8208146947976416,-30.0,2.8208146947976416,-30.0,2.8208146947976416,-30.0,2.8208146947976416,-30.0,2.8208146947976416,-30.0,2.8208146947976416,-30.0,left,-0.566461937799532,0.05319124412286886,0.3821428571428572,,,0.0,0.0,0.0,0.0
2.25.307021710202910067378603383388989711646,/home/user/workspace/dataset_extracted/Датасет/НД_для_обучения/Исследования/2.25.307021710202910067378603383388989711646/series_004_2_CR/A2504110565 DXA/CR DXA/CR000006.dcm,1.2.643.5.1.13.13.12.2.77.8252.10030011090613091008080403130712,3,265,280,left_hip,True,0.0,,,,,,,0.0,0.0,0,0.0,0,0.0,False,0.0,,,,,,,,0.05319124412286886,0.05319124412286886,27.0,92.4,0.0,3.584577859180723,64.2,-15.630094043887162,49.35,3.0,278.25,168.0,135.0,0.46964285714285714,0.17080862533692723,0.5094339622641509,0.25,0.15,0.488137678937353,0.13849608088797982,0.9659290821812467,0.3944507062097017,-18.106126941636436,0.2852752632876502,-19.407504138635492,0.2033936810961137,-20.083537036384786,0.6942182381740621,-22.584914233383824,1.1850427952520106,-23.286291430382878,1.0758673523299591,-24.587668627381934,1.566691909407899,-25.289045824380974,2.0848103272163625,-25.965078722130265,2.575634884294311,-29.666455919129305,3.0664594413722597,-30.0,3.5572839984502083,-30.0,3.4481085555281568,-30.0,2.8208146947976416,-30.0,2.8208146947976416,-30.0,2.8208146947976416,-30.0,2.8208146947976416,-30.0,2.8208146947976416,-30.0,2.8208146947976416,-30.0,2.8208146947976416,-30.0,2.8208146947976416,-30.0,left,-0.566461937799532,0.05319124412286886,0.3821428571428572,,,0.0,0.0,0.0,0.0
2.25.307021710202910067378603383388989711646,/home/user/workspace/dataset_extracted/Датасет/НД_для_обучения/Исследования/2.25.307021710202910067378603383388989711646/series_004_2_CR/A2504110565 DXA/CR DXA/CR000007.dcm,1.2.643.5.1.13.13.12.2.77.8252.10091201060313121514040903111108,6,265,280,left_hip,True,0.0,,,,,,,0.0,0.0,0,0.0,0,0.0,False,0.0,,,,,,,,0.05319124412286886,0.05319124412286886,27.0,92.4,0.0,3.584577859180723,64.2,-15.630094043887162,49.35,3.0,278.25,168.0,135.0,0.46964285714285714,0.17080862533692723,0.5094339622641509,0.25,0.15,0.488137678937353,0.13849608088797982,0.9659290821812467,0.3944507062097017,-18.106126941636436,0.2852752632876502,-19.407504138635492,0.2033936810961137,-20.083537036384786,0.6942182381740621,-22.584914233383824,1.1850427952520106,-23.286291430382878,1.0758673523299591,-24.587668627381934,1.566691909407899,-25.289045824380974,2.0848103272163625,-25.965078722130265,2.575634884294311,-29.666455919129305,3.0664594413722597,-30.0,3.5572839984502083,-30.0,3.4481085555281568,-30.0,2.8208146947976416,-30.0,2.8208146947976416,-30.0,2.8208146947976416,-30.0,2.8208146947976416,-30.0,2.8208146947976416,-30.0,2.8208146947976416,-30.0,2.8208146947976416,-30.0,2.8208146947976416,-30.0,left,-0.566461937799532,0.05319124412286886,0.3821428571428572,,,0.0,0.0,0.0,0.0
2.25.307021710202910067378603383388989711646,/home/user/workspace/dataset_extracted/Датасет/НД_для_обучения/Исследования/2.25.307021710202910067378603383388989711646/series_004_2_CR/A2504110565 DXA/CR DXA/CR000008.dcm,1.2.643.5.1.13.13.12.2.77.8252.08061203141300041506070501101310,5,265,280,right_hip,True,0.0,,,,,0.0,0.0,,,0,0.0,0,0.0,False,0.0,,,,,,,,-3.688562945124116,3.688562945124116,25.8,90.3,0.0,-17.33630642954856,58.199999999999996,17.715150714656357,88.2,7.199999999999999,278.25,168.0,265.0,0.4160714285714286,0.17099730458221024,1.0,0.25,0.14285714285714285,0.4781498530504178,0.13501375306734642,0.9631016822993549,-20.21306854096891,1.2592046794660348,-21.848751356196047,2.082001981225551,-22.325513467616393,2.9990999575451838,-22.16119628284353,4.421897259304717,-21.996879098070657,5.2446945610642155,-21.832561913297795,6.067491862823749,-22.26824472852493,6.290289164583248,-23.345006839945277,6.607387140902898,-24.380689655172414,6.830184442662414,-24.21637247039954,7.05298174442193,-24.05205528562668,7.275779046181446,-29.287738100853815,7.498576347940962,-30.0,8.321373649700478,-30.0,8.638471626020111,-30.0,10.061268927779627,-30.0,11.484066229539144,-30.0,12.90686353129866,-30.0,14.329660833058176,-30.0,14.646758809377808,-30.0,15.469556111137324,right,0.6335015722762305,3.688562945124116,0.3464285714285714,0.0,0.0,,,0.0,0.0
2.25.307021710202910067378603383388989711646,/home/user/workspace/dataset_extracted/Датасет/НД_для_обучения/Исследования/2.25.307021710202910067378603383388989711646/series_004_2_CR/A2504110565 DXA/CR DXA/CR000009.dcm,1.2.643.5.1.13.13.12.2.77.8252.01080203060404010906011511140504,13,265,280,right_hip,True,0.0,,,,,0.0,0.0,,,0,0.0,0,0.0,False,0.0,,,,,,,,-3.688562945124116,3.688562945124116,25.8,90.3,0.0,-17.33630642954856,58.199999999999996,17.715150714656357,88.2,7.199999999999999,278.25,168.0,265.0,0.4160714285714286,0.17099730458221024,1.0,0.25,0.14285714285714285,0.4781498530504178,0.13501375306734642,0.9631016822993549,-20.21306854096891,1.2592046794660348,-21.848751356196047,2.082001981225551,-22.325513467616393,2.9990999575451838,-22.16119628284353,4.421897259304717,-21.996879098070657,5.2446945610642155,-21.832561913297795,6.067491862823749,-22.26824472852493,6.290289164583248,-23.345006839945277,6.607387140902898,-24.380689655172414,6.830184442662414,-24.21637247039954,7.05298174442193,-24.05205528562668,7.275779046181446,-29.287738100853815,7.498576347940962,-30.0,8.321373649700478,-30.0,8.638471626020111,-30.0,10.061268927779627,-30.0,11.484066229539144,-30.0,12.90686353129866,-30.0,14.329660833058176,-30.0,14.646758809377808,-30.0,15.469556111137324,right,0.6335015722762305,3.688562945124116,0.3464285714285714,0.0,0.0,,,0.0,0.0
2.25.307021710202910067378603383388989711646,/home/user/workspace/dataset_extracted/Датасет/НД_для_обучения/Исследования/2.25.307021710202910067378603383388989711646/series_004_2_CR/A2504110565 DXA/CR DXA/CR000010.dcm,1.2.643.5.1.13.13.12.2.77.8252.02020610071014010106090300080911,4,318,300,spine,True,1.0,"Наличие посторонних предметов, артефактов или наложений",0.0,0.0,1.0,,,,,2559,1612.17,2559,1612.17,True,4.406003372530337,0.2547931881280294,0.3856650026255266,318.0,0.012300093930854815,0.0,0.0031446540880503146,0.33,,,,,,,,,,,,,,,,,,,,,,,,,,,,,,,,,,,,,,,,,,,,,,,,,,,,,,,,,,,,,,,,,,,,,,,
2.25.307021710202910067378603383388989711646,/home/user/workspace/dataset_extracted/Датасет/НД_для_обучения/Исследования/2.25.307021710202910067378603383388989711646/series_004_2_CR/A2504110565 DXA/CR DXA/CR000011.dcm,1.2.643.5.1.13.13.12.2.77.8252.00041503151008120109091101041101,12,318,300,spine,True,1.0,"Наличие посторонних предметов, артефактов или наложений",0.0,0.0,1.0,,,,,2559,1612.17,2559,1612.17,True,4.406003372530337,0.2547931881280294,0.3856650026255266,318.0,0.012300093930854815,0.0,0.0031446540880503146,0.33,,,,,,,,,,,,,,,,,,,,,,,,,,,,,,,,,,,,,,,,,,,,,,,,,,,,,,,,,,,,,,,,,,,,,,,
2.25.309085571913348252136520206003694446566,/home/user/workspace/dataset_extracted/Датасет/НД_для_обучения/Исследования/2.25.309085571913348252136520206003694446566/series_002_2_CR/A2504116267 DXA/CR DXA/CR000000.dcm,1.2.643.5.1.13.13.12.2.77.8252.03121103130007121510030803050514,1,285,300,spine,True,1.0,Нарушение оси позвоночника (отклонение более 5 градусов),0.0,1.0,0.0,,,,,0,0.0,0,0.0,False,0.0,1.6092524928435818,2.0777295066012904,285.0,0.0011421654562150253,0.0,0.0035087719298245615,0.33666666666666667,,,,,,,,,,,,,,,,,,,,,,,,,,,,,,,,,,,,,,,,,,,,,,,,,,,,,,,,,,,,,,,,,,,,,,,
2.25.309085571913348252136520206003694446566,/home/user/workspace/dataset_extracted/Датасет/НД_для_обучения/Исследования/2.25.309085571913348252136520206003694446566/series_002_2_CR/A2504116267 DXA/CR DXA/CR000001.dcm,1.2.643.5.1.13.13.12.2.77.8252.07070904150315000704031208001011,3,289,280,left_hip,True,0.0,,,,,,,0.0,0.0,0,0.0,0,0.0,False,0.0,,,,,,,,0.043956538863939534,0.043956538863939534,28.2,116.55000000000001,0.0,-16.35243243243243,36.6,19.69473674973675,67.2,14.399999999999999,303.45,168.0,289.0,0.32321428571428573,0.231463173504696,1.0,0.25357142857142856,0.15,0.5693067436040662,0.15035566079257287,0.9668839392445794,-16.49438223938224,1.7628343278343321,-17.283648648648647,2.7800122850122904,-17.425598455598458,2.6428957528957566,-18.214864864864868,3.060073710073715,-21.404131274131277,3.477251667251673,-21.593397683397686,3.894429624429631,-21.782664092664096,4.31160758160758,-21.9246138996139,5.374491049491056,-20.91388030888031,6.391669006669013,-19.303146718146717,7.408846963846963,-19.492413127413126,9.026024921024922,-20.281679536679537,10.043202878202878,-21.670945945945945,12.260380835380838,-22.412895752895754,13.923264303264304,-30.0,17.94044226044226,-30.0,19.55762021762022,-30.0,19.420503685503686,-30.0,19.420503685503686,-30.0,19.420503685503686,-30.0,19.420503685503686,left,-0.5040188601786656,0.043956538863939534,0.21785714285714286,,,0.0,0.0,0.0,0.0
2.25.309085571913348252136520206003694446566,/home/user/workspace/dataset_extracted/Датасет/НД_для_обучения/Исследования/2.25.309085571913348252136520206003694446566/series_002_2_CR/A2504116267 DXA/CR DXA/CR000002.dcm,1.2.643.5.1.13.13.12.2.77.8252.09030700121011131209150303151015,2,289,280,right_hip,True,0.0,,,,,0.0,0.0,,,0,0.0,0,0.0,False,0.0,,,,,,,,-3.974883111271029,3.974883111271029,25.2,120.75,0.0,-10.526735579578638,33.0,17.99953602146294,68.25,21.0,303.45,168.0,289.0,0.26607142857142857,0.23790163124073158,1.0,0.25,0.14285714285714285,0.5729670633164788,0.12708180795220295,0.9619958942119908,-14.48343091612089,2.712764144243661,-14.927761382466665,3.484748678292425,-16.011009232225998,4.363737078828995,-15.855339698571772,5.135721612877767,-16.299670164917544,5.907706146926523,-16.144000631263317,5.479690680975295,-15.388331097609093,5.051675215024059,-14.671578947368424,5.3306636155606295,-14.5159094137142,6.102648149609394,-13.760239880059975,6.874632683658166,-13.004570346405751,8.246617217706921,-19.448900812751525,9.618601751755692,-19.29323127909729,10.990586285804456,-19.176479128856624,12.469574686341028,-18.4208095952024,15.64155922038979,-17.665140061548176,17.613543754438563,-16.909470527893948,17.785528288487328,-16.909470527893948,17.785528288487328,-16.909470527893948,17.785528288487328,-16.909470527893948,17.785528288487328,right,0.42181945655950603,3.974883111271029,0.19642857142857142,0.0,0.0,,,0.0,0.0
2.25.314147167453134440746270747484612743945,/home/user/workspace/dataset_extracted/Датасет/НД_для_обучения/Исследования/2.25.314147167453134440746270747484612743945/series_002_2_CR/A2504224780 DXA/CR DXA/CR000000.dcm,1.2.643.5.1.13.13.12.2.77.8252.02000306061002040514101500000812,2,237,280,left_hip,True,0.0,,,,,,,0.0,0.0,0,0.0,0,0.0,False,0.0,,,,,,,,-12.608446948691839,12.608446948691839,25.8,79.8,0.0,3.4228298017771577,44.4,9.309744360902243,66.15,6.0,248.85000000000002,168.0,237.0,0.3375,0.17927968655816756,1.0,0.21785714285714286,0.15,0.5188144006100176,0.15279800863431556,0.9624046355377066,-3.67709364319893,0.8764511278195641,-2.9247272727272984,0.3498947368421227,-1.9104524948735644,-0.04502255639096688,-0.5580861244019332,0.02842105263157464,0.7942802460697066,0.7018646616541332,2.7466466165413377,0.7753082706766917,2.299012987012978,1.4487518796992502,-3.2867122351332965,1.6538345864661608,-3.134345864661665,2.327278195488719,-2.381979494190034,3.000721804511278,-2.2296131237183943,4.2741654135338365,-2.0772467532467545,4.947609022556378,-0.7248803827751146,5.621052631578936,-0.31060560492139755,5.826135338345864,0.44176076555024224,6.499578947368406,1.194127136021882,8.373022556390964,1.8703103212576933,9.309744360902243,1.8703103212576933,9.309744360902243,1.8703103212576933,9.309744360902243,1.8703103212576933,9.309744360902243,right,0.2762002428515491,12.608446948691839,0.2642857142857143,0.0,0.0,,,0.0,0.0
2.25.314147167453134440746270747484612743945,/home/user/workspace/dataset_extracted/Датасет/НД_для_обучения/Исследования/2.25.314147167453134440746270747484612743945/series_002_2_CR/A2504224780 DXA/CR DXA/CR000001.dcm,1.2.643.5.1.13.13.12.2.77.8252.01130904120915050401031210031001,3,237,280,left_hip,True,0.0,,,,,,,0.0,0.0,0,0.0,0,0.0,False,0.0,,,,,,,,-2.743680880127817,2.743680880127817,36.0,87.15,0.0,4.885600940346768,45.6,11.553217749044938,30.450000000000003,53.4,248.85000000000002,168.0,237.0,0.39285714285714285,0.33553345388788425,1.0,0.30357142857142855,0.18214285714285713,0.6504360962094624,0.2252076623846523,0.9142575931393321,3.026006464883943,1.620183871373979,4.0098442550690745,2.2014692918013337,4.4477225977079256,2.9374333571218583,4.831560387893057,4.118718777549213,4.6153981780781805,5.900004197976551,4.399235968263312,8.881289618403907,3.583073758448444,10.66257503883126,3.474992653541005,11.553217749044938,3.474992653541005,11.553217749044938,3.474992653541005,11.553217749044938,3.474992653541005,11.553217749044938,3.474992653541005,11.553217749044938,3.474992653541005,11.553217749044938,3.474992653541005,11.553217749044938,3.474992653541005,11.553217749044938,3.474992653541005,11.553217749044938,3.474992653541005,11.553217749044938,3.474992653541005,11.553217749044938,3.474992653541005,11.553217749044938,3.474992653541005,11.553217749044938,left,-0.5455938929066768,2.743680880127817,0.27142857142857146,,,0.0,0.0,0.0,0.0
2.25.314147167453134440746270747484612743945,/home/user/workspace/dataset_extracted/Датасет/НД_для_обучения/Исследования/2.25.314147167453134440746270747484612743945/series_002_2_CR/A2504224780 DXA/CR DXA/CR000002.dcm,1.2.643.5.1.13.13.12.2.77.8252.02120204101515130306021007150210,1,315,300,spine,True,0.0,,0.0,0.0,0.0,,,,,656,413.28000000000003,656,413.28000000000003,True,3.754557985715836,0.9817940781610981,0.5934873195077222,315.0,0.008379543782192798,0.0,0.0031746031746031746,0.33,,,,,,,,,,,,,,,,,,,,,,,,,,,,,,,,,,,,,,,,,,,,,,,,,,,,,,,,,,,,,,,,,,,,,,,
2.25.322202456901330781765399791024580391565,/home/user/workspace/dataset_extracted/Датасет/НД_для_обучения/Исследования/2.25.322202456901330781765399791024580391565/series_002_2_CR/A2504350020 DXA/CR DXA/CR000000.dcm,1.2.643.5.1.13.13.12.2.77.8252.06061007030610120805010913100711,1,291,300,spine,True,0.0,,0.0,0.0,0.0,,,,,554,349.02,554,349.02,True,4.566324924636113,0.3517352911729439,0.059349127995945494,291.0,0.09077040243706913,0.0,0.003436426116838488,0.5733333333333334,,,,,,,,,,,,,,,,,,,,,,,,,,,,,,,,,,,,,,,,,,,,,,,,,,,,,,,,,,,,,,,,,,,,,,,
2.25.338439598607961312040815816824093323492,/home/user/workspace/dataset_extracted/Датасет/НД_для_обучения/Исследования/2.25.338439598607961312040815816824093323492/series_002_2_CR/A2504147124 DXA/CR DXA/CR000000.dcm,1.2.643.5.1.13.13.12.2.77.8252.13110108131113110013070512051310,1,317,300,spine,True,1.0,"Наличие посторонних предметов, артефактов или наложений",0.0,0.0,1.0,,,,,496,312.48,496,312.48,True,3.994594901296376,2.4386878057801455,1.826153232641503,317.0,0.04817514562628541,0.0,0.0031545741324921135,0.5733333333333334,,,,,,,,,,,,,,,,,,,,,,,,,,,,,,,,,,,,,,,,,,,,,,,,,,,,,,,,,,,,,,,,,,,,,,,
2.25.339027809107632348165171236474821772940,/home/user/workspace/dataset_extracted/Датасет/НД_для_обучения/Исследования/2.25.339027809107632348165171236474821772940/series_001_2_CR/A2504349642 DXA/CR DXA/CR000000.dcm,1.2.643.5.1.13.13.12.2.77.8252.05111003151314100612100700031506,8,318,280,left_hip,True,0.0,,,,,,,0.0,0.0,0,0.0,0,0.0,False,0.0,,,,,,,,-3.1003023680269077,3.1003023680269077,25.8,141.75,0.0,-14.672305140961862,31.2,18.585078528924015,78.75,12.6,333.90000000000003,168.0,318.0,0.2517857142857143,0.18466981132075472,1.0,0.22857142857142856,0.1357142857142857,0.5136858396867411,0.12934441151959591,0.9757446716876391,-15.760593112867042,1.2169837089064457,-16.81164374207395,1.510960881865185,-17.29993171397913,1.8814437615842392,-17.750982343186035,2.1754209345429785,-18.802032972392944,3.069398107501709,-19.25308360159985,3.3633752804604398,-19.704134230806755,4.257352453419179,-19.592422202711933,4.627835333138234,-20.043472831918844,5.521812506096972,-21.09452346112575,5.815789679055703,-22.145574090332655,6.109766852014443,-22.596624719539562,7.003744024973173,-22.447675348746472,7.8977211979319115,-22.33596332065165,8.868204077650967,-22.187013949858557,10.362181250609696,-28.038064579065463,11.856158423568436,-30.0,13.950135596527167,-30.0,16.044112769485906,-30.0,17.61459564920496,-30.0,18.585078528924015,right,0.20071139871188637,3.1003023680269077,0.18571428571428572,0.0,0.0,,,0.0,0.0
2.25.339027809107632348165171236474821772940,/home/user/workspace/dataset_extracted/Датасет/НД_для_обучения/Исследования/2.25.339027809107632348165171236474821772940/series_001_2_CR/A2504349642 DXA/CR DXA/CR000001.dcm,1.2.643.5.1.13.13.12.2.77.8252.04091012040015061107090014081504,1,289,300,spine,True,0.0,,0.0,0.0,0.0,,,,,0,0.0,0,0.0,False,0.0,1.4178864606966115,3.9685076334642613,289.0,0.022341497307625482,0.0,0.0034602076124567475,0.9266666666666666,,,,,,,,,,,,,,,,,,,,,,,,,,,,,,,,,,,,,,,,,,,,,,,,,,,,,,,,,,,,,,,,,,,,,,,
2.25.339027809107632348165171236474821772940,/home/user/workspace/dataset_extracted/Датасет/НД_для_обучения/Исследования/2.25.339027809107632348165171236474821772940/series_001_2_CR/A2504349642 DXA/CR DXA/CR000002.dcm,1.2.643.5.1.13.13.12.2.77.8252.11010912010413080807030107050600,6,317,280,right_hip,True,0.0,,,,,0.0,0.0,,,0,0.0,0,0.0,False,0.0,,,,,,,,-0.24305386611747679,0.24305386611747679,24.599999999999998,144.9,0.0,-0.353221199619162,36.0,18.803938911707817,70.35000000000001,10.799999999999999,332.85,168.0,317.0,0.2910714285714286,0.1894434429923389,1.0,0.29642857142857143,0.14285714285714285,0.522671186095599,0.12723334953622997,0.977521961221821,-15.983106881679674,3.192770138062818,-17.82295445776035,3.1172887903577418,-18.452840139820857,3.6606777795789327,-19.092687715901537,4.785196431873848,-19.732535291982213,5.309715084168772,-19.772382868062888,5.834233736463688,-22.81223044414357,6.358752388758611,-22.842116126204075,6.302141377979802,-22.881963702284754,6.826660030274726,-23.52181127836543,7.351178682569642,-24.16165885444611,7.875697334864565,-25.401506430526787,9.600215987159482,-28.441354006607465,11.324734639454405,-29.671239688667974,12.468123628675595,-30.0,14.192642280970512,-30.0,15.917160933265436,-30.0,17.64167958556035,-30.0,18.803938911707817,-30.0,18.803938911707817,-30.0,18.803938911707817,left,-0.05089695171297548,0.24305386611747679,0.21428571428571427,,,0.0,0.0,0.0,0.0
2.25.339027809107632348165171236474821772940,/home/user/workspace/dataset_extracted/Датасет/НД_для_обучения/Исследования/2.25.339027809107632348165171236474821772940/series_001_2_CR/A2504349642 DXA/CR DXA/CR000003.dcm,1.2.643.5.1.13.13.12.2.77.8252.02060903061507111201080601150903,4,317,280,right_hip,True,0.0,,,,,0.0,0.0,,,0,0.0,0,0.0,False,0.0,,,,,,,,-0.24305386611747679,0.24305386611747679,24.599999999999998,144.9,0.0,-0.353221199619162,36.0,18.803938911707817,70.35000000000001,10.799999999999999,332.85,168.0,317.0,0.2910714285714286,0.1894434429923389,1.0,0.29642857142857143,0.14285714285714285,0.522671186095599,0.12723334953622997,0.977521961221821,-15.983106881679674,3.192770138062818,-17.82295445776035,3.1172887903577418,-18.452840139820857,3.6606777795789327,-19.092687715901537,4.785196431873848,-19.732535291982213,5.309715084168772,-19.772382868062888,5.834233736463688,-22.81223044414357,6.358752388758611,-22.842116126204075,6.302141377979802,-22.881963702284754,6.826660030274726,-23.52181127836543,7.351178682569642,-24.16165885444611,7.875697334864565,-25.401506430526787,9.600215987159482,-28.441354006607465,11.324734639454405,-29.671239688667974,12.468123628675595,-30.0,14.192642280970512,-30.0,15.917160933265436,-30.0,17.64167958556035,-30.0,18.803938911707817,-30.0,18.803938911707817,-30.0,18.803938911707817,left,-0.05089695171297548,0.24305386611747679,0.21428571428571427,,,0.0,0.0,0.0,0.0
2.25.339027809107632348165171236474821772940,/home/user/workspace/dataset_extracted/Датасет/НД_для_обучения/Исследования/2.25.339027809107632348165171236474821772940/series_001_2_CR/A2504349642 DXA/CR DXA/CR000004.dcm,1.2.643.5.1.13.13.12.2.77.8252.09100506150509030310111310041309,3,289,300,spine,True,0.0,,0.0,0.0,0.0,,,,,0,0.0,0,0.0,False,0.0,1.4178864606966115,3.9685076334642613,289.0,0.022341497307625482,0.0,0.0034602076124567475,0.9266666666666666,,,,,,,,,,,,,,,,,,,,,,,,,,,,,,,,,,,,,,,,,,,,,,,,,,,,,,,,,,,,,,,,,,,,,,,
2.25.339027809107632348165171236474821772940,/home/user/workspace/dataset_extracted/Датасет/НД_для_обучения/Исследования/2.25.339027809107632348165171236474821772940/series_001_2_CR/A2504349642 DXA/CR DXA/CR000005.dcm,1.2.643.5.1.13.13.12.2.77.8252.02080414020805070003121215081311,5,318,280,left_hip,True,0.0,,,,,,,0.0,0.0,0,0.0,0,0.0,False,0.0,,,,,,,,-3.1003023680269077,3.1003023680269077,25.8,141.75,0.0,-14.672305140961862,31.2,18.585078528924015,78.75,12.6,333.90000000000003,168.0,318.0,0.2517857142857143,0.18466981132075472,1.0,0.22857142857142856,0.1357142857142857,0.5136858396867411,0.12934441151959591,0.9757446716876391,-15.760593112867042,1.2169837089064457,-16.81164374207395,1.510960881865185,-17.29993171397913,1.8814437615842392,-17.750982343186035,2.1754209345429785,-18.802032972392944,3.069398107501709,-19.25308360159985,3.3633752804604398,-19.704134230806755,4.257352453419179,-19.592422202711933,4.627835333138234,-20.043472831918844,5.521812506096972,-21.09452346112575,5.815789679055703,-22.145574090332655,6.109766852014443,-22.596624719539562,7.003744024973173,-22.447675348746472,7.8977211979319115,-22.33596332065165,8.868204077650967,-22.187013949858557,10.362181250609696,-28.038064579065463,11.856158423568436,-30.0,13.950135596527167,-30.0,16.044112769485906,-30.0,17.61459564920496,-30.0,18.585078528924015,right,0.20071139871188637,3.1003023680269077,0.18571428571428572,0.0,0.0,,,0.0,0.0
2.25.340839477910528898406207279980417945,/home/user/workspace/dataset_extracted/Датасет/НД_для_обучения/Исследования/2.25.340839477910528898406207279980417945/series_001_2_CR/A2504224555 DXA Exam/CR DXA Images/CR000000.dcm,1.2.643.5.1.13.13.12.2.77.8252.14120712151005010200040708001308,2,346,280,left_hip,True,0.0,,,,,,,0.0,0.0,0,0.0,0,0.0,False,0.0,,,,,,,,-0.1457947709926181,0.1457947709926181,29.4,129.15,0.0,6.404345358630738,48.0,15.581589299763964,49.35,36.6,363.3,168.0,346.0,0.3767857142857143,0.3478117258464079,1.0,0.6107142857142858,0.16428571428571428,0.561889846062763,0.15285285553250888,0.949323590414322,0.49194902684087083,3.3153422501966987,0.42646296320181704,3.2284815106215716,0.37734841547252246,3.7633359559402093,0.9118623518334601,4.276475216365083,1.4463762881943978,4.189614476789939,1.9808902245553355,5.302753737214794,2.515404160916282,6.415892997639667,3.0662896131869783,6.950747442958305,4.200803549547925,8.663886703383179,5.335317485908862,10.377025963808034,5.8698314222698,12.69016522423289,6.404345358630738,15.003304484657763,6.387973842720979,15.581589299763964,6.387973842720979,15.581589299763964,6.387973842720979,15.581589299763964,6.387973842720979,15.581589299763964,6.387973842720979,15.581589299763964,6.387973842720979,15.581589299763964,6.387973842720979,15.581589299763964,6.387973842720979,15.581589299763964,left,-1.0391159510984915,0.1457947709926181,0.2857142857142857,,,0.0,0.0,0.0,0.0
2.25.340839477910528898406207279980417945,/home/user/workspace/dataset_extracted/Датасет/НД_для_обучения/Исследования/2.25.340839477910528898406207279980417945/series_001_2_CR/A2504224555 DXA Exam/CR DXA Images/CR000001.dcm,1.2.643.5.1.13.13.12.2.77.8252.05030701101012140702110704000714,3,346,280,right_hip,True,0.0,,,,,0.0,0.0,,,0,0.0,0,0.0,False,0.0,,,,,,,,-1.604923418156417,1.604923418156417,28.799999999999997,108.15,0.0,6.265226463998595,56.4,20.252998286693302,48.300000000000004,36.0,363.3,168.0,346.0,0.41785714285714287,0.36919900908340214,1.0,0.5428571428571428,0.16785714285714284,0.6196302218678005,0.18828256365980553,0.9562537327855505,0.43762465404384726,2.496630496858927,0.47834863594429744,2.9019988577955416,1.1088916223696372,3.3560251284979983,1.1496156042700874,3.761393489434596,1.1903395861705461,4.16676185037121,1.8310635680709964,5.172130211307808,2.4717875499714466,6.777498572244423,3.1023305363967864,7.831524842946879,3.7430545182972366,10.036893203883494,4.983778500197687,12.242261564820092,5.624502482098145,15.047629925756706,6.265226463998595,20.252998286693302,6.265226463998595,20.252998286693302,6.265226463998595,20.252998286693302,6.265226463998595,20.252998286693302,6.265226463998595,20.252998286693302,6.265226463998595,20.252998286693302,6.265226463998595,20.252998286693302,6.265226463998595,20.252998286693302,6.265226463998595,20.252998286693302,right,1.1420239718238159,1.604923418156417,0.3357142857142857,0.0,0.0,,,0.0,0.0
2.25.340839477910528898406207279980417945,/home/user/workspace/dataset_extracted/Датасет/НД_для_обучения/Исследования/2.25.340839477910528898406207279980417945/series_001_2_CR/A2504224555 DXA Exam/CR DXA Images/CR000002.dcm,1.2.643.5.1.13.13.12.2.77.8252.12111312010203070900101115051015,1,317,300,spine,True,0.0,,0.0,0.0,0.0,,,,,996,627.48,996,627.48,True,4.219556682652831,1.4435382234311502,0.2138454910961114,317.0,-0.01130975010431636,0.0,0.0031545741324921135,0.30666666666666664,,,,,,,,,,,,,,,,,,,,,,,,,,,,,,,,,,,,,,,,,,,,,,,,,,,,,,,,,,,,,,,,,,,,,,,
2.25.37515662379281069436632838996073181551,/home/user/workspace/dataset_extracted/Датасет/НД_для_обучения/Исследования/2.25.37515662379281069436632838996073181551/series_001_2_CR/A2504329840 DXA/CR DXA/CR000000.dcm,1.2.643.5.1.13.13.12.2.77.8252.05001409080504151204111500000514,1,291,300,spine,True,1.0,Нарушение оси позвоночника (отклонение более 5 градусов),0.0,1.0,0.0,,,,,142,89.46,142,89.46,True,3.389660327661226,3.928138153158754,0.34336078832811756,291.0,-0.08324780976220278,0.0,0.003436426116838488,0.6366666666666667,,,,,,,,,,,,,,,,,,,,,,,,,,,,,,,,,,,,,,,,,,,,,,,,,,,,,,,,,,,,,,,,,,,,,,,
2.25.37515662379281069436632838996073181551,/home/user/workspace/dataset_extracted/Датасет/НД_для_обучения/Исследования/2.25.37515662379281069436632838996073181551/series_001_2_CR/A2504329840 DXA/CR DXA/CR000001.dcm,1.2.643.5.1.13.13.12.2.77.8252.12090208061115110101131315120813,3,263,280,right_hip,True,0.0,,,,,0.0,0.0,,,0,0.0,0,0.0,False,0.0,,,,,,,,-2.897357807470649,2.897357807470649,27.0,108.15,7.31782673637043,4.379290954619334,31.2,11.29627904933444,98.7,3.0,276.15000000000003,168.0,197.0,0.25357142857142856,0.24477186311787072,0.7490494296577946,0.2785714285714286,0.1392857142857143,0.6400895955944831,0.18010547840111632,0.9576903348002083,-0.07086500021965918,2.9786429732460533,0.5561788867899607,3.18054957606642,0.5764618020471758,2.8819795281816907,0.6035056890567958,3.0838861310020573,1.23054957606642,3.2857927338224244,1.85759346307604,4.087699336642791,2.48463735008566,5.489605939463158,2.504920265342875,6.391035891578437,3.7319641523524947,7.792942494398804,4.359008039362119,9.194849097219171,3.786051926371739,-8.003244299960462,3.8130958133813593,-10.201337697140096,3.840139700390979,-12.399431094319729,3.2604226156481984,-13.298001142204457,2.6874665026578186,-14.296094539384091,1.5145103896674386,-15.294187936563723,0.3415542766770585,-16.89228133374336,0.36859816368667847,-17.89037473092299,0.38888107894389773,-18.188944778807713,-0.18407503404648223,-19.187038175987343,left,-0.03672028928397586,2.897357807470649,0.18571428571428572,,,0.0,0.0,0.0,0.0
2.25.37515662379281069436632838996073181551,/home/user/workspace/dataset_extracted/Датасет/НД_для_обучения/Исследования/2.25.37515662379281069436632838996073181551/series_001_2_CR/A2504329840 DXA/CR DXA/CR000002.dcm,1.2.643.5.1.13.13.12.2.77.8252.08110803070615141513021414111001,2,263,280,left_hip,True,0.0,,,,,,,0.0,0.0,0,0.0,0,0.0,False,0.0,,,,,,,,-4.848110697254594,4.848110697254594,28.799999999999997,90.3,0.0,4.802632199632069,31.799999999999997,16.84766262559554,52.5,37.199999999999996,276.15000000000003,168.0,263.0,0.2642857142857143,0.293794133623031,1.0,0.3107142857142857,0.15357142857142858,0.6794522922080184,0.2433287713121784,0.9471996573907223,-0.5197830086324785,3.518667861691597,-0.31783386008773673,4.208145667248471,-0.16637199867917615,4.425254021416117,-0.5644228501344344,4.514731826972974,-0.3624737015896926,4.0042096325298475,-0.16052455304495084,4.093687438086704,0.6414245954997951,4.783165243643569,0.7928864569083515,5.000273597811224,1.5948356054530932,6.28975140336808,1.7967847539978392,8.179229208924946,2.598733902542581,9.46870701448181,3.4006830510873227,11.958184820038676,4.802632199632069,16.84766262559554,4.802632199632069,16.84766262559554,4.802632199632069,16.84766262559554,4.802632199632069,16.84766262559554,4.802632199632069,16.84766262559554,4.802632199632069,16.84766262559554,4.802632199632069,16.84766262559554,4.802632199632069,16.84766262559554,right,0.19222477566731694,4.848110697254594,0.18928571428571428,0.0,0.0,,,0.0,0.0
2.25.39068163399801173920284179500049527111,/home/user/workspace/dataset_extracted/Датасет/НД_для_обучения/Исследования/2.25.39068163399801173920284179500049527111/series_002_2_CR/A2504195842 DXA/CR DXA/CR000000.dcm,1.2.643.5.1.13.13.12.2.77.8252.00030605020706130003080307080701,77,235,280,right_hip,True,1.0,Нарушение позиционирования/ротации правого бедра,,,,1.0,0.0,,,0,0.0,0,0.0,False,0.0,,,,,,,,-12.530322187397342,12.530322187397342,24.599999999999998,77.7,0.0,-16.282858200666425,40.8,13.305454276193995,51.45,12.6,246.75,168.0,235.0,0.3142857142857143,0.1849696048632219,1.0,0.24642857142857144,0.14642857142857144,0.4911640065302417,0.14555113391337932,0.9484630661751675,-18.096621991854875,2.114532395409111,-18.514973713439463,2.829281007034433,-19.12873750462791,3.215342465753429,-18.947089226212515,3.3300910773787504,-19.365440947797104,4.044839689004072,-19.78379266938171,4.1595883006293946,-22.602144390966306,5.474336912254716,-22.01590818215475,7.060398370973712,-26.634259903739352,9.575146982599033,-28.85261162532395,10.889895594224356,-30.0,11.604644205849677,-30.0,12.919392817475,-30.0,13.305454276193995,-30.0,13.305454276193995,-30.0,13.305454276193995,-30.0,13.305454276193995,-30.0,13.305454276193995,-30.0,13.305454276193995,-30.0,13.305454276193995,-30.0,13.305454276193995,right,0.47436540551420575,12.530322187397342,0.24285714285714283,1.0,0.0,,,1.0,0.0
2.25.39068163399801173920284179500049527111,/home/user/workspace/dataset_extracted/Датасет/НД_для_обучения/Исследования/2.25.39068163399801173920284179500049527111/series_002_2_CR/A2504195842 DXA/CR DXA/CR000001.dcm,1.2.643.5.1.13.13.12.2.77.8252.07150610130411050211021514011106,78,235,280,left_hip,True,1.0,Нарушение позиционирования/ротации левого бедра,,,,,,1.0,0.0,0,0.0,0,0.0,False,0.0,,,,,,,,-9.328946998683199,9.328946998683199,24.599999999999998,73.5,0.0,-10.563726708074523,46.199999999999996,12.681242236024802,55.650000000000006,12.0,246.75,168.0,235.0,0.3464285714285714,0.2102127659574468,1.0,0.2714285714285714,0.14642857142857144,0.5659403256453529,0.13278191644233694,0.9588389249922793,-11.222955122036552,2.152546583850909,-11.701926340652593,2.6936645962732655,-11.761154754614632,2.799503105590037,-12.240125973230663,2.740621118012393,-12.119097191846715,3.2817391304347665,-11.998068410462755,3.222857142857123,-13.677039629078797,4.363975155279479,-13.736268043040834,5.069813664596251,-13.015239261656875,6.810931677018607,-18.894210480272925,8.552049689440963,-19.973181698888958,10.89316770186332,-21.05215291750501,10.834285714285675,-21.53112413612105,11.975403726708032,-20.990352550083088,12.681242236024802,-20.990352550083088,12.681242236024802,-20.990352550083088,12.681242236024802,-20.990352550083088,12.681242236024802,-20.990352550083088,12.681242236024802,-20.990352550083088,12.681242236024802,-20.990352550083088,12.681242236024802,left,-0.3379572679913925,9.328946998683199,0.27499999999999997,,,1.0,0.0,1.0,0.0
2.25.39068163399801173920284179500049527111,/home/user/workspace/dataset_extracted/Датасет/НД_для_обучения/Исследования/2.25.39068163399801173920284179500049527111/series_002_2_CR/A2504195842 DXA/CR DXA/CR000002.dcm,1.2.643.5.1.13.13.12.2.77.8252.15141302131508150312140605060212,76,318,300,spine,True,1.0,"Нарушение оси позвоночника (отклонение более 5 градусов); Наличие посторонних предметов, артефактов или наложений",0.0,1.0,1.0,,,,,1396,879.48,1396,879.48,True,5.160234795164426,2.1138310593070098,0.8896603803432015,318.0,-0.005429284879396429,0.0,0.0031446540880503146,0.5666666666666667,,,,,,,,,,,,,,,,,,,,,,,,,,,,,,,,,,,,,,,,,,,,,,,,,,,,,,,,,,,,,,,,,,,,,,,
2.25.48906424954135283790354958243772558962,/home/user/workspace/dataset_extracted/Датасет/НД_для_обучения/Исследования/2.25.48906424954135283790354958243772558962/series_001_2_CR/A2504185596 DXA Exam/CR DXA Images/CR000000.dcm,1.2.643.5.1.13.13.12.2.77.8252.06080100090802110008000311010501,3,346,280,right_hip,True,1.0,Нарушение позиционирования/ротации правого бедра,,,,1.0,0.0,,,81,51.03,81,51.03,True,3.857444249513373,,,,,,,,-6.272331466385081,6.272331466385081,27.0,132.3,0.0,-16.03725714285717,32.4,12.334357405324385,49.35,13.799999999999999,363.3,168.0,346.0,0.26785714285714285,0.26513212221304705,1.0,0.2892857142857143,0.15357142857142858,0.49522595334964314,0.12501809062255878,0.9667072042317739,-17.63519280089991,0.7631790026247302,-19.76577367829024,0.10933513310842499,-19.56370933633298,0.21895223097118333,-19.894290213723313,1.365108361454878,-20.82487109111364,1.9112644919385728,-20.555451968503963,3.0574206224222507,-20.28603284589429,4.203576752905946,-20.083968503937033,5.513193850768721,-19.81454938132736,7.259349981252399,-30.0,9.005506111736093,-30.0,10.751662242219789,-30.0,11.897818372703465,-30.0,12.334357405324385,-30.0,12.334357405324385,-30.0,12.334357405324385,-30.0,12.334357405324385,-30.0,12.334357405324385,-30.0,12.334357405324385,-30.0,12.334357405324385,-30.0,12.334357405324385,right,0.6862301041777776,6.272331466385081,0.19285714285714284,1.0,0.0,,,1.0,0.0
2.25.48906424954135283790354958243772558962,/home/user/workspace/dataset_extracted/Датасет/НД_для_обучения/Исследования/2.25.48906424954135283790354958243772558962/series_001_2_CR/A2504185596 DXA Exam/CR DXA Images/CR000001.dcm,1.2.643.5.1.13.13.12.2.77.8252.03010404051000131408111209140108,2,344,280,right_hip,True,1.0,Нарушение позиционирования/ротации правого бедра,,,,1.0,0.0,,,17,10.71,17,10.71,True,3.1335189835820274,,,,,,,,-3.523566888155426,3.523566888155426,28.799999999999997,108.15,2.7858893818916624,13.289184202433756,36.6,10.50789439001891,70.35000000000001,40.8,361.2,168.0,344.0,0.30178571428571427,0.44817275747508306,1.0,0.8107142857142857,0.17142857142857143,0.6374825703522651,0.13716685394135683,0.9373525004962715,0.7680951544172444,8.755155295874909,0.9154658876246401,9.585291921100051,1.0259939375301912,10.50789439001891,1.7733646707375867,10.138031015244053,1.9207354039449824,9.168167640469203,2.0681061371523866,7.598304265694346,2.8154768703597823,6.028440890919489,2.9260049202653247,3.3510433598383487,3.673375653472729,2.3811799850634996,5.020746386680124,2.011316610288642,5.7681171198875205,1.641453235513785,7.115487853094924,2.4715898607389364,8.46285858630232,2.70172648596407,10.373386636207863,3.6243289548829294,11.720757369415267,4.454465580108081,12.468128102622662,5.884602205333231,13.215498835830058,7.314738830558365,13.289184202433756,8.32980714317095,13.289184202433756,8.32980714317095,13.289184202433756,8.32980714317095,left,-0.7701829103786944,3.523566888155426,0.21785714285714286,,,1.0,0.0,1.0,0.0
2.25.48906424954135283790354958243772558962,/home/user/workspace/dataset_extracted/Датасет/НД_для_обучения/Исследования/2.25.48906424954135283790354958243772558962/series_001_2_CR/A2504185596 DXA Exam/CR DXA Images/CR000002.dcm,1.2.643.5.1.13.13.12.2.77.8252.02031401091510001200041308031003,1,318,300,spine,True,1.0,"Наличие посторонних предметов, артефактов или наложений",0.0,0.0,1.0,,,,,123,77.49,123,77.49,True,3.9073459285719974,3.9372270487271597,0.6005592724063344,318.0,-0.017121468777019023,0.0,0.0031446540880503146,0.9333333333333333,,,,,,,,,,,,,,,,,,,,,,,,,,,,,,,,,,,,,,,,,,,,,,,,,,,,,,,,,,,,,,,,,,,,,,,
2.25.52532476139575422857225834315571570912,/home/user/workspace/dataset_extracted/Датасет/НД_для_обучения/Исследования/2.25.52532476139575422857225834315571570912/series_001_2_CR/A2504247961 DXA/CR DXA/CR000000.dcm,1.2.643.5.1.13.13.12.2.77.8252.07120809010109050202061111011110,1,315,300,spine,True,0.0,,0.0,0.0,0.0,,,,,83,52.29,83,52.29,True,7.048406476448896,1.8011307945293444,1.9018873008099986,315.0,-0.05271974018403635,0.0,0.0031746031746031746,0.4033333333333333,,,,,,,,,,,,,,,,,,,,,,,,,,,,,,,,,,,,,,,,,,,,,,,,,,,,,,,,,,,,,,,,,,,,,,,
2.25.52982400970721161435951723390541696819,/home/user/workspace/dataset_extracted/Датасет/НД_для_обучения/Исследования/2.25.52982400970721161435951723390541696819/series_001_2_CR/A2504331065 DXA/CR DXA/CR000000.dcm,1.2.643.5.1.13.13.12.2.77.8252.07081506021006111207090213090701,7,289,280,left_hip,True,0.0,,,,,,,0.0,0.0,0,0.0,0,0.0,False,0.0,,,,,,,,-5.9580145791458845,5.9580145791458845,27.9,90.3,0.0,-14.918084815321475,31.2,22.272150573140237,73.5,12.0,303.45,168.0,289.0,0.2642857142857143,0.21955017301038063,1.0,0.3142857142857143,0.16071428571428573,0.5068549451984806,0.12825700694767456,0.9618960891203814,-16.359749044766257,2.3538148025850147,-17.68196801735931,3.1549431576961013,-17.923632246804093,4.055789424029425,-18.645851219397144,4.856917779140519,-18.768070191990187,5.058046134251605,-19.49028916458323,5.859174489362692,-19.61250813717628,6.6603028444737875,-19.854172366621064,6.361149110807102,-19.376391339214116,7.162277465918197,-18.898610311807168,7.9634058210292835,-18.420829284400213,9.364534176140378,-17.943048256993254,10.765662531251474,-17.465267229586306,12.766790886362559,-17.70693145903109,14.867637152695874,-28.629150431624144,17.468765507806967,-30.0,18.869893862918065,-30.0,20.27102221802915,-30.0,22.272150573140237,-30.0,22.17243266191801,-30.0,22.17243266191801,right,0.24508833891912962,5.9580145791458845,0.18571428571428572,0.0,0.0,,,0.0,0.0
2.25.52982400970721161435951723390541696819,/home/user/workspace/dataset_extracted/Датасет/НД_для_обучения/Исследования/2.25.52982400970721161435951723390541696819/series_001_2_CR/A2504331065 DXA/CR DXA/CR000001.dcm,1.2.643.5.1.13.13.12.2.77.8252.06001210040802120801060507001509,6,289,280,left_hip,True,0.0,,,,,,,0.0,0.0,9,5.67,9,5.67,True,3.527063208581319,,,,,,,,-7.819815861269414,7.819815861269414,26.099999999999998,90.3,0.0,-6.2467588093778,43.199999999999996,20.553935562998266,75.60000000000001,12.0,303.45,168.0,289.0,0.33214285714285713,0.2087740978744439,1.0,0.2785714285714286,0.15357142857142858,0.5005043481005267,0.12216248402681701,0.9647644404746747,-10.969881598188584,2.375138449926882,-10.758688617387602,3.2327147506957856,-10.750293881786869,3.575896976272463,-9.939100900985887,4.433473277041366,-9.727907920184913,5.89104957781027,-8.916714939383922,6.7486258785791815,-8.10552195858295,7.6062021793480765,-8.697127222982214,7.349384404924763,-8.485934242181232,7.006960705693666,-7.674741261380251,7.8645370064625695,-6.863548280579269,8.722113307231472,-6.652355299778287,10.179689608000375,-11.241162318977313,11.63726590876928,-13.632767583376578,12.580448134345966,-14.021574602575589,14.638024435114868,-16.210381621774616,17.29560073588377,-17.199188640973635,18.753177036652676,-18.18799566017265,19.610753337421578,-18.17960092457192,20.553935562998266,-18.17960092457192,20.553935562998266,left,-0.3059192509166828,7.819815861269414,0.2571428571428571,,,0.0,0.0,0.0,0.0
2.25.52982400970721161435951723390541696819,/home/user/workspace/dataset_extracted/Датасет/НД_для_обучения/Исследования/2.25.52982400970721161435951723390541696819/series_001_2_CR/A2504331065 DXA/CR DXA/CR000002.dcm,1.2.643.5.1.13.13.12.2.77.8252.02030504060005060505040905021305,1,317,300,spine,True,1.0,Нарушение укладки поясничного отдела позвоночника,1.0,0.0,0.0,,,,,0,0.0,0,0.0,False,0.0,0.8978438657007801,0.1747897862303769,317.0,-0.008039351394107162,0.0,0.0031545741324921135,0.26,,,,,,,,,,,,,,,,,,,,,,,,,,,,,,,,,,,,,,,,,,,,,,,,,,,,,,,,,,,,,,,,,,,,,,,
2.25.52982400970721161435951723390541696819,/home/user/workspace/dataset_extracted/Датасет/НД_для_обучения/Исследования/2.25.52982400970721161435951723390541696819/series_001_2_CR/A2504331065 DXA/CR DXA/CR000003.dcm,1.2.643.5.1.13.13.12.2.77.8252.15141212090108110812010201000904,5,289,280,left_hip,True,0.0,,,,,,,0.0,0.0,0,0.0,0,0.0,False,0.0,,,,,,,,-5.9580145791458845,5.9580145791458845,27.9,90.3,0.0,-14.918084815321475,31.2,22.272150573140237,73.5,12.0,303.45,168.0,289.0,0.2642857142857143,0.21955017301038063,1.0,0.3142857142857143,0.16071428571428573,0.5068549451984806,0.12825700694767456,0.9618960891203814,-16.359749044766257,2.3538148025850147,-17.68196801735931,3.1549431576961013,-17.923632246804093,4.055789424029425,-18.645851219397144,4.856917779140519,-18.768070191990187,5.058046134251605,-19.49028916458323,5.859174489362692,-19.61250813717628,6.6603028444737875,-19.854172366621064,6.361149110807102,-19.376391339214116,7.162277465918197,-18.898610311807168,7.9634058210292835,-18.420829284400213,9.364534176140378,-17.943048256993254,10.765662531251474,-17.465267229586306,12.766790886362559,-17.70693145903109,14.867637152695874,-28.629150431624144,17.468765507806967,-30.0,18.869893862918065,-30.0,20.27102221802915,-30.0,22.272150573140237,-30.0,22.17243266191801,-30.0,22.17243266191801,right,0.24508833891912962,5.9580145791458845,0.18571428571428572,0.0,0.0,,,0.0,0.0
2.25.52982400970721161435951723390541696819,/home/user/workspace/dataset_extracted/Датасет/НД_для_обучения/Исследования/2.25.52982400970721161435951723390541696819/series_001_2_CR/A2504331065 DXA/CR DXA/CR000004.dcm,1.2.643.5.1.13.13.12.2.77.8252.06130007090800051113070612071205,4,317,300,spine,True,1.0,Нарушение укладки поясничного отдела позвоночника,1.0,0.0,0.0,,,,,0,0.0,0,0.0,False,0.0,0.8978438657007801,0.1747897862303769,317.0,-0.008039351394107162,0.0,0.0031545741324921135,0.26,,,,,,,,,,,,,,,,,,,,,,,,,,,,,,,,,,,,,,,,,,,,,,,,,,,,,,,,,,,,,,,,,,,,,,,
2.25.52982400970721161435951723390541696819,/home/user/workspace/dataset_extracted/Датасет/НД_для_обучения/Исследования/2.25.52982400970721161435951723390541696819/series_001_2_CR/A2504331065 DXA/CR DXA/CR000005.dcm,1.2.643.5.1.13.13.12.2.77.8252.13060812000809140915061004151307,8,289,280,left_hip,True,0.0,,,,,,,0.0,0.0,9,5.67,9,5.67,True,3.527063208581319,,,,,,,,-7.819815861269414,7.819815861269414,26.099999999999998,90.3,0.0,-6.2467588093778,43.199999999999996,20.553935562998266,75.60000000000001,12.0,303.45,168.0,289.0,0.33214285714285713,0.2087740978744439,1.0,0.2785714285714286,0.15357142857142858,0.5005043481005267,0.12216248402681701,0.9647644404746747,-10.969881598188584,2.375138449926882,-10.758688617387602,3.2327147506957856,-10.750293881786869,3.575896976272463,-9.939100900985887,4.433473277041366,-9.727907920184913,5.89104957781027,-8.916714939383922,6.7486258785791815,-8.10552195858295,7.6062021793480765,-8.697127222982214,7.349384404924763,-8.485934242181232,7.006960705693666,-7.674741261380251,7.8645370064625695,-6.863548280579269,8.722113307231472,-6.652355299778287,10.179689608000375,-11.241162318977313,11.63726590876928,-13.632767583376578,12.580448134345966,-14.021574602575589,14.638024435114868,-16.210381621774616,17.29560073588377,-17.199188640973635,18.753177036652676,-18.18799566017265,19.610753337421578,-18.17960092457192,20.553935562998266,-18.17960092457192,20.553935562998266,left,-0.3059192509166828,7.819815861269414,0.2571428571428571,,,0.0,0.0,0.0,0.0
2.25.52982400970721161435951723390541696819,/home/user/workspace/dataset_extracted/Датасет/НД_для_обучения/Исследования/2.25.52982400970721161435951723390541696819/series_001_2_CR/A2504331065 DXA/CR DXA/CR000006.dcm,1.2.643.5.1.13.13.12.2.77.8252.14150614130710030701101012031106,2,289,280,left_hip,True,0.0,,,,,,,0.0,0.0,0,0.0,0,0.0,False,0.0,,,,,,,,-5.9580145791458845,5.9580145791458845,27.9,90.3,0.0,-14.918084815321475,31.2,22.272150573140237,73.5,12.0,303.45,168.0,289.0,0.2642857142857143,0.21955017301038063,1.0,0.3142857142857143,0.16071428571428573,0.5068549451984806,0.12825700694767456,0.9618960891203814,-16.359749044766257,2.3538148025850147,-17.68196801735931,3.1549431576961013,-17.923632246804093,4.055789424029425,-18.645851219397144,4.856917779140519,-18.768070191990187,5.058046134251605,-19.49028916458323,5.859174489362692,-19.61250813717628,6.6603028444737875,-19.854172366621064,6.361149110807102,-19.376391339214116,7.162277465918197,-18.898610311807168,7.9634058210292835,-18.420829284400213,9.364534176140378,-17.943048256993254,10.765662531251474,-17.465267229586306,12.766790886362559,-17.70693145903109,14.867637152695874,-28.629150431624144,17.468765507806967,-30.0,18.869893862918065,-30.0,20.27102221802915,-30.0,22.272150573140237,-30.0,22.17243266191801,-30.0,22.17243266191801,right,0.24508833891912962,5.9580145791458845,0.18571428571428572,0.0,0.0,,,0.0,0.0
2.25.52982400970721161435951723390541696819,/home/user/workspace/dataset_extracted/Датасет/НД_для_обучения/Исследования/2.25.52982400970721161435951723390541696819/series_001_2_CR/A2504331065 DXA/CR DXA/CR000007.dcm,1.2.643.5.1.13.13.12.2.77.8252.10071506040807070913151311141504,3,289,280,left_hip,True,0.0,,,,,,,0.0,0.0,9,5.67,9,5.67,True,3.527063208581319,,,,,,,,-7.819815861269414,7.819815861269414,26.099999999999998,90.3,0.0,-6.2467588093778,43.199999999999996,20.553935562998266,75.60000000000001,12.0,303.45,168.0,289.0,0.33214285714285713,0.2087740978744439,1.0,0.2785714285714286,0.15357142857142858,0.5005043481005267,0.12216248402681701,0.9647644404746747,-10.969881598188584,2.375138449926882,-10.758688617387602,3.2327147506957856,-10.750293881786869,3.575896976272463,-9.939100900985887,4.433473277041366,-9.727907920184913,5.89104957781027,-8.916714939383922,6.7486258785791815,-8.10552195858295,7.6062021793480765,-8.697127222982214,7.349384404924763,-8.485934242181232,7.006960705693666,-7.674741261380251,7.8645370064625695,-6.863548280579269,8.722113307231472,-6.652355299778287,10.179689608000375,-11.241162318977313,11.63726590876928,-13.632767583376578,12.580448134345966,-14.021574602575589,14.638024435114868,-16.210381621774616,17.29560073588377,-17.199188640973635,18.753177036652676,-18.18799566017265,19.610753337421578,-18.17960092457192,20.553935562998266,-18.17960092457192,20.553935562998266,left,-0.3059192509166828,7.819815861269414,0.2571428571428571,,,0.0,0.0,0.0,0.0
2.25.54396839637320114639948764487283877793,/home/user/workspace/dataset_extracted/Датасет/НД_для_обучения/Исследования/2.25.54396839637320114639948764487283877793/series_003_2_CR/A2504111090 DXA/CR DXA/CR000000.dcm,1.2.643.5.1.13.13.12.2.77.8252.02060605151213121009151302130207,1,317,300,spine,True,0.0,,0.0,0.0,0.0,,,,,200,126.0,200,126.0,True,3.575246391156624,3.53043814133381,2.9849039356789344,317.0,0.06406745741201737,0.0,0.0031545741324921135,0.46,,,,,,,,,,,,,,,,,,,,,,,,,,,,,,,,,,,,,,,,,,,,,,,,,,,,,,,,,,,,,,,,,,,,,,,
2.25.59542620917302828428419211045951914336,/home/user/workspace/dataset_extracted/Датасет/НД_для_обучения/Исследования/2.25.59542620917302828428419211045951914336/series_001_2_CR/A2504303391 DXA/CR DXA/CR000000.dcm,1.2.643.5.1.13.13.12.2.77.8252.07101010011513020401030213080905,1,315,300,spine,True,1.0,"Наличие посторонних предметов, артефактов или наложений",0.0,0.0,1.0,,,,,392,246.96,392,246.96,True,4.1837524216681725,0.318611515910899,0.18940710948884476,315.0,0.021298635528352938,0.0,0.0031746031746031746,0.36,,,,,,,,,,,,,,,,,,,,,,,,,,,,,,,,,,,,,,,,,,,,,,,,,,,,,,,,,,,,,,,,,,,,,,,
2.25.65954778282254353457041255543338557112,/home/user/workspace/dataset_extracted/Датасет/НД_для_обучения/Исследования/2.25.65954778282254353457041255543338557112/series_004_3_CR/A2504246289 DXA/CR DXA/CR000000.dcm,1.2.643.5.1.13.13.12.2.77.8252.11130315030911081202140406010814,5,291,280,left_hip,True,0.0,,,,,,,0.0,0.0,0,0.0,0,0.0,False,0.0,,,,,,,,-2.0775534065263197,2.0775534065263197,24.599999999999998,115.5,0.0,-0.04080427383178744,46.8,20.185164213421075,67.2,15.6,305.55,168.0,291.0,0.34464285714285714,0.20309278350515464,1.0,0.2642857142857143,0.1357142857142857,0.5437529896206247,0.13480623493819463,0.9686037836982728,-0.15548362374049132,3.18254942181544,-0.11725717377092337,4.1160570745891505,-0.08858733629374739,4.516187814169433,-0.050360886324179434,4.849695466943143,-15.61213443635461,6.383203119716853,-18.57390798638504,6.716710772490563,-18.535681536415467,7.050218425264274,-18.50701169893829,7.450349164844556,-18.46878524896872,7.783856817618266,-18.430558798999154,8.717364470391958,-18.392332349029587,9.65087212316567,-18.35410589906002,11.184379775939378,-18.31587944909045,12.71788742871309,-18.287209611613275,13.718018168293371,-17.648983161643706,15.851525821067082,-17.61075671167414,17.98503347384079,-30.0,20.185164213421075,-30.0,20.185164213421075,-30.0,20.185164213421075,-30.0,20.185164213421075,right,0.320098996691412,2.0775534065263197,0.2785714285714286,0.0,0.0,,,0.0,0.0
2.25.65954778282254353457041255543338557112,/home/user/workspace/dataset_extracted/Датасет/НД_для_обучения/Исследования/2.25.65954778282254353457041255543338557112/series_004_3_CR/A2504246289 DXA/CR DXA/CR000001.dcm,1.2.643.5.1.13.13.12.2.77.8252.10000615050107010300151404090301,4,291,280,right_hip,True,0.0,,,,,0.0,0.0,,,0,0.0,0,0.0,False,0.0,,,,,,,,-2.945876146757858,2.945876146757858,24.0,107.10000000000001,0.0,6.0852152376859605,43.199999999999996,21.73521325861886,75.60000000000001,35.4,305.55,168.0,291.0,0.32142857142857145,0.26605301914580265,1.0,0.37142857142857144,0.13214285714285715,0.5922198387492864,0.17922513588854388,0.9507406848487605,0.006891677174562005,3.2054622252630964,0.08208718073405805,4.048388756636961,0.13848380840368008,4.980583655167365,0.21367931196317613,5.2235101865412386,0.28887481552266364,5.466436717915104,0.9640703190821597,5.109363249288969,1.0392658226416558,5.352289780662835,1.0956624503112777,5.684484679193238,1.7708579538707652,6.527411210567112,1.8460534574302612,7.370337741940977,3.121248960989757,8.213264273314843,3.7964444645492446,9.656190804688707,5.071639968108741,11.099117336062573,5.728036595778363,12.031312234592985,5.803232099337859,14.07423876596685,5.878427602897347,16.717165297340717,5.953623106456843,20.56009182871458,6.028818610016338,20.803018360088448,6.0852152376859605,21.73521325861886,6.0852152376859605,21.73521325861886,left,-0.24151584306223475,2.945876146757858,0.2571428571428571,,,0.0,0.0,0.0,0.0
2.25.65954778282254353457041255543338557112,/home/user/workspace/dataset_extracted/Датасет/НД_для_обучения/Исследования/2.25.65954778282254353457041255543338557112/series_004_3_CR/A2504246289 DXA/CR DXA/CR000002.dcm,1.2.643.5.1.13.13.12.2.77.8252.05111111030105140803060510040613,1,318,300,spine,True,0.0,,0.0,0.0,0.0,,,,,1269,799.47,1269,799.47,True,5.121785998814282,0.0477765809617261,0.9000264641468174,318.0,-0.020896673194644583,0.0,0.0031446540880503146,0.6066666666666667,,,,,,,,,,,,,,,,,,,,,,,,,,,,,,,,,,,,,,,,,,,,,,,,,,,,,,,,,,,,,,,,,,,,,,,
2.25.66397484472966116002950503539482860450,/home/user/workspace/dataset_extracted/Датасет/НД_для_обучения/Исследования/2.25.66397484472966116002950503539482860450/series_001_2_CR/A2504194637 DXA/CR DXA/CR000000.dcm,1.2.643.5.1.13.13.12.2.77.8252.02091011000006010704070004091411,6,235,280,left_hip,True,1.0,Нарушение позиционирования/ротации левого бедра,,,,,,1.0,0.0,0,0.0,0,0.0,False,0.0,,,,,,,,-14.380934109517266,14.380934109517266,28.799999999999997,72.45,0.0,-6.753562294482998,43.8,7.44762148337594,59.85,9.0,246.75,168.0,230.0,0.3410714285714286,0.22083586626139817,0.9787234042553191,0.26071428571428573,0.16071428571428573,0.5318571615413253,0.15233788024421693,0.9474246874271913,-7.781848739495777,1.1138180489586829,-7.108542199488471,1.433350383631682,-6.753562294482998,1.3729996346364317,-9.080255754475683,1.0925319693094309,-12.006949214468387,0.8120643039824301,-13.133642674461072,1.1315966386554293,-13.060336134453774,2.0511289733284284,-12.105356229448292,2.590778224333178,-11.432049689440987,3.5103105590061774,-11.958743149433682,5.029842893679176,-14.885436609426375,5.349375228352176,-15.412130069419069,5.668907563025175,-15.938823529411764,5.988439897698174,-15.58384362440629,6.52808914870294,-15.510537084398976,7.44762148337594,-15.510537084398976,7.44762148337594,-15.510537084398976,7.44762148337594,-15.510537084398976,7.44762148337594,-15.510537084398976,7.44762148337594,-15.510537084398976,7.44762148337594,left,-0.4460280907756357,14.380934109517266,0.2607142857142857,,,1.0,0.0,1.0,0.0
2.25.66397484472966116002950503539482860450,/home/user/workspace/dataset_extracted/Датасет/НД_для_обучения/Исследования/2.25.66397484472966116002950503539482860450/series_001_2_CR/A2504194637 DXA/CR DXA/CR000001.dcm,1.2.643.5.1.13.13.12.2.77.8252.08151215001015040112061102060812,10,235,280,left_hip,True,1.0,Нарушение позиционирования/ротации левого бедра,,,,,,1.0,0.0,0,0.0,0,0.0,False,0.0,,,,,,,,-14.380934109517266,14.380934109517266,28.799999999999997,72.45,0.0,-6.753562294482998,43.8,7.44762148337594,59.85,9.0,246.75,168.0,230.0,0.3410714285714286,0.22083586626139817,0.9787234042553191,0.26071428571428573,0.16071428571428573,0.5318571615413253,0.15233788024421693,0.9474246874271913,-7.781848739495777,1.1138180489586829,-7.108542199488471,1.433350383631682,-6.753562294482998,1.3729996346364317,-9.080255754475683,1.0925319693094309,-12.006949214468387,0.8120643039824301,-13.133642674461072,1.1315966386554293,-13.060336134453774,2.0511289733284284,-12.105356229448292,2.590778224333178,-11.432049689440987,3.5103105590061774,-11.958743149433682,5.029842893679176,-14.885436609426375,5.349375228352176,-15.412130069419069,5.668907563025175,-15.938823529411764,5.988439897698174,-15.58384362440629,6.52808914870294,-15.510537084398976,7.44762148337594,-15.510537084398976,7.44762148337594,-15.510537084398976,7.44762148337594,-15.510537084398976,7.44762148337594,-15.510537084398976,7.44762148337594,-15.510537084398976,7.44762148337594,left,-0.4460280907756357,14.380934109517266,0.2607142857142857,,,1.0,0.0,1.0,0.0
2.25.66397484472966116002950503539482860450,/home/user/workspace/dataset_extracted/Датасет/НД_для_обучения/Исследования/2.25.66397484472966116002950503539482860450/series_001_2_CR/A2504194637 DXA/CR DXA/CR000002.dcm,1.2.643.5.1.13.13.12.2.77.8252.03111115071204110106020413091215,12,235,280,left_hip,True,1.0,Нарушение позиционирования/ротации левого бедра,,,,,,1.0,0.0,0,0.0,0,0.0,False,0.0,,,,,,,,-14.380934109517266,14.380934109517266,28.799999999999997,72.45,0.0,-6.753562294482998,43.8,7.44762148337594,59.85,9.0,246.75,168.0,230.0,0.3410714285714286,0.22083586626139817,0.9787234042553191,0.26071428571428573,0.16071428571428573,0.5318571615413253,0.15233788024421693,0.9474246874271913,-7.781848739495777,1.1138180489586829,-7.108542199488471,1.433350383631682,-6.753562294482998,1.3729996346364317,-9.080255754475683,1.0925319693094309,-12.006949214468387,0.8120643039824301,-13.133642674461072,1.1315966386554293,-13.060336134453774,2.0511289733284284,-12.105356229448292,2.590778224333178,-11.432049689440987,3.5103105590061774,-11.958743149433682,5.029842893679176,-14.885436609426375,5.349375228352176,-15.412130069419069,5.668907563025175,-15.938823529411764,5.988439897698174,-15.58384362440629,6.52808914870294,-15.510537084398976,7.44762148337594,-15.510537084398976,7.44762148337594,-15.510537084398976,7.44762148337594,-15.510537084398976,7.44762148337594,-15.510537084398976,7.44762148337594,-15.510537084398976,7.44762148337594,left,-0.4460280907756357,14.380934109517266,0.2607142857142857,,,1.0,0.0,1.0,0.0
2.25.66397484472966116002950503539482860450,/home/user/workspace/dataset_extracted/Датасет/НД_для_обучения/Исследования/2.25.66397484472966116002950503539482860450/series_001_2_CR/A2504194637 DXA/CR DXA/CR000003.dcm,1.2.643.5.1.13.13.12.2.77.8252.08021214010408050013070405100802,2,318,280,right_hip,True,1.0,Нарушение позиционирования/ротации правого бедра,,,,1.0,0.0,,,0,0.0,0,0.0,False,0.0,,,,,,,,-10.207594343390879,10.207594343390879,27.599999999999998,150.15,0.0,6.581729538067504,36.6,12.732931153353752,53.550000000000004,39.0,333.90000000000003,168.0,318.0,0.29642857142857143,0.2672394429469901,1.0,0.2785714285714286,0.16071428571428573,0.631916215738247,0.21374746464994204,0.9644231879337234,0.3354722742046249,3.2591130700285986,0.969196296661039,4.180289077120096,1.4444893135033452,4.121171082438724,1.4782133359597593,3.8423470895302216,2.111937358416182,3.5635230966217364,2.7456613808725963,3.284699103713234,3.979385403329019,4.205875110804731,4.454678420171325,4.7467571161233595,3.888402442627739,5.667933123214857,4.5221264650841535,7.789109130306372,5.155850487540567,8.71028513739787,5.7895745099969895,10.231461144489367,6.423298532453404,12.352637151580865,6.581729538067504,12.732931153353752,6.581729538067504,12.732931153353752,6.581729538067504,12.732931153353752,6.581729538067504,12.732931153353752,6.581729538067504,12.732931153353752,6.581729538067504,12.732931153353752,6.581729538067504,12.732931153353752,right,0.55658086910231,10.207594343390879,0.21785714285714286,1.0,0.0,,,1.0,0.0
2.25.66397484472966116002950503539482860450,/home/user/workspace/dataset_extracted/Датасет/НД_для_обучения/Исследования/2.25.66397484472966116002950503539482860450/series_001_2_CR/A2504194637 DXA/CR DXA/CR000004.dcm,1.2.643.5.1.13.13.12.2.77.8252.01011407000709010910090115010000,4,318,300,spine,True,0.0,,0.0,0.0,0.0,,,,,1266,797.58,1266,797.58,True,3.8208641175178633,0.6350626213685717,1.8294112652182726,318.0,0.015674384685505912,0.0,0.0031446540880503146,0.5733333333333334,,,,,,,,,,,,,,,,,,,,,,,,,,,,,,,,,,,,,,,,,,,,,,,,,,,,,,,,,,,,,,,,,,,,,,,
2.25.66397484472966116002950503539482860450,/home/user/workspace/dataset_extracted/Датасет/НД_для_обучения/Исследования/2.25.66397484472966116002950503539482860450/series_001_2_CR/A2504194637 DXA/CR DXA/CR000005.dcm,1.2.643.5.1.13.13.12.2.77.8252.15121501030904011113060500050403,3,235,280,left_hip,True,1.0,Нарушение позиционирования/ротации левого бедра,,,,,,1.0,0.0,0,0.0,0,0.0,False,0.0,,,,,,,,-14.380934109517266,14.380934109517266,28.799999999999997,72.45,0.0,-6.753562294482998,43.8,7.44762148337594,59.85,9.0,246.75,168.0,230.0,0.3410714285714286,0.22083586626139817,0.9787234042553191,0.26071428571428573,0.16071428571428573,0.5318571615413253,0.15233788024421693,0.9474246874271913,-7.781848739495777,1.1138180489586829,-7.108542199488471,1.433350383631682,-6.753562294482998,1.3729996346364317,-9.080255754475683,1.0925319693094309,-12.006949214468387,0.8120643039824301,-13.133642674461072,1.1315966386554293,-13.060336134453774,2.0511289733284284,-12.105356229448292,2.590778224333178,-11.432049689440987,3.5103105590061774,-11.958743149433682,5.029842893679176,-14.885436609426375,5.349375228352176,-15.412130069419069,5.668907563025175,-15.938823529411764,5.988439897698174,-15.58384362440629,6.52808914870294,-15.510537084398976,7.44762148337594,-15.510537084398976,7.44762148337594,-15.510537084398976,7.44762148337594,-15.510537084398976,7.44762148337594,-15.510537084398976,7.44762148337594,-15.510537084398976,7.44762148337594,left,-0.4460280907756357,14.380934109517266,0.2607142857142857,,,1.0,0.0,1.0,0.0
2.25.66397484472966116002950503539482860450,/home/user/workspace/dataset_extracted/Датасет/НД_для_обучения/Исследования/2.25.66397484472966116002950503539482860450/series_001_2_CR/A2504194637 DXA/CR DXA/CR000006.dcm,1.2.643.5.1.13.13.12.2.77.8252.10040310131315131311011115051512,13,318,280,right_hip,True,1.0,Нарушение позиционирования/ротации правого бедра,,,,1.0,0.0,,,0,0.0,0,0.0,False,0.0,,,,,,,,-10.207594343390879,10.207594343390879,27.599999999999998,150.15,0.0,6.581729538067504,36.6,12.732931153353752,53.550000000000004,39.0,333.90000000000003,168.0,318.0,0.29642857142857143,0.2672394429469901,1.0,0.2785714285714286,0.16071428571428573,0.631916215738247,0.21374746464994204,0.9644231879337234,0.3354722742046249,3.2591130700285986,0.969196296661039,4.180289077120096,1.4444893135033452,4.121171082438724,1.4782133359597593,3.8423470895302216,2.111937358416182,3.5635230966217364,2.7456613808725963,3.284699103713234,3.979385403329019,4.205875110804731,4.454678420171325,4.7467571161233595,3.888402442627739,5.667933123214857,4.5221264650841535,7.789109130306372,5.155850487540567,8.71028513739787,5.7895745099969895,10.231461144489367,6.423298532453404,12.352637151580865,6.581729538067504,12.732931153353752,6.581729538067504,12.732931153353752,6.581729538067504,12.732931153353752,6.581729538067504,12.732931153353752,6.581729538067504,12.732931153353752,6.581729538067504,12.732931153353752,6.581729538067504,12.732931153353752,right,0.55658086910231,10.207594343390879,0.21785714285714286,1.0,0.0,,,1.0,0.0
2.25.66397484472966116002950503539482860450,/home/user/workspace/dataset_extracted/Датасет/НД_для_обучения/Исследования/2.25.66397484472966116002950503539482860450/series_001_2_CR/A2504194637 DXA/CR DXA/CR000007.dcm,1.2.643.5.1.13.13.12.2.77.8252.13130501101110040009090201091209,11,318,280,right_hip,True,1.0,Нарушение позиционирования/ротации правого бедра,,,,1.0,0.0,,,0,0.0,0,0.0,False,0.0,,,,,,,,-10.207594343390879,10.207594343390879,27.599999999999998,150.15,0.0,6.581729538067504,36.6,12.732931153353752,53.550000000000004,39.0,333.90000000000003,168.0,318.0,0.29642857142857143,0.2672394429469901,1.0,0.2785714285714286,0.16071428571428573,0.631916215738247,0.21374746464994204,0.9644231879337234,0.3354722742046249,3.2591130700285986,0.969196296661039,4.180289077120096,1.4444893135033452,4.121171082438724,1.4782133359597593,3.8423470895302216,2.111937358416182,3.5635230966217364,2.7456613808725963,3.284699103713234,3.979385403329019,4.205875110804731,4.454678420171325,4.7467571161233595,3.888402442627739,5.667933123214857,4.5221264650841535,7.789109130306372,5.155850487540567,8.71028513739787,5.7895745099969895,10.231461144489367,6.423298532453404,12.352637151580865,6.581729538067504,12.732931153353752,6.581729538067504,12.732931153353752,6.581729538067504,12.732931153353752,6.581729538067504,12.732931153353752,6.581729538067504,12.732931153353752,6.581729538067504,12.732931153353752,6.581729538067504,12.732931153353752,right,0.55658086910231,10.207594343390879,0.21785714285714286,1.0,0.0,,,1.0,0.0
2.25.66397484472966116002950503539482860450,/home/user/workspace/dataset_extracted/Датасет/НД_для_обучения/Исследования/2.25.66397484472966116002950503539482860450/series_001_2_CR/A2504194637 DXA/CR DXA/CR000008.dcm,1.2.643.5.1.13.13.12.2.77.8252.15080405040711111211130015010914,9,318,300,spine,True,0.0,,0.0,0.0,0.0,,,,,1266,797.58,1266,797.58,True,3.8208641175178633,0.6350626213685717,1.8294112652182726,318.0,0.015674384685505912,0.0,0.0031446540880503146,0.5733333333333334,,,,,,,,,,,,,,,,,,,,,,,,,,,,,,,,,,,,,,,,,,,,,,,,,,,,,,,,,,,,,,,,,,,,,,,
2.25.66397484472966116002950503539482860450,/home/user/workspace/dataset_extracted/Датасет/НД_для_обучения/Исследования/2.25.66397484472966116002950503539482860450/series_001_2_CR/A2504194637 DXA/CR DXA/CR000009.dcm,1.2.643.5.1.13.13.12.2.77.8252.00121200081108110912041503010000,1,318,300,spine,True,0.0,,0.0,0.0,0.0,,,,,1266,797.58,1266,797.58,True,3.8208641175178633,0.6350626213685717,1.8294112652182726,318.0,0.015674384685505912,0.0,0.0031446540880503146,0.5733333333333334,,,,,,,,,,,,,,,,,,,,,,,,,,,,,,,,,,,,,,,,,,,,,,,,,,,,,,,,,,,,,,,,,,,,,,,
2.25.66397484472966116002950503539482860450,/home/user/workspace/dataset_extracted/Датасет/НД_для_обучения/Исследования/2.25.66397484472966116002950503539482860450/series_001_2_CR/A2504194637 DXA/CR DXA/CR000010.dcm,1.2.643.5.1.13.13.12.2.77.8252.10080308141508151114100414150301,5,318,280,right_hip,True,1.0,Нарушение позиционирования/ротации правого бедра,,,,1.0,0.0,,,0,0.0,0,0.0,False,0.0,,,,,,,,-10.207594343390879,10.207594343390879,27.599999999999998,150.15,0.0,6.581729538067504,36.6,12.732931153353752,53.550000000000004,39.0,333.90000000000003,168.0,318.0,0.29642857142857143,0.2672394429469901,1.0,0.2785714285714286,0.16071428571428573,0.631916215738247,0.21374746464994204,0.9644231879337234,0.3354722742046249,3.2591130700285986,0.969196296661039,4.180289077120096,1.4444893135033452,4.121171082438724,1.4782133359597593,3.8423470895302216,2.111937358416182,3.5635230966217364,2.7456613808725963,3.284699103713234,3.979385403329019,4.205875110804731,4.454678420171325,4.7467571161233595,3.888402442627739,5.667933123214857,4.5221264650841535,7.789109130306372,5.155850487540567,8.71028513739787,5.7895745099969895,10.231461144489367,6.423298532453404,12.352637151580865,6.581729538067504,12.732931153353752,6.581729538067504,12.732931153353752,6.581729538067504,12.732931153353752,6.581729538067504,12.732931153353752,6.581729538067504,12.732931153353752,6.581729538067504,12.732931153353752,6.581729538067504,12.732931153353752,right,0.55658086910231,10.207594343390879,0.21785714285714286,1.0,0.0,,,1.0,0.0
2.25.73070100851377917031356937075051545239,/home/user/workspace/dataset_extracted/Датасет/НД_для_обучения/Исследования/2.25.73070100851377917031356937075051545239/series_002_2_CR/A2504239110 DXA/CR DXA/CR000000.dcm,1.2.643.5.1.13.13.12.2.77.8252.00031305050707070014000611130907,4,233,280,left_hip,True,1.0,Нарушение позиционирования/ротации левого бедра,,,,,,1.0,0.0,0,0.0,0,0.0,False,0.0,,,,,,,,-4.065086265722417,4.065086265722417,26.4,72.45,0.0,-8.795791012056972,48.0,14.97913043478261,55.650000000000006,7.8,244.65,168.0,233.0,0.36428571428571427,0.17544451256897609,1.0,0.21428571428571427,0.14642857142857144,0.5413144265012106,0.16813782835741004,0.9652223607019176,-9.055696017537416,1.2469565217391108,-11.709156010230151,1.5965217391304123,-13.249251004749697,2.008695652173901,-13.502710997442431,1.7582608695652027,-14.356170990135157,2.107826086956504,-14.609630982827891,3.057391304347823,-14.863090975520617,3.4069565217391244,-14.603185970040172,3.819130434782596,-14.256645962732899,4.768695652173897,-13.310105955425632,6.318260869565216,-12.963565948118358,7.267826086956518,-13.217025940811093,8.817391304347819,-26.070485933503818,10.966956521739121,-26.41058092802337,14.97913043478261,-26.41058092802337,14.97913043478261,-26.41058092802337,14.97913043478261,-26.41058092802337,14.97913043478261,-26.41058092802337,14.97913043478261,-26.41058092802337,14.97913043478261,-26.41058092802337,14.97913043478261,left,-0.37284059840572287,4.065086265722417,0.2857142857142857,,,1.0,0.0,1.0,0.0
2.25.73070100851377917031356937075051545239,/home/user/workspace/dataset_extracted/Датасет/НД_для_обучения/Исследования/2.25.73070100851377917031356937075051545239/series_002_2_CR/A2504239110 DXA/CR DXA/CR000001.dcm,1.2.643.5.1.13.13.12.2.77.8252.09110310111109140609041514031010,5,233,280,right_hip,True,1.0,Нарушение позиционирования/ротации правого бедра,,,,1.0,0.0,,,0,0.0,0,0.0,False,0.0,,,,,,,,-11.278079019439444,11.278079019439444,13.2,87.15,0.0,3.976130305192879,58.8,8.180752277402291,29.400000000000002,5.3999999999999995,244.65,168.0,233.0,0.4303571428571429,0.159886572654813,1.0,0.20357142857142857,0.15,0.5064281668593551,0.1526642435644253,0.9604391552785329,3.5527727635279462,1.644754628269169,3.7172494857478453,1.9340875697913644,3.5406070274127615,2.9010872759330026,-1.6949162503673392,3.790420217455181,-2.13043952814744,5.2797531589773765,-1.9659628059275576,6.169086100499555,-1.8014860837076752,7.658419042021734,-1.460366903152692,8.180752277402291,-1.460366903152692,8.180752277402291,-1.460366903152692,8.180752277402291,-1.460366903152692,8.180752277402291,-1.460366903152692,8.180752277402291,-1.460366903152692,8.180752277402291,-1.460366903152692,8.180752277402291,-1.460366903152692,8.180752277402291,-1.460366903152692,8.180752277402291,-1.460366903152692,8.180752277402291,-1.460366903152692,8.180752277402291,-1.460366903152692,8.180752277402291,-1.460366903152692,8.180752277402291,right,0.3687804020237632,11.278079019439444,0.35,1.0,0.0,,,1.0,0.0
2.25.73070100851377917031356937075051545239,/home/user/workspace/dataset_extracted/Датасет/НД_для_обучения/Исследования/2.25.73070100851377917031356937075051545239/series_002_2_CR/A2504239110 DXA/CR DXA/CR000002.dcm,1.2.643.5.1.13.13.12.2.77.8252.03041015000108071402071509131313,3,287,300,spine,True,1.0,Нарушение оси позвоночника (отклонение более 5 градусов),0.0,1.0,0.0,,,,,238,149.94,238,149.94,True,3.6337299990531275,2.850943648896434,0.08450997170186758,287.0,-0.02235854055486167,0.0,0.003484320557491289,0.33,,,,,,,,,,,,,,,,,,,,,,,,,,,,,,,,,,,,,,,,,,,,,,,,,,,,,,,,,,,,,,,,,,,,,,,
2.25.73070100851377917031356937075051545239,/home/user/workspace/dataset_extracted/Датасет/НД_для_обучения/Исследования/2.25.73070100851377917031356937075051545239/series_002_2_CR/A2504239110 DXA/CR DXA/CR000003.dcm,1.2.643.5.1.13.13.12.2.77.8252.07150604010711031305090702140107,1,287,300,spine,True,1.0,Нарушение оси позвоночника (отклонение более 5 градусов),0.0,1.0,0.0,,,,,238,149.94,238,149.94,True,3.6337299990531275,2.850943648896434,0.08450997170186758,287.0,-0.02235854055486167,0.0,0.003484320557491289,0.33,,,,,,,,,,,,,,,,,,,,,,,,,,,,,,,,,,,,,,,,,,,,,,,,,,,,,,,,,,,,,,,,,,,,,,,
2.25.73070100851377917031356937075051545239,/home/user/workspace/dataset_extracted/Датасет/НД_для_обучения/Исследования/2.25.73070100851377917031356937075051545239/series_002_2_CR/A2504239110 DXA/CR DXA/CR000004.dcm,1.2.643.5.1.13.13.12.2.77.8252.13090506040311041500070413151313,6,233,280,left_hip,True,1.0,Нарушение позиционирования/ротации левого бедра,,,,,,1.0,0.0,0,0.0,0,0.0,False,0.0,,,,,,,,-4.065086265722417,4.065086265722417,26.4,72.45,0.0,-8.795791012056972,48.0,14.97913043478261,55.650000000000006,7.8,244.65,168.0,233.0,0.36428571428571427,0.17544451256897609,1.0,0.21428571428571427,0.14642857142857144,0.5413144265012106,0.16813782835741004,0.9652223607019176,-9.055696017537416,1.2469565217391108,-11.709156010230151,1.5965217391304123,-13.249251004749697,2.008695652173901,-13.502710997442431,1.7582608695652027,-14.356170990135157,2.107826086956504,-14.609630982827891,3.057391304347823,-14.863090975520617,3.4069565217391244,-14.603185970040172,3.819130434782596,-14.256645962732899,4.768695652173897,-13.310105955425632,6.318260869565216,-12.963565948118358,7.267826086956518,-13.217025940811093,8.817391304347819,-26.070485933503818,10.966956521739121,-26.41058092802337,14.97913043478261,-26.41058092802337,14.97913043478261,-26.41058092802337,14.97913043478261,-26.41058092802337,14.97913043478261,-26.41058092802337,14.97913043478261,-26.41058092802337,14.97913043478261,-26.41058092802337,14.97913043478261,left,-0.37284059840572287,4.065086265722417,0.2857142857142857,,,1.0,0.0,1.0,0.0
2.25.73070100851377917031356937075051545239,/home/user/workspace/dataset_extracted/Датасет/НД_для_обучения/Исследования/2.25.73070100851377917031356937075051545239/series_002_2_CR/A2504239110 DXA/CR DXA/CR000005.dcm,1.2.643.5.1.13.13.12.2.77.8252.12110509121413070408000802041201,8,233,280,right_hip,True,1.0,Нарушение позиционирования/ротации правого бедра,,,,1.0,0.0,,,0,0.0,0,0.0,False,0.0,,,,,,,,-11.278079019439444,11.278079019439444,13.2,87.15,0.0,3.976130305192879,58.8,8.180752277402291,29.400000000000002,5.3999999999999995,244.65,168.0,233.0,0.4303571428571429,0.159886572654813,1.0,0.20357142857142857,0.15,0.5064281668593551,0.1526642435644253,0.9604391552785329,3.5527727635279462,1.644754628269169,3.7172494857478453,1.9340875697913644,3.5406070274127615,2.9010872759330026,-1.6949162503673392,3.790420217455181,-2.13043952814744,5.2797531589773765,-1.9659628059275576,6.169086100499555,-1.8014860837076752,7.658419042021734,-1.460366903152692,8.180752277402291,-1.460366903152692,8.180752277402291,-1.460366903152692,8.180752277402291,-1.460366903152692,8.180752277402291,-1.460366903152692,8.180752277402291,-1.460366903152692,8.180752277402291,-1.460366903152692,8.180752277402291,-1.460366903152692,8.180752277402291,-1.460366903152692,8.180752277402291,-1.460366903152692,8.180752277402291,-1.460366903152692,8.180752277402291,-1.460366903152692,8.180752277402291,-1.460366903152692,8.180752277402291,right,0.3687804020237632,11.278079019439444,0.35,1.0,0.0,,,1.0,0.0
2.25.76710355977373089612172037086913478687,/home/user/workspace/dataset_extracted/Датасет/НД_для_обучения/Исследования/2.25.76710355977373089612172037086913478687/series_002_3_CR/A2504104830 DXA/CR DXA/CR000000.dcm,1.2.643.5.1.13.13.12.2.77.8252.14130302090906050506100315000611,3,265,280,right_hip,True,0.0,,,,,0.0,0.0,,,0,0.0,0,0.0,False,0.0,,,,,,,,-2.7882639143794217,2.7882639143794217,27.0,38.85,0.0,2.834423897581797,67.8,-16.95135135135135,66.15,3.0,278.25,168.0,100.0,0.48035714285714287,0.19789757412398923,0.37735849056603776,0.28214285714285714,0.15714285714285714,0.46270044206227623,0.12996410166257863,0.9402150192350659,0.2731152204836576,-17.187766714082503,0.36699857752490744,-17.502987197724043,0.4374110953058448,-17.739402560455197,0.5312944523470946,-21.054623044096733,0.6251778093883444,-21.96984352773827,0.7190611664296028,-22.28506401137979,0.8129445234708527,-22.600284495021345,0.88335704125179,-22.836699857752482,0.9772403982930399,-23.75192034139402,1.0711237553342896,-24.067140825035555,1.165007112375548,-24.382361308677094,1.258890469416798,-25.297581792318628,1.9527738264580476,-26.812802275960166,2.0231863442389852,-27.04921763869132,2.117069701280235,-27.964438122332858,2.8109530583214846,-30.0,2.25789473684211,-30.0,2.25789473684211,-30.0,2.25789473684211,-30.0,2.25789473684211,-30.0,right,0.8834452485397422,2.7882639143794217,0.4035714285714286,0.0,0.0,,,0.0,0.0
2.25.76710355977373089612172037086913478687,/home/user/workspace/dataset_extracted/Датасет/НД_для_обучения/Исследования/2.25.76710355977373089612172037086913478687/series_002_3_CR/A2504104830 DXA/CR DXA/CR000001.dcm,1.2.643.5.1.13.13.12.2.77.8252.06151311061015011100110511080701,1,318,300,spine,True,0.0,,0.0,0.0,0.0,,,,,1050,661.5,1050,661.5,True,4.880046988421296,2.382038979606879,1.4301304710933653,318.0,0.07834048539442734,0.0,0.0031446540880503146,0.6633333333333333,,,,,,,,,,,,,,,,,,,,,,,,,,,,,,,,,,,,,,,,,,,,,,,,,,,,,,,,,,,,,,,,,,,,,,,
2.25.76710355977373089612172037086913478687,/home/user/workspace/dataset_extracted/Датасет/НД_для_обучения/Исследования/2.25.76710355977373089612172037086913478687/series_002_3_CR/A2504104830 DXA/CR DXA/CR000002.dcm,1.2.643.5.1.13.13.12.2.77.8252.02050808061207030811150709091509,2,292,280,right_hip,True,0.0,,,,,0.0,0.0,,,0,0.0,0,0.0,False,0.0,,,,,,,,-9.162675358570807,9.162675358570807,23.4,91.35000000000001,0.0,-4.657807829700403,28.799999999999997,21.985893416927926,68.25,10.799999999999999,306.6,168.0,292.0,0.25,0.19071673189823873,1.0,0.20357142857142857,0.13214285714285715,0.45417883101655826,0.11723242302575079,0.95751625589754,-4.657807829700403,3.222257053291551,-4.905427571626487,4.019749216300957,-4.791142378071044,4.317868338558012,-5.038762119997119,5.115360501567417,-5.286381861923195,5.912852664576823,-5.534001603849279,6.110344827586229,-5.7816213457753545,6.9078369905956345,-6.267336152219912,7.205956112852689,-6.514955894145987,8.003448275862095,-7.362575636072071,8.800940438871493,-8.210195377998147,10.198432601880898,-9.657815119924223,11.595924764890304,-10.505434861850306,13.59341692789971,-12.791149668294855,15.691536050156763,-14.23876941022094,18.28902821316617,-15.086389152147014,21.486520376175577,-14.73400889407309,21.68401253918498,-14.73400889407309,21.68401253918498,-14.73400889407309,21.68401253918498,-14.73400889407309,21.68401253918498,left,-0.18520293252436115,9.162675358570807,0.1714285714285714,,,0.0,0.0,0.0,0.0
2.25.78999454687125053757525542837745968726,/home/user/workspace/dataset_extracted/Датасет/НД_для_обучения/Исследования/2.25.78999454687125053757525542837745968726/series_004_3_CR/A2504222617 DXA/CR DXA/CR000000.dcm,1.2.643.5.1.13.13.12.2.77.8252.05120913001500151408091003040415,2,265,280,left_hip,True,1.0,Нарушение позиционирования/ротации левого бедра,,,,,,1.0,0.0,0,0.0,0,0.0,False,0.0,,,,,,,,-5.228057573210507,5.228057573210507,28.2,82.95,0.0,-15.371567672833509,45.0,16.064518013631957,61.95,10.799999999999999,278.25,168.0,265.0,0.35,0.21851752021563342,1.0,0.2714285714285714,0.16785714285714284,0.5313729309665914,0.11017737306050959,0.9647695725820782,-16.264498539435262,2.3134761441090688,-17.055073028237604,2.5542940603700175,-17.348003894839355,2.2849074975657286,-18.138578383641697,1.9257254138266944,-18.32915287244403,2.166543330087643,-19.11972736124637,2.4073612463486085,-18.7103018500487,3.248179162609557,-18.403232716650454,3.5787925998052685,-17.993807205452796,4.419610516066234,-19.984381694255138,5.860428432327183,-20.77495618305747,7.301246348588148,-23.36553067185981,9.342064264849096,-26.55610516066215,11.382882181110062,-28.049036027263895,14.113495618305773,-28.239610516066236,15.554313534566722,-28.034897760467402,15.974722492697197,-28.034897760467402,15.974722492697197,-28.034897760467402,15.974722492697197,-28.034897760467402,15.974722492697197,-28.034897760467402,15.974722492697197,left,-0.2520322425250321,5.228057573210507,0.26785714285714285,,,1.0,0.0,1.0,0.0
2.25.78999454687125053757525542837745968726,/home/user/workspace/dataset_extracted/Датасет/НД_для_обучения/Исследования/2.25.78999454687125053757525542837745968726/series_004_3_CR/A2504222617 DXA/CR DXA/CR000001.dcm,1.2.643.5.1.13.13.12.2.77.8252.07150713040501120002001009141410,3,265,280,right_hip,True,1.0,Нарушение позиционирования/ротации правого бедра,,,,1.0,0.0,,,0,0.0,0,0.0,False,0.0,,,,,,,,-5.8369626186089265,5.8369626186089265,29.7,123.9,0.0,0.1736636245110901,54.6,10.045126159981589,14.700000000000001,13.799999999999999,278.25,168.0,265.0,0.40535714285714286,0.2382210242587601,1.0,0.23214285714285715,0.16428571428571428,0.5842767220524928,0.14897216404504324,0.9628670765101355,-2.0804202776286442,3.905529565150698,-6.685865480481624,6.241368203083061,-30.0,8.143247181532326,-30.0,10.045126159981589,-30.0,10.045126159981589,-30.0,10.045126159981589,-30.0,10.045126159981589,-30.0,10.045126159981589,-30.0,10.045126159981589,-30.0,10.045126159981589,-30.0,10.045126159981589,-30.0,10.045126159981589,-30.0,10.045126159981589,-30.0,10.045126159981589,-30.0,10.045126159981589,-30.0,10.045126159981589,-30.0,10.045126159981589,-30.0,10.045126159981589,-30.0,10.045126159981589,-30.0,10.045126159981589,right,0.5222104686202178,5.8369626186089265,0.325,1.0,0.0,,,1.0,0.0
2.25.78999454687125053757525542837745968726,/home/user/workspace/dataset_extracted/Датасет/НД_для_обучения/Исследования/2.25.78999454687125053757525542837745968726/series_004_3_CR/A2504222617 DXA/CR DXA/CR000002.dcm,1.2.643.5.1.13.13.12.2.77.8252.11011500050713141305050211140308,1,318,300,spine,True,0.0,,0.0,0.0,0.0,,,,,4696,2958.48,4696,2958.48,True,5.7204316262228,0.9559859191609568,0.626792635484712,318.0,0.0021209499502530585,0.0,0.0031446540880503146,0.38333333333333336,,,,,,,,,,,,,,,,,,,,,,,,,,,,,,,,,,,,,,,,,,,,,,,,,,,,,,,,,,,,,,,,,,,,,,,
2.25.82912555346523716720160717883917565880,/home/user/workspace/dataset_extracted/Датасет/НД_для_обучения/Исследования/2.25.82912555346523716720160717883917565880/series_002_2_CR/A2504149480 DXA/CR DXA/CR000000.dcm,1.2.643.5.1.13.13.12.2.77.8252.15121403061107000609060400100413,6,263,280,right_hip,True,1.0,Нарушение позиционирования/ротации правого бедра,,,,1.0,0.0,,,0,0.0,0,0.0,False,0.0,,,,,,,,-1.2062852126846928,1.2062852126846928,27.599999999999998,98.7,6.017670339197337,7.945939385182241,37.199999999999996,9.732341147996992,97.65,3.0,276.15000000000003,168.0,187.0,0.3,0.2422324823465508,0.7110266159695817,0.275,0.15357142857142858,0.5897653533955325,0.1654570598099412,0.952638572902312,-0.2015417404183111,3.2143250370263643,-0.22812267456562407,4.210867319293461,0.3519416248238954,4.6582740309937805,0.32536069067658246,5.054816313260877,0.8987797565292738,4.851358595527967,1.472198822381965,5.247900877795064,2.645617888234652,5.644443160062161,3.2256821876241717,6.6918498717624795,4.999101253476859,7.088392154029577,6.77252031932955,8.684934436296674,7.945939385182241,-5.9185232814362365,7.9193584510349275,-7.3219809991691385,7.292777516887619,-10.525438716902041,6.072841816277134,-10.678032005201723,4.846260882129826,-12.081489722934625,3.619679947982513,-12.284947440667528,2.9930990138352045,-13.688405158400439,2.3665180796878955,-18.09186287613334,1.146582379077411,-19.444456164433024,-0.07999855506989774,-19.647913882165927,left,-0.09796046238044087,1.2062852126846928,0.2214285714285714,,,0.0,0.0,0.0,0.0
2.25.82912555346523716720160717883917565880,/home/user/workspace/dataset_extracted/Датасет/НД_для_обучения/Исследования/2.25.82912555346523716720160717883917565880/series_002_2_CR/A2504149480 DXA/CR DXA/CR000001.dcm,1.2.643.5.1.13.13.12.2.77.8252.14111212050609060202121515040103,3,291,300,spine,True,0.0,,0.0,0.0,0.0,,,,,279,175.77,279,175.77,True,3.5965699779352653,1.2822662729619447,0.43134003648892705,291.0,-0.007614155251141596,0.0,0.003436426116838488,0.3466666666666667,,,,,,,,,,,,,,,,,,,,,,,,,,,,,,,,,,,,,,,,,,,,,,,,,,,,,,,,,,,,,,,,,,,,,,,
2.25.82912555346523716720160717883917565880,/home/user/workspace/dataset_extracted/Датасет/НД_для_обучения/Исследования/2.25.82912555346523716720160717883917565880/series_002_2_CR/A2504149480 DXA/CR DXA/CR000002.dcm,1.2.643.5.1.13.13.12.2.77.8252.07130510130614040904060413131200,8,265,280,left_hip,True,0.0,,,,,,,0.0,0.0,9,5.67,9,5.67,True,3.3954729132332653,,,,,,,,-5.056259715067115,5.056259715067115,26.4,89.25,1.2121711940590183,-16.400672268907556,35.4,19.363783466875123,67.2,10.799999999999999,278.25,168.0,265.0,0.2839285714285714,0.21016172506738545,1.0,0.2785714285714286,0.15,0.5184274081884692,0.10647161797340156,0.9606859935383307,-17.97385186632792,1.9756263435606825,-18.871424662888405,2.734836818448309,-19.24460426030877,3.6042446746140397,-18.94217705686926,4.963455149501667,-19.239749853429736,7.522665624389293,-18.937322649990225,8.281876099276928,-19.83489544655071,7.841086574164555,-19.608075043971073,7.510494430330277,-19.905647840531554,7.069704905217904,-20.20322063709204,7.22891538010553,-20.50079343365253,7.988125854993165,-20.79836623021301,8.747336329880792,-21.095939026773497,10.106546804768419,-21.469118624193857,11.57595466093415,-30.0,12.935165135821777,-30.0,15.494375610709403,-30.0,19.363783466875123,-30.0,19.363783466875123,-30.0,19.363783466875123,-30.0,19.363783466875123,right,0.24798482497245605,5.056259715067115,0.21071428571428572,1.0,0.0,,,1.0,0.0
2.25.82912555346523716720160717883917565880,/home/user/workspace/dataset_extracted/Датасет/НД_для_обучения/Исследования/2.25.82912555346523716720160717883917565880/series_002_2_CR/A2504149480 DXA/CR DXA/CR000003.dcm,1.2.643.5.1.13.13.12.2.77.8252.06060810060308150905140912050013,4,263,280,right_hip,True,1.0,Нарушение позиционирования/ротации правого бедра,,,,1.0,0.0,,,0,0.0,0,0.0,False,0.0,,,,,,,,-1.2062852126846928,1.2062852126846928,27.599999999999998,98.7,6.017670339197337,7.945939385182241,37.199999999999996,9.732341147996992,97.65,3.0,276.15000000000003,168.0,187.0,0.3,0.2422324823465508,0.7110266159695817,0.275,0.15357142857142858,0.5897653533955325,0.1654570598099412,0.952638572902312,-0.2015417404183111,3.2143250370263643,-0.22812267456562407,4.210867319293461,0.3519416248238954,4.6582740309937805,0.32536069067658246,5.054816313260877,0.8987797565292738,4.851358595527967,1.472198822381965,5.247900877795064,2.645617888234652,5.644443160062161,3.2256821876241717,6.6918498717624795,4.999101253476859,7.088392154029577,6.77252031932955,8.684934436296674,7.945939385182241,-5.9185232814362365,7.9193584510349275,-7.3219809991691385,7.292777516887619,-10.525438716902041,6.072841816277134,-10.678032005201723,4.846260882129826,-12.081489722934625,3.619679947982513,-12.284947440667528,2.9930990138352045,-13.688405158400439,2.3665180796878955,-18.09186287613334,1.146582379077411,-19.444456164433024,-0.07999855506989774,-19.647913882165927,left,-0.09796046238044087,1.2062852126846928,0.2214285714285714,,,0.0,0.0,0.0,0.0
2.25.82912555346523716720160717883917565880,/home/user/workspace/dataset_extracted/Датасет/НД_для_обучения/Исследования/2.25.82912555346523716720160717883917565880/series_002_2_CR/A2504149480 DXA/CR DXA/CR000004.dcm,1.2.643.5.1.13.13.12.2.77.8252.13130903011502030304101506090814,5,265,280,left_hip,True,0.0,,,,,,,0.0,0.0,9,5.67,9,5.67,True,3.3954729132332653,,,,,,,,-5.056259715067115,5.056259715067115,26.4,89.25,1.2121711940590183,-16.400672268907556,35.4,19.363783466875123,67.2,10.799999999999999,278.25,168.0,265.0,0.2839285714285714,0.21016172506738545,1.0,0.2785714285714286,0.15,0.5184274081884692,0.10647161797340156,0.9606859935383307,-17.97385186632792,1.9756263435606825,-18.871424662888405,2.734836818448309,-19.24460426030877,3.6042446746140397,-18.94217705686926,4.963455149501667,-19.239749853429736,7.522665624389293,-18.937322649990225,8.281876099276928,-19.83489544655071,7.841086574164555,-19.608075043971073,7.510494430330277,-19.905647840531554,7.069704905217904,-20.20322063709204,7.22891538010553,-20.50079343365253,7.988125854993165,-20.79836623021301,8.747336329880792,-21.095939026773497,10.106546804768419,-21.469118624193857,11.57595466093415,-30.0,12.935165135821777,-30.0,15.494375610709403,-30.0,19.363783466875123,-30.0,19.363783466875123,-30.0,19.363783466875123,-30.0,19.363783466875123,right,0.24798482497245605,5.056259715067115,0.21071428571428572,1.0,0.0,,,1.0,0.0
2.25.82912555346523716720160717883917565880,/home/user/workspace/dataset_extracted/Датасет/НД_для_обучения/Исследования/2.25.82912555346523716720160717883917565880/series_002_2_CR/A2504149480 DXA/CR DXA/CR000005.dcm,1.2.643.5.1.13.13.12.2.77.8252.15001111061311011106030303001309,1,291,300,spine,True,0.0,,0.0,0.0,0.0,,,,,279,175.77,279,175.77,True,3.5965699779352653,1.2822662729619447,0.43134003648892705,291.0,-0.007614155251141596,0.0,0.003436426116838488,0.3466666666666667,,,,,,,,,,,,,,,,,,,,,,,,,,,,,,,,,,,,,,,,,,,,,,,,,,,,,,,,,,,,,,,,,,,,,,,
2.25.87718478011637131470224319788530286374,/home/user/workspace/dataset_extracted/Датасет/НД_для_обучения/Исследования/2.25.87718478011637131470224319788530286374/series_002_2_CR/A2504337993 DXA/CR DXA/CR000000.dcm,1.2.643.5.1.13.13.12.2.77.8252.10041006131411151513070104110809,1,289,300,spine,True,0.0,,0.0,0.0,0.0,,,,,109,68.67,109,68.67,True,4.327632254264822,0.9422732244008017,0.9240288360936768,289.0,0.01737070473791031,0.0,0.0034602076124567475,0.33666666666666667,,,,,,,,,,,,,,,,,,,,,,,,,,,,,,,,,,,,,,,,,,,,,,,,,,,,,,,,,,,,,,,,,,,,,,,
2.25.87869906212286587478854831452123526595,/home/user/workspace/dataset_extracted/Датасет/НД_для_обучения/Исследования/2.25.87869906212286587478854831452123526595/series_002_2_CR/A250419699 DXA/CR DXA/CR000000.dcm,1.2.643.5.1.13.13.12.2.77.8252.06111209081313111015020309051508,3,292,280,left_hip,True,0.0,,,,,,,0.0,0.0,92,57.96,92,57.96,True,6.657595389280231,,,,,,,,-1.5471918512701865,1.5471918512701865,25.8,112.35000000000001,7.145126667842236,-0.14053958737436004,39.0,10.529036619056031,99.75,3.5999999999999996,306.6,168.0,202.0,0.30892857142857144,0.21335616438356164,0.6917808219178082,0.325,0.14285714285714285,0.5227392239135339,0.11741440079015364,0.9692369382798597,-14.221072121318999,3.1196438017986394,-14.836848292482227,4.076982307647108,-15.448680420854645,3.894986187033464,-16.064456592017873,4.252324692881933,-16.0802327631811,4.609663198730402,-17.896008934344326,4.367001704578871,-18.511785105507556,4.72434021042734,-18.523617233879975,5.142344089813688,-17.9393934050432,5.499682595662156,-16.15516957620643,6.457021101510625,-13.170945747369657,7.414359607359094,-11.986721918532885,8.371698113207563,-12.002498089696113,10.529036619056031,-13.21433021806854,-8.852959501557612,-13.230106389231766,-11.495620995709142,-13.245882560394994,-13.538282489860674,-12.661658731558221,-14.980943984012205,-11.47743490272145,-17.623605478163736,-10.289267031093868,-19.605601598777387,-9.105043202257095,-21.648263092928918,left,-0.4596750948972433,1.5471918512701865,0.23214285714285715,,,0.0,0.0,0.0,0.0
2.25.87869906212286587478854831452123526595,/home/user/workspace/dataset_extracted/Датасет/НД_для_обучения/Исследования/2.25.87869906212286587478854831452123526595/series_002_2_CR/A250419699 DXA/CR DXA/CR000001.dcm,1.2.643.5.1.13.13.12.2.77.8252.04050904100201141507070306131511,1,317,300,spine,True,1.0,"Наличие посторонних предметов, артефактов или наложений",0.0,0.0,1.0,,,,,353,222.39000000000001,353,222.39000000000001,True,4.189173111205603,3.2036373018893456,0.03183621789394708,317.0,-0.07849355008462401,0.0,0.0031545741324921135,0.6333333333333333,,,,,,,,,,,,,,,,,,,,,,,,,,,,,,,,,,,,,,,,,,,,,,,,,,,,,,,,,,,,,,,,,,,,,,,
2.25.87869906212286587478854831452123526595,/home/user/workspace/dataset_extracted/Датасет/НД_для_обучения/Исследования/2.25.87869906212286587478854831452123526595/series_002_2_CR/A250419699 DXA/CR DXA/CR000002.dcm,1.2.643.5.1.13.13.12.2.77.8252.15101115041306031303150405131115,2,291,280,left_hip,True,0.0,,,,,,,0.0,0.0,0,0.0,0,0.0,False,0.0,,,,,,,,-4.52284692611125,4.52284692611125,24.0,116.55000000000001,0.0,3.4006563706563724,36.0,-15.742702702702706,46.2,4.8,305.55,168.0,155.0,0.28035714285714286,0.17976190476190476,0.5326460481099656,0.18928571428571428,0.1357142857142857,0.5454965215005235,0.12773164352365152,0.9775568367252601,0.5552369252369231,-16.07264478764479,0.7797788697788689,-17.11256756756757,0.9481853281853261,-18.042509652509654,1.172727272727272,-21.482432432432436,1.3972692172692176,-22.52235521235521,1.6218111618111635,-23.56227799227799,1.8463531063531091,-24.602200772200774,2.0147595647595664,-24.932142857142857,2.2393015093015123,-25.97206563706564,3.063843453843458,-27.011988416988412,3.2883853983853952,-28.051911196911195,3.4006563706563724,-28.27187258687258,3.4006563706563724,-28.27187258687258,3.4006563706563724,-28.27187258687258,3.4006563706563724,-28.27187258687258,3.4006563706563724,-28.27187258687258,3.4006563706563724,-28.27187258687258,3.4006563706563724,-28.27187258687258,3.4006563706563724,-28.27187258687258,3.4006563706563724,-28.27187258687258,right,0.28230061853406435,4.52284692611125,0.21428571428571427,0.0,0.0,,,0.0,0.0
2.25.91981043841368764114007975581101713077,/home/user/workspace/dataset_extracted/Датасет/НД_для_обучения/Исследования/2.25.91981043841368764114007975581101713077/series_003_2_CR/A250496619 DXA/CR DXA/CR000000.dcm,1.2.643.5.1.13.13.12.2.77.8252.08061201060114131102110802141411,3,292,280,left_hip,True,0.0,,,,,,,0.0,0.0,0,0.0,0,0.0,False,0.0,,,,,,,,-1.8533404284802895,1.8533404284802895,30.0,91.35000000000001,0.0,-17.261354523583908,56.4,19.311555004738693,75.60000000000001,18.599999999999998,306.6,168.0,292.0,0.4303571428571429,0.2622553816046967,1.0,0.42142857142857143,0.16428571428571428,0.5426431055602554,0.1451371157548236,0.9547284758427741,-18.896427790333192,1.8132682073340218,-18.865896333017456,2.171990960122531,-18.842997740030654,3.1910330247139087,-18.81246628271491,3.5497557775024178,-18.781934825399166,3.9084785302909264,-18.751403368083434,4.2672012830794355,-18.720871910767688,4.6259240358679445,-18.097973317780887,4.4449661004593395,-17.46744186046515,4.203688853247848,-18.03691040314941,5.162411606036358,-18.606378945833665,6.121134358824866,-18.57584748851793,7.079857111613376,-18.545316031202187,8.038579864401884,-17.322417438215385,9.057621928993262,-17.29188598089964,10.616344681781788,-17.261354523583908,12.175067434570296,-19.030823066268162,14.933790187358806,-23.20029160895243,17.092512940147316,-24.377393015965627,19.311555004738693,-24.377393015965627,19.311555004738693,left,-0.6462588837488819,1.8533404284802895,0.3357142857142857,,,0.0,0.0,0.0,0.0
2.25.91981043841368764114007975581101713077,/home/user/workspace/dataset_extracted/Датасет/НД_для_обучения/Исследования/2.25.91981043841368764114007975581101713077/series_003_2_CR/A250496619 DXA/CR DXA/CR000001.dcm,1.2.643.5.1.13.13.12.2.77.8252.04141409090807040100020211061514,6,292,280,left_hip,True,0.0,,,,,,,0.0,0.0,0,0.0,0,0.0,False,0.0,,,,,,,,-1.8533404284802895,1.8533404284802895,30.0,91.35000000000001,0.0,-17.261354523583908,56.4,19.311555004738693,75.60000000000001,18.599999999999998,306.6,168.0,292.0,0.4303571428571429,0.2622553816046967,1.0,0.42142857142857143,0.16428571428571428,0.5426431055602554,0.1451371157548236,0.9547284758427741,-18.896427790333192,1.8132682073340218,-18.865896333017456,2.171990960122531,-18.842997740030654,3.1910330247139087,-18.81246628271491,3.5497557775024178,-18.781934825399166,3.9084785302909264,-18.751403368083434,4.2672012830794355,-18.720871910767688,4.6259240358679445,-18.097973317780887,4.4449661004593395,-17.46744186046515,4.203688853247848,-18.03691040314941,5.162411606036358,-18.606378945833665,6.121134358824866,-18.57584748851793,7.079857111613376,-18.545316031202187,8.038579864401884,-17.322417438215385,9.057621928993262,-17.29188598089964,10.616344681781788,-17.261354523583908,12.175067434570296,-19.030823066268162,14.933790187358806,-23.20029160895243,17.092512940147316,-24.377393015965627,19.311555004738693,-24.377393015965627,19.311555004738693,left,-0.6462588837488819,1.8533404284802895,0.3357142857142857,,,0.0,0.0,0.0,0.0
2.25.91981043841368764114007975581101713077,/home/user/workspace/dataset_extracted/Датасет/НД_для_обучения/Исследования/2.25.91981043841368764114007975581101713077/series_003_2_CR/A250496619 DXA/CR DXA/CR000002.dcm,1.2.643.5.1.13.13.12.2.77.8252.04000607141411061507120106050309,5,294,280,right_hip,True,0.0,,,,,0.0,0.0,,,0,0.0,0,0.0,False,0.0,,,,,,,,-7.5146726375725725,7.5146726375725725,27.599999999999998,92.4,0.0,-2.7751030256066653,55.199999999999996,17.686818005706037,82.95,10.799999999999999,308.7,168.0,294.0,0.41964285714285715,0.20098396501457727,1.0,0.32142857142857145,0.16428571428571428,0.46442391592014387,0.11536220350902278,0.9556461062064558,-7.596601035539408,1.2814377795780274,-7.3015779648479935,1.6683913916381867,-6.6303106618294265,2.1086066006833106,-6.335287591138012,3.0955602127434703,-6.64026452044659,3.4825138248036294,-5.745241449755175,3.869467436863789,-5.450218379063753,4.256421048923948,-5.378951076045195,4.696636257969073,-4.483928005353772,5.083589870029232,-4.188904934662366,4.870543482089391,-3.8938818639709436,5.25749709414955,-2.998858793279521,6.24445070620971,-3.3038357225880985,7.2314043182698695,-3.8325684195695486,8.271619527314993,-5.337545348878126,9.858573139375153,-7.442522278186703,10.845526751435312,-7.747499207495298,12.432480363495472,-8.652476136803875,14.019433975555648,-8.581208833785308,16.259649184600754,-9.486185763093886,17.246602796660913,right,0.5704428953776908,7.5146726375725725,0.32857142857142857,0.0,0.0,,,0.0,0.0
2.25.91981043841368764114007975581101713077,/home/user/workspace/dataset_extracted/Датасет/НД_для_обучения/Исследования/2.25.91981043841368764114007975581101713077/series_003_2_CR/A250496619 DXA/CR DXA/CR000003.dcm,1.2.643.5.1.13.13.12.2.77.8252.03130309141409040708100214070815,8,292,280,left_hip,True,0.0,,,,,,,0.0,0.0,0,0.0,0,0.0,False,0.0,,,,,,,,-1.8533404284802895,1.8533404284802895,30.0,91.35000000000001,0.0,-17.261354523583908,56.4,19.311555004738693,75.60000000000001,18.599999999999998,306.6,168.0,292.0,0.4303571428571429,0.2622553816046967,1.0,0.42142857142857143,0.16428571428571428,0.5426431055602554,0.1451371157548236,0.9547284758427741,-18.896427790333192,1.8132682073340218,-18.865896333017456,2.171990960122531,-18.842997740030654,3.1910330247139087,-18.81246628271491,3.5497557775024178,-18.781934825399166,3.9084785302909264,-18.751403368083434,4.2672012830794355,-18.720871910767688,4.6259240358679445,-18.097973317780887,4.4449661004593395,-17.46744186046515,4.203688853247848,-18.03691040314941,5.162411606036358,-18.606378945833665,6.121134358824866,-18.57584748851793,7.079857111613376,-18.545316031202187,8.038579864401884,-17.322417438215385,9.057621928993262,-17.29188598089964,10.616344681781788,-17.261354523583908,12.175067434570296,-19.030823066268162,14.933790187358806,-23.20029160895243,17.092512940147316,-24.377393015965627,19.311555004738693,-24.377393015965627,19.311555004738693,left,-0.6462588837488819,1.8533404284802895,0.3357142857142857,,,0.0,0.0,0.0,0.0
2.25.91981043841368764114007975581101713077,/home/user/workspace/dataset_extracted/Датасет/НД_для_обучения/Исследования/2.25.91981043841368764114007975581101713077/series_003_2_CR/A250496619 DXA/CR DXA/CR000004.dcm,1.2.643.5.1.13.13.12.2.77.8252.07021003040810040809000711080701,12,318,300,spine,True,1.0,Нарушение укладки поясничного отдела позвоночника,1.0,0.0,0.0,,,,,279,175.77,279,175.77,True,3.90443182057241,0.6545402719105303,0.12889153055641245,318.0,-0.03261969756055284,0.0,0.0031446540880503146,0.3566666666666667,,,,,,,,,,,,,,,,,,,,,,,,,,,,,,,,,,,,,,,,,,,,,,,,,,,,,,,,,,,,,,,,,,,,,,,
2.25.91981043841368764114007975581101713077,/home/user/workspace/dataset_extracted/Датасет/НД_для_обучения/Исследования/2.25.91981043841368764114007975581101713077/series_003_2_CR/A250496619 DXA/CR DXA/CR000005.dcm,1.2.643.5.1.13.13.12.2.77.8252.04111101091200130111070203120509,2,294,280,right_hip,True,0.0,,,,,0.0,0.0,,,0,0.0,0,0.0,False,0.0,,,,,,,,-7.5146726375725725,7.5146726375725725,27.599999999999998,92.4,0.0,-2.7751030256066653,55.199999999999996,17.686818005706037,82.95,10.799999999999999,308.7,168.0,294.0,0.41964285714285715,0.20098396501457727,1.0,0.32142857142857145,0.16428571428571428,0.46442391592014387,0.11536220350902278,0.9556461062064558,-7.596601035539408,1.2814377795780274,-7.3015779648479935,1.6683913916381867,-6.6303106618294265,2.1086066006833106,-6.335287591138012,3.0955602127434703,-6.64026452044659,3.4825138248036294,-5.745241449755175,3.869467436863789,-5.450218379063753,4.256421048923948,-5.378951076045195,4.696636257969073,-4.483928005353772,5.083589870029232,-4.188904934662366,4.870543482089391,-3.8938818639709436,5.25749709414955,-2.998858793279521,6.24445070620971,-3.3038357225880985,7.2314043182698695,-3.8325684195695486,8.271619527314993,-5.337545348878126,9.858573139375153,-7.442522278186703,10.845526751435312,-7.747499207495298,12.432480363495472,-8.652476136803875,14.019433975555648,-8.581208833785308,16.259649184600754,-9.486185763093886,17.246602796660913,right,0.5704428953776908,7.5146726375725725,0.32857142857142857,0.0,0.0,,,0.0,0.0
2.25.91981043841368764114007975581101713077,/home/user/workspace/dataset_extracted/Датасет/НД_для_обучения/Исследования/2.25.91981043841368764114007975581101713077/series_003_2_CR/A250496619 DXA/CR DXA/CR000006.dcm,1.2.643.5.1.13.13.12.2.77.8252.04141300131506141004121211120710,7,294,280,right_hip,True,0.0,,,,,0.0,0.0,,,0,0.0,0,0.0,False,0.0,,,,,,,,-7.5146726375725725,7.5146726375725725,27.599999999999998,92.4,0.0,-2.7751030256066653,55.199999999999996,17.686818005706037,82.95,10.799999999999999,308.7,168.0,294.0,0.41964285714285715,0.20098396501457727,1.0,0.32142857142857145,0.16428571428571428,0.46442391592014387,0.11536220350902278,0.9556461062064558,-7.596601035539408,1.2814377795780274,-7.3015779648479935,1.6683913916381867,-6.6303106618294265,2.1086066006833106,-6.335287591138012,3.0955602127434703,-6.64026452044659,3.4825138248036294,-5.745241449755175,3.869467436863789,-5.450218379063753,4.256421048923948,-5.378951076045195,4.696636257969073,-4.483928005353772,5.083589870029232,-4.188904934662366,4.870543482089391,-3.8938818639709436,5.25749709414955,-2.998858793279521,6.24445070620971,-3.3038357225880985,7.2314043182698695,-3.8325684195695486,8.271619527314993,-5.337545348878126,9.858573139375153,-7.442522278186703,10.845526751435312,-7.747499207495298,12.432480363495472,-8.652476136803875,14.019433975555648,-8.581208833785308,16.259649184600754,-9.486185763093886,17.246602796660913,right,0.5704428953776908,7.5146726375725725,0.32857142857142857,0.0,0.0,,,0.0,0.0
2.25.91981043841368764114007975581101713077,/home/user/workspace/dataset_extracted/Датасет/НД_для_обучения/Исследования/2.25.91981043841368764114007975581101713077/series_003_2_CR/A250496619 DXA/CR DXA/CR000007.dcm,1.2.643.5.1.13.13.12.2.77.8252.09031306140406050914091115001515,13,294,280,right_hip,True,0.0,,,,,0.0,0.0,,,0,0.0,0,0.0,False,0.0,,,,,,,,-7.5146726375725725,7.5146726375725725,27.599999999999998,92.4,0.0,-2.7751030256066653,55.199999999999996,17.686818005706037,82.95,10.799999999999999,308.7,168.0,294.0,0.41964285714285715,0.20098396501457727,1.0,0.32142857142857145,0.16428571428571428,0.46442391592014387,0.11536220350902278,0.9556461062064558,-7.596601035539408,1.2814377795780274,-7.3015779648479935,1.6683913916381867,-6.6303106618294265,2.1086066006833106,-6.335287591138012,3.0955602127434703,-6.64026452044659,3.4825138248036294,-5.745241449755175,3.869467436863789,-5.450218379063753,4.256421048923948,-5.378951076045195,4.696636257969073,-4.483928005353772,5.083589870029232,-4.188904934662366,4.870543482089391,-3.8938818639709436,5.25749709414955,-2.998858793279521,6.24445070620971,-3.3038357225880985,7.2314043182698695,-3.8325684195695486,8.271619527314993,-5.337545348878126,9.858573139375153,-7.442522278186703,10.845526751435312,-7.747499207495298,12.432480363495472,-8.652476136803875,14.019433975555648,-8.581208833785308,16.259649184600754,-9.486185763093886,17.246602796660913,right,0.5704428953776908,7.5146726375725725,0.32857142857142857,0.0,0.0,,,0.0,0.0
2.25.91981043841368764114007975581101713077,/home/user/workspace/dataset_extracted/Датасет/НД_для_обучения/Исследования/2.25.91981043841368764114007975581101713077/series_003_2_CR/A250496619 DXA/CR DXA/CR000008.dcm,1.2.643.5.1.13.13.12.2.77.8252.03070910041410130909021014090904,14,292,280,left_hip,True,0.0,,,,,,,0.0,0.0,0,0.0,0,0.0,False,0.0,,,,,,,,-1.8533404284802895,1.8533404284802895,30.0,91.35000000000001,0.0,-17.261354523583908,56.4,19.311555004738693,75.60000000000001,18.599999999999998,306.6,168.0,292.0,0.4303571428571429,0.2622553816046967,1.0,0.42142857142857143,0.16428571428571428,0.5426431055602554,0.1451371157548236,0.9547284758427741,-18.896427790333192,1.8132682073340218,-18.865896333017456,2.171990960122531,-18.842997740030654,3.1910330247139087,-18.81246628271491,3.5497557775024178,-18.781934825399166,3.9084785302909264,-18.751403368083434,4.2672012830794355,-18.720871910767688,4.6259240358679445,-18.097973317780887,4.4449661004593395,-17.46744186046515,4.203688853247848,-18.03691040314941,5.162411606036358,-18.606378945833665,6.121134358824866,-18.57584748851793,7.079857111613376,-18.545316031202187,8.038579864401884,-17.322417438215385,9.057621928993262,-17.29188598089964,10.616344681781788,-17.261354523583908,12.175067434570296,-19.030823066268162,14.933790187358806,-23.20029160895243,17.092512940147316,-24.377393015965627,19.311555004738693,-24.377393015965627,19.311555004738693,left,-0.6462588837488819,1.8533404284802895,0.3357142857142857,,,0.0,0.0,0.0,0.0
2.25.91981043841368764114007975581101713077,/home/user/workspace/dataset_extracted/Датасет/НД_для_обучения/Исследования/2.25.91981043841368764114007975581101713077/series_003_2_CR/A250496619 DXA/CR DXA/CR000009.dcm,1.2.643.5.1.13.13.12.2.77.8252.01031400050508070812091015000904,4,318,300,spine,True,1.0,Нарушение укладки поясничного отдела позвоночника,1.0,0.0,0.0,,,,,279,175.77,279,175.77,True,3.90443182057241,0.6545402719105303,0.12889153055641245,318.0,-0.03261969756055284,0.0,0.0031446540880503146,0.3566666666666667,,,,,,,,,,,,,,,,,,,,,,,,,,,,,,,,,,,,,,,,,,,,,,,,,,,,,,,,,,,,,,,,,,,,,,,
2.25.91981043841368764114007975581101713077,/home/user/workspace/dataset_extracted/Датасет/НД_для_обучения/Исследования/2.25.91981043841368764114007975581101713077/series_003_2_CR/A250496619 DXA/CR DXA/CR000010.dcm,1.2.643.5.1.13.13.12.2.77.8252.07120905081404061009060805020905,1,318,300,spine,True,1.0,Нарушение укладки поясничного отдела позвоночника,1.0,0.0,0.0,,,,,279,175.77,279,175.77,True,3.90443182057241,0.6545402719105303,0.12889153055641245,318.0,-0.03261969756055284,0.0,0.0031446540880503146,0.3566666666666667,,,,,,,,,,,,,,,,,,,,,,,,,,,,,,,,,,,,,,,,,,,,,,,,,,,,,,,,,,,,,,,,,,,,,,,
2.25.91981043841368764114007975581101713077,/home/user/workspace/dataset_extracted/Датасет/НД_для_обучения/Исследования/2.25.91981043841368764114007975581101713077/series_003_2_CR/A250496619 DXA/CR DXA/CR000011.dcm,1.2.643.5.1.13.13.12.2.77.8252.07130502151014041012130400130108,9,294,280,right_hip,True,0.0,,,,,0.0,0.0,,,0,0.0,0,0.0,False,0.0,,,,,,,,-7.5146726375725725,7.5146726375725725,27.599999999999998,92.4,0.0,-2.7751030256066653,55.199999999999996,17.686818005706037,82.95,10.799999999999999,308.7,168.0,294.0,0.41964285714285715,0.20098396501457727,1.0,0.32142857142857145,0.16428571428571428,0.46442391592014387,0.11536220350902278,0.9556461062064558,-7.596601035539408,1.2814377795780274,-7.3015779648479935,1.6683913916381867,-6.6303106618294265,2.1086066006833106,-6.335287591138012,3.0955602127434703,-6.64026452044659,3.4825138248036294,-5.745241449755175,3.869467436863789,-5.450218379063753,4.256421048923948,-5.378951076045195,4.696636257969073,-4.483928005353772,5.083589870029232,-4.188904934662366,4.870543482089391,-3.8938818639709436,5.25749709414955,-2.998858793279521,6.24445070620971,-3.3038357225880985,7.2314043182698695,-3.8325684195695486,8.271619527314993,-5.337545348878126,9.858573139375153,-7.442522278186703,10.845526751435312,-7.747499207495298,12.432480363495472,-8.652476136803875,14.019433975555648,-8.581208833785308,16.259649184600754,-9.486185763093886,17.246602796660913,right,0.5704428953776908,7.5146726375725725,0.32857142857142857,0.0,0.0,,,0.0,0.0
