study,file_path,sop_instance_uid,instance_number,rows,cols,region,applicable,quality_class,violation_list,sp_pos,sp_axis,sp_art,rh_pos,rh_roi,lh_pos,lh_roi,metal_metal_area_px,metal_metal_area_mm2,metal_metal_outside_bone_px,metal_metal_outside_bone_mm2,metal_has_metal,metal_metal_max_intensity_gap,axis_angle_deg,curvature,valid_rows,center_offset_ratio,top_margin_ratio,bottom_margin_ratio,bone_width_ratio,signed_shaft_angle_deg,abs_shaft_angle_deg,shaft_width_mm,shaft_len_below_troch_mm,lesser_troch_prominence_mm,greater_troch_offset_mm,lateral_margin_mm,medial_neck_extent_mm,merge_height_mm,neck_min_width_mm,scan_length_mm,scan_width_mm,femur_track_rows,shaft_bottom_center_ratio,bone_area_ratio,femur_fill_ratio,bone_top_touch_ratio,bone_bottom_touch_ratio,femur_solidity,femur_compactness,femur_eccentricity,prof_lat_0,prof_med_0,prof_lat_1,prof_med_1,prof_lat_2,prof_med_2,prof_lat_3,prof_med_3,prof_lat_4,prof_med_4,prof_lat_5,prof_med_5,prof_lat_6,prof_med_6,prof_lat_7,prof_med_7,prof_lat_8,prof_med_8,prof_lat_9,prof_med_9,prof_lat_10,prof_med_10,prof_lat_11,prof_med_11,prof_lat_12,prof_med_12,prof_lat_13,prof_med_13,prof_lat_14,prof_med_14,prof_lat_15,prof_med_15,prof_lat_16,prof_med_16,prof_lat_17,prof_med_17,prof_lat_18,prof_med_18,prof_lat_19,prof_med_19,hip_side_detected,hip_side_score,shaft_angle_deg,edge_distance_ratio,rh_pos_c,rh_roi_c,lh_pos_c,lh_roi_c,hip_pos_c,hip_roi_c
1.2.840.113619.2.110.512719.20250403090444,/home/user/workspace/dataset_extracted/Датасет/НД_для_обучения/Исследования/1.2.840.113619.2.110.512719.20250403090444/series_004_3_CR/DXA/CR DXA/CR000000.dcm,1.2.643.5.1.13.13.12.2.77.8252.14031015091008031013040205110915,1,289,300,spine,True,0.0,,0.0,0.0,0.0,,,,,364,229.32,364,229.32,True,3.502321751771304,0.7403949792067079,0.09927067060259365,289.0,0.013492077836014194,0.0,0.0034602076124567475,0.38,,,,,,,,,,,,,,,,,,,,,,,,,,,,,,,,,,,,,,,,,,,,,,,,,,,,,,,,,,,,,,,,,,,,,,,
1.2.840.113619.2.110.512719.20250403090444,/home/user/workspace/dataset_extracted/Датасет/НД_для_обучения/Исследования/1.2.840.113619.2.110.512719.20250403090444/series_004_3_CR/DXA/CR DXA/CR000001.dcm,1.2.643.5.1.13.13.12.2.77.8252.03030811151201151502050615010000,8,235,280,right_hip,True,0.0,,,,,0.0,0.0,,,0,0.0,0,0.0,False,0.0,,,,,,,,-12.079352488359122,12.079352488359122,29.4,73.5,0.0,7.972173913043502,49.199999999999996,13.358568804129106,69.3,8.4,246.75,168.0,235.0,0.38571428571428573,0.19278115501519758,1.0,0.24285714285714285,0.16785714285714284,0.5051614168547319,0.1550433600382575,0.9484153317000117,-3.380869565217387,0.025436094829865395,-1.9617391304347818,0.24692852768789633,-0.8973913043478177,0.5630478523314025,0.521739130434787,0.7845402851894164,1.9408695652174002,1.0060327180474302,4.560000000000005,1.2275251509054441,5.37913043478261,2.049017583763458,6.443478260869574,2.3651369084069813,7.262608695652187,3.1866293412649953,-2.118260869565199,4.608121774123009,-2.499130434782603,5.4296142069810225,-2.879999999999973,7.451106639839036,-2.6608695652173764,8.872599072697051,-2.196521739130412,10.388718397340556,-1.977391304347816,12.41021083019857,-1.1582608695652026,12.631703263056602,-0.9391304347825894,12.853195695914616,-0.5843478260869404,13.358568804129106,-0.5843478260869404,13.358568804129106,-0.5843478260869404,13.358568804129106,right,0.4317855936271339,12.079352488359122,0.2928571428571428,0.0,0.0,,,0.0,0.0
1.2.840.113619.2.110.512719.20250403090444,/home/user/workspace/dataset_extracted/Датасет/НД_для_обучения/Исследования/1.2.840.113619.2.110.512719.20250403090444/series_004_3_CR/DXA/CR DXA/CR000002.dcm,1.2.643.5.1.13.13.12.2.77.8252.06000812101106141213041404150112,4,263,280,left_hip,True,1.0,Нарушение позиционирования/ротации левого бедра,,,,,,1.0,0.0,0,0.0,0,0.0,False,0.0,,,,,,,,-9.881470283377311,9.881470283377311,28.2,81.9,0.0,-2.74538878842676,51.6,24.764473501182373,86.10000000000001,7.8,276.15000000000003,168.0,263.0,0.3875,0.18291689299293862,1.0,0.2714285714285714,0.16428571428571428,0.45663259706936715,0.13494321430607314,0.9532497177738257,-5.475643343997774,1.292864097927395,-4.977966337460006,2.1273056057866255,-4.154708582556682,2.453136736681057,-4.857031576018914,3.2875782445402875,-4.959354569481147,3.522019752399518,-5.061677562943387,4.356461260258748,-4.564000556405619,4.590902768117962,-4.340742801502295,4.916733899012393,-3.243065794964528,5.751175406871624,-2.74538878842676,6.5856169147308545,-3.4477117818889838,8.020058422590084,-6.550034775351224,9.454499930449316,-11.452357768813465,10.888941438308546,-13.02910001391014,12.414772569202961,-13.731423007372365,14.44921407706219,-14.433746000834605,17.08365558492142,-14.536068994296828,19.718097092780653,-14.63839198775907,21.152538600639883,-15.615134232855745,21.478369731534315,-14.517457226317969,22.312811239393543,left,-0.686512884181031,9.881470283377311,0.30714285714285716,,,1.0,0.0,1.0,0.0
1.2.840.113619.2.110.512719.20250403090444,/home/user/workspace/dataset_extracted/Датасет/НД_для_обучения/Исследования/1.2.840.113619.2.110.512719.20250403090444/series_004_3_CR/DXA/CR DXA/CR000003.dcm,1.2.643.5.1.13.13.12.2.77.8252.10130209021503050013090302090705,6,263,280,left_hip,True,1.0,Нарушение позиционирования/ротации левого бедра,,,,,,1.0,0.0,0,0.0,0,0.0,False,0.0,,,,,,,,-9.881470283377311,9.881470283377311,28.2,81.9,0.0,-2.74538878842676,51.6,24.764473501182373,86.10000000000001,7.8,276.15000000000003,168.0,263.0,0.3875,0.18291689299293862,1.0,0.2714285714285714,0.16428571428571428,0.45663259706936715,0.13494321430607314,0.9532497177738257,-5.475643343997774,1.292864097927395,-4.977966337460006,2.1273056057866255,-4.154708582556682,2.453136736681057,-4.857031576018914,3.2875782445402875,-4.959354569481147,3.522019752399518,-5.061677562943387,4.356461260258748,-4.564000556405619,4.590902768117962,-4.340742801502295,4.916733899012393,-3.243065794964528,5.751175406871624,-2.74538878842676,6.5856169147308545,-3.4477117818889838,8.020058422590084,-6.550034775351224,9.454499930449316,-11.452357768813465,10.888941438308546,-13.02910001391014,12.414772569202961,-13.731423007372365,14.44921407706219,-14.433746000834605,17.08365558492142,-14.536068994296828,19.718097092780653,-14.63839198775907,21.152538600639883,-15.615134232855745,21.478369731534315,-14.517457226317969,22.312811239393543,left,-0.686512884181031,9.881470283377311,0.30714285714285716,,,1.0,0.0,1.0,0.0
1.2.840.113619.2.110.512719.20250403090444,/home/user/workspace/dataset_extracted/Датасет/НД_для_обучения/Исследования/1.2.840.113619.2.110.512719.20250403090444/series_004_3_CR/DXA/CR DXA/CR000004.dcm,1.2.643.5.1.13.13.12.2.77.8252.13011105091309080008130511041109,5,235,280,right_hip,True,0.0,,,,,0.0,0.0,,,0,0.0,0,0.0,False,0.0,,,,,,,,-12.079352488359122,12.079352488359122,29.4,73.5,0.0,7.972173913043502,49.199999999999996,13.358568804129106,69.3,8.4,246.75,168.0,235.0,0.38571428571428573,0.19278115501519758,1.0,0.24285714285714285,0.16785714285714284,0.5051614168547319,0.1550433600382575,0.9484153317000117,-3.380869565217387,0.025436094829865395,-1.9617391304347818,0.24692852768789633,-0.8973913043478177,0.5630478523314025,0.521739130434787,0.7845402851894164,1.9408695652174002,1.0060327180474302,4.560000000000005,1.2275251509054441,5.37913043478261,2.049017583763458,6.443478260869574,2.3651369084069813,7.262608695652187,3.1866293412649953,-2.118260869565199,4.608121774123009,-2.499130434782603,5.4296142069810225,-2.879999999999973,7.451106639839036,-2.6608695652173764,8.872599072697051,-2.196521739130412,10.388718397340556,-1.977391304347816,12.41021083019857,-1.1582608695652026,12.631703263056602,-0.9391304347825894,12.853195695914616,-0.5843478260869404,13.358568804129106,-0.5843478260869404,13.358568804129106,-0.5843478260869404,13.358568804129106,right,0.4317855936271339,12.079352488359122,0.2928571428571428,0.0,0.0,,,0.0,0.0
1.2.840.113619.2.110.512719.20250403090444,/home/user/workspace/dataset_extracted/Датасет/НД_для_обучения/Исследования/1.2.840.113619.2.110.512719.20250403090444/series_004_3_CR/DXA/CR DXA/CR000005.dcm,1.2.643.5.1.13.13.12.2.77.8252.04131215000514000414051510091103,3,289,300,spine,True,0.0,,0.0,0.0,0.0,,,,,364,229.32,364,229.32,True,3.502321751771304,0.7403949792067079,0.09927067060259365,289.0,0.013492077836014194,0.0,0.0034602076124567475,0.38,,,,,,,,,,,,,,,,,,,,,,,,,,,,,,,,,,,,,,,,,,,,,,,,,,,,,,,,,,,,,,,,,,,,,,,
1.2.840.113619.2.110.512719.20250403092052,/home/user/workspace/dataset_extracted/Датасет/НД_для_обучения/Исследования/1.2.840.113619.2.110.512719.20250403092052/series_003_3_CR/DXA/CR DXA/CR000000.dcm,1.2.643.5.1.13.13.12.2.77.8252.06140010030611061314081200121305,5,235,280,right_hip,True,0.0,,,,,0.0,0.0,,,0,0.0,0,0.0,False,0.0,,,,,,,,2.0069691789348862,2.0069691789348862,28.799999999999997,73.5,0.0,-11.063861429446243,63.599999999999994,17.231279853031218,81.9,10.2,246.75,168.0,235.0,0.5035714285714286,0.1915501519756839,1.0,0.21071428571428572,0.16785714285714284,0.5078031919286932,0.13997538894274605,0.9478161132101178,-11.514320706849798,1.9988697401801971,-11.633953284926957,2.1735946111451256,-11.123677718484823,2.304638264368805,-11.243310296561981,2.4793631353337333,-11.36294287463914,2.0540880062986617,-12.082575452716299,2.228812877263573,-12.202208030793457,2.4035377482285014,-12.891932464351322,3.1345814014521807,-13.011565042428481,3.909306272417109,-13.13119762050564,5.284031143382021,-13.250830198582799,6.058756014346948,-14.570462776659957,7.43348088531186,-17.090095354737116,8.808205756276788,-17.17981978829498,9.539249409500467,-17.29945236637214,11.513974280465396,-29.419084944449295,13.488699151430307,-30.0,15.463424022395236,-30.0,16.238148893360165,-30.0,16.369192546583843,-30.0,17.14391741754877,right,0.5056902435258688,2.0069691789348862,0.37857142857142856,0.0,0.0,,,0.0,0.0
1.2.840.113619.2.110.512719.20250403092052,/home/user/workspace/dataset_extracted/Датасет/НД_для_обучения/Исследования/1.2.840.113619.2.110.512719.20250403092052/series_003_3_CR/DXA/CR DXA/CR000001.dcm,1.2.643.5.1.13.13.12.2.77.8252.09050515110402090102050206010406,1,318,300,spine,True,0.0,,0.0,0.0,0.0,,,,,941,592.83,941,592.83,True,4.169341892563596,4.916873174532168,3.8455702202672555,318.0,-0.03290107172300082,0.0,0.0031446540880503146,0.64,,,,,,,,,,,,,,,,,,,,,,,,,,,,,,,,,,,,,,,,,,,,,,,,,,,,,,,,,,,,,,,,,,,,,,,
1.2.840.113619.2.110.512719.20250403092052,/home/user/workspace/dataset_extracted/Датасет/НД_для_обучения/Исследования/1.2.840.113619.2.110.512719.20250403092052/series_003_3_CR/DXA/CR DXA/CR000002.dcm,1.2.643.5.1.13.13.12.2.77.8252.09040712010609120601031410140610,6,263,280,right_hip,True,0.0,,,,,0.0,0.0,,,0,0.0,0,0.0,False,0.0,,,,,,,,4.726791678753773,4.726791678753773,29.4,106.05000000000001,0.0,0.7675107746068931,37.8,18.58864997087939,65.10000000000001,10.2,276.15000000000003,168.0,263.0,0.375,0.18999185225420967,1.0,0.20714285714285716,0.175,0.5759249875867273,0.19046120674492042,0.9744212599029782,0.38133022714038134,2.7182900407687383,0.553691322073405,2.985211415259124,-13.567037856726827,3.1854024461269175,-15.194676761793803,3.4523238206173117,-15.622315666860784,3.7192451951076975,-22.04995457192776,4.586166569598092,-22.47759347699474,4.853087944088477,-22.798322655794973,5.653278974956271,-23.82596156086195,7.120200349446665,-24.853600465928924,8.58712172393705,-26.4812393709959,10.054043098427444,-27.508878276062884,11.52096447291783,-30.0,13.587885847408225,-30.0,15.588076878276018,-30.0,17.054998252766403,-30.0,18.521919627256796,-30.0,18.58864997087939,-30.0,18.58864997087939,-30.0,18.58864997087939,-30.0,18.58864997087939,left,-0.1081966791754485,4.726791678753773,0.22499999999999998,,,0.0,0.0,0.0,0.0
1.2.840.113619.2.110.512719.20250403092052,/home/user/workspace/dataset_extracted/Датасет/НД_для_обучения/Исследования/1.2.840.113619.2.110.512719.20250403092052/series_003_3_CR/DXA/CR DXA/CR000003.dcm,1.2.643.5.1.13.13.12.2.77.8252.07120303070106110214090814060908,4,263,280,right_hip,True,0.0,,,,,0.0,0.0,,,0,0.0,0,0.0,False,0.0,,,,,,,,4.726791678753773,4.726791678753773,29.4,106.05000000000001,0.0,0.7675107746068931,37.8,18.58864997087939,65.10000000000001,10.2,276.15000000000003,168.0,263.0,0.375,0.18999185225420967,1.0,0.20714285714285716,0.175,0.5759249875867273,0.19046120674492042,0.9744212599029782,0.38133022714038134,2.7182900407687383,0.553691322073405,2.985211415259124,-13.567037856726827,3.1854024461269175,-15.194676761793803,3.4523238206173117,-15.622315666860784,3.7192451951076975,-22.04995457192776,4.586166569598092,-22.47759347699474,4.853087944088477,-22.798322655794973,5.653278974956271,-23.82596156086195,7.120200349446665,-24.853600465928924,8.58712172393705,-26.4812393709959,10.054043098427444,-27.508878276062884,11.52096447291783,-30.0,13.587885847408225,-30.0,15.588076878276018,-30.0,17.054998252766403,-30.0,18.521919627256796,-30.0,18.58864997087939,-30.0,18.58864997087939,-30.0,18.58864997087939,-30.0,18.58864997087939,left,-0.1081966791754485,4.726791678753773,0.22499999999999998,,,0.0,0.0,0.0,0.0
1.2.840.113619.2.110.512719.20250403092052,/home/user/workspace/dataset_extracted/Датасет/НД_для_обучения/Исследования/1.2.840.113619.2.110.512719.20250403092052/series_003_3_CR/DXA/CR DXA/CR000004.dcm,1.2.643.5.1.13.13.12.2.77.8252.14060811030909110008140112131212,8,235,280,right_hip,True,0.0,,,,,0.0,0.0,,,0,0.0,0,0.0,False,0.0,,,,,,,,2.0069691789348862,2.0069691789348862,28.799999999999997,73.5,0.0,-11.063861429446243,63.599999999999994,17.231279853031218,81.9,10.2,246.75,168.0,235.0,0.5035714285714286,0.1915501519756839,1.0,0.21071428571428572,0.16785714285714284,0.5078031919286932,0.13997538894274605,0.9478161132101178,-11.514320706849798,1.9988697401801971,-11.633953284926957,2.1735946111451256,-11.123677718484823,2.304638264368805,-11.243310296561981,2.4793631353337333,-11.36294287463914,2.0540880062986617,-12.082575452716299,2.228812877263573,-12.202208030793457,2.4035377482285014,-12.891932464351322,3.1345814014521807,-13.011565042428481,3.909306272417109,-13.13119762050564,5.284031143382021,-13.250830198582799,6.058756014346948,-14.570462776659957,7.43348088531186,-17.090095354737116,8.808205756276788,-17.17981978829498,9.539249409500467,-17.29945236637214,11.513974280465396,-29.419084944449295,13.488699151430307,-30.0,15.463424022395236,-30.0,16.238148893360165,-30.0,16.369192546583843,-30.0,17.14391741754877,right,0.5056902435258688,2.0069691789348862,0.37857142857142856,0.0,0.0,,,0.0,0.0
1.2.840.113619.2.110.512719.20250403092052,/home/user/workspace/dataset_extracted/Датасет/НД_для_обучения/Исследования/1.2.840.113619.2.110.512719.20250403092052/series_003_3_CR/DXA/CR DXA/CR000005.dcm,1.2.643.5.1.13.13.12.2.77.8252.06111207031100151513000412070105,3,318,300,spine,True,0.0,,0.0,0.0,0.0,,,,,941,592.83,941,592.83,True,4.169341892563596,4.916873174532168,3.8455702202672555,318.0,-0.03290107172300082,0.0,0.0031446540880503146,0.64,,,,,,,,,,,,,,,,,,,,,,,,,,,,,,,,,,,,,,,,,,,,,,,,,,,,,,,,,,,,,,,,,,,,,,,
1.2.840.113619.2.110.512719.20250407113211,/home/user/workspace/dataset_extracted/Датасет/НД_для_обучения/Исследования/1.2.840.113619.2.110.512719.20250407113211/series_001_2_CR/DXA/CR DXA/CR000000.dcm,1.2.643.5.1.13.13.12.2.77.8252.07140808121311040315101301051200,6,263,280,left_hip,True,1.0,Нарушение позиционирования/ротации левого бедра,,,,,,1.0,0.0,0,0.0,0,0.0,False,0.0,,,,,,,,-3.315096041623133,3.315096041623133,28.799999999999997,81.9,0.0,-17.347052947052937,47.4,24.04181894055311,79.8,7.8,276.15000000000003,168.0,263.0,0.36428571428571427,0.19327810972297665,1.0,0.30714285714285716,0.16071428571428573,0.4790502365090386,0.15038155853760998,0.9534613118983909,-18.405154339331542,0.5943600703094375,-18.21595619570302,1.4969966742118628,-18.07405758798163,1.8739741271386776,-17.88485944435311,2.776610731041103,-18.89566130072458,3.679247334943528,-20.506463157096057,4.581883938845953,-20.917265013467535,5.484520542748396,-21.975366405746147,5.861497995675211,-23.586168262117617,6.764134599577636,-24.596970118489097,7.666771203480061,-27.407771974860573,8.569407807382486,-29.01857383123205,9.472044411284912,-30.0,10.974681015187338,-30.0,12.55165846811417,-30.0,14.654295072016595,-30.0,16.75693167591902,-30.0,18.259568279821444,-30.0,19.76220488372387,-30.0,20.139182336650684,-30.0,24.04181894055311,left,-0.44671895973558606,3.315096041623133,0.28214285714285714,,,1.0,0.0,1.0,0.0
1.2.840.113619.2.110.512719.20250407113211,/home/user/workspace/dataset_extracted/Датасет/НД_для_обучения/Исследования/1.2.840.113619.2.110.512719.20250407113211/series_001_2_CR/DXA/CR DXA/CR000001.dcm,1.2.643.5.1.13.13.12.2.77.8252.10011302120900111505101501141402,8,265,280,right_hip,True,0.0,,,,,0.0,0.0,,,33,20.79,33,20.79,True,3.7271626208984903,,,,,,,,-8.32331898629503,8.32331898629503,28.799999999999997,82.95,0.0,-3.5493330087634036,55.8,17.85850048685494,66.15,7.199999999999999,278.25,168.0,265.0,0.4232142857142857,0.1932075471698113,1.0,0.28214285714285714,0.16428571428571428,0.4862481421095382,0.14541070285590596,0.9530594129803245,-4.72561343719573,1.9850243427458736,-4.881543330087646,3.0001752677702256,-4.698490749756581,3.461538461538481,-4.254420642648506,3.8766893865628163,-3.8103505355404224,4.291840311587168,-3.9662804284323383,4.706991236611503,-4.722210321324263,5.722142161635856,-5.139157740993198,6.183505355404111,-6.495087633885123,7.798656280428446,-10.251017526777048,8.813807205452798,-11.006947419668956,10.428958130477133,-11.162877312560862,12.044109055501485,-11.318807205452787,13.65925998052582,-11.73575462512174,14.720623174294076,-11.291684518013648,15.735774099318427,-10.847614410905573,16.750925024342763,-10.325579357351534,17.85850048685494,-10.325579357351534,17.85850048685494,-10.325579357351534,17.85850048685494,-10.325579357351534,17.85850048685494,right,0.4092478779888068,8.32331898629503,0.33214285714285713,0.0,0.0,,,0.0,0.0
1.2.840.113619.2.110.512719.20250407113211,/home/user/workspace/dataset_extracted/Датасет/НД_для_обучения/Исследования/1.2.840.113619.2.110.512719.20250407113211/series_001_2_CR/DXA/CR DXA/CR000002.dcm,1.2.643.5.1.13.13.12.2.77.8252.03030413031313090107050002151508,4,263,280,left_hip,True,1.0,Нарушение позиционирования/ротации левого бедра,,,,,,1.0,0.0,0,0.0,0,0.0,False,0.0,,,,,,,,-3.315096041623133,3.315096041623133,28.799999999999997,81.9,0.0,-17.347052947052937,47.4,24.04181894055311,79.8,7.8,276.15000000000003,168.0,263.0,0.36428571428571427,0.19327810972297665,1.0,0.30714285714285716,0.16071428571428573,0.4790502365090386,0.15038155853760998,0.9534613118983909,-18.405154339331542,0.5943600703094375,-18.21595619570302,1.4969966742118628,-18.07405758798163,1.8739741271386776,-17.88485944435311,2.776610731041103,-18.89566130072458,3.679247334943528,-20.506463157096057,4.581883938845953,-20.917265013467535,5.484520542748396,-21.975366405746147,5.861497995675211,-23.586168262117617,6.764134599577636,-24.596970118489097,7.666771203480061,-27.407771974860573,8.569407807382486,-29.01857383123205,9.472044411284912,-30.0,10.974681015187338,-30.0,12.55165846811417,-30.0,14.654295072016595,-30.0,16.75693167591902,-30.0,18.259568279821444,-30.0,19.76220488372387,-30.0,20.139182336650684,-30.0,24.04181894055311,left,-0.44671895973558606,3.315096041623133,0.28214285714285714,,,1.0,0.0,1.0,0.0
1.2.840.113619.2.110.512719.20250407113211,/home/user/workspace/dataset_extracted/Датасет/НД_для_обучения/Исследования/1.2.840.113619.2.110.512719.20250407113211/series_001_2_CR/DXA/CR DXA/CR000003.dcm,1.2.643.5.1.13.13.12.2.77.8252.13101207101114060008151413130115,3,291,300,spine,True,0.0,,0.0,0.0,0.0,,,,,684,430.92,684,430.92,True,4.110668968440526,0.18970667812388772,0.0007316941949295774,291.0,-0.02184286366489753,0.0,0.003436426116838488,0.36666666666666664,,,,,,,,,,,,,,,,,,,,,,,,,,,,,,,,,,,,,,,,,,,,,,,,,,,,,,,,,,,,,,,,,,,,,,,
1.2.840.113619.2.110.512719.20250407113211,/home/user/workspace/dataset_extracted/Датасет/НД_для_обучения/Исследования/1.2.840.113619.2.110.512719.20250407113211/series_001_2_CR/DXA/CR DXA/CR000004.dcm,1.2.643.5.1.13.13.12.2.77.8252.07150612000412081110110102150004,1,291,300,spine,True,0.0,,0.0,0.0,0.0,,,,,684,430.92,684,430.92,True,4.110668968440526,0.18970667812388772,0.0007316941949295774,291.0,-0.02184286366489753,0.0,0.003436426116838488,0.36666666666666664,,,,,,,,,,,,,,,,,,,,,,,,,,,,,,,,,,,,,,,,,,,,,,,,,,,,,,,,,,,,,,,,,,,,,,,
1.2.840.113619.2.110.512719.20250407113211,/home/user/workspace/dataset_extracted/Датасет/НД_для_обучения/Исследования/1.2.840.113619.2.110.512719.20250407113211/series_001_2_CR/DXA/CR DXA/CR000005.dcm,1.2.643.5.1.13.13.12.2.77.8252.08010006000103071201020606001302,5,265,280,right_hip,True,0.0,,,,,0.0,0.0,,,33,20.79,33,20.79,True,3.7271626208984903,,,,,,,,-8.32331898629503,8.32331898629503,28.799999999999997,82.95,0.0,-3.5493330087634036,55.8,17.85850048685494,66.15,7.199999999999999,278.25,168.0,265.0,0.4232142857142857,0.1932075471698113,1.0,0.28214285714285714,0.16428571428571428,0.4862481421095382,0.14541070285590596,0.9530594129803245,-4.72561343719573,1.9850243427458736,-4.881543330087646,3.0001752677702256,-4.698490749756581,3.461538461538481,-4.254420642648506,3.8766893865628163,-3.8103505355404224,4.291840311587168,-3.9662804284323383,4.706991236611503,-4.722210321324263,5.722142161635856,-5.139157740993198,6.183505355404111,-6.495087633885123,7.798656280428446,-10.251017526777048,8.813807205452798,-11.006947419668956,10.428958130477133,-11.162877312560862,12.044109055501485,-11.318807205452787,13.65925998052582,-11.73575462512174,14.720623174294076,-11.291684518013648,15.735774099318427,-10.847614410905573,16.750925024342763,-10.325579357351534,17.85850048685494,-10.325579357351534,17.85850048685494,-10.325579357351534,17.85850048685494,-10.325579357351534,17.85850048685494,right,0.4092478779888068,8.32331898629503,0.33214285714285713,0.0,0.0,,,0.0,0.0
2.25.10245777060263212829333021434108890537,/home/user/workspace/dataset_extracted/Датасет/НД_для_обучения/Исследования/2.25.10245777060263212829333021434108890537/series_003_2_CR/A2504412435 DXA/CR DXA/CR000000.dcm,1.2.643.5.1.13.13.12.2.77.8252.07000215121313030213041009101409,2,291,280,right_hip,True,0.0,,,,,0.0,0.0,,,38,23.94,38,23.94,True,3.9667347513197533,,,,,,,,-2.835501447607906,2.835501447607906,28.799999999999997,65.10000000000001,0.0,3.4352345697665467,67.2,-16.3288207297726,79.8,3.0,305.55,168.0,138.0,0.48035714285714287,0.18826705940108002,0.4742268041237113,0.30714285714285716,0.16428571428571428,0.464270643598297,0.11894720485122032,0.960075446408594,-0.29462869230187605,-16.560444209412996,-0.1874140666314105,-16.8692755156002,-0.10700309737856344,-17.100898995240602,0.00021152829190214105,-18.609730301427806,0.10742615396237624,-19.51856160761501,0.2146407796328418,-21.027392913802213,0.3218554053033074,-21.936224219989402,0.402266374556163,-22.767847699629815,0.5094810002266286,-24.276679005817005,0.6166956258971027,-25.78551031200421,0.7239102515675683,-26.694341618191412,1.4311248772380338,-27.603172924378615,1.5383395029084994,-28.51200423056582,1.618750472161355,-28.74362771020622,1.7259650978318206,-29.052459016393424,2.433179723502286,-29.96129032258061,2.54039434917276,-30.0,3.2476089748432257,-30.0,3.328019944096081,-30.0,3.4352345697665467,-30.0,right,1.0746102824369026,2.835501447607906,0.4,0.0,0.0,,,0.0,0.0
2.25.10245777060263212829333021434108890537,/home/user/workspace/dataset_extracted/Датасет/НД_для_обучения/Исследования/2.25.10245777060263212829333021434108890537/series_003_2_CR/A2504412435 DXA/CR DXA/CR000001.dcm,1.2.643.5.1.13.13.12.2.77.8252.14131410040814100713070401091213,1,318,300,spine,True,0.0,,0.0,0.0,0.0,,,,,2739,1725.57,2739,1725.57,True,4.351857816232623,1.1748249331539282,0.0026904340837523577,318.0,0.014077159024802957,0.0,0.0031446540880503146,0.37333333333333335,,,,,,,,,,,,,,,,,,,,,,,,,,,,,,,,,,,,,,,,,,,,,,,,,,,,,,,,,,,,,,,,,,,,,,,
2.25.10245777060263212829333021434108890537,/home/user/workspace/dataset_extracted/Датасет/НД_для_обучения/Исследования/2.25.10245777060263212829333021434108890537/series_003_2_CR/A2504412435 DXA/CR DXA/CR000002.dcm,1.2.643.5.1.13.13.12.2.77.8252.03081500040505121009070211080902,3,292,280,left_hip,True,0.0,,,,,,,0.0,0.0,27,17.01,27,17.01,True,3.5670968981876126,,,,,,,,-1.4887955998392217,1.4887955998392217,28.2,66.15,0.0,3.000000000000034,73.8,-17.203686635944724,65.10000000000001,3.0,306.6,168.0,125.0,0.5196428571428572,0.18553082191780823,0.4280821917808219,0.30357142857142855,0.16428571428571428,0.46799828942031163,0.12121167726278058,0.9600915530081052,2.5579538487363604e-14,-17.96742511520741,2.5579538487363604e-14,-18.785743087557638,2.5579538487363604e-14,-18.949481566820303,2.5579538487363604e-14,-20.367799539170534,2.5579538487363604e-14,-22.386117511520762,0.6000000000000255,-23.804435483871007,0.6000000000000255,-24.622753456221236,0.6000000000000255,-25.386491935483907,0.6000000000000255,-26.804809907834134,1.2000000000000342,-27.623127880184363,1.2000000000000342,-27.841445852534594,1.800000000000034,-29.25976382488482,1.800000000000034,-30.0,2.400000000000034,-30.0,3.000000000000034,-30.0,3.000000000000034,-30.0,3.000000000000034,-30.0,3.000000000000034,-30.0,3.000000000000034,-30.0,3.000000000000034,-30.0,left,-1.0872064112028963,1.4887955998392217,0.4392857142857143,,,0.0,0.0,0.0,0.0
2.25.102755089973625799055786462646268820450,/home/user/workspace/dataset_extracted/Датасет/НД_для_обучения/Исследования/2.25.102755089973625799055786462646268820450/series_002_2_CR/A2504257770 DXA/CR DXA/CR000000.dcm,1.2.643.5.1.13.13.12.2.77.8252.01140903011212140408111315130511,3,235,280,left_hip,True,0.0,,,,,,,0.0,0.0,23,14.49,23,14.49,True,3.775508678011224,,,,,,,,-12.598691576003615,12.598691576003615,10.2,73.5,0.0,10.532075933864087,52.199999999999996,7.596700201207238,50.400000000000006,5.3999999999999995,246.75,168.0,235.0,0.39107142857142857,0.16123100303951368,1.0,0.18928571428571428,0.15,0.501288327980983,0.12806461214726958,0.9595898718830199,4.243009360510928,-0.07859679818038216,5.222839646575125,0.22381243985653326,5.807712361123277,0.6006193683842241,6.7875426471874905,0.9030286064211395,8.367372933251703,1.205437844458055,9.347203219315917,2.1078470824949704,9.727033505380131,2.410256320531886,8.511906219928301,3.3870632490595765,8.291736505992514,4.289472487096492,8.671566792056728,5.791881725133408,8.451397078120943,6.694290963170323,9.431227364185157,7.596700201207238,9.621142507217245,7.4479048202257045,9.621142507217245,7.4479048202257045,9.621142507217245,7.4479048202257045,9.621142507217245,7.4479048202257045,9.621142507217245,7.4479048202257045,9.621142507217245,7.4479048202257045,9.621142507217245,7.4479048202257045,9.621142507217245,7.4479048202257045,left,-0.24321720071511124,12.598691576003615,0.31071428571428567,,,0.0,0.0,0.0,0.0
2.25.102755089973625799055786462646268820450,/home/user/workspace/dataset_extracted/Датасет/НД_для_обучения/Исследования/2.25.102755089973625799055786462646268820450/series_002_2_CR/A2504257770 DXA/CR DXA/CR000001.dcm,1.2.643.5.1.13.13.12.2.77.8252.10030113050111051002020402141304,1,287,300,spine,True,1.0,Нарушение оси позвоночника (отклонение более 5 градусов),0.0,1.0,0.0,,,,,665,418.95,665,418.95,True,4.098518754388935,2.227890309536447,3.6887548155040806,287.0,0.10387665604948533,0.0,0.003484320557491289,0.52,,,,,,,,,,,,,,,,,,,,,,,,,,,,,,,,,,,,,,,,,,,,,,,,,,,,,,,,,,,,,,,,,,,,,,,
2.25.102755089973625799055786462646268820450,/home/user/workspace/dataset_extracted/Датасет/НД_для_обучения/Исследования/2.25.102755089973625799055786462646268820450/series_002_2_CR/A2504257770 DXA/CR DXA/CR000002.dcm,1.2.643.5.1.13.13.12.2.77.8252.10100907120107030904131503081506,5,261,280,right_hip,True,1.0,Нарушение позиционирования/ротации правого бедра,,,,1.0,0.0,,,56,35.28,56,35.28,True,3.6434176817407704,,,,,,,,-12.023832493953403,12.023832493953403,25.8,81.9,0.0,4.081250395174441,43.199999999999996,15.744974013328441,60.900000000000006,10.799999999999999,274.05,168.0,261.0,0.33035714285714285,0.19969896004378762,1.0,0.275,0.15,0.5167226363367092,0.14390271924215858,0.9585646685239098,-2.789048925757777,2.163011671872422,-2.6160725350598653,2.946860734202494,-1.5863402420364423,3.2347475309500537,-0.8133638513385307,4.018596593280134,-0.6403874606406191,4.202445655610205,0.13258893005728395,4.386294717940285,0.9055653207551955,4.570143780270365,1.935297613778627,4.858030577017916,3.30827400447653,5.641879639347996,4.081250395174441,6.425728701678076,1.8542267858723447,7.809577764008139,2.0272031765702647,9.19342682633822,1.600179567268168,10.577275888668298,0.8299118602915996,11.46516268541585,0.4028882509895027,14.64901174774593,0.14613234866399125,15.744974013328441,0.14613234866399125,15.744974013328441,0.14613234866399125,15.744974013328441,0.14613234866399125,15.744974013328441,0.14613234866399125,15.744974013328441,right,0.3615863405967235,12.023832493953403,0.2571428571428571,1.0,0.0,,,1.0,0.0
2.25.102755089973625799055786462646268820450,/home/user/workspace/dataset_extracted/Датасет/НД_для_обучения/Исследования/2.25.102755089973625799055786462646268820450/series_002_2_CR/A2504257770 DXA/CR DXA/CR000003.dcm,1.2.643.5.1.13.13.12.2.77.8252.11020107010405070800051206110610,8,261,280,right_hip,True,1.0,Нарушение позиционирования/ротации правого бедра,,,,1.0,0.0,,,56,35.28,56,35.28,True,3.6434176817407704,,,,,,,,-12.023832493953403,12.023832493953403,25.8,81.9,0.0,4.081250395174441,43.199999999999996,15.744974013328441,60.900000000000006,10.799999999999999,274.05,168.0,261.0,0.33035714285714285,0.19969896004378762,1.0,0.275,0.15,0.5167226363367092,0.14390271924215858,0.9585646685239098,-2.789048925757777,2.163011671872422,-2.6160725350598653,2.946860734202494,-1.5863402420364423,3.2347475309500537,-0.8133638513385307,4.018596593280134,-0.6403874606406191,4.202445655610205,0.13258893005728395,4.386294717940285,0.9055653207551955,4.570143780270365,1.935297613778627,4.858030577017916,3.30827400447653,5.641879639347996,4.081250395174441,6.425728701678076,1.8542267858723447,7.809577764008139,2.0272031765702647,9.19342682633822,1.600179567268168,10.577275888668298,0.8299118602915996,11.46516268541585,0.4028882509895027,14.64901174774593,0.14613234866399125,15.744974013328441,0.14613234866399125,15.744974013328441,0.14613234866399125,15.744974013328441,0.14613234866399125,15.744974013328441,0.14613234866399125,15.744974013328441,right,0.3615863405967235,12.023832493953403,0.2571428571428571,1.0,0.0,,,1.0,0.0
2.25.102755089973625799055786462646268820450,/home/user/workspace/dataset_extracted/Датасет/НД_для_обучения/Исследования/2.25.102755089973625799055786462646268820450/series_002_2_CR/A2504257770 DXA/CR DXA/CR000004.dcm,1.2.643.5.1.13.13.12.2.77.8252.07001207050006000600091513060701,7,287,300,spine,True,1.0,Нарушение оси позвоночника (отклонение более 5 градусов),0.0,1.0,0.0,,,,,665,418.95,665,418.95,True,4.098518754388935,2.227890309536447,3.6887548155040806,287.0,0.10387665604948533,0.0,0.003484320557491289,0.52,,,,,,,,,,,,,,,,,,,,,,,,,,,,,,,,,,,,,,,,,,,,,,,,,,,,,,,,,,,,,,,,,,,,,,,
2.25.102755089973625799055786462646268820450,/home/user/workspace/dataset_extracted/Датасет/НД_для_обучения/Исследования/2.25.102755089973625799055786462646268820450/series_002_2_CR/A2504257770 DXA/CR DXA/CR000005.dcm,1.2.643.5.1.13.13.12.2.77.8252.10091111150614140108020903000009,9,235,280,left_hip,True,0.0,,,,,,,0.0,0.0,23,14.49,23,14.49,True,3.775508678011224,,,,,,,,-12.598691576003615,12.598691576003615,10.2,73.5,0.0,10.532075933864087,52.199999999999996,7.596700201207238,50.400000000000006,5.3999999999999995,246.75,168.0,235.0,0.39107142857142857,0.16123100303951368,1.0,0.18928571428571428,0.15,0.501288327980983,0.12806461214726958,0.9595898718830199,4.243009360510928,-0.07859679818038216,5.222839646575125,0.22381243985653326,5.807712361123277,0.6006193683842241,6.7875426471874905,0.9030286064211395,8.367372933251703,1.205437844458055,9.347203219315917,2.1078470824949704,9.727033505380131,2.410256320531886,8.511906219928301,3.3870632490595765,8.291736505992514,4.289472487096492,8.671566792056728,5.791881725133408,8.451397078120943,6.694290963170323,9.431227364185157,7.596700201207238,9.621142507217245,7.4479048202257045,9.621142507217245,7.4479048202257045,9.621142507217245,7.4479048202257045,9.621142507217245,7.4479048202257045,9.621142507217245,7.4479048202257045,9.621142507217245,7.4479048202257045,9.621142507217245,7.4479048202257045,9.621142507217245,7.4479048202257045,left,-0.24321720071511124,12.598691576003615,0.31071428571428567,,,0.0,0.0,0.0,0.0
2.25.102965897799404973225419898683246248872,/home/user/workspace/dataset_extracted/Датасет/НД_для_обучения/Исследования/2.25.102965897799404973225419898683246248872/series_001_2_CR/A250726353 DXA/CR DXA/CR000000.dcm,1.2.643.5.1.13.13.12.2.77.8252.10140807011010031112140700150015,3,235,280,left_hip,True,0.0,,,,,,,0.0,0.0,0,0.0,0,0.0,False,0.0,,,,,,,,-15.125776036637799,15.125776036637799,26.4,84.0,0.0,8.105569620253144,43.199999999999996,10.464978902953584,59.85,3.5999999999999996,246.75,168.0,235.0,0.3339285714285714,0.17805471124620062,1.0,0.22857142857142856,0.15714285714285714,0.45225800094326873,0.12871482096883174,0.936791110341151,3.9087341772151687,0.3065189873417751,5.587468354430362,0.3147046413502096,6.846518987341753,1.0708438818565356,5.525253164556937,1.67902953586497,1.203987341772131,2.2872151898734217,1.0827215189873072,3.495400843881856,0.9614556962025176,4.70358649789029,1.0205063291138912,6.059725738396634,1.4992405063291017,7.867911392405068,1.3779746835442779,7.276097046413502,1.856708860759471,7.284282700421937,0.5354430379746645,7.2924683544303885,0.4141772151898408,7.300654008438823,1.6732278481012486,9.256793248945149,2.7519620253164248,10.464978902953584,2.7519620253164248,10.464978902953584,2.7519620253164248,10.464978902953584,2.7519620253164248,10.464978902953584,2.7519620253164248,10.464978902953584,2.7519620253164248,10.464978902953584,left,-0.34037562312276903,15.125776036637799,0.2571428571428571,,,0.0,0.0,0.0,0.0
2.25.102965897799404973225419898683246248872,/home/user/workspace/dataset_extracted/Датасет/НД_для_обучения/Исследования/2.25.102965897799404973225419898683246248872/series_001_2_CR/A250726353 DXA/CR DXA/CR000001.dcm,1.2.643.5.1.13.13.12.2.77.8252.11011413051206050400150606100110,1,315,300,spine,True,0.0,,0.0,0.0,0.0,,,,,12,7.5600000000000005,12,7.5600000000000005,True,3.6980210193800156,1.6076297607842107,0.2591955682597731,315.0,-0.0032754266334740125,0.0,0.0031746031746031746,0.31666666666666665,,,,,,,,,,,,,,,,,,,,,,,,,,,,,,,,,,,,,,,,,,,,,,,,,,,,,,,,,,,,,,,,,,,,,,,
2.25.102965897799404973225419898683246248872,/home/user/workspace/dataset_extracted/Датасет/НД_для_обучения/Исследования/2.25.102965897799404973225419898683246248872/series_001_2_CR/A250726353 DXA/CR DXA/CR000002.dcm,1.2.643.5.1.13.13.12.2.77.8252.06050309100102041203101101110913,5,263,280,right_hip,True,0.0,,,,,0.0,0.0,,,0,0.0,0,0.0,False,0.0,,,,,,,,-8.237899064892826,8.237899064892826,27.0,81.9,0.0,-12.0451953110181,42.6,20.341471187040813,66.15,8.4,276.15000000000003,168.0,263.0,0.33035714285714285,0.199130907115698,1.0,0.3142857142857143,0.15714285714285714,0.47562099870826025,0.14454752736769544,0.9491151364012808,-12.288832686301037,2.5667016527776014,-13.976107436866931,2.6632961974734255,-14.641563499791351,2.8857421059952686,-14.528838250357236,3.5823366506910927,-15.016113000923129,3.6789311953869,-14.903387751489014,4.375525740082708,-15.990662502054908,5.672120284778515,-16.656118564979327,6.494566193300375,-17.743393315545212,7.791160737996182,-18.230668066111097,9.68775528269199,-22.91794281667699,12.184349827387814,-24.605217567242885,14.080944372083621,-25.09249231780877,15.377538916779429,-25.757948380733183,14.999984825301288,-27.445223131299077,16.296579369997094,-29.73249788186497,17.5931739146929,-30.0,20.341471187040813,-30.0,20.341471187040813,-30.0,20.341471187040813,-30.0,20.341471187040813,right,0.4250728838929493,8.237899064892826,0.25357142857142856,0.0,0.0,,,0.0,0.0
2.25.103868781101960771917584077315578649178,/home/user/workspace/dataset_extracted/Датасет/НД_для_обучения/Исследования/2.25.103868781101960771917584077315578649178/series_001_3_CR/A2507485409 DXA/CR DXA/CR000000.dcm,1.2.643.5.1.13.13.12.2.77.8252.15031208100010080909150509041308,3,322,280,left_hip,True,0.0,,,,,,,0.0,0.0,35,22.05,35,22.05,True,3.247827083360866,,,,,,,,0.21356350665825055,0.21356350665825055,27.599999999999998,99.75,0.0,5.552452407614797,43.8,-16.514176931690976,105.0,3.0,338.1,168.0,195.0,0.3464285714285714,0.2233251996450754,0.6055900621118012,0.44285714285714284,0.16071428571428573,0.49526653209622334,0.10551693085653839,0.9722758863026106,-0.3453863381858667,-17.137760358342714,-0.4081410974243937,-18.36920492721169,-0.45520716685328466,-18.392788353863427,-0.517961926091803,-19.024232922732406,0.019283314669669947,-19.65567749160139,-0.04347144456884848,-20.28712206047037,-0.10622620380737544,-20.918566629339345,-0.1532922732362664,-20.942150055991082,0.3839529675252152,-21.57359462486006,0.3211982082866882,-21.605039193729045,0.2584434490481698,-22.836483762598025,0.7956886898096514,-23.467928331467,0.7329339305711243,-24.099372900335986,1.2858678611422334,-24.722956326987724,1.823113101903715,-24.7544008958567,2.360358342665188,-25.38584546472568,2.8976035834266693,-26.017290033594666,2.8348488241881427,-26.64873460246364,3.3877827547592516,-26.672318029115377,3.3250279955207334,-26.703762597984355,left,-0.5292712563476591,0.21356350665825055,0.2607142857142857,,,0.0,0.0,0.0,0.0
2.25.103868781101960771917584077315578649178,/home/user/workspace/dataset_extracted/Датасет/НД_для_обучения/Исследования/2.25.103868781101960771917584077315578649178/series_001_3_CR/A2507485409 DXA/CR DXA/CR000001.dcm,1.2.643.5.1.13.13.12.2.77.8252.12051209130410130502141403101414,5,320,280,right_hip,True,0.0,,,,,0.0,0.0,,,0,0.0,0,0.0,False,0.0,,,,,,,,-1.6967731070402772,1.6967731070402772,28.2,110.25,0.0,-17.24765498652291,37.199999999999996,27.41714493054113,111.30000000000001,8.4,336.0,168.0,320.0,0.30178571428571427,0.18880580357142857,1.0,0.32857142857142857,0.16428571428571428,0.4216209876102964,0.08841975223272552,0.9658052936363719,-17.27288409703504,0.5520298569354934,-18.971967654986518,1.004113622226805,-19.49628032345013,1.4931764461952866,-21.195363881401615,1.3452602114866068,-21.69444743935309,2.3973439767779183,-22.793530997304575,2.84942774206923,-23.292614555256062,3.301511507360541,-23.816927223719667,4.390574331329023,-23.71601078167115,5.442658096620335,-24.215094339622638,6.494741861911646,-24.714177897574114,7.546825627202957,-25.8132614555256,7.998909392494277,-26.312345013477085,9.05099315778558,-26.236657681940688,9.54005598175407,-26.735741239892175,9.992139747045382,-27.23482479784366,10.444223512336693,-28.933908355795136,10.896307277628006,-30.0,11.948391042919317,-30.0,13.037453866887807,-30.0,14.689537632179118,right,0.4276045576385585,1.6967731070402772,0.2214285714285714,0.0,0.0,,,0.0,0.0
2.25.103868781101960771917584077315578649178,/home/user/workspace/dataset_extracted/Датасет/НД_для_обучения/Исследования/2.25.103868781101960771917584077315578649178/series_001_3_CR/A2507485409 DXA/CR DXA/CR000002.dcm,1.2.643.5.1.13.13.12.2.77.8252.08120904010605130814050710080508,1,289,300,spine,True,0.0,,0.0,0.0,0.0,,,,,920,579.6,920,579.6,True,4.232311281526335,0.633276214442738,1.2106353245132198,289.0,0.013071864968416662,0.0,0.0034602076124567475,0.6033333333333334,,,,,,,,,,,,,,,,,,,,,,,,,,,,,,,,,,,,,,,,,,,,,,,,,,,,,,,,,,,,,,,,,,,,,,,
2.25.105033841136787477881326326053319223817,/home/user/workspace/dataset_extracted/Датасет/НД_для_обучения/Исследования/2.25.105033841136787477881326326053319223817/series_001_2_CR/A250790559 DXA/CR DXA/CR000000.dcm,1.2.643.5.1.13.13.12.2.77.8252.00071307071102020311080215100104,1,318,300,spine,True,0.0,,0.0,0.0,0.0,,,,,379,238.77,379,238.77,True,3.852809525209454,4.0953581272009485,3.2187746994050723,318.0,-0.018563251581770808,0.0,0.0031446540880503146,0.6666666666666666,,,,,,,,,,,,,,,,,,,,,,,,,,,,,,,,,,,,,,,,,,,,,,,,,,,,,,,,,,,,,,,,,,,,,,,
2.25.105033841136787477881326326053319223817,/home/user/workspace/dataset_extracted/Датасет/НД_для_обучения/Исследования/2.25.105033841136787477881326326053319223817/series_001_2_CR/A250790559 DXA/CR DXA/CR000001.dcm,1.2.643.5.1.13.13.12.2.77.8252.12021012060504060503030002061208,3,318,300,spine,True,0.0,,0.0,0.0,0.0,,,,,379,238.77,379,238.77,True,3.852809525209454,4.0953581272009485,3.2187746994050723,318.0,-0.018563251581770808,0.0,0.0031446540880503146,0.6666666666666666,,,,,,,,,,,,,,,,,,,,,,,,,,,,,,,,,,,,,,,,,,,,,,,,,,,,,,,,,,,,,,,,,,,,,,,
2.25.105033841136787477881326326053319223817,/home/user/workspace/dataset_extracted/Датасет/НД_для_обучения/Исследования/2.25.105033841136787477881326326053319223817/series_001_2_CR/A250790559 DXA/CR DXA/CR000002.dcm,1.2.643.5.1.13.13.12.2.77.8252.11131406091213131205130612021414,4,265,280,left_hip,True,0.0,,,,,,,0.0,0.0,0,0.0,0,0.0,False,0.0,,,,,,,,-2.9399129069717578,2.9399129069717578,30.0,82.95,0.0,7.518140214216149,45.0,22.14975657254138,65.10000000000001,38.4,278.25,168.0,265.0,0.3517857142857143,0.2984097035040431,1.0,0.3392857142857143,0.17142857142857143,0.6158958497559892,0.18149567131850497,0.9378239808376576,-0.0253261927945573,5.18024342745864,-0.5188802336903763,5.455296981499532,-0.4390457643622341,5.211587147030201,-0.3325998052580445,4.886640701071093,-0.22615384615386347,5.161694255111985,-0.11970788704967389,4.836747809152894,-0.013261927945484331,4.511801363193785,0.06657254138265785,4.868091528724454,0.7730185004868388,5.743145082765346,0.8794644595910285,7.218198636806238,1.5859104186952095,8.69325219084713,2.892356377799399,10.16830574488804,4.198802336903588,12.243359298928931,4.8786368062317305,13.7996494644596,6.1850827653359115,17.07470301850049,7.491528724440101,22.14975657254138,7.518140214216149,22.068519961051607,7.518140214216149,22.068519961051607,7.518140214216149,22.068519961051607,7.518140214216149,22.068519961051607,left,-0.4624683178456763,2.9399129069717578,0.26785714285714285,,,0.0,0.0,0.0,0.0
2.25.105033841136787477881326326053319223817,/home/user/workspace/dataset_extracted/Датасет/НД_для_обучения/Исследования/2.25.105033841136787477881326326053319223817/series_001_2_CR/A250790559 DXA/CR DXA/CR000003.dcm,1.2.643.5.1.13.13.12.2.77.8252.14130208070502001411050502150202,8,237,280,right_hip,True,0.0,,,,,0.0,0.0,,,14,8.82,14,8.82,True,3.5763427537198704,,,,,,,,-13.273786105979218,13.273786105979218,28.2,80.85000000000001,0.0,6.070224512329747,59.4,15.847678637152324,50.400000000000006,9.6,248.85000000000002,168.0,237.0,0.4392857142857143,0.20113019891500905,1.0,0.25357142857142856,0.16785714285714284,0.46401120698015486,0.1446563863098365,0.9232207155737708,3.892917608707046,0.9222882380777206,5.485935117514037,1.1336873652663257,4.880698249119268,2.0422367106577837,5.8737157579262425,2.8536358378463715,5.066733266733252,4.265034965034976,1.859750775540226,5.676434092223581,1.0527682843472006,7.687833219412187,0.44753141595244866,9.196382564803628,0.24054892475942324,11.207781691992233,0.033566433566414845,11.41918081918082,0.4265839423734064,13.430579946369425,2.019601451180381,14.84197907355803,2.8161102055838683,15.847678637152324,2.8161102055838683,15.847678637152324,2.8161102055838683,15.847678637152324,2.8161102055838683,15.847678637152324,2.8161102055838683,15.847678637152324,2.8161102055838683,15.847678637152324,2.8161102055838683,15.847678637152324,2.8161102055838683,15.847678637152324,right,0.5189578595371682,13.273786105979218,0.35357142857142854,0.0,0.0,,,0.0,0.0
2.25.105033841136787477881326326053319223817,/home/user/workspace/dataset_extracted/Датасет/НД_для_обучения/Исследования/2.25.105033841136787477881326326053319223817/series_001_2_CR/A250790559 DXA/CR DXA/CR000004.dcm,1.2.643.5.1.13.13.12.2.77.8252.11120508121303130402081303070008,5,237,280,right_hip,True,0.0,,,,,0.0,0.0,,,14,8.82,14,8.82,True,3.5763427537198704,,,,,,,,-13.273786105979218,13.273786105979218,28.2,80.85000000000001,0.0,6.070224512329747,59.4,15.847678637152324,50.400000000000006,9.6,248.85000000000002,168.0,237.0,0.4392857142857143,0.20113019891500905,1.0,0.25357142857142856,0.16785714285714284,0.46401120698015486,0.1446563863098365,0.9232207155737708,3.892917608707046,0.9222882380777206,5.485935117514037,1.1336873652663257,4.880698249119268,2.0422367106577837,5.8737157579262425,2.8536358378463715,5.066733266733252,4.265034965034976,1.859750775540226,5.676434092223581,1.0527682843472006,7.687833219412187,0.44753141595244866,9.196382564803628,0.24054892475942324,11.207781691992233,0.033566433566414845,11.41918081918082,0.4265839423734064,13.430579946369425,2.019601451180381,14.84197907355803,2.8161102055838683,15.847678637152324,2.8161102055838683,15.847678637152324,2.8161102055838683,15.847678637152324,2.8161102055838683,15.847678637152324,2.8161102055838683,15.847678637152324,2.8161102055838683,15.847678637152324,2.8161102055838683,15.847678637152324,2.8161102055838683,15.847678637152324,right,0.5189578595371682,13.273786105979218,0.35357142857142854,0.0,0.0,,,0.0,0.0
2.25.105033841136787477881326326053319223817,/home/user/workspace/dataset_extracted/Датасет/НД_для_обучения/Исследования/2.25.105033841136787477881326326053319223817/series_001_2_CR/A250790559 DXA/CR DXA/CR000005.dcm,1.2.643.5.1.13.13.12.2.77.8252.03090510061307040702090411010105,6,265,280,left_hip,True,0.0,,,,,,,0.0,0.0,0,0.0,0,0.0,False,0.0,,,,,,,,-2.9399129069717578,2.9399129069717578,30.0,82.95,0.0,7.518140214216149,45.0,22.14975657254138,65.10000000000001,38.4,278.25,168.0,265.0,0.3517857142857143,0.2984097035040431,1.0,0.3392857142857143,0.17142857142857143,0.6158958497559892,0.18149567131850497,0.9378239808376576,-0.0253261927945573,5.18024342745864,-0.5188802336903763,5.455296981499532,-0.4390457643622341,5.211587147030201,-0.3325998052580445,4.886640701071093,-0.22615384615386347,5.161694255111985,-0.11970788704967389,4.836747809152894,-0.013261927945484331,4.511801363193785,0.06657254138265785,4.868091528724454,0.7730185004868388,5.743145082765346,0.8794644595910285,7.218198636806238,1.5859104186952095,8.69325219084713,2.892356377799399,10.16830574488804,4.198802336903588,12.243359298928931,4.8786368062317305,13.7996494644596,6.1850827653359115,17.07470301850049,7.491528724440101,22.14975657254138,7.518140214216149,22.068519961051607,7.518140214216149,22.068519961051607,7.518140214216149,22.068519961051607,7.518140214216149,22.068519961051607,left,-0.4624683178456763,2.9399129069717578,0.26785714285714285,,,0.0,0.0,0.0,0.0
2.25.108537195937431169718850276671337677972,/home/user/workspace/dataset_extracted/Датасет/НД_для_обучения/Исследования/2.25.108537195937431169718850276671337677972/series_002_2_CR/A250479795 DXA/CR DXA/CR000000.dcm,1.2.643.5.1.13.13.12.2.77.8252.14031513011512070711151413071213,1,289,300,spine,True,0.0,,0.0,0.0,0.0,,,,,616,388.08,616,388.08,True,4.455119884187783,0.7767982443327036,1.7589006665023004,289.0,-0.02639711128513009,0.0,0.0034602076124567475,0.31333333333333335,,,,,,,,,,,,,,,,,,,,,,,,,,,,,,,,,,,,,,,,,,,,,,,,,,,,,,,,,,,,,,,,,,,,,,,
2.25.11175860580562939441493697221497597640,/home/user/workspace/dataset_extracted/Датасет/НД_для_обучения/Исследования/2.25.11175860580562939441493697221497597640/series_003_2_CR/A2507431060 DXA/CR DXA/CR000000.dcm,1.2.643.5.1.13.13.12.2.77.8252.07121414121104070401050315140813,5,348,280,right_hip,False,,,,,,,,,,7869,4957.47,7869,4957.47,True,7.772807199426981,,,,,,,,-1.6876278536615332,1.6876278536615332,26.4,111.30000000000001,2.1449459656901,6.942554853011558,31.2,9.499059374763833,120.75,6.0,365.40000000000003,168.0,221.0,0.25892857142857145,0.3102832512315271,0.6350574712643678,0.625,0.15,0.8256760282646998,0.26698232678058875,0.9832177164734713,-0.09757916215331335,3.878312215028839,-0.07242864700103695,6.655971987807635,-0.05356576063682752,7.689216817391738,-0.028415245484546856,8.066876590170533,-0.0032647303322704603,8.444536362949338,0.6218857848200059,8.222196135728135,0.6470362999722866,7.399855908506939,1.265899186336496,6.633100738091042,1.2910497014887723,6.410760510869838,1.916200216641053,6.188420283648633,1.9413507317933294,6.566080056427438,2.56650124694561,7.543739829206234,3.7916517620978865,8.52139960198503,4.410514648462096,8.954644431569132,5.635665163614377,-5.067695795652062,6.260815678766653,-5.290036022873267,6.88596619391893,-4.912376250094462,6.91111670907121,-4.5347164773156665,6.9299795954354195,-4.701471647731563,6.355130110587695,2.276188125047233,right,0.9663363745829509,1.6876278536615332,0.18571428571428572,,,,,,
2.25.11175860580562939441493697221497597640,/home/user/workspace/dataset_extracted/Датасет/НД_для_обучения/Исследования/2.25.11175860580562939441493697221497597640/series_003_2_CR/A2507431060 DXA/CR DXA/CR000001.dcm,1.2.643.5.1.13.13.12.2.77.8252.11051001091403121310010813110103,3,315,300,spine,True,1.0,"Наличие посторонних предметов, артефактов или наложений",0.0,0.0,1.0,,,,,262,165.06,262,165.06,True,3.853718291819103,1.3885898597776938,1.6599799042336958,315.0,-0.029112670532537757,0.0,0.0031746031746031746,0.5266666666666666,,,,,,,,,,,,,,,,,,,,,,,,,,,,,,,,,,,,,,,,,,,,,,,,,,,,,,,,,,,,,,,,,,,,,,,
2.25.11175860580562939441493697221497597640,/home/user/workspace/dataset_extracted/Датасет/НД_для_обучения/Исследования/2.25.11175860580562939441493697221497597640/series_003_2_CR/A2507431060 DXA/CR DXA/CR000002.dcm,1.2.643.5.1.13.13.12.2.77.8252.12051512011202090502051206130907,4,291,280,left_hip,True,0.0,,,,,,,0.0,0.0,0,0.0,0,0.0,False,0.0,,,,,,,,-2.2900059001281363,2.2900059001281363,27.599999999999998,113.4,11.201040898568104,6.688114359751173,44.4,14.783007992988246,103.95,4.2,305.55,168.0,207.0,0.3375,0.2501963672066765,0.711340206185567,0.3357142857142857,0.15,0.5832746809680595,0.167016111062749,0.9579476789569878,0.41145598140368517,2.688286794897439,0.43157659073804383,2.9724961178275064,0.44666704773881916,2.735653110025055,1.0667876570731778,2.4198624329551137,1.086908266407545,2.7040717558851726,1.7070288757419034,2.988281078815231,2.3271494850762706,3.872490401745307,2.942239942077046,4.835647393942838,3.5623605514114045,5.719856716872914,4.1824811607457715,6.604066039802973,5.40260177008013,8.08827536273303,6.022722379414497,9.57248468566309,6.642842988748856,11.656694008593165,6.657933445749632,13.219851000790698,6.67805405508399,-4.495939676279226,6.098174664418357,-15.611730353349166,5.518295273752716,-15.927521030419108,4.338415883087083,-19.24331170748905,4.35350634008785,-20.6801547152915,3.773626949422217,-20.995945392361442,left,-0.480152985450253,2.2900059001281363,0.2642857142857143,,,0.0,0.0,0.0,0.0
2.25.11175860580562939441493697221497597640,/home/user/workspace/dataset_extracted/Датасет/НД_для_обучения/Исследования/2.25.11175860580562939441493697221497597640/series_003_2_CR/A2507431060 DXA/CR DXA/CR000003.dcm,1.2.643.5.1.13.13.12.2.77.8252.08110803080105090710150006100300,6,291,280,left_hip,True,0.0,,,,,,,0.0,0.0,0,0.0,0,0.0,False,0.0,,,,,,,,-2.2900059001281363,2.2900059001281363,27.599999999999998,113.4,11.201040898568104,6.688114359751173,44.4,14.783007992988246,103.95,4.2,305.55,168.0,207.0,0.3375,0.2501963672066765,0.711340206185567,0.3357142857142857,0.15,0.5832746809680595,0.167016111062749,0.9579476789569878,0.41145598140368517,2.688286794897439,0.43157659073804383,2.9724961178275064,0.44666704773881916,2.735653110025055,1.0667876570731778,2.4198624329551137,1.086908266407545,2.7040717558851726,1.7070288757419034,2.988281078815231,2.3271494850762706,3.872490401745307,2.942239942077046,4.835647393942838,3.5623605514114045,5.719856716872914,4.1824811607457715,6.604066039802973,5.40260177008013,8.08827536273303,6.022722379414497,9.57248468566309,6.642842988748856,11.656694008593165,6.657933445749632,13.219851000790698,6.67805405508399,-4.495939676279226,6.098174664418357,-15.611730353349166,5.518295273752716,-15.927521030419108,4.338415883087083,-19.24331170748905,4.35350634008785,-20.6801547152915,3.773626949422217,-20.995945392361442,left,-0.480152985450253,2.2900059001281363,0.2642857142857143,,,0.0,0.0,0.0,0.0
2.25.11175860580562939441493697221497597640,/home/user/workspace/dataset_extracted/Датасет/НД_для_обучения/Исследования/2.25.11175860580562939441493697221497597640/series_003_2_CR/A2507431060 DXA/CR DXA/CR000004.dcm,1.2.643.5.1.13.13.12.2.77.8252.13030903151515081500090603041412,1,315,300,spine,True,1.0,"Наличие посторонних предметов, артефактов или наложений",0.0,0.0,1.0,,,,,262,165.06,262,165.06,True,3.853718291819103,1.3885898597776938,1.6599799042336958,315.0,-0.029112670532537757,0.0,0.0031746031746031746,0.5266666666666666,,,,,,,,,,,,,,,,,,,,,,,,,,,,,,,,,,,,,,,,,,,,,,,,,,,,,,,,,,,,,,,,,,,,,,,
2.25.11175860580562939441493697221497597640,/home/user/workspace/dataset_extracted/Датасет/НД_для_обучения/Исследования/2.25.11175860580562939441493697221497597640/series_003_2_CR/A2507431060 DXA/CR DXA/CR000005.dcm,1.2.643.5.1.13.13.12.2.77.8252.08101400121500101415120401040211,8,348,280,right_hip,False,,,,,,,,,,7869,4957.47,7869,4957.47,True,7.772807199426981,,,,,,,,-1.6876278536615332,1.6876278536615332,26.4,111.30000000000001,2.1449459656901,6.942554853011558,31.2,9.499059374763833,120.75,6.0,365.40000000000003,168.0,221.0,0.25892857142857145,0.3102832512315271,0.6350574712643678,0.625,0.15,0.8256760282646998,0.26698232678058875,0.9832177164734713,-0.09757916215331335,3.878312215028839,-0.07242864700103695,6.655971987807635,-0.05356576063682752,7.689216817391738,-0.028415245484546856,8.066876590170533,-0.0032647303322704603,8.444536362949338,0.6218857848200059,8.222196135728135,0.6470362999722866,7.399855908506939,1.265899186336496,6.633100738091042,1.2910497014887723,6.410760510869838,1.916200216641053,6.188420283648633,1.9413507317933294,6.566080056427438,2.56650124694561,7.543739829206234,3.7916517620978865,8.52139960198503,4.410514648462096,8.954644431569132,5.635665163614377,-5.067695795652062,6.260815678766653,-5.290036022873267,6.88596619391893,-4.912376250094462,6.91111670907121,-4.5347164773156665,6.9299795954354195,-4.701471647731563,6.355130110587695,2.276188125047233,right,0.9663363745829509,1.6876278536615332,0.18571428571428572,,,,,,
2.25.112621744005021908434051268014787122937,/home/user/workspace/dataset_extracted/Датасет/НД_для_обучения/Исследования/2.25.112621744005021908434051268014787122937/series_002_2_CR/A2504301685 DXA/CR DXA/CR000000.dcm,1.2.643.5.1.13.13.12.2.77.8252.15090515141309140806011408041204,1,291,300,spine,True,0.0,,0.0,0.0,0.0,,,,,233,146.79,233,146.79,True,3.404115660754722,9.026454600527487,7.395876936994311,291.0,-0.08282133971060707,0.0,0.003436426116838488,0.68,,,,,,,,,,,,,,,,,,,,,,,,,,,,,,,,,,,,,,,,,,,,,,,,,,,,,,,,,,,,,,,,,,,,,,,
2.25.114887542067602662452692698814728642117,/home/user/workspace/dataset_extracted/Датасет/НД_для_обучения/Исследования/2.25.114887542067602662452692698814728642117/series_001_2_CR/A2504131887 DXA/CR DXA/CR000000.dcm,1.2.643.5.1.13.13.12.2.77.8252.03150400010605060115070904121304,2,320,280,right_hip,True,1.0,Нарушение позиционирования/ротации правого бедра,,,,1.0,0.0,,,0,0.0,0,0.0,False,0.0,,,,,,,,-15.476233562255773,15.476233562255773,29.4,108.15,0.0,10.241448842419663,46.199999999999996,16.75277863199051,92.4,9.6,336.0,168.0,320.0,0.3625,0.20345982142857144,1.0,0.3607142857142857,0.17857142857142858,0.44545189298033044,0.10791207242596682,0.954287808809234,2.4751350876421667,3.4083600579888467,4.150643588279172,3.958094275798464,5.407274963756913,4.070394939155665,7.082783464393918,4.0201291569652655,8.158291965030923,4.569863374774866,8.633800465667912,5.119597592584467,9.709308966304917,5.669331810394067,9.165940341782658,5.781632473751267,10.241448842419663,5.131366691560868,9.516957343056651,5.6811009093704685,8.192465843693673,6.230835127180069,6.2679743443306615,6.780569344989686,5.54348284496765,7.930303562799287,5.0001142204454085,8.642604226156488,4.875622721082413,9.792338443966088,4.751131221719402,10.942072661775688,4.026639722356407,13.29180687958529,4.502148222993412,13.841541097394906,5.1587795984711535,13.953841760752107,5.634288099108159,14.503575978561706,right,0.7400375007980831,15.476233562255773,0.27499999999999997,1.0,0.0,,,1.0,0.0
2.25.114887542067602662452692698814728642117,/home/user/workspace/dataset_extracted/Датасет/НД_для_обучения/Исследования/2.25.114887542067602662452692698814728642117/series_001_2_CR/A2504131887 DXA/CR DXA/CR000001.dcm,1.2.643.5.1.13.13.12.2.77.8252.15050814070214050107040604101305,3,320,280,right_hip,True,1.0,Нарушение позиционирования/ротации правого бедра,,,,1.0,0.0,,,0,0.0,0,0.0,False,0.0,,,,,,,,-4.8771579658251625,4.8771579658251625,30.599999999999998,100.80000000000001,0.0,-14.875949538795451,31.2,24.79752577319586,116.55000000000001,9.6,336.0,168.0,320.0,0.26785714285714285,0.2003125,1.0,0.3142857142857143,0.16785714285714284,0.4802807837170438,0.12033277013309451,0.9660938757645383,-15.88179598480739,1.7836597938144365,-17.293488876831262,2.055206185567016,-18.202258545849173,2.4088659793814484,-18.413951437873042,3.2804123711340196,-18.025644329896917,4.151958762886599,-18.237337221920786,5.6235051546391785,-18.449030113944662,6.49505154639175,-18.157799782962574,7.448711340206182,-17.76949267498644,8.320257731958762,-17.381185567010316,9.191804123711341,-18.192878459034194,10.063350515463911,-17.80457135105807,10.334896907216491,-17.416264243081944,10.60644329896907,-17.12503391209985,10.360103092783504,-17.936726804123726,10.031649484536075,-19.34841969614759,10.903195876288654,-21.360112588171468,11.174742268041225,-25.171805480195346,12.046288659793804,-29.680575149213247,12.999948453608237,-30.0,13.87149484536081,left,-0.26743541065783316,4.8771579658251625,0.18571428571428572,,,1.0,0.0,1.0,0.0
2.25.114887542067602662452692698814728642117,/home/user/workspace/dataset_extracted/Датасет/НД_для_обучения/Исследования/2.25.114887542067602662452692698814728642117/series_001_2_CR/A2504131887 DXA/CR DXA/CR000002.dcm,1.2.643.5.1.13.13.12.2.77.8252.00111415140915030904140513150113,6,320,280,right_hip,True,1.0,Нарушение позиционирования/ротации правого бедра,,,,1.0,0.0,,,0,0.0,0,0.0,False,0.0,,,,,,,,-4.8771579658251625,4.8771579658251625,30.599999999999998,100.80000000000001,0.0,-14.875949538795451,31.2,24.79752577319586,116.55000000000001,9.6,336.0,168.0,320.0,0.26785714285714285,0.2003125,1.0,0.3142857142857143,0.16785714285714284,0.4802807837170438,0.12033277013309451,0.9660938757645383,-15.88179598480739,1.7836597938144365,-17.293488876831262,2.055206185567016,-18.202258545849173,2.4088659793814484,-18.413951437873042,3.2804123711340196,-18.025644329896917,4.151958762886599,-18.237337221920786,5.6235051546391785,-18.449030113944662,6.49505154639175,-18.157799782962574,7.448711340206182,-17.76949267498644,8.320257731958762,-17.381185567010316,9.191804123711341,-18.192878459034194,10.063350515463911,-17.80457135105807,10.334896907216491,-17.416264243081944,10.60644329896907,-17.12503391209985,10.360103092783504,-17.936726804123726,10.031649484536075,-19.34841969614759,10.903195876288654,-21.360112588171468,11.174742268041225,-25.171805480195346,12.046288659793804,-29.680575149213247,12.999948453608237,-30.0,13.87149484536081,left,-0.26743541065783316,4.8771579658251625,0.18571428571428572,,,1.0,0.0,1.0,0.0
2.25.114887542067602662452692698814728642117,/home/user/workspace/dataset_extracted/Датасет/НД_для_обучения/Исследования/2.25.114887542067602662452692698814728642117/series_001_2_CR/A2504131887 DXA/CR DXA/CR000003.dcm,1.2.643.5.1.13.13.12.2.77.8252.08111114040702130902010708100700,5,320,280,right_hip,True,1.0,Нарушение позиционирования/ротации правого бедра,,,,1.0,0.0,,,0,0.0,0,0.0,False,0.0,,,,,,,,-15.476233562255773,15.476233562255773,29.4,108.15,0.0,10.241448842419663,46.199999999999996,16.75277863199051,92.4,9.6,336.0,168.0,320.0,0.3625,0.20345982142857144,1.0,0.3607142857142857,0.17857142857142858,0.44545189298033044,0.10791207242596682,0.954287808809234,2.4751350876421667,3.4083600579888467,4.150643588279172,3.958094275798464,5.407274963756913,4.070394939155665,7.082783464393918,4.0201291569652655,8.158291965030923,4.569863374774866,8.633800465667912,5.119597592584467,9.709308966304917,5.669331810394067,9.165940341782658,5.781632473751267,10.241448842419663,5.131366691560868,9.516957343056651,5.6811009093704685,8.192465843693673,6.230835127180069,6.2679743443306615,6.780569344989686,5.54348284496765,7.930303562799287,5.0001142204454085,8.642604226156488,4.875622721082413,9.792338443966088,4.751131221719402,10.942072661775688,4.026639722356407,13.29180687958529,4.502148222993412,13.841541097394906,5.1587795984711535,13.953841760752107,5.634288099108159,14.503575978561706,right,0.7400375007980831,15.476233562255773,0.27499999999999997,1.0,0.0,,,1.0,0.0
2.25.114887542067602662452692698814728642117,/home/user/workspace/dataset_extracted/Датасет/НД_для_обучения/Исследования/2.25.114887542067602662452692698814728642117/series_001_2_CR/A2504131887 DXA/CR DXA/CR000004.dcm,1.2.643.5.1.13.13.12.2.77.8252.10001500010311100907131007040004,1,320,300,spine,True,1.0,"Наличие посторонних предметов, артефактов или наложений",0.0,0.0,1.0,,,,,186,117.18,186,117.18,True,3.8035521332394904,6.425131152182246,3.7875094970505163,320.0,-0.05226721574010526,0.0,0.003125,0.7,,,,,,,,,,,,,,,,,,,,,,,,,,,,,,,,,,,,,,,,,,,,,,,,,,,,,,,,,,,,,,,,,,,,,,,
2.25.114887542067602662452692698814728642117,/home/user/workspace/dataset_extracted/Датасет/НД_для_обучения/Исследования/2.25.114887542067602662452692698814728642117/series_001_2_CR/A2504131887 DXA/CR DXA/CR000005.dcm,1.2.643.5.1.13.13.12.2.77.8252.11151502000914000710090013020813,13,320,280,right_hip,True,1.0,Нарушение позиционирования/ротации правого бедра,,,,1.0,0.0,,,0,0.0,0,0.0,False,0.0,,,,,,,,-15.476233562255773,15.476233562255773,29.4,108.15,0.0,10.241448842419663,46.199999999999996,16.75277863199051,92.4,9.6,336.0,168.0,320.0,0.3625,0.20345982142857144,1.0,0.3607142857142857,0.17857142857142858,0.44545189298033044,0.10791207242596682,0.954287808809234,2.4751350876421667,3.4083600579888467,4.150643588279172,3.958094275798464,5.407274963756913,4.070394939155665,7.082783464393918,4.0201291569652655,8.158291965030923,4.569863374774866,8.633800465667912,5.119597592584467,9.709308966304917,5.669331810394067,9.165940341782658,5.781632473751267,10.241448842419663,5.131366691560868,9.516957343056651,5.6811009093704685,8.192465843693673,6.230835127180069,6.2679743443306615,6.780569344989686,5.54348284496765,7.930303562799287,5.0001142204454085,8.642604226156488,4.875622721082413,9.792338443966088,4.751131221719402,10.942072661775688,4.026639722356407,13.29180687958529,4.502148222993412,13.841541097394906,5.1587795984711535,13.953841760752107,5.634288099108159,14.503575978561706,right,0.7400375007980831,15.476233562255773,0.27499999999999997,1.0,0.0,,,1.0,0.0
2.25.114887542067602662452692698814728642117,/home/user/workspace/dataset_extracted/Датасет/НД_для_обучения/Исследования/2.25.114887542067602662452692698814728642117/series_001_2_CR/A2504131887 DXA/CR DXA/CR000006.dcm,1.2.643.5.1.13.13.12.2.77.8252.10141411130204150513090803110213,12,320,280,right_hip,True,1.0,Нарушение позиционирования/ротации правого бедра,,,,1.0,0.0,,,0,0.0,0,0.0,False,0.0,,,,,,,,-4.8771579658251625,4.8771579658251625,30.599999999999998,100.80000000000001,0.0,-14.875949538795451,31.2,24.79752577319586,116.55000000000001,9.6,336.0,168.0,320.0,0.26785714285714285,0.2003125,1.0,0.3142857142857143,0.16785714285714284,0.4802807837170438,0.12033277013309451,0.9660938757645383,-15.88179598480739,1.7836597938144365,-17.293488876831262,2.055206185567016,-18.202258545849173,2.4088659793814484,-18.413951437873042,3.2804123711340196,-18.025644329896917,4.151958762886599,-18.237337221920786,5.6235051546391785,-18.449030113944662,6.49505154639175,-18.157799782962574,7.448711340206182,-17.76949267498644,8.320257731958762,-17.381185567010316,9.191804123711341,-18.192878459034194,10.063350515463911,-17.80457135105807,10.334896907216491,-17.416264243081944,10.60644329896907,-17.12503391209985,10.360103092783504,-17.936726804123726,10.031649484536075,-19.34841969614759,10.903195876288654,-21.360112588171468,11.174742268041225,-25.171805480195346,12.046288659793804,-29.680575149213247,12.999948453608237,-30.0,13.87149484536081,left,-0.26743541065783316,4.8771579658251625,0.18571428571428572,,,1.0,0.0,1.0,0.0
2.25.114887542067602662452692698814728642117,/home/user/workspace/dataset_extracted/Датасет/НД_для_обучения/Исследования/2.25.114887542067602662452692698814728642117/series_001_2_CR/A2504131887 DXA/CR DXA/CR000007.dcm,1.2.643.5.1.13.13.12.2.77.8252.09060814101015050208090100150206,4,320,300,spine,True,1.0,"Наличие посторонних предметов, артефактов или наложений",0.0,0.0,1.0,,,,,186,117.18,186,117.18,True,3.8035521332394904,6.425131152182246,3.7875094970505163,320.0,-0.05226721574010526,0.0,0.003125,0.7,,,,,,,,,,,,,,,,,,,,,,,,,,,,,,,,,,,,,,,,,,,,,,,,,,,,,,,,,,,,,,,,,,,,,,,
2.25.114887542067602662452692698814728642117,/home/user/workspace/dataset_extracted/Датасет/НД_для_обучения/Исследования/2.25.114887542067602662452692698814728642117/series_001_2_CR/A2504131887 DXA/CR DXA/CR000008.dcm,1.2.643.5.1.13.13.12.2.77.8252.11060402050912131204000502001414,11,320,280,right_hip,True,1.0,Нарушение позиционирования/ротации правого бедра,,,,1.0,0.0,,,0,0.0,0,0.0,False,0.0,,,,,,,,-15.476233562255773,15.476233562255773,29.4,108.15,0.0,10.241448842419663,46.199999999999996,16.75277863199051,92.4,9.6,336.0,168.0,320.0,0.3625,0.20345982142857144,1.0,0.3607142857142857,0.17857142857142858,0.44545189298033044,0.10791207242596682,0.954287808809234,2.4751350876421667,3.4083600579888467,4.150643588279172,3.958094275798464,5.407274963756913,4.070394939155665,7.082783464393918,4.0201291569652655,8.158291965030923,4.569863374774866,8.633800465667912,5.119597592584467,9.709308966304917,5.669331810394067,9.165940341782658,5.781632473751267,10.241448842419663,5.131366691560868,9.516957343056651,5.6811009093704685,8.192465843693673,6.230835127180069,6.2679743443306615,6.780569344989686,5.54348284496765,7.930303562799287,5.0001142204454085,8.642604226156488,4.875622721082413,9.792338443966088,4.751131221719402,10.942072661775688,4.026639722356407,13.29180687958529,4.502148222993412,13.841541097394906,5.1587795984711535,13.953841760752107,5.634288099108159,14.503575978561706,right,0.7400375007980831,15.476233562255773,0.27499999999999997,1.0,0.0,,,1.0,0.0
2.25.114887542067602662452692698814728642117,/home/user/workspace/dataset_extracted/Датасет/НД_для_обучения/Исследования/2.25.114887542067602662452692698814728642117/series_001_2_CR/A2504131887 DXA/CR DXA/CR000009.dcm,1.2.643.5.1.13.13.12.2.77.8252.04051301070809101001111312060114,10,320,280,right_hip,True,1.0,Нарушение позиционирования/ротации правого бедра,,,,1.0,0.0,,,0,0.0,0,0.0,False,0.0,,,,,,,,-4.8771579658251625,4.8771579658251625,30.599999999999998,100.80000000000001,0.0,-14.875949538795451,31.2,24.79752577319586,116.55000000000001,9.6,336.0,168.0,320.0,0.26785714285714285,0.2003125,1.0,0.3142857142857143,0.16785714285714284,0.4802807837170438,0.12033277013309451,0.9660938757645383,-15.88179598480739,1.7836597938144365,-17.293488876831262,2.055206185567016,-18.202258545849173,2.4088659793814484,-18.413951437873042,3.2804123711340196,-18.025644329896917,4.151958762886599,-18.237337221920786,5.6235051546391785,-18.449030113944662,6.49505154639175,-18.157799782962574,7.448711340206182,-17.76949267498644,8.320257731958762,-17.381185567010316,9.191804123711341,-18.192878459034194,10.063350515463911,-17.80457135105807,10.334896907216491,-17.416264243081944,10.60644329896907,-17.12503391209985,10.360103092783504,-17.936726804123726,10.031649484536075,-19.34841969614759,10.903195876288654,-21.360112588171468,11.174742268041225,-25.171805480195346,12.046288659793804,-29.680575149213247,12.999948453608237,-30.0,13.87149484536081,left,-0.26743541065783316,4.8771579658251625,0.18571428571428572,,,1.0,0.0,1.0,0.0
2.25.114887542067602662452692698814728642117,/home/user/workspace/dataset_extracted/Датасет/НД_для_обучения/Исследования/2.25.114887542067602662452692698814728642117/series_001_2_CR/A2504131887 DXA/CR DXA/CR000010.dcm,1.2.643.5.1.13.13.12.2.77.8252.08050414010100010110100910070904,9,320,300,spine,True,1.0,"Наличие посторонних предметов, артефактов или наложений",0.0,0.0,1.0,,,,,186,117.18,186,117.18,True,3.8035521332394904,6.425131152182246,3.7875094970505163,320.0,-0.05226721574010526,0.0,0.003125,0.7,,,,,,,,,,,,,,,,,,,,,,,,,,,,,,,,,,,,,,,,,,,,,,,,,,,,,,,,,,,,,,,,,,,,,,,
2.25.116822802042655971810859435524105064465,/home/user/workspace/dataset_extracted/Датасет/НД_для_обучения/Исследования/2.25.116822802042655971810859435524105064465/series_003_2_CR/A2507273296 DXA/CR DXA/CR000000.dcm,1.2.643.5.1.13.13.12.2.77.8252.13011301091003020814061203020304,6,235,280,right_hip,True,0.0,,,,,0.0,0.0,,,0,0.0,0,0.0,False,0.0,,,,,,,,-12.737132970145023,12.737132970145023,18.3,94.5,0.0,13.051286990163414,71.39999999999999,11.198231880479067,54.6,8.4,246.75,168.0,235.0,0.49464285714285716,0.17404255319148937,1.0,0.21428571428571427,0.14285714285714285,0.4810074259682298,0.12403200897342931,0.9518766852962426,3.7684520722722934,2.4795258673910325,5.7937539613944296,2.0060847018150296,6.862730378236006,1.6510038276330363,8.888032267358124,1.1775626620570334,10.913334156480243,1.304121496481048,12.338636045602362,2.030680330905045,10.163937934724482,3.3572391653290423,9.432914351566057,3.602158291147049,4.258216240688176,4.928717125571046,3.883518129810295,6.85527595999506,2.908820018932414,8.781834794419057,3.134121908054533,10.708393628843055,2.7594237971766344,10.834952463267053,2.8720747417377024,11.198231880479067,2.8720747417377024,11.198231880479067,2.8720747417377024,11.198231880479067,2.8720747417377024,11.198231880479067,2.8720747417377024,11.198231880479067,2.8720747417377024,11.198231880479067,2.8720747417377024,11.198231880479067,right,0.8770098903495986,12.737132970145023,0.42499999999999993,0.0,0.0,,,0.0,0.0
2.25.116822802042655971810859435524105064465,/home/user/workspace/dataset_extracted/Датасет/НД_для_обучения/Исследования/2.25.116822802042655971810859435524105064465/series_003_2_CR/A2507273296 DXA/CR DXA/CR000001.dcm,1.2.643.5.1.13.13.12.2.77.8252.01010713081306120510130101121412,4,235,280,left_hip,True,0.0,,,,,,,0.0,0.0,0,0.0,0,0.0,False,0.0,,,,,,,,-13.898466890940938,13.898466890940938,10.2,74.55,0.0,15.00923541247481,79.2,17.6238229376258,76.65,7.199999999999999,246.75,168.0,235.0,0.5410714285714285,0.1575835866261398,1.0,0.19642857142857142,0.14285714285714285,0.45790476176215045,0.11310306246383055,0.9540747012314387,3.4157142857142557,1.175191146881326,3.8912877263581094,1.372213279678101,4.5479678068410125,1.669979879275695,6.2235412474848655,2.46700201207247,7.299114688128736,3.264024144869245,8.374688128772606,3.461046277666037,9.45026156941646,4.258068410462812,10.706941649899363,3.955835010060406,11.782515090543216,4.15285714285718,12.858088531187088,4.349879275653973,13.93366197183094,5.146901408450748,15.00923541247481,5.943923541247522,14.284808853118681,7.340945674044314,12.541488933601567,8.838712273641908,11.217062374245439,10.235734406438683,9.292635814889291,12.832756539235458,9.168209255533144,16.02977867203225,9.043782696177015,16.826800804829023,8.500462776659917,17.124567404426617,8.319356136820886,17.6238229376258,left,-1.3022619617640738,13.898466890940938,0.4714285714285714,,,0.0,0.0,0.0,0.0
2.25.116822802042655971810859435524105064465,/home/user/workspace/dataset_extracted/Датасет/НД_для_обучения/Исследования/2.25.116822802042655971810859435524105064465/series_003_2_CR/A2507273296 DXA/CR DXA/CR000002.dcm,1.2.643.5.1.13.13.12.2.77.8252.05150512091506110304120408070606,1,318,300,spine,True,0.0,,0.0,0.0,0.0,,,,,549,345.87,549,345.87,True,4.972514805186098,0.17270098871668554,0.47555311268727474,318.0,0.012117283086920736,0.0,0.0031446540880503146,0.30333333333333334,,,,,,,,,,,,,,,,,,,,,,,,,,,,,,,,,,,,,,,,,,,,,,,,,,,,,,,,,,,,,,,,,,,,,,,
2.25.122446767306607067205618235949445789306,/home/user/workspace/dataset_extracted/Датасет/НД_для_обучения/Исследования/2.25.122446767306607067205618235949445789306/series_001_2_CR/A2504255080 DXA/CR DXA/CR000000.dcm,1.2.643.5.1.13.13.12.2.77.8252.02101009080308000015051512140806,5,207,280,right_hip,True,1.0,Нарушение позиционирования/ротации правого бедра,,,,1.0,0.0,,,0,0.0,0,0.0,False,0.0,,,,,,,,-4.646382521903401,4.646382521903401,28.799999999999997,65.10000000000001,1.0860164689884435,-4.899297423887608,57.599999999999994,13.736209110825746,69.3,8.4,217.35000000000002,168.0,207.0,0.4642857142857143,0.18588681849551414,1.0,0.21785714285714286,0.16785714285714284,0.47773131752885456,0.14884767578501965,0.923964492184345,-6.752481680139025,1.0238120420034988,-7.212797461660522,1.0808038075092894,-8.45803429780164,1.7235476316386154,-7.71835007932313,2.380539397144406,-6.97866586084462,3.6375311626501796,-5.63898164236611,4.294522928155954,-4.899297423887608,5.551514693661744,-12.144534260028726,6.19425851779107,-12.604850041550224,8.051250283296861,-11.865165823071715,9.308242048802635,-11.725481604593204,11.765233814308408,-12.185797386114695,13.022225579814199,-11.446113167636184,13.679217345319971,-11.4913500037773,13.721961169449315,-10.751665785298792,13.178952934955088,-10.6119815668203,12.635944700460863,-10.472297348341788,12.692936465966653,-10.287376293722161,12.707184407343084,-10.287376293722161,12.707184407343084,-10.287376293722161,12.707184407343084,right,0.3916998507265179,4.646382521903401,0.3428571428571428,1.0,0.0,,,1.0,0.0
2.25.122446767306607067205618235949445789306,/home/user/workspace/dataset_extracted/Датасет/НД_для_обучения/Исследования/2.25.122446767306607067205618235949445789306/series_001_2_CR/A2504255080 DXA/CR DXA/CR000001.dcm,1.2.643.5.1.13.13.12.2.77.8252.02091106060004131215091000000909,6,235,280,right_hip,True,1.0,Нарушение позиционирования/ротации правого бедра,,,,1.0,0.0,,,0,0.0,0,0.0,False,0.0,,,,,,,,2.7575305564283195,2.7575305564283195,29.4,74.55,0.0,-15.942857142857157,45.6,13.885472837022178,67.2,9.0,246.75,168.0,235.0,0.39464285714285713,0.2023100303951368,1.0,0.21785714285714286,0.17142857142857143,0.5197847153807852,0.1499490290011091,0.9416391036900879,-16.83832997987929,1.126116700201237,-17.83229376257547,1.1367404426559744,-18.127766599597603,1.7447082494970232,-19.121730382293777,1.7553319919517434,-22.515694164989956,2.3659557344064805,-24.70965794768613,2.376579476861201,-25.703621730382313,2.9872032193159384,-25.999094567404445,3.595171026156987,-26.393058350100624,4.805794768611707,-26.1870221327968,5.4164185110664445,-26.58098591549297,6.627042253521165,-27.57494969818915,7.837665995975902,-30.0,8.448289738430622,-30.0,9.056257545271672,-30.0,10.866881287726391,-30.0,12.677505030181129,-30.0,13.885472837022178,-30.0,13.885472837022178,-30.0,13.885472837022178,-30.0,13.885472837022178,left,-0.34080385017185133,2.7575305564283195,0.27142857142857146,,,1.0,0.0,1.0,0.0
2.25.122446767306607067205618235949445789306,/home/user/workspace/dataset_extracted/Датасет/НД_для_обучения/Исследования/2.25.122446767306607067205618235949445789306/series_001_2_CR/A2504255080 DXA/CR DXA/CR000002.dcm,1.2.643.5.1.13.13.12.2.77.8252.15060100040008041103060904131005,3,318,300,spine,True,0.0,,0.0,0.0,0.0,,,,,152,95.76,152,95.76,True,3.498433718736927,1.3129568369950568,0.679834503926954,318.0,-0.031383345240930394,0.0,0.0031446540880503146,0.2866666666666667,,,,,,,,,,,,,,,,,,,,,,,,,,,,,,,,,,,,,,,,,,,,,,,,,,,,,,,,,,,,,,,,,,,,,,,
2.25.122446767306607067205618235949445789306,/home/user/workspace/dataset_extracted/Датасет/НД_для_обучения/Исследования/2.25.122446767306607067205618235949445789306/series_001_2_CR/A2504255080 DXA/CR DXA/CR000003.dcm,1.2.643.5.1.13.13.12.2.77.8252.03040807040905131500140112021404,8,207,280,right_hip,True,1.0,Нарушение позиционирования/ротации правого бедра,,,,1.0,0.0,,,0,0.0,0,0.0,False,0.0,,,,,,,,-4.646382521903401,4.646382521903401,28.799999999999997,65.10000000000001,1.0860164689884435,-4.899297423887608,57.599999999999994,13.736209110825746,69.3,8.4,217.35000000000002,168.0,207.0,0.4642857142857143,0.18588681849551414,1.0,0.21785714285714286,0.16785714285714284,0.47773131752885456,0.14884767578501965,0.923964492184345,-6.752481680139025,1.0238120420034988,-7.212797461660522,1.0808038075092894,-8.45803429780164,1.7235476316386154,-7.71835007932313,2.380539397144406,-6.97866586084462,3.6375311626501796,-5.63898164236611,4.294522928155954,-4.899297423887608,5.551514693661744,-12.144534260028726,6.19425851779107,-12.604850041550224,8.051250283296861,-11.865165823071715,9.308242048802635,-11.725481604593204,11.765233814308408,-12.185797386114695,13.022225579814199,-11.446113167636184,13.679217345319971,-11.4913500037773,13.721961169449315,-10.751665785298792,13.178952934955088,-10.6119815668203,12.635944700460863,-10.472297348341788,12.692936465966653,-10.287376293722161,12.707184407343084,-10.287376293722161,12.707184407343084,-10.287376293722161,12.707184407343084,right,0.3916998507265179,4.646382521903401,0.3428571428571428,1.0,0.0,,,1.0,0.0
2.25.122446767306607067205618235949445789306,/home/user/workspace/dataset_extracted/Датасет/НД_для_обучения/Исследования/2.25.122446767306607067205618235949445789306/series_001_2_CR/A2504255080 DXA/CR DXA/CR000004.dcm,1.2.643.5.1.13.13.12.2.77.8252.11100905091110000105111305090709,4,235,280,right_hip,True,1.0,Нарушение позиционирования/ротации правого бедра,,,,1.0,0.0,,,0,0.0,0,0.0,False,0.0,,,,,,,,2.7575305564283195,2.7575305564283195,29.4,74.55,0.0,-15.942857142857157,45.6,13.885472837022178,67.2,9.0,246.75,168.0,235.0,0.39464285714285713,0.2023100303951368,1.0,0.21785714285714286,0.17142857142857143,0.5197847153807852,0.1499490290011091,0.9416391036900879,-16.83832997987929,1.126116700201237,-17.83229376257547,1.1367404426559744,-18.127766599597603,1.7447082494970232,-19.121730382293777,1.7553319919517434,-22.515694164989956,2.3659557344064805,-24.70965794768613,2.376579476861201,-25.703621730382313,2.9872032193159384,-25.999094567404445,3.595171026156987,-26.393058350100624,4.805794768611707,-26.1870221327968,5.4164185110664445,-26.58098591549297,6.627042253521165,-27.57494969818915,7.837665995975902,-30.0,8.448289738430622,-30.0,9.056257545271672,-30.0,10.866881287726391,-30.0,12.677505030181129,-30.0,13.885472837022178,-30.0,13.885472837022178,-30.0,13.885472837022178,-30.0,13.885472837022178,left,-0.34080385017185133,2.7575305564283195,0.27142857142857146,,,1.0,0.0,1.0,0.0
2.25.122446767306607067205618235949445789306,/home/user/workspace/dataset_extracted/Датасет/НД_для_обучения/Исследования/2.25.122446767306607067205618235949445789306/series_001_2_CR/A2504255080 DXA/CR DXA/CR000005.dcm,1.2.643.5.1.13.13.12.2.77.8252.09071502150602001009041214040315,1,318,300,spine,True,0.0,,0.0,0.0,0.0,,,,,152,95.76,152,95.76,True,3.498433718736927,1.3129568369950568,0.679834503926954,318.0,-0.031383345240930394,0.0,0.0031446540880503146,0.2866666666666667,,,,,,,,,,,,,,,,,,,,,,,,,,,,,,,,,,,,,,,,,,,,,,,,,,,,,,,,,,,,,,,,,,,,,,,
2.25.123175695355749859846173904788591707879,/home/user/workspace/dataset_extracted/Датасет/НД_для_обучения/Исследования/2.25.123175695355749859846173904788591707879/series_001_2_CR/A250722449 DXA/CR DXA/CR000000.dcm,1.2.643.5.1.13.13.12.2.77.8252.12031311070507060813050800031313,1,289,300,spine,True,0.0,,0.0,0.0,0.0,,,,,203,127.89,203,127.89,True,3.425047463471837,0.6531991455814701,1.2662409003948678,289.0,-0.014136213971745045,0.0,0.0034602076124567475,0.3333333333333333,,,,,,,,,,,,,,,,,,,,,,,,,,,,,,,,,,,,,,,,,,,,,,,,,,,,,,,,,,,,,,,,,,,,,,,
2.25.124890633326693921702195356152595253940,/home/user/workspace/dataset_extracted/Датасет/НД_для_обучения/Исследования/2.25.124890633326693921702195356152595253940/series_002_2_CR/A2504263153 DXA/CR DXA/CR000000.dcm,1.2.643.5.1.13.13.12.2.77.8252.04131510070001011107040403071102,1,289,300,spine,True,0.0,,0.0,0.0,0.0,,,,,501,315.63,501,315.63,True,3.7258621128220843,1.6860422815595966,0.26562280388664217,289.0,0.05026459793126463,0.0,0.0034602076124567475,0.32666666666666666,,,,,,,,,,,,,,,,,,,,,,,,,,,,,,,,,,,,,,,,,,,,,,,,,,,,,,,,,,,,,,,,,,,,,,,
2.25.124890633326693921702195356152595253940,/home/user/workspace/dataset_extracted/Датасет/НД_для_обучения/Исследования/2.25.124890633326693921702195356152595253940/series_002_2_CR/A2504263153 DXA/CR DXA/CR000001.dcm,1.2.643.5.1.13.13.12.2.77.8252.08050506060410091114110412130504,3,261,280,left_hip,True,0.0,,,,,,,0.0,0.0,0,0.0,0,0.0,False,0.0,,,,,,,,-0.8208179269379496,0.8208179269379496,24.599999999999998,73.5,0.0,4.461016533986554,67.8,-15.220621118012417,69.3,4.8,274.05,168.0,136.0,0.4732142857142857,0.186247947454844,0.5210727969348659,0.2892857142857143,0.1357142857142857,0.4876305388531068,0.13364243444962964,0.958351479530562,-0.2352969993876087,-15.94791706762312,-0.28467850581749304,-16.11764500043741,0.2782853643600958,-16.24494095004811,0.2289038579302115,-16.414668882862383,0.1795223515003272,-17.784396815676672,0.13014084507044288,-18.554124748490942,0.08075933864055855,-19.92385268130523,0.6437232088181474,-20.051148630915936,0.5943417023882631,-20.220876563730204,1.1449601959583788,-20.990604496544496,1.695578689528503,-21.160332429358764,1.6461971830986186,-21.930060362173037,2.1968156766687343,-22.099788294987324,2.7597795468463233,-24.627084244598027,3.910398040416439,-25.39681217741232,4.461016533986554,-26.76654011022659,4.41163502755667,-28.73626804304086,4.399289650949197,-29.378700026244427,4.399289650949197,-29.378700026244427,4.399289650949197,-29.378700026244427,left,-0.7667933906244071,0.8208179269379496,0.4035714285714286,,,0.0,0.0,0.0,0.0
2.25.124890633326693921702195356152595253940,/home/user/workspace/dataset_extracted/Датасет/НД_для_обучения/Исследования/2.25.124890633326693921702195356152595253940/series_002_2_CR/A2504263153 DXA/CR DXA/CR000002.dcm,1.2.643.5.1.13.13.12.2.77.8252.10081312010805021201100507060411,2,289,280,right_hip,True,0.0,,,,,0.0,0.0,,,0,0.0,0,0.0,False,0.0,,,,,,,,-3.492774789608544,3.492774789608544,25.2,107.10000000000001,6.373772950110542,3.3322898937523404,51.6,10.162038099869415,68.25,3.0,303.45,168.0,167.0,0.375,0.22789174493326741,0.5778546712802768,0.4714285714285714,0.1392857142857143,0.5076385689989436,0.15468884089305526,0.9674758780973085,0.5436135503898526,3.028626357781445,0.6599284143148452,3.8322384380071752,0.7471645622585982,3.534947498176456,0.8634794261835992,3.7385595784021857,1.5797942901086002,3.942171658627916,1.6961091540335929,4.745783738853646,2.412424017958594,4.949395819079359,2.499660165902347,5.852104879248657,3.215975029827348,7.255716959474387,3.3322898937523404,8.659329039700117,-13.351395242322658,-5.537058880074153,-13.835080378397658,-7.13344679984844,-13.718765514472656,-8.72983471962271,-13.631529366528904,-10.827125659453412,-13.51521450260391,-14.823513579227681,-14.598899638678908,-15.219901499001951,-14.482584774753908,-16.21628941877624,-14.482584774753908,-16.21628941877624,-14.482584774753908,-16.21628941877624,-14.482584774753908,-16.21628941877624,right,0.7371317839411677,3.492774789608544,0.30714285714285716,0.0,0.0,,,0.0,0.0
2.25.125521310320333648427417313254965624364,/home/user/workspace/dataset_extracted/Датасет/НД_для_обучения/Исследования/2.25.125521310320333648427417313254965624364/series_001_2_CR/A250444126 DXA/CR DXA/CR000000.dcm,1.2.643.5.1.13.13.12.2.77.8252.06141210040207130507130606070312,1,263,300,spine,True,1.0,Нарушение укладки поясничного отдела позвоночника,1.0,0.0,0.0,,,,,0,0.0,0,0.0,False,0.0,0.28082679725385606,0.8382822519986416,263.0,0.012170275795886027,0.0,0.0038022813688212928,0.25666666666666665,,,,,,,,,,,,,,,,,,,,,,,,,,,,,,,,,,,,,,,,,,,,,,,,,,,,,,,,,,,,,,,,,,,,,,,
2.25.126293418391331346694592071563510265596,/home/user/workspace/dataset_extracted/Датасет/НД_для_обучения/Исследования/2.25.126293418391331346694592071563510265596/series_002_3_CR/A2507250865 DXA/CR DXA/CR000000.dcm,1.2.643.5.1.13.13.12.2.77.8252.08121504041301080101130415050611,5,291,280,right_hip,True,0.0,,,,,0.0,0.0,,,0,0.0,0,0.0,False,0.0,,,,,,,,0.19110743444339653,0.19110743444339653,28.2,99.75,0.0,-14.616618141097424,55.199999999999996,25.7253863381859,99.75,10.2,305.55,168.0,291.0,0.42142857142857143,0.19120029455081,1.0,0.21785714285714286,0.16071428571428573,0.48683576010597773,0.1331502324065029,0.9625345705047256,-17.088577827547585,1.4707558790593396,-18.98452407614781,2.0028275475923807,-20.856483762597982,2.551881298992157,-21.552430011198208,3.683952967525198,-22.848376259798425,4.216024636058222,-23.54432250839865,4.748096304591263,-24.240268756998876,5.880167973124304,-24.912228443449045,6.429221724524081,-25.608174692049264,6.961293393057105,-26.304120940649486,8.093365061590145,-27.600067189249714,8.625436730123186,-28.896013437849938,9.157508398656228,-29.591959686450164,10.28958006718925,-30.0,10.838633818589027,-30.0,11.97070548712207,-30.0,13.10277715565511,-30.0,14.834848824188134,-30.0,16.566920492721174,-30.0,17.71597424412095,-30.0,20.048045912653993,right,0.6196058278984928,0.19110743444339653,0.32857142857142857,0.0,0.0,,,0.0,0.0
2.25.126293418391331346694592071563510265596,/home/user/workspace/dataset_extracted/Датасет/НД_для_обучения/Исследования/2.25.126293418391331346694592071563510265596/series_002_3_CR/A2507250865 DXA/CR DXA/CR000001.dcm,1.2.643.5.1.13.13.12.2.77.8252.10031005061115110908060312000307,1,317,300,spine,True,0.0,,0.0,0.0,0.0,,,,,1511,951.93,1511,951.93,True,4.225639841216759,0.2412081818015693,0.936348844621139,317.0,0.006689906902349965,0.0,0.0031545741324921135,0.38,,,,,,,,,,,,,,,,,,,,,,,,,,,,,,,,,,,,,,,,,,,,,,,,,,,,,,,,,,,,,,,,,,,,,,,
2.25.126293418391331346694592071563510265596,/home/user/workspace/dataset_extracted/Датасет/НД_для_обучения/Исследования/2.25.126293418391331346694592071563510265596/series_002_3_CR/A2507250865 DXA/CR DXA/CR000002.dcm,1.2.643.5.1.13.13.12.2.77.8252.11151304101402090112060913070605,3,209,280,left_hip,True,1.0,Нарушение позиционирования/ротации левого бедра; Нарушение корректности области интереса левого бедра,,,,,,1.0,1.0,230,144.9,230,144.9,True,5.802394909802909,,,,,,,,4.53296756903935,4.53296756903935,42.0,77.7,11.700608663457984,13.305480932987786,78.0,44.3443761569789,141.75,4.8,219.45000000000002,168.0,209.0,0.6321428571428571,0.24352358168147642,1.0,0.08928571428571429,0.26071428571428573,0.5726421754589535,0.20628217928500492,0.9275867918405849,3.4002695298037735,2.9674165124028375,5.154917437985927,4.188022213994827,6.32090336912255,5.853476490188837,8.675551277304702,7.674082191780843,10.430199185486856,10.09468789337285,11.584847093669008,14.915293594964838,12.139495001851161,21.535899296556845,13.305480932987786,23.201353572750854,-23.33987115883006,25.021959274342862,-24.585223250647907,28.64256497593485,-25.830575342465753,32.86317067752686,-27.075927434283585,40.083776379118866,-27.72127952610143,42.50438208071087,-28.355293594964824,33.36983635690486,-29.000645686782672,33.390442058496866,-30.0,33.41104776008888,-30.0,32.231653461680864,-30.0,31.652259163272873,-30.0,32.11771343946688,-30.0,32.138319141058886,left,-1.0484676750212916,4.53296756903935,0.4642857142857143,,,1.0,1.0,1.0,1.0
2.25.127126130998341190348103034690069487890,/home/user/workspace/dataset_extracted/Датасет/НД_для_обучения/Исследования/2.25.127126130998341190348103034690069487890/series_002_2_CR/A250428736 DXA/CR DXA/CR000000.dcm,1.2.643.5.1.13.13.12.2.77.8252.13130511100900071404010502130909,3,317,300,spine,True,1.0,Нарушение оси позвоночника (отклонение более 5 градусов),0.0,1.0,0.0,,,,,18,11.34,18,11.34,True,3.5801489014365617,1.7965511470357607,0.39494507860359906,317.0,-0.029018573185731877,0.0,0.0031545741324921135,0.43,,,,,,,,,,,,,,,,,,,,,,,,,,,,,,,,,,,,,,,,,,,,,,,,,,,,,,,,,,,,,,,,,,,,,,,
2.25.127126130998341190348103034690069487890,/home/user/workspace/dataset_extracted/Датасет/НД_для_обучения/Исследования/2.25.127126130998341190348103034690069487890/series_002_2_CR/A250428736 DXA/CR DXA/CR000001.dcm,1.2.643.5.1.13.13.12.2.77.8252.10040807011312021210130513011200,6,315,280,left_hip,True,1.0,Нарушение позиционирования/ротации левого бедра,,,,,,1.0,0.0,0,0.0,0,0.0,False,0.0,,,,,,,,-3.3066091568601013,3.3066091568601013,27.599999999999998,109.2,5.129094206764107,3.6638856289341675,53.4,25.392249013122797,58.800000000000004,35.4,330.75,168.0,231.0,0.3964285714285714,0.286609977324263,0.7333333333333333,0.17857142857142858,0.16071428571428573,0.6027758238701126,0.14938832501668461,0.9573355515798813,0.18088978982181914,3.6183239091006043,0.35650485436892154,4.5086258401792465,0.48821615277925046,4.276352288488215,0.0638312173263614,5.16665421956684,0.2394462818734638,6.656956150645464,0.4150613464205662,8.747258081724107,0.5906764109676687,12.03756001280273,0.7223877093779976,11.2052864611117,1.4980027739250998,7.295588392190325,1.6736178384722022,6.985890323268967,2.4492329030193045,7.276192254347592,2.624847967566407,9.366494185426216,3.4004630321135094,12.056796116504858,3.5321743305238384,22.024522564813825,3.6638856289341675,25.392249013122797,3.6638856289341675,25.392249013122797,3.6638856289341675,25.392249013122797,3.6638856289341675,25.392249013122797,3.6638856289341675,25.392249013122797,3.6638856289341675,25.392249013122797,left,-0.9888276478738737,3.3066091568601013,0.31785714285714284,,,1.0,0.0,1.0,0.0
2.25.127126130998341190348103034690069487890,/home/user/workspace/dataset_extracted/Датасет/НД_для_обучения/Исследования/2.25.127126130998341190348103034690069487890/series_002_2_CR/A250428736 DXA/CR DXA/CR000002.dcm,1.2.643.5.1.13.13.12.2.77.8252.03120008051300001208141011101302,4,315,280,left_hip,True,1.0,Нарушение позиционирования/ротации левого бедра,,,,,,1.0,0.0,0,0.0,0,0.0,False,0.0,,,,,,,,-3.3066091568601013,3.3066091568601013,27.599999999999998,109.2,5.129094206764107,3.6638856289341675,53.4,25.392249013122797,58.800000000000004,35.4,330.75,168.0,231.0,0.3964285714285714,0.286609977324263,0.7333333333333333,0.17857142857142858,0.16071428571428573,0.6027758238701126,0.14938832501668461,0.9573355515798813,0.18088978982181914,3.6183239091006043,0.35650485436892154,4.5086258401792465,0.48821615277925046,4.276352288488215,0.0638312173263614,5.16665421956684,0.2394462818734638,6.656956150645464,0.4150613464205662,8.747258081724107,0.5906764109676687,12.03756001280273,0.7223877093779976,11.2052864611117,1.4980027739250998,7.295588392190325,1.6736178384722022,6.985890323268967,2.4492329030193045,7.276192254347592,2.624847967566407,9.366494185426216,3.4004630321135094,12.056796116504858,3.5321743305238384,22.024522564813825,3.6638856289341675,25.392249013122797,3.6638856289341675,25.392249013122797,3.6638856289341675,25.392249013122797,3.6638856289341675,25.392249013122797,3.6638856289341675,25.392249013122797,3.6638856289341675,25.392249013122797,left,-0.9888276478738737,3.3066091568601013,0.31785714285714284,,,1.0,0.0,1.0,0.0
2.25.127126130998341190348103034690069487890,/home/user/workspace/dataset_extracted/Датасет/НД_для_обучения/Исследования/2.25.127126130998341190348103034690069487890/series_002_2_CR/A250428736 DXA/CR DXA/CR000003.dcm,1.2.643.5.1.13.13.12.2.77.8252.01070801081413060013111012010201,8,206,280,right_hip,True,1.0,Нарушение позиционирования/ротации правого бедра; Нарушение корректности области интереса правого бедра,,,,1.0,1.0,,,760,478.8,760,478.8,True,6.4087611432739235,,,,,,,,-14.327725975166272,14.327725975166272,13.2,63.0,0.0,-6.053559322033913,82.2,11.42925812725756,37.800000000000004,11.4,216.3,168.0,201.0,0.5178571428571429,0.25046809986130375,0.9757281553398058,0.31785714285714284,0.10714285714285714,0.5717133966556254,0.24202163030522506,0.9321204087121954,-7.1280077799388835,2.853742706307332,-7.960605723812176,4.075682133926102,-8.435054181717145,5.592136704640188,-9.26765212559044,6.814076132258975,-9.500250069463748,7.436015559877762,-9.732848013337042,7.457954987496532,-9.965445957210335,7.479894415115319,-9.839894415115305,8.396348985829405,-8.872492358988596,10.218288413448175,-8.388791330925244,11.42925812725756,-8.388791330925244,11.42925812725756,-8.388791330925244,11.42925812725756,-8.388791330925244,11.42925812725756,-8.388791330925244,11.42925812725756,-8.388791330925244,11.42925812725756,-8.388791330925244,11.42925812725756,-8.388791330925244,11.42925812725756,-8.388791330925244,11.42925812725756,-8.388791330925244,11.42925812725756,-8.388791330925244,11.42925812725756,right,1.1785498703826618,14.327725975166272,0.4892857142857143,1.0,1.0,,,1.0,1.0
2.25.127126130998341190348103034690069487890,/home/user/workspace/dataset_extracted/Датасет/НД_для_обучения/Исследования/2.25.127126130998341190348103034690069487890/series_002_2_CR/A250428736 DXA/CR DXA/CR000004.dcm,1.2.643.5.1.13.13.12.2.77.8252.14080500031007021314121106040303,1,317,300,spine,True,1.0,Нарушение оси позвоночника (отклонение более 5 градусов),0.0,1.0,0.0,,,,,18,11.34,18,11.34,True,3.5801489014365617,1.7965511470357607,0.39494507860359906,317.0,-0.029018573185731877,0.0,0.0031545741324921135,0.43,,,,,,,,,,,,,,,,,,,,,,,,,,,,,,,,,,,,,,,,,,,,,,,,,,,,,,,,,,,,,,,,,,,,,,,
2.25.127126130998341190348103034690069487890,/home/user/workspace/dataset_extracted/Датасет/НД_для_обучения/Исследования/2.25.127126130998341190348103034690069487890/series_002_2_CR/A250428736 DXA/CR DXA/CR000005.dcm,1.2.643.5.1.13.13.12.2.77.8252.03020502031409151006020306090105,5,206,280,right_hip,True,1.0,Нарушение позиционирования/ротации правого бедра; Нарушение корректности области интереса правого бедра,,,,1.0,1.0,,,760,478.8,760,478.8,True,6.4087611432739235,,,,,,,,-14.327725975166272,14.327725975166272,13.2,63.0,0.0,-6.053559322033913,82.2,11.42925812725756,37.800000000000004,11.4,216.3,168.0,201.0,0.5178571428571429,0.25046809986130375,0.9757281553398058,0.31785714285714284,0.10714285714285714,0.5717133966556254,0.24202163030522506,0.9321204087121954,-7.1280077799388835,2.853742706307332,-7.960605723812176,4.075682133926102,-8.435054181717145,5.592136704640188,-9.26765212559044,6.814076132258975,-9.500250069463748,7.436015559877762,-9.732848013337042,7.457954987496532,-9.965445957210335,7.479894415115319,-9.839894415115305,8.396348985829405,-8.872492358988596,10.218288413448175,-8.388791330925244,11.42925812725756,-8.388791330925244,11.42925812725756,-8.388791330925244,11.42925812725756,-8.388791330925244,11.42925812725756,-8.388791330925244,11.42925812725756,-8.388791330925244,11.42925812725756,-8.388791330925244,11.42925812725756,-8.388791330925244,11.42925812725756,-8.388791330925244,11.42925812725756,-8.388791330925244,11.42925812725756,-8.388791330925244,11.42925812725756,right,1.1785498703826618,14.327725975166272,0.4892857142857143,1.0,1.0,,,1.0,1.0
2.25.12798473087614376830819854616447908612,/home/user/workspace/dataset_extracted/Датасет/НД_для_обучения/Исследования/2.25.12798473087614376830819854616447908612/series_002_2_CR/A2507538847 DXA/CR DXA/CR000000.dcm,1.2.643.5.1.13.13.12.2.77.8252.07111115111305011108141412010801,1,318,300,spine,True,0.0,,0.0,0.0,0.0,,,,,202,127.26,202,127.26,True,3.9261220165643715,1.7718294553386238,1.8244330011077277,318.0,-0.012772570164523718,0.0,0.0031446540880503146,0.37666666666666665,,,,,,,,,,,,,,,,,,,,,,,,,,,,,,,,,,,,,,,,,,,,,,,,,,,,,,,,,,,,,,,,,,,,,,,
2.25.12798473087614376830819854616447908612,/home/user/workspace/dataset_extracted/Датасет/НД_для_обучения/Исследования/2.25.12798473087614376830819854616447908612/series_002_2_CR/A2507538847 DXA/CR DXA/CR000001.dcm,1.2.643.5.1.13.13.12.2.77.8252.02011409120209130807021302101100,3,401,248,left_hip,False,,,,,,,,,,24,15.120000000000001,24,15.120000000000001,True,3.7757018781991896,,,,,,,,2.9797874854140582,2.9797874854140582,10.2,124.95,3.79490385984902,-2.5331434268622446,58.199999999999996,9.612519584104831,158.55,19.2,421.05,148.79999999999998,363.0,0.5141129032258065,0.1843274877322822,0.9052369077306733,0.06048387096774194,0.10887096774193548,0.5168988374620889,0.09300037732745513,0.9809644300915952,-2.999128329297798,0.7766970517020525,-3.6204415325451973,1.1926378008830738,-4.686426434980751,1.0545933627688442,-5.30773963822815,0.8705341119498825,-6.52905284147555,1.2864748611309038,-7.150366044722949,1.7024156103119252,-8.371679247970357,1.5183563594929637,-8.837664150405901,1.380311921378734,-10.058977353653301,1.7962526705597555,-10.680290556900701,1.6121934197407939,-11.301603760148108,1.4281341689218152,-12.522916963395508,1.2440749181028365,-13.744230166642907,1.660015667283875,-14.21021506907846,2.1219712291696453,-14.83152827232586,2.5379119783506665,-16.05284147557326,2.953852727531705,-16.67415467882066,3.369793476712726,-17.895467882068058,3.785734225893748,-18.361452784503612,4.247689787779518,-19.58276598775101,4.663630536960556,left,-1.028638738750201,2.9797874854140582,0.39112903225806456,,,,,,
2.25.12798473087614376830819854616447908612,/home/user/workspace/dataset_extracted/Датасет/НД_для_обучения/Исследования/2.25.12798473087614376830819854616447908612/series_002_2_CR/A2507538847 DXA/CR DXA/CR000002.dcm,1.2.643.5.1.13.13.12.2.77.8252.07050602130910101513020700010509,4,405,248,right_hip,False,,,,,,,,,,0,0.0,0,0.0,False,0.0,,,,,,,,0.7876501175596905,0.7876501175596905,26.4,207.9,7.131673132622037,-0.9665956300499772,51.0,13.994547263312446,103.95,24.599999999999998,425.25,148.79999999999998,405.0,0.4536290322580645,0.20579450418160095,1.0,0.07661290322580645,0.1774193548387097,0.5509025883713644,0.14916541850812967,0.9823616343990828,-1.2344206805447213,2.7127051964947326,-1.3043522488616133,3.358256441413374,-1.356800925099293,3.3924198751023593,-1.426732493416185,-1.9620288799789989,-1.4966640617330766,-1.9164776350603574,-0.9665956300499772,-1.870926390141716,-1.0365271983668691,4.174624854776925,-1.0889758746045402,5.408788288465902,-1.1589074429214405,6.654339533384544,-3.628839011238332,7.899890778303185,-4.2987705795552325,8.545442023221826,-4.368702147872125,8.59099326814046,-4.438633716189025,8.636544513059102,-4.491082392426696,1.4707079467480866,-4.561013960743588,1.516259191666728,-4.630945529060488,1.5618104365853611,-4.70087709737738,2.2073616815040027,-4.770808665694281,3.452912926422644,-4.823257341931952,4.087076360111629,-4.893188910248844,4.732627605030262,right,0.40027228926622516,0.7876501175596905,0.342741935483871,,,,,,
2.25.128197189461989832465575162384360009377,/home/user/workspace/dataset_extracted/Датасет/НД_для_обучения/Исследования/2.25.128197189461989832465575162384360009377/series_001_2_CR/A2507216909 DXA/CR DXA/CR000000.dcm,1.2.643.5.1.13.13.12.2.77.8252.02030508140000071310150302011113,1,317,300,spine,True,0.0,,0.0,0.0,0.0,,,,,120,75.6,120,75.6,True,3.310667806302177,2.010257216566811,2.3080411212669807,317.0,0.01451107293622575,0.0,0.0031545741324921135,0.5333333333333333,,,,,,,,,,,,,,,,,,,,,,,,,,,,,,,,,,,,,,,,,,,,,,,,,,,,,,,,,,,,,,,,,,,,,,,
2.25.128630285053087246379265602913470285158,/home/user/workspace/dataset_extracted/Датасет/НД_для_обучения/Исследования/2.25.128630285053087246379265602913470285158/series_003_2_CR/A2504394821 DXA/CR DXA/CR000000.dcm,1.2.643.5.1.13.13.12.2.77.8252.09070705131210061514041509120513,1,313,300,spine,True,0.0,,0.0,0.0,0.0,,,,,580,365.4,580,365.4,True,4.431173139282819,2.766032976851873,0.7548188708941099,313.0,0.005896493968951025,0.0,0.003194888178913738,0.5366666666666666,,,,,,,,,,,,,,,,,,,,,,,,,,,,,,,,,,,,,,,,,,,,,,,,,,,,,,,,,,,,,,,,,,,,,,,
2.25.128990540359421489042453547244535073735,/home/user/workspace/dataset_extracted/Датасет/НД_для_обучения/Исследования/2.25.128990540359421489042453547244535073735/series_002_2_CR/A2507388698 DXA/CR DXA/CR000000.dcm,1.2.643.5.1.13.13.12.2.77.8252.09150805131402040209060509150410,10,266,280,left_hip,True,1.0,Нарушение позиционирования/ротации левого бедра,,,,,,1.0,0.0,0,0.0,0,0.0,False,0.0,,,,,,,,2.397595154463567,2.397595154463567,31.2,106.05000000000001,0.0,5.112768782760662,64.8,12.816698893418708,40.95,33.6,279.3,168.0,261.0,0.5321428571428571,0.266125134264232,0.981203007518797,0.30357142857142855,0.17142857142857143,0.6214019270678207,0.20929673780461225,0.9561983224745338,1.7363447874199551,2.4804845661036152,2.531629586488091,3.0274804892253426,2.8280931857892,3.587727431566634,3.623377984857336,4.1347233546883615,4.418662783925481,5.2817192778100885,4.613947582993625,6.4287152009318165,-14.990767617938237,7.575711124053527,-15.89430401863713,8.135958066394835,-16.299019219568994,9.882953989516546,-16.703734420500847,12.229949912638272,-16.804913220733813,12.816698893418708,-16.804913220733813,12.816698893418708,-16.804913220733813,12.816698893418708,-16.804913220733813,12.816698893418708,-16.804913220733813,12.816698893418708,-16.804913220733813,12.816698893418708,-16.804913220733813,12.816698893418708,-16.804913220733813,12.816698893418708,-16.804913220733813,12.816698893418708,-16.804913220733813,12.816698893418708,left,-0.8181799885284672,2.397595154463567,0.3857142857142857,,,1.0,0.0,1.0,0.0
2.25.128990540359421489042453547244535073735,/home/user/workspace/dataset_extracted/Датасет/НД_для_обучения/Исследования/2.25.128990540359421489042453547244535073735/series_002_2_CR/A2507388698 DXA/CR DXA/CR000001.dcm,1.2.643.5.1.13.13.12.2.77.8252.11000605051111050207041006140905,8,320,300,spine,True,1.0,Нарушение укладки поясничного отдела позвоночника,1.0,0.0,0.0,,,,,80,50.4,80,50.4,True,3.190604502066345,1.5841111891089596,0.9729709046661186,320.0,0.03044310637640886,0.0,0.003125,0.35333333333333333,,,,,,,,,,,,,,,,,,,,,,,,,,,,,,,,,,,,,,,,,,,,,,,,,,,,,,,,,,,,,,,,,,,,,,,
2.25.128990540359421489042453547244535073735,/home/user/workspace/dataset_extracted/Датасет/НД_для_обучения/Исследования/2.25.128990540359421489042453547244535073735/series_002_2_CR/A2507388698 DXA/CR DXA/CR000002.dcm,1.2.643.5.1.13.13.12.2.77.8252.09060004140611120111091509030603,3,266,280,left_hip,True,1.0,Нарушение позиционирования/ротации левого бедра,,,,,,1.0,0.0,0,0.0,0,0.0,False,0.0,,,,,,,,2.397595154463567,2.397595154463567,31.2,106.05000000000001,0.0,5.112768782760662,64.8,12.816698893418708,40.95,33.6,279.3,168.0,261.0,0.5321428571428571,0.266125134264232,0.981203007518797,0.30357142857142855,0.17142857142857143,0.6214019270678207,0.20929673780461225,0.9561983224745338,1.7363447874199551,2.4804845661036152,2.531629586488091,3.0274804892253426,2.8280931857892,3.587727431566634,3.623377984857336,4.1347233546883615,4.418662783925481,5.2817192778100885,4.613947582993625,6.4287152009318165,-14.990767617938237,7.575711124053527,-15.89430401863713,8.135958066394835,-16.299019219568994,9.882953989516546,-16.703734420500847,12.229949912638272,-16.804913220733813,12.816698893418708,-16.804913220733813,12.816698893418708,-16.804913220733813,12.816698893418708,-16.804913220733813,12.816698893418708,-16.804913220733813,12.816698893418708,-16.804913220733813,12.816698893418708,-16.804913220733813,12.816698893418708,-16.804913220733813,12.816698893418708,-16.804913220733813,12.816698893418708,-16.804913220733813,12.816698893418708,left,-0.8181799885284672,2.397595154463567,0.3857142857142857,,,1.0,0.0,1.0,0.0
2.25.128990540359421489042453547244535073735,/home/user/workspace/dataset_extracted/Датасет/НД_для_обучения/Исследования/2.25.128990540359421489042453547244535073735/series_002_2_CR/A2507388698 DXA/CR DXA/CR000003.dcm,1.2.643.5.1.13.13.12.2.77.8252.02111507100612121000021204080801,9,268,280,right_hip,True,1.0,Нарушение позиционирования/ротации правого бедра,,,,1.0,0.0,,,0,0.0,0,0.0,False,0.0,,,,,,,,4.264468825502603,4.264468825502603,31.799999999999997,109.2,0.0,2.9412802731249625,73.8,22.12519044062731,36.75,11.4,281.40000000000003,168.0,268.0,0.6160714285714286,0.23961886993603412,1.0,0.3142857142857143,0.17142857142857143,0.5712279836945314,0.15961416669488146,0.9628434607423029,1.584232369572203,2.64806572068706,-18.806370425690776,3.2838237490664484,-19.249322522138026,3.910642270350985,-21.039925317401018,5.146400298730373,-22.230528112664008,6.382158327109761,-22.82113090792699,7.6179163554891485,-22.211733703189985,9.453674383868536,-30.0,10.680492905153073,-30.0,21.51625093353246,-30.0,22.12519044062731,-30.0,22.12519044062731,-30.0,22.12519044062731,-30.0,22.12519044062731,-30.0,22.12519044062731,-30.0,22.12519044062731,-30.0,22.12519044062731,-30.0,22.12519044062731,-30.0,22.12519044062731,-30.0,22.12519044062731,-30.0,22.12519044062731,right,0.969719965149649,4.264468825502603,0.4392857142857143,1.0,0.0,,,1.0,0.0
2.25.128990540359421489042453547244535073735,/home/user/workspace/dataset_extracted/Датасет/НД_для_обучения/Исследования/2.25.128990540359421489042453547244535073735/series_002_2_CR/A2507388698 DXA/CR DXA/CR000004.dcm,1.2.643.5.1.13.13.12.2.77.8252.04071014120313000711051010091409,1,320,300,spine,True,1.0,Нарушение укладки поясничного отдела позвоночника,1.0,0.0,0.0,,,,,80,50.4,80,50.4,True,3.190604502066345,1.5841111891089596,0.9729709046661186,320.0,0.03044310637640886,0.0,0.003125,0.35333333333333333,,,,,,,,,,,,,,,,,,,,,,,,,,,,,,,,,,,,,,,,,,,,,,,,,,,,,,,,,,,,,,,,,,,,,,,
2.25.128990540359421489042453547244535073735,/home/user/workspace/dataset_extracted/Датасет/НД_для_обучения/Исследования/2.25.128990540359421489042453547244535073735/series_002_2_CR/A2507388698 DXA/CR DXA/CR000005.dcm,1.2.643.5.1.13.13.12.2.77.8252.12120911020011140507050515090906,5,268,280,right_hip,True,1.0,Нарушение позиционирования/ротации правого бедра,,,,1.0,0.0,,,0,0.0,0,0.0,False,0.0,,,,,,,,4.264468825502603,4.264468825502603,31.799999999999997,109.2,0.0,2.9412802731249625,73.8,22.12519044062731,36.75,11.4,281.40000000000003,168.0,268.0,0.6160714285714286,0.23961886993603412,1.0,0.3142857142857143,0.17142857142857143,0.5712279836945314,0.15961416669488146,0.9628434607423029,1.584232369572203,2.64806572068706,-18.806370425690776,3.2838237490664484,-19.249322522138026,3.910642270350985,-21.039925317401018,5.146400298730373,-22.230528112664008,6.382158327109761,-22.82113090792699,7.6179163554891485,-22.211733703189985,9.453674383868536,-30.0,10.680492905153073,-30.0,21.51625093353246,-30.0,22.12519044062731,-30.0,22.12519044062731,-30.0,22.12519044062731,-30.0,22.12519044062731,-30.0,22.12519044062731,-30.0,22.12519044062731,-30.0,22.12519044062731,-30.0,22.12519044062731,-30.0,22.12519044062731,-30.0,22.12519044062731,-30.0,22.12519044062731,right,0.969719965149649,4.264468825502603,0.4392857142857143,1.0,0.0,,,1.0,0.0
2.25.129239680100193368599713239115902740628,/home/user/workspace/dataset_extracted/Датасет/НД_для_обучения/Исследования/2.25.129239680100193368599713239115902740628/series_003_3_CR/A250757345 DXA/CR DXA/CR000000.dcm,1.2.643.5.1.13.13.12.2.77.8252.00131503020212110600101502020700,1,320,280,left_hip,True,1.0,Нарушение позиционирования/ротации левого бедра,,,,,,1.0,0.0,180,113.4,180,113.4,True,3.697038859680942,,,,,,,,-6.708861987163247,6.708861987163247,26.4,110.25,0.0,3.844478540327637,47.4,-16.110879120879122,79.8,7.8,336.0,168.0,181.0,0.35892857142857143,0.20044642857142858,0.565625,0.28214285714285714,0.15714285714285714,0.4741718332128789,0.1053125492962254,0.9714556995994944,-0.09661206717806294,-16.51273481235747,-0.24432925564996139,-17.048542400995238,-0.505117147003898,-17.450398092473566,-0.6528343354757965,-17.986205681111358,-0.800551523947712,-17.92201326974913,-0.9482687124196104,-18.4578208583869,-1.0959859008915174,-18.993628447024673,-0.7567737922454455,-19.39548413850302,-0.9044909807173525,-19.33129172714079,-0.45220816918925943,-19.867099315778564,-0.599925357661158,-20.40290690441635,-0.14764254613307343,-20.338714493054123,-0.2953597346049719,-19.674522081691894,0.04385237404109148,-19.476377773170224,0.496135185569193,-18.812185361808012,0.948417997097286,-19.347992950445786,1.400700808625379,-19.883800539083573,1.852983620153472,-20.419608127721347,3.392195728799544,-20.821463819199675,3.844478540327637,-21.357271407837448,left,-0.5812421184522133,6.708861987163247,0.28214285714285714,,,1.0,0.0,1.0,0.0
2.25.13069823278093578548407087310307113784,/home/user/workspace/dataset_extracted/Датасет/НД_для_обучения/Исследования/2.25.13069823278093578548407087310307113784/series_003_2_CR/A2507242667 DXA/CR DXA/CR000000.dcm,1.2.643.5.1.13.13.12.2.77.8252.12051101030200021506031210090702,3,206,280,left_hip,True,1.0,Нарушение корректности области интереса левого бедра,,,,,,0.0,1.0,0,0.0,0,0.0,False,0.0,,,,,,,,-8.965432391116734,8.965432391116734,13.2,63.0,0.0,-5.322033898305119,59.4,10.55973881633788,42.0,9.0,216.3,168.0,201.0,0.4017857142857143,0.24129680998613037,0.9757281553398058,0.2642857142857143,0.16428571428571428,0.6179333923155612,0.22344130219729597,0.9629201067786145,-7.146824117810536,2.9843345373715238,-6.979877743817755,4.226046123923345,-7.004667963323172,5.007329813837202,-7.4377215893303905,6.849041400389024,-7.870775215337619,8.690752986940845,-8.90382884134483,8.132464573492665,-9.336882467352057,7.5741761600444875,-9.361672686857474,8.955459849958345,-8.594726312864703,9.597171436510166,-7.827779938871913,10.23888302306197,-7.444306751875535,10.55973881633788,-7.444306751875535,10.55973881633788,-7.444306751875535,10.55973881633788,-7.444306751875535,10.55973881633788,-7.444306751875535,10.55973881633788,-7.444306751875535,10.55973881633788,-7.444306751875535,10.55973881633788,-7.444306751875535,10.55973881633788,-7.444306751875535,10.55973881633788,-7.444306751875535,10.55973881633788,left,-0.42365962971752175,8.965432391116734,0.35357142857142854,,,0.0,1.0,0.0,1.0
2.25.13069823278093578548407087310307113784,/home/user/workspace/dataset_extracted/Датасет/НД_для_обучения/Исследования/2.25.13069823278093578548407087310307113784/series_003_2_CR/A2507242667 DXA/CR DXA/CR000001.dcm,1.2.643.5.1.13.13.12.2.77.8252.05100110120015150515030506140402,1,343,300,spine,True,0.0,,0.0,0.0,0.0,,,,,566,356.58,566,356.58,True,3.481203709255898,0.0943626598131637,0.4900931466032139,343.0,0.009689604536938533,0.0,0.0029154518950437317,0.35,,,,,,,,,,,,,,,,,,,,,,,,,,,,,,,,,,,,,,,,,,,,,,,,,,,,,,,,,,,,,,,,,,,,,,,
2.25.13069823278093578548407087310307113784,/home/user/workspace/dataset_extracted/Датасет/НД_для_обучения/Исследования/2.25.13069823278093578548407087310307113784/series_003_2_CR/A2507242667 DXA/CR DXA/CR000002.dcm,1.2.643.5.1.13.13.12.2.77.8252.06081211090913150712130913130401,5,180,280,right_hip,True,1.0,Нарушение корректности области интереса правого бедра,,,,0.0,1.0,,,449,282.87,449,282.87,True,4.111271566640917,,,,,,,,-12.36756530235784,12.36756530235784,15.899999999999999,56.7,0.0,-3.3682027825424314,72.0,8.30718505812847,30.450000000000003,11.4,189.0,168.0,180.0,0.48392857142857143,0.2491269841269841,1.0,0.24642857142857144,0.18214285714285713,0.6670134947779792,0.2535514132519466,0.9431465142329103,-5.348648751667644,3.518162759672225,-4.780529826567585,4.644406327425224,-4.504440632742535,5.939089003239974,-4.536321707642491,7.065332570992973,-3.3682027825424314,6.991576138745972,-4.600083857442371,6.917819706498972,-4.03196493234231,7.44406327425197,-4.047905469792272,8.30718505812847,-4.047905469792272,8.30718505812847,-4.047905469792272,8.30718505812847,-4.047905469792272,8.30718505812847,-4.047905469792272,8.30718505812847,-4.047905469792272,8.30718505812847,-4.047905469792272,8.30718505812847,-4.047905469792272,8.30718505812847,-4.047905469792272,8.30718505812847,-4.047905469792272,8.30718505812847,-4.047905469792272,8.30718505812847,-4.047905469792272,8.30718505812847,-4.047905469792272,8.30718505812847,right,0.7495722024319811,12.36756530235784,0.42857142857142855,0.0,1.0,,,0.0,1.0
2.25.132083163398091874662674590622589534350,/home/user/workspace/dataset_extracted/Датасет/НД_для_обучения/Исследования/2.25.132083163398091874662674590622589534350/series_003_2_CR/A2507386583 DXA Exam/CR DXA Images/CR000000.dcm,1.2.643.5.1.13.13.12.2.77.8252.13151303131009131214000609090104,2,346,280,left_hip,True,0.0,,,,,,,0.0,0.0,0,0.0,0,0.0,False,0.0,,,,,,,,-10.385199163347075,10.385199163347075,33.0,108.15,0.0,-10.451829723674388,45.0,25.49663928304705,74.55,11.4,363.3,168.0,346.0,0.3625,0.26162262592898433,1.0,0.125,0.19285714285714287,0.4845812204175307,0.0821506540367663,0.9594335003802947,-12.093862847603576,4.742643764003003,-11.634775732548439,6.662285287528022,-12.040460396257094,7.502016430171772,-10.981373281201956,8.221657953696807,-10.522286166146818,8.94129947722181,-12.463199051091689,9.060941000746846,-11.404111936036552,9.180582524271847,-11.209796599745205,9.420313666915614,-11.950709484690067,9.539955190440633,-14.49162236963493,10.259596713965651,-15.8325352545798,10.979238237490671,-15.973448139524663,12.298879761015689,-17.31436102446954,13.618521284540707,-17.72004568817818,14.458252427184476,-17.860958573123042,16.977893950709493,-18.00187145806792,18.897535474234513,-16.942784343012782,20.21717699775953,-16.483697227957645,20.93681852128455,-16.554153670430075,25.49663928304705,-16.554153670430075,25.49663928304705,left,-1.0924593220654077,10.385199163347075,0.26785714285714285,,,0.0,0.0,0.0,0.0
2.25.132083163398091874662674590622589534350,/home/user/workspace/dataset_extracted/Датасет/НД_для_обучения/Исследования/2.25.132083163398091874662674590622589534350/series_003_2_CR/A2507386583 DXA Exam/CR DXA Images/CR000001.dcm,1.2.643.5.1.13.13.12.2.77.8252.15080409060108110106110204020115,1,320,300,spine,True,0.0,,0.0,0.0,0.0,,,,,674,424.62,674,424.62,True,4.3255326308746795,3.89418047874622,0.0561425696978346,320.0,-0.08051637368868725,0.0,0.003125,0.44666666666666666,,,,,,,,,,,,,,,,,,,,,,,,,,,,,,,,,,,,,,,,,,,,,,,,,,,,,,,,,,,,,,,,,,,,,,,
2.25.132083163398091874662674590622589534350,/home/user/workspace/dataset_extracted/Датасет/НД_для_обучения/Исследования/2.25.132083163398091874662674590622589534350/series_003_2_CR/A2507386583 DXA Exam/CR DXA Images/CR000002.dcm,1.2.643.5.1.13.13.12.2.77.8252.06120903051105150112061201080014,3,346,280,right_hip,True,0.0,,,,,0.0,0.0,,,0,0.0,0,0.0,False,0.0,,,,,,,,7.956769954037689,7.956769954037689,33.6,58.800000000000004,4.839617224880385,8.964709501025284,48.0,44.01988380041007,138.6,5.3999999999999995,363.3,168.0,188.0,0.38392857142857145,0.27887076796036336,0.5433526011560693,0.06785714285714285,0.2,0.49004417304173914,0.09342853025752924,0.9472295911752427,0.3215516062884518,-6.225420369104577,0.42768967874231406,-4.945201640464799,0.5072932330827086,-3.985037593984961,0.6134313055365709,-3.304818865345183,0.7195693779904332,-2.0246001367054047,0.8257074504442954,-0.7443814080656267,0.9318455228981577,-0.6641626794258485,1.0114490772385523,0.2960013670539894,1.1175871496924146,0.9762200956937676,1.2237252221462767,2.2564388243335456,1.329863294600139,3.536657552973324,1.4360013670540013,6.616876281613102,2.142139439507855,9.69709501025288,2.2217429938482582,11.857259056732717,2.3278810663021203,14.937477785372495,2.434019138755974,18.617696514012273,3.140157211209836,22.297915242652053,5.0462952836636985,24.17813397129184,7.5258988380040925,26.338298017771667,8.832036910457955,29.418516746411445,right,1.1666334140600747,7.956769954037689,0.2857142857142857,0.0,0.0,,,0.0,0.0
2.25.132272637351979990811754009849547633391,/home/user/workspace/dataset_extracted/Датасет/НД_для_обучения/Исследования/2.25.132272637351979990811754009849547633391/series_003_3_CR/A2504141080 DXA/CR DXA/CR000000.dcm,1.2.643.5.1.13.13.12.2.77.8252.05020106091400040809110708040301,3,261,280,left_hip,True,0.0,,,,,,,0.0,0.0,0,0.0,0,0.0,False,0.0,,,,,,,,-12.622039187586765,12.622039187586765,28.2,105.0,0.0,10.145764176417623,48.0,12.37203240324032,25.200000000000003,13.2,274.05,168.0,261.0,0.3678571428571429,0.2417624521072797,1.0,0.28214285714285714,0.16785714285714284,0.56139486649141,0.1051910251880559,0.9489893462617868,3.4739909990998994,3.2814113411340995,5.373130513051287,4.499535553555347,6.347485148514829,5.2631287128712865,8.846624662466217,7.081252925292517,10.145764176417623,9.499377137713765,-7.7550963096309715,11.917501350135012,-8.030311431143133,12.37203240324032,-8.030311431143133,12.37203240324032,-8.030311431143133,12.37203240324032,-8.030311431143133,12.37203240324032,-8.030311431143133,12.37203240324032,-8.030311431143133,12.37203240324032,-8.030311431143133,12.37203240324032,-8.030311431143133,12.37203240324032,-8.030311431143133,12.37203240324032,-8.030311431143133,12.37203240324032,-8.030311431143133,12.37203240324032,-8.030311431143133,12.37203240324032,-8.030311431143133,12.37203240324032,-8.030311431143133,12.37203240324032,left,-0.8448157028757886,12.622039187586765,0.2857142857142857,,,0.0,0.0,0.0,0.0
2.25.132272637351979990811754009849547633391,/home/user/workspace/dataset_extracted/Датасет/НД_для_обучения/Исследования/2.25.132272637351979990811754009849547633391/series_003_3_CR/A2504141080 DXA/CR DXA/CR000001.dcm,1.2.643.5.1.13.13.12.2.77.8252.15140601101305061400021505010802,5,261,280,right_hip,True,0.0,,,,,0.0,0.0,,,0,0.0,0,0.0,False,0.0,,,,,,,,-13.93174064005009,13.93174064005009,13.799999999999999,81.9,0.0,10.24261308311938,70.2,12.243971218654803,49.35,9.0,274.05,168.0,261.0,0.4982142857142857,0.18664477285166942,1.0,0.30714285714285716,0.16428571428571428,0.49964980973637996,0.13734839407266522,0.9592506201074242,3.5680446136142163,1.659193970586392,4.041055147384242,1.24847557505787,5.295813047711761,1.5404367784114867,6.368823581481785,1.7297183828829645,8.041834115251811,2.518999987354442,9.114844649021835,3.30828159182592,9.587855182791861,4.097563196297398,10.24261308311938,4.989524399651015,6.515623616889405,6.3788060041224925,6.38863415065943,7.768087608593969,6.861644684429455,10.357369213065448,7.33465521819948,11.746650817536926,7.152907851641987,12.243971218654803,7.152907851641987,12.243971218654803,7.152907851641987,12.243971218654803,7.152907851641987,12.243971218654803,7.152907851641987,12.243971218654803,7.152907851641987,12.243971218654803,7.152907851641987,12.243971218654803,7.152907851641987,12.243971218654803,right,1.0249989272725535,13.93174064005009,0.41785714285714287,0.0,0.0,,,0.0,0.0
2.25.132272637351979990811754009849547633391,/home/user/workspace/dataset_extracted/Датасет/НД_для_обучения/Исследования/2.25.132272637351979990811754009849547633391/series_003_3_CR/A2504141080 DXA/CR DXA/CR000002.dcm,1.2.643.5.1.13.13.12.2.77.8252.07151108041411120004040810151209,1,289,300,spine,True,0.0,,0.0,0.0,0.0,,,,,594,374.22,594,374.22,True,4.481024423975974,3.3477908456398286,1.6515014903890366,289.0,-0.03290633608815426,0.0,0.0034602076124567475,0.4166666666666667,,,,,,,,,,,,,,,,,,,,,,,,,,,,,,,,,,,,,,,,,,,,,,,,,,,,,,,,,,,,,,,,,,,,,,,
2.25.13325817932854000792938662637654885530,/home/user/workspace/dataset_extracted/Датасет/НД_для_обучения/Исследования/2.25.13325817932854000792938662637654885530/series_002_2_CR/A2507365486 DXA/CR DXA/CR000000.dcm,1.2.643.5.1.13.13.12.2.77.8252.02090003020511130407030106110206,13,317,300,spine,True,0.0,,0.0,0.0,0.0,,,,,1285,809.55,1285,809.55,True,4.065631771236961,0.7259508764983231,7.049661897415753,317.0,-0.03496084949889791,0.0,0.0031545741324921135,0.5633333333333334,,,,,,,,,,,,,,,,,,,,,,,,,,,,,,,,,,,,,,,,,,,,,,,,,,,,,,,,,,,,,,,,,,,,,,,
2.25.13325817932854000792938662637654885530,/home/user/workspace/dataset_extracted/Датасет/НД_для_обучения/Исследования/2.25.13325817932854000792938662637654885530/series_002_2_CR/A2507365486 DXA/CR DXA/CR000001.dcm,1.2.643.5.1.13.13.12.2.77.8252.04080409110008071309041404000111,9,235,280,right_hip,True,0.0,,,,,0.0,0.0,,,237,149.31,237,149.31,True,3.713931888953246,,,,,,,,-1.5313150702591487,1.5313150702591487,28.5,37.800000000000004,0.0,1.2722007722007702,33.0,-17.080000000000016,64.05,3.0,246.75,168.0,97.0,0.28035714285714286,0.202629179331307,0.4127659574468085,0.21071428571428572,0.16428571428571428,0.5322934518845155,0.12778114693879275,0.9602171701907954,0.38563706563706857,-19.071351351351364,0.3550579150579196,-21.126486486486503,0.3321235521235536,-21.31783783783785,0.30154440154440465,-22.172972972972982,0.2709652509652514,-23.028108108108114,0.24038610038610242,-23.283243243243252,0.8098069498069492,-24.138378378378384,0.7868725868725874,-24.32972972972973,0.7562934362934343,-25.184864864864863,0.7257142857142852,-26.040000000000003,0.695135135135132,-26.295135135135133,1.2645559845559788,-27.150270270270266,1.2339768339768298,-27.405405405405407,1.211042471042468,-28.196756756756752,1.1804633204633148,-29.651891891891882,-0.050115830115838374,-30.0,-0.050115830115838374,-30.0,-0.050115830115838374,-30.0,-0.050115830115838374,-30.0,-0.050115830115838374,-30.0,left,-0.13798420044026785,1.5313150702591487,0.19642857142857142,,,0.0,1.0,0.0,1.0
2.25.13325817932854000792938662637654885530,/home/user/workspace/dataset_extracted/Датасет/НД_для_обучения/Исследования/2.25.13325817932854000792938662637654885530/series_002_2_CR/A2507365486 DXA/CR DXA/CR000002.dcm,1.2.643.5.1.13.13.12.2.77.8252.11150104101400000200001411070008,6,235,280,right_hip,True,0.0,,,,,0.0,0.0,,,237,149.31,237,149.31,True,3.713931888953246,,,,,,,,-1.5313150702591487,1.5313150702591487,28.5,37.800000000000004,0.0,1.2722007722007702,33.0,-17.080000000000016,64.05,3.0,246.75,168.0,97.0,0.28035714285714286,0.202629179331307,0.4127659574468085,0.21071428571428572,0.16428571428571428,0.5322934518845155,0.12778114693879275,0.9602171701907954,0.38563706563706857,-19.071351351351364,0.3550579150579196,-21.126486486486503,0.3321235521235536,-21.31783783783785,0.30154440154440465,-22.172972972972982,0.2709652509652514,-23.028108108108114,0.24038610038610242,-23.283243243243252,0.8098069498069492,-24.138378378378384,0.7868725868725874,-24.32972972972973,0.7562934362934343,-25.184864864864863,0.7257142857142852,-26.040000000000003,0.695135135135132,-26.295135135135133,1.2645559845559788,-27.150270270270266,1.2339768339768298,-27.405405405405407,1.211042471042468,-28.196756756756752,1.1804633204633148,-29.651891891891882,-0.050115830115838374,-30.0,-0.050115830115838374,-30.0,-0.050115830115838374,-30.0,-0.050115830115838374,-30.0,-0.050115830115838374,-30.0,left,-0.13798420044026785,1.5313150702591487,0.19642857142857142,,,0.0,1.0,0.0,1.0
2.25.13325817932854000792938662637654885530,/home/user/workspace/dataset_extracted/Датасет/НД_для_обучения/Исследования/2.25.13325817932854000792938662637654885530/series_002_2_CR/A2507365486 DXA/CR DXA/CR000003.dcm,1.2.643.5.1.13.13.12.2.77.8252.00090714091003060206031503010409,15,235,280,right_hip,True,0.0,,,,,0.0,0.0,,,237,149.31,237,149.31,True,3.713931888953246,,,,,,,,-1.5313150702591487,1.5313150702591487,28.5,37.800000000000004,0.0,1.2722007722007702,33.0,-17.080000000000016,64.05,3.0,246.75,168.0,97.0,0.28035714285714286,0.202629179331307,0.4127659574468085,0.21071428571428572,0.16428571428571428,0.5322934518845155,0.12778114693879275,0.9602171701907954,0.38563706563706857,-19.071351351351364,0.3550579150579196,-21.126486486486503,0.3321235521235536,-21.31783783783785,0.30154440154440465,-22.172972972972982,0.2709652509652514,-23.028108108108114,0.24038610038610242,-23.283243243243252,0.8098069498069492,-24.138378378378384,0.7868725868725874,-24.32972972972973,0.7562934362934343,-25.184864864864863,0.7257142857142852,-26.040000000000003,0.695135135135132,-26.295135135135133,1.2645559845559788,-27.150270270270266,1.2339768339768298,-27.405405405405407,1.211042471042468,-28.196756756756752,1.1804633204633148,-29.651891891891882,-0.050115830115838374,-30.0,-0.050115830115838374,-30.0,-0.050115830115838374,-30.0,-0.050115830115838374,-30.0,-0.050115830115838374,-30.0,left,-0.13798420044026785,1.5313150702591487,0.19642857142857142,,,0.0,1.0,0.0,1.0
2.25.13325817932854000792938662637654885530,/home/user/workspace/dataset_extracted/Датасет/НД_для_обучения/Исследования/2.25.13325817932854000792938662637654885530/series_002_2_CR/A2507365486 DXA/CR DXA/CR000004.dcm,1.2.643.5.1.13.13.12.2.77.8252.13150808100913111314080101030008,3,235,280,right_hip,True,0.0,,,,,0.0,0.0,,,237,149.31,237,149.31,True,3.713931888953246,,,,,,,,-1.5313150702591487,1.5313150702591487,28.5,37.800000000000004,0.0,1.2722007722007702,33.0,-17.080000000000016,64.05,3.0,246.75,168.0,97.0,0.28035714285714286,0.202629179331307,0.4127659574468085,0.21071428571428572,0.16428571428571428,0.5322934518845155,0.12778114693879275,0.9602171701907954,0.38563706563706857,-19.071351351351364,0.3550579150579196,-21.126486486486503,0.3321235521235536,-21.31783783783785,0.30154440154440465,-22.172972972972982,0.2709652509652514,-23.028108108108114,0.24038610038610242,-23.283243243243252,0.8098069498069492,-24.138378378378384,0.7868725868725874,-24.32972972972973,0.7562934362934343,-25.184864864864863,0.7257142857142852,-26.040000000000003,0.695135135135132,-26.295135135135133,1.2645559845559788,-27.150270270270266,1.2339768339768298,-27.405405405405407,1.211042471042468,-28.196756756756752,1.1804633204633148,-29.651891891891882,-0.050115830115838374,-30.0,-0.050115830115838374,-30.0,-0.050115830115838374,-30.0,-0.050115830115838374,-30.0,-0.050115830115838374,-30.0,left,-0.13798420044026785,1.5313150702591487,0.19642857142857142,,,0.0,1.0,0.0,1.0
2.25.13325817932854000792938662637654885530,/home/user/workspace/dataset_extracted/Датасет/НД_для_обучения/Исследования/2.25.13325817932854000792938662637654885530/series_002_2_CR/A2507365486 DXA/CR DXA/CR000005.dcm,1.2.643.5.1.13.13.12.2.77.8252.11020707081006150000011408140609,14,233,280,right_hip,True,0.0,,,,,0.0,0.0,,,0,0.0,0,0.0,False,0.0,,,,,,,,-17.02107247127038,17.02107247127038,16.2,72.45,0.0,28.094760686883408,42.6,7.355140664961658,56.7,11.4,244.65,168.0,233.0,0.3357142857142857,0.2242642550582465,1.0,0.22857142857142856,0.16785714285714284,0.5534432843273691,0.13509729292410666,0.9529729434790102,6.857742053343065,2.2109462915601,7.591508951406632,1.5731969309462954,9.041834124954311,1.0948849104859335,10.975601023017878,0.45713554987212884,12.909367921081445,-0.1806138107416757,14.843134819145028,0.38163682864450266,17.376901717208597,0.943887468030698,20.027226890756275,1.6655754475703362,25.560993788819843,2.8278260869565313,28.094760686883408,3.9900767263427266,12.628527584946994,5.152327365728922,12.162294483010543,6.914578005115101,12.296061381074127,6.876828644501296,13.14638655462179,6.998516624040934,13.029828279137694,6.839079283887491,13.029828279137694,6.839079283887491,13.029828279137694,6.839079283887491,13.029828279137694,6.839079283887491,13.029828279137694,6.839079283887491,13.029828279137694,6.839079283887491,right,0.33539387129364695,17.02107247127038,0.25357142857142856,0.0,0.0,,,0.0,0.0
2.25.13325817932854000792938662637654885530,/home/user/workspace/dataset_extracted/Датасет/НД_для_обучения/Исследования/2.25.13325817932854000792938662637654885530/series_002_2_CR/A2507365486 DXA/CR DXA/CR000006.dcm,1.2.643.5.1.13.13.12.2.77.8252.10001304041304060303041004101403,10,233,280,right_hip,True,0.0,,,,,0.0,0.0,,,0,0.0,0,0.0,False,0.0,,,,,,,,-17.02107247127038,17.02107247127038,16.2,72.45,0.0,28.094760686883408,42.6,7.355140664961658,56.7,11.4,244.65,168.0,233.0,0.3357142857142857,0.2242642550582465,1.0,0.22857142857142856,0.16785714285714284,0.5534432843273691,0.13509729292410666,0.9529729434790102,6.857742053343065,2.2109462915601,7.591508951406632,1.5731969309462954,9.041834124954311,1.0948849104859335,10.975601023017878,0.45713554987212884,12.909367921081445,-0.1806138107416757,14.843134819145028,0.38163682864450266,17.376901717208597,0.943887468030698,20.027226890756275,1.6655754475703362,25.560993788819843,2.8278260869565313,28.094760686883408,3.9900767263427266,12.628527584946994,5.152327365728922,12.162294483010543,6.914578005115101,12.296061381074127,6.876828644501296,13.14638655462179,6.998516624040934,13.029828279137694,6.839079283887491,13.029828279137694,6.839079283887491,13.029828279137694,6.839079283887491,13.029828279137694,6.839079283887491,13.029828279137694,6.839079283887491,13.029828279137694,6.839079283887491,right,0.33539387129364695,17.02107247127038,0.25357142857142856,0.0,0.0,,,0.0,0.0
2.25.13325817932854000792938662637654885530,/home/user/workspace/dataset_extracted/Датасет/НД_для_обучения/Исследования/2.25.13325817932854000792938662637654885530/series_002_2_CR/A2507365486 DXA/CR DXA/CR000007.dcm,1.2.643.5.1.13.13.12.2.77.8252.12151114030903000211100702060009,8,235,280,right_hip,True,0.0,,,,,0.0,0.0,,,237,149.31,237,149.31,True,3.713931888953246,,,,,,,,-1.5313150702591487,1.5313150702591487,28.5,37.800000000000004,0.0,1.2722007722007702,33.0,-17.080000000000016,64.05,3.0,246.75,168.0,97.0,0.28035714285714286,0.202629179331307,0.4127659574468085,0.21071428571428572,0.16428571428571428,0.5322934518845155,0.12778114693879275,0.9602171701907954,0.38563706563706857,-19.071351351351364,0.3550579150579196,-21.126486486486503,0.3321235521235536,-21.31783783783785,0.30154440154440465,-22.172972972972982,0.2709652509652514,-23.028108108108114,0.24038610038610242,-23.283243243243252,0.8098069498069492,-24.138378378378384,0.7868725868725874,-24.32972972972973,0.7562934362934343,-25.184864864864863,0.7257142857142852,-26.040000000000003,0.695135135135132,-26.295135135135133,1.2645559845559788,-27.150270270270266,1.2339768339768298,-27.405405405405407,1.211042471042468,-28.196756756756752,1.1804633204633148,-29.651891891891882,-0.050115830115838374,-30.0,-0.050115830115838374,-30.0,-0.050115830115838374,-30.0,-0.050115830115838374,-30.0,-0.050115830115838374,-30.0,left,-0.13798420044026785,1.5313150702591487,0.19642857142857142,,,0.0,1.0,0.0,1.0
2.25.13325817932854000792938662637654885530,/home/user/workspace/dataset_extracted/Датасет/НД_для_обучения/Исследования/2.25.13325817932854000792938662637654885530/series_002_2_CR/A2507365486 DXA/CR DXA/CR000008.dcm,1.2.643.5.1.13.13.12.2.77.8252.02031303080313100507120501150506,7,233,280,right_hip,True,0.0,,,,,0.0,0.0,,,0,0.0,0,0.0,False,0.0,,,,,,,,-17.02107247127038,17.02107247127038,16.2,72.45,0.0,28.094760686883408,42.6,7.355140664961658,56.7,11.4,244.65,168.0,233.0,0.3357142857142857,0.2242642550582465,1.0,0.22857142857142856,0.16785714285714284,0.5534432843273691,0.13509729292410666,0.9529729434790102,6.857742053343065,2.2109462915601,7.591508951406632,1.5731969309462954,9.041834124954311,1.0948849104859335,10.975601023017878,0.45713554987212884,12.909367921081445,-0.1806138107416757,14.843134819145028,0.38163682864450266,17.376901717208597,0.943887468030698,20.027226890756275,1.6655754475703362,25.560993788819843,2.8278260869565313,28.094760686883408,3.9900767263427266,12.628527584946994,5.152327365728922,12.162294483010543,6.914578005115101,12.296061381074127,6.876828644501296,13.14638655462179,6.998516624040934,13.029828279137694,6.839079283887491,13.029828279137694,6.839079283887491,13.029828279137694,6.839079283887491,13.029828279137694,6.839079283887491,13.029828279137694,6.839079283887491,13.029828279137694,6.839079283887491,right,0.33539387129364695,17.02107247127038,0.25357142857142856,0.0,0.0,,,0.0,0.0
2.25.13325817932854000792938662637654885530,/home/user/workspace/dataset_extracted/Датасет/НД_для_обучения/Исследования/2.25.13325817932854000792938662637654885530/series_002_2_CR/A2507365486 DXA/CR DXA/CR000009.dcm,1.2.643.5.1.13.13.12.2.77.8252.06150706081207041203070111090707,5,233,280,right_hip,True,0.0,,,,,0.0,0.0,,,0,0.0,0,0.0,False,0.0,,,,,,,,-17.02107247127038,17.02107247127038,16.2,72.45,0.0,28.094760686883408,42.6,7.355140664961658,56.7,11.4,244.65,168.0,233.0,0.3357142857142857,0.2242642550582465,1.0,0.22857142857142856,0.16785714285714284,0.5534432843273691,0.13509729292410666,0.9529729434790102,6.857742053343065,2.2109462915601,7.591508951406632,1.5731969309462954,9.041834124954311,1.0948849104859335,10.975601023017878,0.45713554987212884,12.909367921081445,-0.1806138107416757,14.843134819145028,0.38163682864450266,17.376901717208597,0.943887468030698,20.027226890756275,1.6655754475703362,25.560993788819843,2.8278260869565313,28.094760686883408,3.9900767263427266,12.628527584946994,5.152327365728922,12.162294483010543,6.914578005115101,12.296061381074127,6.876828644501296,13.14638655462179,6.998516624040934,13.029828279137694,6.839079283887491,13.029828279137694,6.839079283887491,13.029828279137694,6.839079283887491,13.029828279137694,6.839079283887491,13.029828279137694,6.839079283887491,13.029828279137694,6.839079283887491,right,0.33539387129364695,17.02107247127038,0.25357142857142856,0.0,0.0,,,0.0,0.0
2.25.13325817932854000792938662637654885530,/home/user/workspace/dataset_extracted/Датасет/НД_для_обучения/Исследования/2.25.13325817932854000792938662637654885530/series_002_2_CR/A2507365486 DXA/CR DXA/CR000010.dcm,1.2.643.5.1.13.13.12.2.77.8252.06150108111302000413130014070915,4,317,300,spine,True,0.0,,0.0,0.0,0.0,,,,,1285,809.55,1285,809.55,True,4.065631771236961,0.7259508764983231,7.049661897415753,317.0,-0.03496084949889791,0.0,0.0031545741324921135,0.5633333333333334,,,,,,,,,,,,,,,,,,,,,,,,,,,,,,,,,,,,,,,,,,,,,,,,,,,,,,,,,,,,,,,,,,,,,,,
2.25.13325817932854000792938662637654885530,/home/user/workspace/dataset_extracted/Датасет/НД_для_обучения/Исследования/2.25.13325817932854000792938662637654885530/series_002_2_CR/A2507365486 DXA/CR DXA/CR000011.dcm,1.2.643.5.1.13.13.12.2.77.8252.07031408150101110505001201030207,2,233,280,right_hip,True,0.0,,,,,0.0,0.0,,,0,0.0,0,0.0,False,0.0,,,,,,,,-17.02107247127038,17.02107247127038,16.2,72.45,0.0,28.094760686883408,42.6,7.355140664961658,56.7,11.4,244.65,168.0,233.0,0.3357142857142857,0.2242642550582465,1.0,0.22857142857142856,0.16785714285714284,0.5534432843273691,0.13509729292410666,0.9529729434790102,6.857742053343065,2.2109462915601,7.591508951406632,1.5731969309462954,9.041834124954311,1.0948849104859335,10.975601023017878,0.45713554987212884,12.909367921081445,-0.1806138107416757,14.843134819145028,0.38163682864450266,17.376901717208597,0.943887468030698,20.027226890756275,1.6655754475703362,25.560993788819843,2.8278260869565313,28.094760686883408,3.9900767263427266,12.628527584946994,5.152327365728922,12.162294483010543,6.914578005115101,12.296061381074127,6.876828644501296,13.14638655462179,6.998516624040934,13.029828279137694,6.839079283887491,13.029828279137694,6.839079283887491,13.029828279137694,6.839079283887491,13.029828279137694,6.839079283887491,13.029828279137694,6.839079283887491,13.029828279137694,6.839079283887491,right,0.33539387129364695,17.02107247127038,0.25357142857142856,0.0,0.0,,,0.0,0.0
2.25.13325817932854000792938662637654885530,/home/user/workspace/dataset_extracted/Датасет/НД_для_обучения/Исследования/2.25.13325817932854000792938662637654885530/series_002_2_CR/A2507365486 DXA/CR DXA/CR000012.dcm,1.2.643.5.1.13.13.12.2.77.8252.14070208080209001506081402060503,1,317,300,spine,True,0.0,,0.0,0.0,0.0,,,,,1285,809.55,1285,809.55,True,4.065631771236961,0.7259508764983231,7.049661897415753,317.0,-0.03496084949889791,0.0,0.0031545741324921135,0.5633333333333334,,,,,,,,,,,,,,,,,,,,,,,,,,,,,,,,,,,,,,,,,,,,,,,,,,,,,,,,,,,,,,,,,,,,,,,
2.25.134456506307367483341018281460841912845,/home/user/workspace/dataset_extracted/Датасет/НД_для_обучения/Исследования/2.25.134456506307367483341018281460841912845/series_002_2_CR/A2507120612 DXA/CR DXA/CR000000.dcm,1.2.643.5.1.13.13.12.2.77.8252.04040803080402061202041005000304,3,292,280,right_hip,True,0.0,,,,,0.0,0.0,,,0,0.0,0,0.0,False,0.0,,,,,,,,4.315454294267911,4.315454294267911,28.799999999999997,117.60000000000001,9.30156063142789,6.512394505757345,35.4,12.871024532750207,95.55,3.0,306.6,168.0,203.0,0.3678571428571429,0.2603595890410959,0.6952054794520548,0.24285714285714285,0.16071428571428573,0.6143881710496804,0.16048435639624314,0.9568742593120074,0.8198670857962952,2.507727132948375,1.5686216557898063,3.2903594492090176,1.8301875832849333,2.827333686404489,2.5789421532784442,3.0099660026651236,3.327696723271947,3.1925983189257576,4.676451293265458,3.975230635186392,6.025205863258965,5.357862951447026,6.286771790754096,6.094837188642506,5.835526360747603,7.477469504903141,5.38428093074111,8.860101821163775,4.933035500734621,10.242734137424408,5.081790070728124,12.225366453685043,-9.169455359278365,-7.9920012300543215,-9.507889431783234,-9.055026992858842,-9.959134861789726,-11.272394676598207,-9.81038029179622,-12.889762360337572,-8.461625721802713,-13.307130044076938,-8.9128711518092,-17.924497727816306,0.34869477568592516,-20.787523490620824,0.49744934567943627,-21.80489117436019,left,-0.34615605015028234,4.315454294267911,0.21071428571428572,,,0.0,0.0,0.0,0.0
2.25.134456506307367483341018281460841912845,/home/user/workspace/dataset_extracted/Датасет/НД_для_обучения/Исследования/2.25.134456506307367483341018281460841912845/series_002_2_CR/A2507120612 DXA/CR DXA/CR000001.dcm,1.2.643.5.1.13.13.12.2.77.8252.13090607110001000310151006050113,1,315,300,spine,True,0.0,,0.0,0.0,0.0,,,,,967,609.21,967,609.21,True,4.10293913333709,1.017112429860362,1.764032589593449,315.0,0.061391756939742755,0.0,0.0031746031746031746,0.3433333333333333,,,,,,,,,,,,,,,,,,,,,,,,,,,,,,,,,,,,,,,,,,,,,,,,,,,,,,,,,,,,,,,,,,,,,,,
2.25.134456506307367483341018281460841912845,/home/user/workspace/dataset_extracted/Датасет/НД_для_обучения/Исследования/2.25.134456506307367483341018281460841912845/series_002_2_CR/A2507120612 DXA/CR DXA/CR000002.dcm,1.2.643.5.1.13.13.12.2.77.8252.14121200111500000012151207021305,5,291,280,right_hip,True,0.0,,,,,0.0,0.0,,,0,0.0,0,0.0,False,0.0,,,,,,,,-0.9518514590883687,0.9518514590883687,27.599999999999998,107.10000000000001,0.0,-17.45334886429819,37.8,21.64582840922584,84.0,12.0,305.55,168.0,291.0,0.30714285714285716,0.2164089347079038,1.0,0.26785714285714285,0.15357142857142858,0.4925435349309263,0.12559084084669125,0.9579440278787,-19.28352681070505,2.262005869347638,-19.323764072580868,2.6822070556570226,-19.953942018987732,3.1473579453890523,-20.594179280863546,3.567559131698428,-20.634416542739363,3.9877603180078123,-20.67465380461518,4.407961504317188,-23.114891066490998,4.228162690626564,-23.74506901289786,4.093313580358602,-24.985306274773677,4.513514766667979,-25.625543536649495,5.533715952977363,-25.66578079852531,6.553917139286739,-25.706018060401128,7.574118325596114,-26.346255322276942,9.1943195119055,-26.376433268683808,10.259470401637529,-26.416670530559625,12.479671587946905,-28.25690779243544,14.699872774256288,-30.0,16.920073960565663,-30.0,19.140275146875048,-30.0,19.605426036607078,-30.0,20.625627222916453,right,0.39113662300539986,0.9518514590883687,0.22499999999999998,0.0,0.0,,,0.0,0.0
2.25.135241889065705954191821710363605596815,/home/user/workspace/dataset_extracted/Датасет/НД_для_обучения/Исследования/2.25.135241889065705954191821710363605596815/series_003_3_CR/A250715060 DXA/CR DXA/CR000000.dcm,1.2.643.5.1.13.13.12.2.77.8252.04060811050000140014040410080212,3,263,280,left_hip,True,0.0,,,,,,,0.0,0.0,0,0.0,0,0.0,False,0.0,,,,,,,,0.76262444809576,0.76262444809576,33.6,67.2,0.0,3.298969780219778,47.4,-19.309821428571414,66.15,3.5999999999999996,276.15000000000003,168.0,127.0,0.3892857142857143,0.24585822922324824,0.4828897338403042,0.18214285714285713,0.19642857142857142,0.4952794864112135,0.09643036101413031,0.9398655442383792,-0.06907967032967122,-19.917362637362633,-0.1909478021978032,-19.92741758241757,0.31765109890109783,-19.93495879120879,0.19578296703296585,-19.94501373626374,0.0739148351648339,-20.555068681318676,0.5520467032967019,-21.165123626373628,0.43017857142856997,-24.175178571428564,0.9387774725274709,-25.38271978021978,1.416909340659339,-26.592774725274715,1.295041208791207,-26.60282967032967,1.7731730769230751,-26.61288461538462,2.251304945054943,-26.622939560439555,2.729436813186811,-26.63299450549451,3.238035714285712,-26.640535714285708,2.51616758241758,-26.65059065934066,1.7942994505494483,-26.060645604395614,-7.266634615384618,-26.06567307692308,-7.266634615384618,-26.06567307692308,-7.266634615384618,-26.06567307692308,-7.266634615384618,-26.06567307692308,left,-0.5725523096621328,0.76262444809576,0.28214285714285714,,,0.0,0.0,0.0,0.0
2.25.135241889065705954191821710363605596815,/home/user/workspace/dataset_extracted/Датасет/НД_для_обучения/Исследования/2.25.135241889065705954191821710363605596815/series_003_3_CR/A250715060 DXA/CR DXA/CR000001.dcm,1.2.643.5.1.13.13.12.2.77.8252.12060607091105150404131215110908,1,346,300,spine,True,0.0,,0.0,0.0,0.0,,,,,544,342.72,544,342.72,True,3.5989783603442924,1.0736398451330647,0.8713005632610811,346.0,0.004040827182658404,0.0,0.002890173410404624,0.36666666666666664,,,,,,,,,,,,,,,,,,,,,,,,,,,,,,,,,,,,,,,,,,,,,,,,,,,,,,,,,,,,,,,,,,,,,,,
2.25.13566237352084812982996047541944701548,/home/user/workspace/dataset_extracted/Датасет/НД_для_обучения/Исследования/2.25.13566237352084812982996047541944701548/series_002_2_CR/A2504268931 DXA/CR DXA/CR000000.dcm,1.2.643.5.1.13.13.12.2.77.8252.09030712140506070904071003000708,1,320,300,spine,True,0.0,,0.0,0.0,0.0,,,,,1728,1088.64,1728,1088.64,True,4.634591334642512,1.7881235155088977,0.1661699472765652,320.0,-0.023950428005621614,0.0,0.003125,0.39,,,,,,,,,,,,,,,,,,,,,,,,,,,,,,,,,,,,,,,,,,,,,,,,,,,,,,,,,,,,,,,,,,,,,,,
2.25.137344827330550141320158285144101816664,/home/user/workspace/dataset_extracted/Датасет/НД_для_обучения/Исследования/2.25.137344827330550141320158285144101816664/series_003_3_CR/A2507146630 DXA/CR DXA/CR000000.dcm,1.2.643.5.1.13.13.12.2.77.8252.02050314081501100100131400110412,1,317,300,spine,True,0.0,,0.0,0.0,0.0,,,,,518,326.34,518,326.34,True,5.12821194456364,0.6259686107541927,0.005282535782679121,317.0,-0.0018793178414416426,0.0,0.0031545741324921135,0.3233333333333333,,,,,,,,,,,,,,,,,,,,,,,,,,,,,,,,,,,,,,,,,,,,,,,,,,,,,,,,,,,,,,,,,,,,,,,
2.25.137344827330550141320158285144101816664,/home/user/workspace/dataset_extracted/Датасет/НД_для_обучения/Исследования/2.25.137344827330550141320158285144101816664/series_003_3_CR/A2507146630 DXA/CR DXA/CR000001.dcm,1.2.643.5.1.13.13.12.2.77.8252.14140312010015010504081306061203,3,263,280,right_hip,True,0.0,,,,,0.0,0.0,,,48,30.240000000000002,48,30.240000000000002,True,3.4718915284145657,,,,,,,,-6.28191789668963,6.28191789668963,26.7,81.9,0.0,-3.7894308223422284,40.8,11.948031715120331,46.2,10.2,276.15000000000003,168.0,263.0,0.32857142857142857,0.19714828897338402,1.0,0.26785714285714285,0.15357142857142858,0.5534384957031263,0.15835679547770115,0.96790578052056,-6.958165884748172,2.0324359185118794,-5.101920863946196,2.3639954981727187,-4.609737098344707,2.1626651829183543,-3.9534920775427222,2.494224762579202,-5.097247056740739,3.4257843422400414,-5.041002035938754,3.7573439219008886,-5.584757015136771,4.688903501561737,-11.09257324953528,5.087573186307372,-11.036328228733305,6.619132765968211,-10.380083207931312,8.750692345629059,-18.123838187129337,10.882251925289907,-18.39571567672834,11.948031715120331,-18.39571567672834,11.948031715120331,-18.39571567672834,11.948031715120331,-18.39571567672834,11.948031715120331,-18.39571567672834,11.948031715120331,-18.39571567672834,11.948031715120331,-18.39571567672834,11.948031715120331,-18.39571567672834,11.948031715120331,-18.39571567672834,11.948031715120331,left,-0.2726945891327279,6.28191789668963,0.24285714285714283,,,0.0,0.0,0.0,0.0
2.25.137344827330550141320158285144101816664,/home/user/workspace/dataset_extracted/Датасет/НД_для_обучения/Исследования/2.25.137344827330550141320158285144101816664/series_003_3_CR/A2507146630 DXA/CR DXA/CR000002.dcm,1.2.643.5.1.13.13.12.2.77.8252.03131510081105080011060404010511,5,235,280,right_hip,True,0.0,,,,,0.0,0.0,,,0,0.0,0,0.0,False,0.0,,,,,,,,-12.538761030399423,12.538761030399423,18.0,106.05000000000001,0.0,-1.8021386138614046,53.4,6.0750401863716315,16.8,9.6,246.75,168.0,235.0,0.4,0.19826747720364743,1.0,0.24642857142857144,0.15357142857142858,0.5305221612277712,0.1593541094370835,0.9550954706894969,-2.629404775771724,3.474674432149146,-5.532426324985477,4.703454863133419,-5.1596924868957785,6.0750401863716315,-4.462714036109531,5.503820617355904,-4.138469423412965,5.961015725101964,-4.138469423412965,5.961015725101964,-4.138469423412965,5.961015725101964,-4.138469423412965,5.961015725101964,-4.138469423412965,5.961015725101964,-4.138469423412965,5.961015725101964,-4.138469423412965,5.961015725101964,-4.138469423412965,5.961015725101964,-4.138469423412965,5.961015725101964,-4.138469423412965,5.961015725101964,-4.138469423412965,5.961015725101964,-4.138469423412965,5.961015725101964,-4.138469423412965,5.961015725101964,-4.138469423412965,5.961015725101964,-4.138469423412965,5.961015725101964,-4.138469423412965,5.961015725101964,right,0.49408614084573965,12.538761030399423,0.31785714285714284,0.0,0.0,,,0.0,0.0
2.25.137675513852774974135210999345676405116,/home/user/workspace/dataset_extracted/Датасет/НД_для_обучения/Исследования/2.25.137675513852774974135210999345676405116/series_001_2_CR/A2504106597 DXA/CR DXA/CR000000.dcm,1.2.643.5.1.13.13.12.2.77.8252.05060902130204131205041207051405,1,317,300,spine,True,0.0,,0.0,0.0,0.0,,,,,806,507.78000000000003,806,507.78000000000003,True,3.955307747082061,1.24259455298584,5.951308629992269e-05,317.0,-0.026663239457606947,0.0,0.0031545741324921135,0.37,,,,,,,,,,,,,,,,,,,,,,,,,,,,,,,,,,,,,,,,,,,,,,,,,,,,,,,,,,,,,,,,,,,,,,,
2.25.13983650679559142983913935144968795415,/home/user/workspace/dataset_extracted/Датасет/НД_для_обучения/Исследования/2.25.13983650679559142983913935144968795415/series_003_2_CR/A2504335111 DXA/CR DXA/CR000000.dcm,1.2.643.5.1.13.13.12.2.77.8252.01100509051301061200120505020711,3,289,300,spine,True,0.0,,0.0,0.0,0.0,,,,,790,497.7,790,497.7,True,4.217298930571546,0.0066236244694725666,0.11010621328089853,289.0,-0.010827999343508926,0.0,0.0034602076124567475,0.33,,,,,,,,,,,,,,,,,,,,,,,,,,,,,,,,,,,,,,,,,,,,,,,,,,,,,,,,,,,,,,,,,,,,,,,
2.25.13983650679559142983913935144968795415,/home/user/workspace/dataset_extracted/Датасет/НД_для_обучения/Исследования/2.25.13983650679559142983913935144968795415/series_003_2_CR/A2504335111 DXA/CR DXA/CR000001.dcm,1.2.643.5.1.13.13.12.2.77.8252.02030711120805150008090200030710,8,289,280,left_hip,True,0.0,,,,,,,0.0,0.0,0,0.0,0,0.0,False,0.0,,,,,,,,-0.9158819189657204,0.9158819189657204,26.4,86.10000000000001,0.0,-2.578861788617888,26.4,1.1142651908446795,74.55,3.5999999999999996,303.45,168.0,153.0,0.2375,0.18507167572911518,0.5294117647058824,0.225,0.10714285714285714,0.4573754786588166,0.12144044964713731,0.9572524677091127,-2.8176510921735756,0.6274333104776844,-3.736036830247822,-17.225239168054326,-4.574826133803509,-17.56474352695334,-5.493211871877755,-18.01741600548535,-6.411597609952007,-18.47008848401737,-6.729983348026253,-21.322760962549392,-7.6483690861005,-22.375433441081395,-7.887158389656187,-22.71493779998042,-8.205544127730438,-23.76761027851242,-9.123929865804685,-24.22028275704444,-9.442315603878932,-25.27295523557646,-9.760701341953181,-25.725627714108473,-10.07908708002743,-26.17830019264048,-10.317876383583116,-27.117804551539496,-10.636262121657362,-27.57047703007151,-10.95464785973161,-28.62314950860353,-10.67303359780586,-29.67582198713554,-10.991419335880106,-30.0,-11.15061220491723,-30.0,-11.15061220491723,-30.0,right,0.2933063075169163,0.9158819189657204,0.15714285714285714,0.0,0.0,,,0.0,0.0
2.25.13983650679559142983913935144968795415,/home/user/workspace/dataset_extracted/Датасет/НД_для_обучения/Исследования/2.25.13983650679559142983913935144968795415/series_003_2_CR/A2504335111 DXA/CR DXA/CR000002.dcm,1.2.643.5.1.13.13.12.2.77.8252.05100908130706051511060907050202,6,289,280,right_hip,True,0.0,,,,,0.0,0.0,,,0,0.0,0,0.0,False,0.0,,,,,,,,-0.6366637549749075,0.6366637549749075,25.8,75.60000000000001,0.0,1.001173708920197,28.799999999999997,-17.889671361502376,72.45,5.3999999999999995,303.45,168.0,141.0,0.2571428571428571,0.19228868017795353,0.48788927335640137,0.2357142857142857,0.14642857142857144,0.4945991691361647,0.13397566123202503,0.9620111025966126,0.7983568075117489,-18.648411473406686,0.6800469483568179,-20.06006495594575,0.5913145539906238,-20.81880506785005,-0.12699530516430713,-21.630458550389125,-0.24530516431923813,-22.44211203292819,-0.3636150234741649,-23.253765515467254,-0.4819248826290959,-24.06541899800633,-0.5706572769952941,-24.824159109910628,-0.6889671361502252,-25.035812592449705,-0.807276995305152,-25.84746607498877,-0.32558685446008295,-26.059119557527843,-0.4438967136150097,-26.27077304006691,0.03779342723005925,-27.082426522605985,0.549061032863861,-27.241166634510282,0.43075117370892996,-28.05282011704935,0.9124413145540031,-28.864473599588422,0.7941314553990722,-29.67612708212749,0.6758215962441412,-30.0,0.6758215962441412,-30.0,0.6758215962441412,-30.0,left,-0.424339448405997,0.6366637549749075,0.1714285714285714,,,0.0,0.0,0.0,0.0
2.25.13983650679559142983913935144968795415,/home/user/workspace/dataset_extracted/Датасет/НД_для_обучения/Исследования/2.25.13983650679559142983913935144968795415/series_003_2_CR/A2504335111 DXA/CR DXA/CR000003.dcm,1.2.643.5.1.13.13.12.2.77.8252.07080813110202150000000512100700,1,289,300,spine,True,0.0,,0.0,0.0,0.0,,,,,790,497.7,790,497.7,True,4.217298930571546,0.0066236244694725666,0.11010621328089853,289.0,-0.010827999343508926,0.0,0.0034602076124567475,0.33,,,,,,,,,,,,,,,,,,,,,,,,,,,,,,,,,,,,,,,,,,,,,,,,,,,,,,,,,,,,,,,,,,,,,,,
2.25.13983650679559142983913935144968795415,/home/user/workspace/dataset_extracted/Датасет/НД_для_обучения/Исследования/2.25.13983650679559142983913935144968795415/series_003_2_CR/A2504335111 DXA/CR DXA/CR000004.dcm,1.2.643.5.1.13.13.12.2.77.8252.04081012050615111107130109120010,4,289,280,right_hip,True,0.0,,,,,0.0,0.0,,,0,0.0,0,0.0,False,0.0,,,,,,,,-0.6366637549749075,0.6366637549749075,25.8,75.60000000000001,0.0,1.001173708920197,28.799999999999997,-17.889671361502376,72.45,5.3999999999999995,303.45,168.0,141.0,0.2571428571428571,0.19228868017795353,0.48788927335640137,0.2357142857142857,0.14642857142857144,0.4945991691361647,0.13397566123202503,0.9620111025966126,0.7983568075117489,-18.648411473406686,0.6800469483568179,-20.06006495594575,0.5913145539906238,-20.81880506785005,-0.12699530516430713,-21.630458550389125,-0.24530516431923813,-22.44211203292819,-0.3636150234741649,-23.253765515467254,-0.4819248826290959,-24.06541899800633,-0.5706572769952941,-24.824159109910628,-0.6889671361502252,-25.035812592449705,-0.807276995305152,-25.84746607498877,-0.32558685446008295,-26.059119557527843,-0.4438967136150097,-26.27077304006691,0.03779342723005925,-27.082426522605985,0.549061032863861,-27.241166634510282,0.43075117370892996,-28.05282011704935,0.9124413145540031,-28.864473599588422,0.7941314553990722,-29.67612708212749,0.6758215962441412,-30.0,0.6758215962441412,-30.0,0.6758215962441412,-30.0,left,-0.424339448405997,0.6366637549749075,0.1714285714285714,,,0.0,0.0,0.0,0.0
2.25.13983650679559142983913935144968795415,/home/user/workspace/dataset_extracted/Датасет/НД_для_обучения/Исследования/2.25.13983650679559142983913935144968795415/series_003_2_CR/A2504335111 DXA/CR DXA/CR000005.dcm,1.2.643.5.1.13.13.12.2.77.8252.02081511091502140105000012140914,5,289,280,left_hip,True,0.0,,,,,,,0.0,0.0,0,0.0,0,0.0,False,0.0,,,,,,,,-0.9158819189657204,0.9158819189657204,26.4,86.10000000000001,0.0,-2.578861788617888,26.4,1.1142651908446795,74.55,3.5999999999999996,303.45,168.0,153.0,0.2375,0.18507167572911518,0.5294117647058824,0.225,0.10714285714285714,0.4573754786588166,0.12144044964713731,0.9572524677091127,-2.8176510921735756,0.6274333104776844,-3.736036830247822,-17.225239168054326,-4.574826133803509,-17.56474352695334,-5.493211871877755,-18.01741600548535,-6.411597609952007,-18.47008848401737,-6.729983348026253,-21.322760962549392,-7.6483690861005,-22.375433441081395,-7.887158389656187,-22.71493779998042,-8.205544127730438,-23.76761027851242,-9.123929865804685,-24.22028275704444,-9.442315603878932,-25.27295523557646,-9.760701341953181,-25.725627714108473,-10.07908708002743,-26.17830019264048,-10.317876383583116,-27.117804551539496,-10.636262121657362,-27.57047703007151,-10.95464785973161,-28.62314950860353,-10.67303359780586,-29.67582198713554,-10.991419335880106,-30.0,-11.15061220491723,-30.0,-11.15061220491723,-30.0,right,0.2933063075169163,0.9158819189657204,0.15714285714285714,0.0,0.0,,,0.0,0.0
2.25.144941557565802351596730914409170713112,/home/user/workspace/dataset_extracted/Датасет/НД_для_обучения/Исследования/2.25.144941557565802351596730914409170713112/series_001_2_CR/A250728979 DXA/CR DXA/CR000000.dcm,1.2.643.5.1.13.13.12.2.77.8252.01100715050305071000110707040014,10,268,280,left_hip,True,0.0,,,,,,,0.0,0.0,0,0.0,0,0.0,False,0.0,,,,,,,,-8.844437238110322,8.844437238110322,28.2,84.0,0.0,3.052566807313647,43.199999999999996,9.534106891701821,49.35,13.2,281.40000000000003,168.0,268.0,0.3464285714285714,0.23780650319829424,1.0,0.33214285714285713,0.16785714285714284,0.5365873361567033,0.15249193146079926,0.9563187408244953,-3.7456751054852386,2.8600421940928187,-1.5107946554149123,3.1878621659634203,-0.13463431786216518,2.9837271448663785,1.5002461322081615,3.3115471167369717,2.5351265822784796,3.0393670886075825,2.970007032348806,3.367187060478193,1.604887482419133,4.295007032348786,-1.8189521800281199,4.690872011251753,-2.5840717299578015,5.618691983122346,-3.949191279887475,6.5465119549929565,-4.114310829817148,8.074331926863566,-4.279430379746821,9.00215189873416,-4.620710267229242,9.534106891701821,-4.620710267229242,9.534106891701821,-4.620710267229242,9.534106891701821,-4.620710267229242,9.534106891701821,-4.620710267229242,9.534106891701821,-4.620710267229242,9.534106891701821,-4.620710267229242,9.534106891701821,-4.620710267229242,9.534106891701821,left,-0.4443026616236904,8.844437238110322,0.2571428571428571,,,0.0,0.0,0.0,0.0
2.25.144941557565802351596730914409170713112,/home/user/workspace/dataset_extracted/Датасет/НД_для_обучения/Исследования/2.25.144941557565802351596730914409170713112/series_001_2_CR/A250728979 DXA/CR DXA/CR000001.dcm,1.2.643.5.1.13.13.12.2.77.8252.05030004000114011306070703000900,12,268,280,left_hip,True,0.0,,,,,,,0.0,0.0,0,0.0,0,0.0,False,0.0,,,,,,,,-8.844437238110322,8.844437238110322,28.2,84.0,0.0,3.052566807313647,43.199999999999996,9.534106891701821,49.35,13.2,281.40000000000003,168.0,268.0,0.3464285714285714,0.23780650319829424,1.0,0.33214285714285713,0.16785714285714284,0.5365873361567033,0.15249193146079926,0.9563187408244953,-3.7456751054852386,2.8600421940928187,-1.5107946554149123,3.1878621659634203,-0.13463431786216518,2.9837271448663785,1.5002461322081615,3.3115471167369717,2.5351265822784796,3.0393670886075825,2.970007032348806,3.367187060478193,1.604887482419133,4.295007032348786,-1.8189521800281199,4.690872011251753,-2.5840717299578015,5.618691983122346,-3.949191279887475,6.5465119549929565,-4.114310829817148,8.074331926863566,-4.279430379746821,9.00215189873416,-4.620710267229242,9.534106891701821,-4.620710267229242,9.534106891701821,-4.620710267229242,9.534106891701821,-4.620710267229242,9.534106891701821,-4.620710267229242,9.534106891701821,-4.620710267229242,9.534106891701821,-4.620710267229242,9.534106891701821,-4.620710267229242,9.534106891701821,left,-0.4443026616236904,8.844437238110322,0.2571428571428571,,,0.0,0.0,0.0,0.0
2.25.144941557565802351596730914409170713112,/home/user/workspace/dataset_extracted/Датасет/НД_для_обучения/Исследования/2.25.144941557565802351596730914409170713112/series_001_2_CR/A250728979 DXA/CR DXA/CR000002.dcm,1.2.643.5.1.13.13.12.2.77.8252.14070202101304120203120502100808,2,268,280,right_hip,True,1.0,Нарушение позиционирования/ротации правого бедра,,,,1.0,0.0,,,0,0.0,0,0.0,False,0.0,,,,,,,,-11.923861101340385,11.923861101340385,28.5,84.0,0.0,10.90443037974685,38.4,11.329472573839633,53.550000000000004,7.8,281.40000000000003,168.0,268.0,0.3107142857142857,0.22024253731343282,1.0,0.3357142857142857,0.16785714285714284,0.49959306492583955,0.10141683177944946,0.9539387845330167,-2.9060337552742537,1.9012658227847907,-1.5042897327707294,2.7291983122362637,0.14701828410690324,3.0501476793248683,3.348762306610419,3.27808016877635,5.950506329113943,3.506012658227823,7.352250351617459,3.733945147679304,9.953994374120976,3.9618776371307773,-0.3946976090013834,4.882827004219382,0.4070464135021325,5.110759493670855,-2.3912095639943516,6.538691983122328,-2.7894655414908356,7.966624472573809,-1.3877215189873198,9.394556962025282,0.014022503516204664,10.822489451476764,0.3644585091420794,11.329472573839633,0.3644585091420794,11.329472573839633,0.3644585091420794,11.329472573839633,0.3644585091420794,11.329472573839633,0.3644585091420794,11.329472573839633,0.3644585091420794,11.329472573839633,0.3644585091420794,11.329472573839633,right,0.30819570850948874,11.923861101340385,0.22857142857142856,1.0,0.0,,,1.0,0.0
2.25.144941557565802351596730914409170713112,/home/user/workspace/dataset_extracted/Датасет/НД_для_обучения/Исследования/2.25.144941557565802351596730914409170713112/series_001_2_CR/A250728979 DXA/CR DXA/CR000003.dcm,1.2.643.5.1.13.13.12.2.77.8252.03000804151513141409051310151514,11,268,280,right_hip,True,1.0,Нарушение позиционирования/ротации правого бедра,,,,1.0,0.0,,,0,0.0,0,0.0,False,0.0,,,,,,,,-11.923861101340385,11.923861101340385,28.5,84.0,0.0,10.90443037974685,38.4,11.329472573839633,53.550000000000004,7.8,281.40000000000003,168.0,268.0,0.3107142857142857,0.22024253731343282,1.0,0.3357142857142857,0.16785714285714284,0.49959306492583955,0.10141683177944946,0.9539387845330167,-2.9060337552742537,1.9012658227847907,-1.5042897327707294,2.7291983122362637,0.14701828410690324,3.0501476793248683,3.348762306610419,3.27808016877635,5.950506329113943,3.506012658227823,7.352250351617459,3.733945147679304,9.953994374120976,3.9618776371307773,-0.3946976090013834,4.882827004219382,0.4070464135021325,5.110759493670855,-2.3912095639943516,6.538691983122328,-2.7894655414908356,7.966624472573809,-1.3877215189873198,9.394556962025282,0.014022503516204664,10.822489451476764,0.3644585091420794,11.329472573839633,0.3644585091420794,11.329472573839633,0.3644585091420794,11.329472573839633,0.3644585091420794,11.329472573839633,0.3644585091420794,11.329472573839633,0.3644585091420794,11.329472573839633,0.3644585091420794,11.329472573839633,right,0.30819570850948874,11.923861101340385,0.22857142857142856,1.0,0.0,,,1.0,0.0
2.25.144941557565802351596730914409170713112,/home/user/workspace/dataset_extracted/Датасет/НД_для_обучения/Исследования/2.25.144941557565802351596730914409170713112/series_001_2_CR/A250728979 DXA/CR DXA/CR000004.dcm,1.2.643.5.1.13.13.12.2.77.8252.10050606131001041108060208080404,13,268,280,right_hip,True,1.0,Нарушение позиционирования/ротации правого бедра,,,,1.0,0.0,,,0,0.0,0,0.0,False,0.0,,,,,,,,-11.923861101340385,11.923861101340385,28.5,84.0,0.0,10.90443037974685,38.4,11.329472573839633,53.550000000000004,7.8,281.40000000000003,168.0,268.0,0.3107142857142857,0.22024253731343282,1.0,0.3357142857142857,0.16785714285714284,0.49959306492583955,0.10141683177944946,0.9539387845330167,-2.9060337552742537,1.9012658227847907,-1.5042897327707294,2.7291983122362637,0.14701828410690324,3.0501476793248683,3.348762306610419,3.27808016877635,5.950506329113943,3.506012658227823,7.352250351617459,3.733945147679304,9.953994374120976,3.9618776371307773,-0.3946976090013834,4.882827004219382,0.4070464135021325,5.110759493670855,-2.3912095639943516,6.538691983122328,-2.7894655414908356,7.966624472573809,-1.3877215189873198,9.394556962025282,0.014022503516204664,10.822489451476764,0.3644585091420794,11.329472573839633,0.3644585091420794,11.329472573839633,0.3644585091420794,11.329472573839633,0.3644585091420794,11.329472573839633,0.3644585091420794,11.329472573839633,0.3644585091420794,11.329472573839633,0.3644585091420794,11.329472573839633,right,0.30819570850948874,11.923861101340385,0.22857142857142856,1.0,0.0,,,1.0,0.0
2.25.144941557565802351596730914409170713112,/home/user/workspace/dataset_extracted/Датасет/НД_для_обучения/Исследования/2.25.144941557565802351596730914409170713112/series_001_2_CR/A250728979 DXA/CR DXA/CR000005.dcm,1.2.643.5.1.13.13.12.2.77.8252.13110302070015120304051003100511,5,268,280,right_hip,True,1.0,Нарушение позиционирования/ротации правого бедра,,,,1.0,0.0,,,0,0.0,0,0.0,False,0.0,,,,,,,,-11.923861101340385,11.923861101340385,28.5,84.0,0.0,10.90443037974685,38.4,11.329472573839633,53.550000000000004,7.8,281.40000000000003,168.0,268.0,0.3107142857142857,0.22024253731343282,1.0,0.3357142857142857,0.16785714285714284,0.49959306492583955,0.10141683177944946,0.9539387845330167,-2.9060337552742537,1.9012658227847907,-1.5042897327707294,2.7291983122362637,0.14701828410690324,3.0501476793248683,3.348762306610419,3.27808016877635,5.950506329113943,3.506012658227823,7.352250351617459,3.733945147679304,9.953994374120976,3.9618776371307773,-0.3946976090013834,4.882827004219382,0.4070464135021325,5.110759493670855,-2.3912095639943516,6.538691983122328,-2.7894655414908356,7.966624472573809,-1.3877215189873198,9.394556962025282,0.014022503516204664,10.822489451476764,0.3644585091420794,11.329472573839633,0.3644585091420794,11.329472573839633,0.3644585091420794,11.329472573839633,0.3644585091420794,11.329472573839633,0.3644585091420794,11.329472573839633,0.3644585091420794,11.329472573839633,0.3644585091420794,11.329472573839633,right,0.30819570850948874,11.923861101340385,0.22857142857142856,1.0,0.0,,,1.0,0.0
2.25.144941557565802351596730914409170713112,/home/user/workspace/dataset_extracted/Датасет/НД_для_обучения/Исследования/2.25.144941557565802351596730914409170713112/series_001_2_CR/A250728979 DXA/CR DXA/CR000006.dcm,1.2.643.5.1.13.13.12.2.77.8252.14021109030605071205090308080911,9,322,300,spine,True,0.0,,0.0,0.0,0.0,,,,,372,234.36,372,234.36,True,3.6945755936324396,1.5681670477151823,0.3881078100633206,322.0,-0.02003498119760631,0.0,0.003105590062111801,0.39,,,,,,,,,,,,,,,,,,,,,,,,,,,,,,,,,,,,,,,,,,,,,,,,,,,,,,,,,,,,,,,,,,,,,,,
2.25.144941557565802351596730914409170713112,/home/user/workspace/dataset_extracted/Датасет/НД_для_обучения/Исследования/2.25.144941557565802351596730914409170713112/series_001_2_CR/A250728979 DXA/CR DXA/CR000007.dcm,1.2.643.5.1.13.13.12.2.77.8252.02000707141211070603071400111001,6,268,280,left_hip,True,0.0,,,,,,,0.0,0.0,0,0.0,0,0.0,False,0.0,,,,,,,,-8.844437238110322,8.844437238110322,28.2,84.0,0.0,3.052566807313647,43.199999999999996,9.534106891701821,49.35,13.2,281.40000000000003,168.0,268.0,0.3464285714285714,0.23780650319829424,1.0,0.33214285714285713,0.16785714285714284,0.5365873361567033,0.15249193146079926,0.9563187408244953,-3.7456751054852386,2.8600421940928187,-1.5107946554149123,3.1878621659634203,-0.13463431786216518,2.9837271448663785,1.5002461322081615,3.3115471167369717,2.5351265822784796,3.0393670886075825,2.970007032348806,3.367187060478193,1.604887482419133,4.295007032348786,-1.8189521800281199,4.690872011251753,-2.5840717299578015,5.618691983122346,-3.949191279887475,6.5465119549929565,-4.114310829817148,8.074331926863566,-4.279430379746821,9.00215189873416,-4.620710267229242,9.534106891701821,-4.620710267229242,9.534106891701821,-4.620710267229242,9.534106891701821,-4.620710267229242,9.534106891701821,-4.620710267229242,9.534106891701821,-4.620710267229242,9.534106891701821,-4.620710267229242,9.534106891701821,-4.620710267229242,9.534106891701821,left,-0.4443026616236904,8.844437238110322,0.2571428571428571,,,0.0,0.0,0.0,0.0
2.25.144941557565802351596730914409170713112,/home/user/workspace/dataset_extracted/Датасет/НД_для_обучения/Исследования/2.25.144941557565802351596730914409170713112/series_001_2_CR/A250728979 DXA/CR DXA/CR000008.dcm,1.2.643.5.1.13.13.12.2.77.8252.12001403040706100907100308030007,4,322,300,spine,True,0.0,,0.0,0.0,0.0,,,,,372,234.36,372,234.36,True,3.6945755936324396,1.5681670477151823,0.3881078100633206,322.0,-0.02003498119760631,0.0,0.003105590062111801,0.39,,,,,,,,,,,,,,,,,,,,,,,,,,,,,,,,,,,,,,,,,,,,,,,,,,,,,,,,,,,,,,,,,,,,,,,
2.25.144941557565802351596730914409170713112,/home/user/workspace/dataset_extracted/Датасет/НД_для_обучения/Исследования/2.25.144941557565802351596730914409170713112/series_001_2_CR/A250728979 DXA/CR DXA/CR000009.dcm,1.2.643.5.1.13.13.12.2.77.8252.03150209000513130305020013101408,1,322,300,spine,True,0.0,,0.0,0.0,0.0,,,,,372,234.36,372,234.36,True,3.6945755936324396,1.5681670477151823,0.3881078100633206,322.0,-0.02003498119760631,0.0,0.003105590062111801,0.39,,,,,,,,,,,,,,,,,,,,,,,,,,,,,,,,,,,,,,,,,,,,,,,,,,,,,,,,,,,,,,,,,,,,,,,
2.25.144941557565802351596730914409170713112,/home/user/workspace/dataset_extracted/Датасет/НД_для_обучения/Исследования/2.25.144941557565802351596730914409170713112/series_001_2_CR/A250728979 DXA/CR DXA/CR000010.dcm,1.2.643.5.1.13.13.12.2.77.8252.08060612000510000609001512070103,3,268,280,left_hip,True,0.0,,,,,,,0.0,0.0,0,0.0,0,0.0,False,0.0,,,,,,,,-8.844437238110322,8.844437238110322,28.2,84.0,0.0,3.052566807313647,43.199999999999996,9.534106891701821,49.35,13.2,281.40000000000003,168.0,268.0,0.3464285714285714,0.23780650319829424,1.0,0.33214285714285713,0.16785714285714284,0.5365873361567033,0.15249193146079926,0.9563187408244953,-3.7456751054852386,2.8600421940928187,-1.5107946554149123,3.1878621659634203,-0.13463431786216518,2.9837271448663785,1.5002461322081615,3.3115471167369717,2.5351265822784796,3.0393670886075825,2.970007032348806,3.367187060478193,1.604887482419133,4.295007032348786,-1.8189521800281199,4.690872011251753,-2.5840717299578015,5.618691983122346,-3.949191279887475,6.5465119549929565,-4.114310829817148,8.074331926863566,-4.279430379746821,9.00215189873416,-4.620710267229242,9.534106891701821,-4.620710267229242,9.534106891701821,-4.620710267229242,9.534106891701821,-4.620710267229242,9.534106891701821,-4.620710267229242,9.534106891701821,-4.620710267229242,9.534106891701821,-4.620710267229242,9.534106891701821,-4.620710267229242,9.534106891701821,left,-0.4443026616236904,8.844437238110322,0.2571428571428571,,,0.0,0.0,0.0,0.0
2.25.145848300160680194368420189079847088556,/home/user/workspace/dataset_extracted/Датасет/НД_для_обучения/Исследования/2.25.145848300160680194368420189079847088556/series_002_2_CR/A2504248615 DXA Exam/CR DXA Images/CR000000.dcm,1.2.643.5.1.13.13.12.2.77.8252.06130104100900080002100912090901,3,346,280,right_hip,True,0.0,,,,,0.0,0.0,,,269,169.47,269,169.47,True,3.6723079644186076,,,,,,,,-5.740371536190582,5.740371536190582,31.799999999999997,124.95,0.0,5.532237572995293,38.4,10.019547073066564,17.85,49.199999999999996,363.3,168.0,346.0,0.3142857142857143,0.29887489677952106,1.0,0.05714285714285714,0.175,0.6101124238671545,0.158278715524698,0.9625977023050567,1.4576940606751179,3.2893348525851365,2.803707449081324,4.990938612733271,2.9132174903859807,6.267141432844363,4.859230878792195,8.568745192992496,5.532237572995293,10.019547073066564,5.532237572995293,10.019547073066564,5.532237572995293,10.019547073066564,5.532237572995293,10.019547073066564,5.532237572995293,10.019547073066564,5.532237572995293,10.019547073066564,5.532237572995293,10.019547073066564,5.532237572995293,10.019547073066564,5.532237572995293,10.019547073066564,5.532237572995293,10.019547073066564,5.532237572995293,10.019547073066564,5.532237572995293,10.019547073066564,5.532237572995293,10.019547073066564,5.532237572995293,10.019547073066564,5.532237572995293,10.019547073066564,5.532237572995293,10.019547073066564,right,0.63587002412858,5.740371536190582,0.22857142857142856,0.0,0.0,,,0.0,0.0
2.25.145848300160680194368420189079847088556,/home/user/workspace/dataset_extracted/Датасет/НД_для_обучения/Исследования/2.25.145848300160680194368420189079847088556/series_002_2_CR/A2504248615 DXA Exam/CR DXA Images/CR000001.dcm,1.2.643.5.1.13.13.12.2.77.8252.09091111090903031309150614110215,2,344,280,left_hip,True,1.0,Нарушение позиционирования/ротации левого бедра,,,,,,1.0,0.0,245,154.35,245,154.35,True,4.589422234233379,,,,,,,,-10.089221389065855,10.089221389065855,29.4,97.65,0.0,3.446146041598257,43.199999999999996,15.133768016472219,40.95,15.6,361.2,168.0,312.0,0.35,0.2586171096345515,0.9069767441860465,0.11071428571428571,0.175,0.4800589084550655,0.0842452548254444,0.9561973022438951,-0.05086687953211424,3.5371310912834812,-0.07661364924952352,3.816746739876487,0.8040762734624195,4.1764584763212325,1.9783295037450186,4.456074124914221,3.1525827340276096,5.335689773507227,0.12683596431020874,6.215305422100232,1.3010891945927994,7.69492107069322,2.1817791173047425,8.654632807137967,2.756032347587342,10.734248455730972,2.730285577869932,14.013864104323977,2.42384888544058,15.133768016472219,2.42384888544058,15.133768016472219,2.42384888544058,15.133768016472219,2.42384888544058,15.133768016472219,2.42384888544058,15.133768016472219,2.42384888544058,15.133768016472219,2.42384888544058,15.133768016472219,2.42384888544058,15.133768016472219,2.42384888544058,15.133768016472219,2.42384888544058,15.133768016472219,left,-0.6882235656316676,10.089221389065855,0.2571428571428571,,,1.0,0.0,1.0,0.0
2.25.145848300160680194368420189079847088556,/home/user/workspace/dataset_extracted/Датасет/НД_для_обучения/Исследования/2.25.145848300160680194368420189079847088556/series_002_2_CR/A2504248615 DXA Exam/CR DXA Images/CR000002.dcm,1.2.643.5.1.13.13.12.2.77.8252.07040802010906150312000007110303,1,289,300,spine,True,0.0,,0.0,0.0,0.0,,,,,140,88.2,140,88.2,True,3.601571476710567,1.701774048350064,1.8176633815804197,289.0,-0.03163498576452857,0.0,0.0034602076124567475,0.43,,,,,,,,,,,,,,,,,,,,,,,,,,,,,,,,,,,,,,,,,,,,,,,,,,,,,,,,,,,,,,,,,,,,,,,
2.25.151186844055172005615813066162721550889,/home/user/workspace/dataset_extracted/Датасет/НД_для_обучения/Исследования/2.25.151186844055172005615813066162721550889/series_002_2_CR/A250436130 DXA/CR DXA/CR000000.dcm,1.2.643.5.1.13.13.12.2.77.8252.07051313070907070603030815070904,1,344,300,spine,True,0.0,,0.0,0.0,0.0,,,,,3133,1973.79,3133,1973.79,True,4.929383157485874,1.1785290347860362,0.9337220437016369,344.0,-0.03793882411934315,0.0,0.0029069767441860465,0.38,,,,,,,,,,,,,,,,,,,,,,,,,,,,,,,,,,,,,,,,,,,,,,,,,,,,,,,,,,,,,,,,,,,,,,,
2.25.151186844055172005615813066162721550889,/home/user/workspace/dataset_extracted/Датасет/НД_для_обучения/Исследования/2.25.151186844055172005615813066162721550889/series_002_2_CR/A250436130 DXA/CR DXA/CR000001.dcm,1.2.643.5.1.13.13.12.2.77.8252.06120514140811101106020900110711,3,289,280,left_hip,True,0.0,,,,,,,0.0,0.0,0,0.0,0,0.0,False,0.0,,,,,,,,-2.3388256956182794,2.3388256956182794,28.2,90.3,0.0,-10.517647058823522,63.599999999999994,23.122407660738723,123.9,7.8,303.45,168.0,289.0,0.4785714285714286,0.19048442906574395,1.0,0.25357142857142856,0.16071428571428573,0.5033697025858302,0.13196316267398892,0.968402756378109,-12.69416481909523,0.9965960658521453,-12.396188499457509,0.9514920515118603,-12.172706259729225,1.5176640407566253,-11.874729940091504,2.0725600264163404,-12.176753620453791,2.6274560120760384,-11.87877730081607,3.1823519977357364,-11.580800981178351,3.7372479833954344,-11.357318741450067,4.303419972640216,-11.659342421812346,4.858315958299914,-11.961366102174624,5.413211943959612,-12.263389782536914,6.568107929619328,-13.765413462899192,7.123003915279026,-14.067437143261472,7.677899900938723,-13.843954903533188,7.644071890183505,-13.545978583895467,8.198967875843204,-16.248002264257746,8.1538638615029,-17.150025944620033,8.708759847162598,-19.252049624982313,9.263655832822314,-19.62856738525403,9.82982782206708,-21.73059106561631,10.984723807726777,left,-0.9746526272499285,2.3388256956182794,0.37857142857142856,,,0.0,0.0,0.0,0.0
2.25.151186844055172005615813066162721550889,/home/user/workspace/dataset_extracted/Датасет/НД_для_обучения/Исследования/2.25.151186844055172005615813066162721550889/series_002_2_CR/A250436130 DXA/CR DXA/CR000002.dcm,1.2.643.5.1.13.13.12.2.77.8252.07071507091013150605060411110414,2,261,280,right_hip,True,0.0,,,,,0.0,0.0,,,82,51.660000000000004,82,51.660000000000004,True,3.490335185823981,,,,,,,,-3.4477851534845634,3.4477851534845634,36.0,106.05000000000001,0.0,-20.396910891089092,34.199999999999996,7.567967384973763,58.800000000000004,12.6,274.05,168.0,261.0,0.325,0.27387794198139026,1.0,0.26071428571428573,0.18214285714285713,0.5842841727598591,0.19610353461673116,0.950587683759228,-21.73650786255094,-1.2715946418171769,-23.122637157833413,-1.363806639487524,-24.46223412929527,-1.2829656377403011,-25.248363424577736,-0.7751776354106482,-30.0,-0.2673896330809953,-30.0,0.24039836924865765,-30.0,1.3481863715782936,-30.0,2.0290273733255333,-30.0,2.536815375655169,-30.0,3.644603377984822,-30.0,5.952391380314475,-30.0,7.060179382644128,-30.0,7.567967384973763,-30.0,7.048808386721004,-30.0,7.129649388468243,-30.0,7.129649388468243,-30.0,7.129649388468243,-30.0,7.129649388468243,-30.0,7.129649388468243,-30.0,7.129649388468243,right,0.7208311344750484,3.4477851534845634,0.20357142857142854,0.0,0.0,,,0.0,0.0
2.25.156021661584944120526934974594604520993,/home/user/workspace/dataset_extracted/Датасет/НД_для_обучения/Исследования/2.25.156021661584944120526934974594604520993/series_003_2_CR/A2507142228 DXA/CR DXA/CR000000.dcm,1.2.643.5.1.13.13.12.2.77.8252.09130714090405151215050914040809,12,315,300,spine,True,0.0,,0.0,0.0,0.0,,,,,804,506.52,804,506.52,True,3.5996390036530808,1.380244229039981,0.16036483695369874,315.0,-0.0576805728518057,0.0,0.0031746031746031746,0.36333333333333334,,,,,,,,,,,,,,,,,,,,,,,,,,,,,,,,,,,,,,,,,,,,,,,,,,,,,,,,,,,,,,,,,,,,,,,
2.25.156021661584944120526934974594604520993,/home/user/workspace/dataset_extracted/Датасет/НД_для_обучения/Исследования/2.25.156021661584944120526934974594604520993/series_003_2_CR/A2507142228 DXA/CR DXA/CR000001.dcm,1.2.643.5.1.13.13.12.2.77.8252.09091502110711081102050610090100,8,261,280,right_hip,True,0.0,,,,,0.0,0.0,,,18,11.34,18,11.34,True,3.70200895848106,,,,,,,,3.049012469893762,3.049012469893762,31.799999999999997,78.75,0.0,4.369348506401141,42.6,-18.5420199146515,60.900000000000006,3.0,274.05,168.0,133.0,0.38571428571428573,0.21187739463601532,0.5095785440613027,0.30357142857142855,0.175,0.4739857013523336,0.13988378829365705,0.9400503179097367,0.023812233285929095,-18.5420199146515,0.18594025604552655,-26.932460881934578,0.45753627311522677,-28.725291607396883,0.6196642958748327,-30.0,0.7817923186344302,-30.0,0.9439203413940276,-30.0,1.1060483641536336,-30.0,1.9776443812233337,-30.0,2.1397724039829313,-30.0,2.9019004267425372,-30.0,3.6640284495021387,-30.0,3.8261564722617405,-30.0,3.9882844950213423,-30.0,4.259880512091047,-30.0,3.822008534850644,-30.0,3.712540540540546,-30.0,3.712540540540546,-30.0,3.712540540540546,-30.0,3.712540540540546,-30.0,3.712540540540546,-30.0,left,-0.37877438476987946,3.049012469893762,0.25357142857142856,,,0.0,0.0,0.0,0.0
2.25.156021661584944120526934974594604520993,/home/user/workspace/dataset_extracted/Датасет/НД_для_обучения/Исследования/2.25.156021661584944120526934974594604520993/series_003_2_CR/A2507142228 DXA/CR DXA/CR000002.dcm,1.2.643.5.1.13.13.12.2.77.8252.02061505000012091414020201140711,14,261,280,right_hip,True,0.0,,,,,0.0,0.0,,,18,11.34,18,11.34,True,3.70200895848106,,,,,,,,3.049012469893762,3.049012469893762,31.799999999999997,78.75,0.0,4.369348506401141,42.6,-18.5420199146515,60.900000000000006,3.0,274.05,168.0,133.0,0.38571428571428573,0.21187739463601532,0.5095785440613027,0.30357142857142855,0.175,0.4739857013523336,0.13988378829365705,0.9400503179097367,0.023812233285929095,-18.5420199146515,0.18594025604552655,-26.932460881934578,0.45753627311522677,-28.725291607396883,0.6196642958748327,-30.0,0.7817923186344302,-30.0,0.9439203413940276,-30.0,1.1060483641536336,-30.0,1.9776443812233337,-30.0,2.1397724039829313,-30.0,2.9019004267425372,-30.0,3.6640284495021387,-30.0,3.8261564722617405,-30.0,3.9882844950213423,-30.0,4.259880512091047,-30.0,3.822008534850644,-30.0,3.712540540540546,-30.0,3.712540540540546,-30.0,3.712540540540546,-30.0,3.712540540540546,-30.0,3.712540540540546,-30.0,left,-0.37877438476987946,3.049012469893762,0.25357142857142856,,,0.0,0.0,0.0,0.0
2.25.156021661584944120526934974594604520993,/home/user/workspace/dataset_extracted/Датасет/НД_для_обучения/Исследования/2.25.156021661584944120526934974594604520993/series_003_2_CR/A2507142228 DXA/CR DXA/CR000003.dcm,1.2.643.5.1.13.13.12.2.77.8252.12020806150405080200131300151004,7,261,280,left_hip,True,0.0,,,,,,,0.0,0.0,0,0.0,0,0.0,False,0.0,,,,,,,,0.09245632712777142,0.09245632712777142,30.599999999999998,89.25,0.0,-14.450420168067222,30.0,18.270861833105347,77.7,10.2,274.05,168.0,261.0,0.29464285714285715,0.21424466338259443,1.0,0.29642857142857143,0.17142857142857143,0.5191992867269806,0.1675425428271053,0.9522070812350001,-14.63467656830173,1.3329685362517067,-25.680351768614415,1.7008481532147726,-27.06460816884893,2.126757865937074,-27.910283369161615,2.49463748290014,-28.155958569474297,2.8625170998631972,-28.401633769786983,3.8303967168262716,-26.247308970099667,4.1982763337893285,-26.431565370334173,5.2241860465116305,-30.0,6.192065663474696,-30.0,7.759945280437762,-30.0,9.327824897400827,-30.0,10.895704514363894,-30.0,13.063584131326959,-30.0,14.689493844049252,-30.0,15.657373461012318,-30.0,16.025253077975382,-30.0,16.393132694938448,-30.0,16.761012311901514,-30.0,17.786922024623816,-30.0,18.270861833105347,right,0.17430882494329114,0.09245632712777142,0.17857142857142858,0.0,0.0,,,0.0,0.0
2.25.156021661584944120526934974594604520993,/home/user/workspace/dataset_extracted/Датасет/НД_для_обучения/Исследования/2.25.156021661584944120526934974594604520993/series_003_2_CR/A2507142228 DXA/CR DXA/CR000004.dcm,1.2.643.5.1.13.13.12.2.77.8252.04040506120312070613131201100500,9,261,280,left_hip,True,0.0,,,,,,,0.0,0.0,0,0.0,0,0.0,False,0.0,,,,,,,,0.09245632712777142,0.09245632712777142,30.599999999999998,89.25,0.0,-14.450420168067222,30.0,18.270861833105347,77.7,10.2,274.05,168.0,261.0,0.29464285714285715,0.21424466338259443,1.0,0.29642857142857143,0.17142857142857143,0.5191992867269806,0.1675425428271053,0.9522070812350001,-14.63467656830173,1.3329685362517067,-25.680351768614415,1.7008481532147726,-27.06460816884893,2.126757865937074,-27.910283369161615,2.49463748290014,-28.155958569474297,2.8625170998631972,-28.401633769786983,3.8303967168262716,-26.247308970099667,4.1982763337893285,-26.431565370334173,5.2241860465116305,-30.0,6.192065663474696,-30.0,7.759945280437762,-30.0,9.327824897400827,-30.0,10.895704514363894,-30.0,13.063584131326959,-30.0,14.689493844049252,-30.0,15.657373461012318,-30.0,16.025253077975382,-30.0,16.393132694938448,-30.0,16.761012311901514,-30.0,17.786922024623816,-30.0,18.270861833105347,right,0.17430882494329114,0.09245632712777142,0.17857142857142858,0.0,0.0,,,0.0,0.0
2.25.156021661584944120526934974594604520993,/home/user/workspace/dataset_extracted/Датасет/НД_для_обучения/Исследования/2.25.156021661584944120526934974594604520993/series_003_2_CR/A2507142228 DXA/CR DXA/CR000005.dcm,1.2.643.5.1.13.13.12.2.77.8252.04130713101511140710050408091506,5,261,280,left_hip,True,0.0,,,,,,,0.0,0.0,0,0.0,0,0.0,False,0.0,,,,,,,,0.09245632712777142,0.09245632712777142,30.599999999999998,89.25,0.0,-14.450420168067222,30.0,18.270861833105347,77.7,10.2,274.05,168.0,261.0,0.29464285714285715,0.21424466338259443,1.0,0.29642857142857143,0.17142857142857143,0.5191992867269806,0.1675425428271053,0.9522070812350001,-14.63467656830173,1.3329685362517067,-25.680351768614415,1.7008481532147726,-27.06460816884893,2.126757865937074,-27.910283369161615,2.49463748290014,-28.155958569474297,2.8625170998631972,-28.401633769786983,3.8303967168262716,-26.247308970099667,4.1982763337893285,-26.431565370334173,5.2241860465116305,-30.0,6.192065663474696,-30.0,7.759945280437762,-30.0,9.327824897400827,-30.0,10.895704514363894,-30.0,13.063584131326959,-30.0,14.689493844049252,-30.0,15.657373461012318,-30.0,16.025253077975382,-30.0,16.393132694938448,-30.0,16.761012311901514,-30.0,17.786922024623816,-30.0,18.270861833105347,right,0.17430882494329114,0.09245632712777142,0.17857142857142858,0.0,0.0,,,0.0,0.0
2.25.156021661584944120526934974594604520993,/home/user/workspace/dataset_extracted/Датасет/НД_для_обучения/Исследования/2.25.156021661584944120526934974594604520993/series_003_2_CR/A2507142228 DXA/CR DXA/CR000006.dcm,1.2.643.5.1.13.13.12.2.77.8252.11080103090607140209131008021505,6,261,280,right_hip,True,0.0,,,,,0.0,0.0,,,18,11.34,18,11.34,True,3.70200895848106,,,,,,,,3.049012469893762,3.049012469893762,31.799999999999997,78.75,0.0,4.369348506401141,42.6,-18.5420199146515,60.900000000000006,3.0,274.05,168.0,133.0,0.38571428571428573,0.21187739463601532,0.5095785440613027,0.30357142857142855,0.175,0.4739857013523336,0.13988378829365705,0.9400503179097367,0.023812233285929095,-18.5420199146515,0.18594025604552655,-26.932460881934578,0.45753627311522677,-28.725291607396883,0.6196642958748327,-30.0,0.7817923186344302,-30.0,0.9439203413940276,-30.0,1.1060483641536336,-30.0,1.9776443812233337,-30.0,2.1397724039829313,-30.0,2.9019004267425372,-30.0,3.6640284495021387,-30.0,3.8261564722617405,-30.0,3.9882844950213423,-30.0,4.259880512091047,-30.0,3.822008534850644,-30.0,3.712540540540546,-30.0,3.712540540540546,-30.0,3.712540540540546,-30.0,3.712540540540546,-30.0,3.712540540540546,-30.0,left,-0.37877438476987946,3.049012469893762,0.25357142857142856,,,0.0,0.0,0.0,0.0
2.25.156021661584944120526934974594604520993,/home/user/workspace/dataset_extracted/Датасет/НД_для_обучения/Исследования/2.25.156021661584944120526934974594604520993/series_003_2_CR/A2507142228 DXA/CR DXA/CR000007.dcm,1.2.643.5.1.13.13.12.2.77.8252.05041404051513101304111210060012,3,261,280,right_hip,True,0.0,,,,,0.0,0.0,,,18,11.34,18,11.34,True,3.70200895848106,,,,,,,,3.049012469893762,3.049012469893762,31.799999999999997,78.75,0.0,4.369348506401141,42.6,-18.5420199146515,60.900000000000006,3.0,274.05,168.0,133.0,0.38571428571428573,0.21187739463601532,0.5095785440613027,0.30357142857142855,0.175,0.4739857013523336,0.13988378829365705,0.9400503179097367,0.023812233285929095,-18.5420199146515,0.18594025604552655,-26.932460881934578,0.45753627311522677,-28.725291607396883,0.6196642958748327,-30.0,0.7817923186344302,-30.0,0.9439203413940276,-30.0,1.1060483641536336,-30.0,1.9776443812233337,-30.0,2.1397724039829313,-30.0,2.9019004267425372,-30.0,3.6640284495021387,-30.0,3.8261564722617405,-30.0,3.9882844950213423,-30.0,4.259880512091047,-30.0,3.822008534850644,-30.0,3.712540540540546,-30.0,3.712540540540546,-30.0,3.712540540540546,-30.0,3.712540540540546,-30.0,3.712540540540546,-30.0,left,-0.37877438476987946,3.049012469893762,0.25357142857142856,,,0.0,0.0,0.0,0.0
2.25.156021661584944120526934974594604520993,/home/user/workspace/dataset_extracted/Датасет/НД_для_обучения/Исследования/2.25.156021661584944120526934974594604520993/series_003_2_CR/A2507142228 DXA/CR DXA/CR000008.dcm,1.2.643.5.1.13.13.12.2.77.8252.10050703151214090610040504130101,4,315,300,spine,True,0.0,,0.0,0.0,0.0,,,,,804,506.52,804,506.52,True,3.5996390036530808,1.380244229039981,0.16036483695369874,315.0,-0.0576805728518057,0.0,0.0031746031746031746,0.36333333333333334,,,,,,,,,,,,,,,,,,,,,,,,,,,,,,,,,,,,,,,,,,,,,,,,,,,,,,,,,,,,,,,,,,,,,,,
2.25.156021661584944120526934974594604520993,/home/user/workspace/dataset_extracted/Датасет/НД_для_обучения/Исследования/2.25.156021661584944120526934974594604520993/series_003_2_CR/A2507142228 DXA/CR DXA/CR000009.dcm,1.2.643.5.1.13.13.12.2.77.8252.01020015070311140900060907010202,13,261,280,left_hip,True,0.0,,,,,,,0.0,0.0,0,0.0,0,0.0,False,0.0,,,,,,,,0.09245632712777142,0.09245632712777142,30.599999999999998,89.25,0.0,-14.450420168067222,30.0,18.270861833105347,77.7,10.2,274.05,168.0,261.0,0.29464285714285715,0.21424466338259443,1.0,0.29642857142857143,0.17142857142857143,0.5191992867269806,0.1675425428271053,0.9522070812350001,-14.63467656830173,1.3329685362517067,-25.680351768614415,1.7008481532147726,-27.06460816884893,2.126757865937074,-27.910283369161615,2.49463748290014,-28.155958569474297,2.8625170998631972,-28.401633769786983,3.8303967168262716,-26.247308970099667,4.1982763337893285,-26.431565370334173,5.2241860465116305,-30.0,6.192065663474696,-30.0,7.759945280437762,-30.0,9.327824897400827,-30.0,10.895704514363894,-30.0,13.063584131326959,-30.0,14.689493844049252,-30.0,15.657373461012318,-30.0,16.025253077975382,-30.0,16.393132694938448,-30.0,16.761012311901514,-30.0,17.786922024623816,-30.0,18.270861833105347,right,0.17430882494329114,0.09245632712777142,0.17857142857142858,0.0,0.0,,,0.0,0.0
2.25.156021661584944120526934974594604520993,/home/user/workspace/dataset_extracted/Датасет/НД_для_обучения/Исследования/2.25.156021661584944120526934974594604520993/series_003_2_CR/A2507142228 DXA/CR DXA/CR000010.dcm,1.2.643.5.1.13.13.12.2.77.8252.11001008080504080903151311021305,2,261,280,left_hip,True,0.0,,,,,,,0.0,0.0,0,0.0,0,0.0,False,0.0,,,,,,,,0.09245632712777142,0.09245632712777142,30.599999999999998,89.25,0.0,-14.450420168067222,30.0,18.270861833105347,77.7,10.2,274.05,168.0,261.0,0.29464285714285715,0.21424466338259443,1.0,0.29642857142857143,0.17142857142857143,0.5191992867269806,0.1675425428271053,0.9522070812350001,-14.63467656830173,1.3329685362517067,-25.680351768614415,1.7008481532147726,-27.06460816884893,2.126757865937074,-27.910283369161615,2.49463748290014,-28.155958569474297,2.8625170998631972,-28.401633769786983,3.8303967168262716,-26.247308970099667,4.1982763337893285,-26.431565370334173,5.2241860465116305,-30.0,6.192065663474696,-30.0,7.759945280437762,-30.0,9.327824897400827,-30.0,10.895704514363894,-30.0,13.063584131326959,-30.0,14.689493844049252,-30.0,15.657373461012318,-30.0,16.025253077975382,-30.0,16.393132694938448,-30.0,16.761012311901514,-30.0,17.786922024623816,-30.0,18.270861833105347,right,0.17430882494329114,0.09245632712777142,0.17857142857142858,0.0,0.0,,,0.0,0.0
2.25.156021661584944120526934974594604520993,/home/user/workspace/dataset_extracted/Датасет/НД_для_обучения/Исследования/2.25.156021661584944120526934974594604520993/series_003_2_CR/A2507142228 DXA/CR DXA/CR000011.dcm,1.2.643.5.1.13.13.12.2.77.8252.10070914150303091307080902000612,1,315,300,spine,True,0.0,,0.0,0.0,0.0,,,,,804,506.52,804,506.52,True,3.5996390036530808,1.380244229039981,0.16036483695369874,315.0,-0.0576805728518057,0.0,0.0031746031746031746,0.36333333333333334,,,,,,,,,,,,,,,,,,,,,,,,,,,,,,,,,,,,,,,,,,,,,,,,,,,,,,,,,,,,,,,,,,,,,,,
2.25.156375884487675936513403083218009333856,/home/user/workspace/dataset_extracted/Датасет/НД_для_обучения/Исследования/2.25.156375884487675936513403083218009333856/series_003_2_CR/A250727121 DXA/CR DXA/CR000000.dcm,1.2.643.5.1.13.13.12.2.77.8252.04001402031200081204010009090110,3,291,280,left_hip,True,0.0,,,,,,,0.0,0.0,0,0.0,0,0.0,False,0.0,,,,,,,,-3.6906605094468476,3.6906605094468476,30.0,117.60000000000001,0.0,0.7581311716267436,31.2,27.129752793248375,55.650000000000006,19.8,305.55,168.0,291.0,0.26785714285714285,0.24830633284241532,1.0,0.3392857142857143,0.16785714285714284,0.5583322803890849,0.15293434467540268,0.9655879301756278,0.01011463422967722,3.0343415792530775,-0.440105750503983,3.2422925137526817,-0.32777103905422394,3.5482557146273934,-0.17799142378788416,4.356206649126997,-0.02821180852154441,5.76415758362661,0.12156780674479534,7.172108518126214,0.2713474220111351,8.580059452625827,0.3836821334608899,10.08602265350053,0.533461748727234,12.093973588000141,0.6832413639935737,14.701924522499745,-10.566979020740087,17.30987545699935,-30.0,20.51782639149896,-30.0,25.525777325998575,-30.0,27.03174052687328,-30.0,27.03174052687328,-30.0,27.03174052687328,-30.0,27.03174052687328,-30.0,27.03174052687328,-30.0,27.03174052687328,-30.0,27.03174052687328,left,-0.49013019178646977,3.6906605094468476,0.18571428571428572,,,0.0,0.0,0.0,0.0
2.25.156375884487675936513403083218009333856,/home/user/workspace/dataset_extracted/Датасет/НД_для_обучения/Исследования/2.25.156375884487675936513403083218009333856/series_003_2_CR/A250727121 DXA/CR DXA/CR000001.dcm,1.2.643.5.1.13.13.12.2.77.8252.07090311111312140315080706100515,4,317,300,spine,True,1.0,"Наличие посторонних предметов, артефактов или наложений",0.0,0.0,1.0,,,,,1387,873.8100000000001,1387,873.8100000000001,True,4.5465815999125905,0.5176637629417278,1.1906577778697134,317.0,0.013019409420437663,0.0,0.0031545741324921135,0.4,,,,,,,,,,,,,,,,,,,,,,,,,,,,,,,,,,,,,,,,,,,,,,,,,,,,,,,,,,,,,,,,,,,,,,,
2.25.156375884487675936513403083218009333856,/home/user/workspace/dataset_extracted/Датасет/НД_для_обучения/Исследования/2.25.156375884487675936513403083218009333856/series_003_2_CR/A250727121 DXA/CR DXA/CR000002.dcm,1.2.643.5.1.13.13.12.2.77.8252.14151108130201081305130506031009,6,291,280,left_hip,True,0.0,,,,,,,0.0,0.0,0,0.0,0,0.0,False,0.0,,,,,,,,-3.6906605094468476,3.6906605094468476,30.0,117.60000000000001,0.0,0.7581311716267436,31.2,27.129752793248375,55.650000000000006,19.8,305.55,168.0,291.0,0.26785714285714285,0.24830633284241532,1.0,0.3392857142857143,0.16785714285714284,0.5583322803890849,0.15293434467540268,0.9655879301756278,0.01011463422967722,3.0343415792530775,-0.440105750503983,3.2422925137526817,-0.32777103905422394,3.5482557146273934,-0.17799142378788416,4.356206649126997,-0.02821180852154441,5.76415758362661,0.12156780674479534,7.172108518126214,0.2713474220111351,8.580059452625827,0.3836821334608899,10.08602265350053,0.533461748727234,12.093973588000141,0.6832413639935737,14.701924522499745,-10.566979020740087,17.30987545699935,-30.0,20.51782639149896,-30.0,25.525777325998575,-30.0,27.03174052687328,-30.0,27.03174052687328,-30.0,27.03174052687328,-30.0,27.03174052687328,-30.0,27.03174052687328,-30.0,27.03174052687328,-30.0,27.03174052687328,left,-0.49013019178646977,3.6906605094468476,0.18571428571428572,,,0.0,0.0,0.0,0.0
2.25.156375884487675936513403083218009333856,/home/user/workspace/dataset_extracted/Датасет/НД_для_обучения/Исследования/2.25.156375884487675936513403083218009333856/series_003_2_CR/A250727121 DXA/CR DXA/CR000003.dcm,1.2.643.5.1.13.13.12.2.77.8252.14051207080309081314081508110108,9,317,300,spine,True,1.0,"Наличие посторонних предметов, артефактов или наложений",0.0,0.0,1.0,,,,,1387,873.8100000000001,1387,873.8100000000001,True,4.5465815999125905,0.5176637629417278,1.1906577778697134,317.0,0.013019409420437663,0.0,0.0031545741324921135,0.4,,,,,,,,,,,,,,,,,,,,,,,,,,,,,,,,,,,,,,,,,,,,,,,,,,,,,,,,,,,,,,,,,,,,,,,
2.25.156375884487675936513403083218009333856,/home/user/workspace/dataset_extracted/Датасет/НД_для_обучения/Исследования/2.25.156375884487675936513403083218009333856/series_003_2_CR/A250727121 DXA/CR DXA/CR000004.dcm,1.2.643.5.1.13.13.12.2.77.8252.00010208150107110206110212130810,2,291,280,right_hip,True,0.0,,,,,0.0,0.0,,,0,0.0,0,0.0,False,0.0,,,,,,,,-4.043128895067335,4.043128895067335,30.0,96.60000000000001,0.0,0.24470046082949465,61.8,23.85829724272921,55.650000000000006,39.0,305.55,168.0,291.0,0.45,0.2717476681394207,1.0,0.3607142857142857,0.16785714285714284,0.5799410140757757,0.18170790869927358,0.9579208833902081,-0.4533360048086564,2.914355069895032,-0.30498898016430187,3.6689625942080224,-0.1937287116810296,3.9349182374427696,-0.04538168703666656,4.08952576175576,0.10296533760768796,4.844133286068751,-0.348687637747949,5.5987408103817415,-0.20034061310358595,6.953348334694749,-0.08908034462032219,8.419303977929497,0.05926668002404085,9.773911502242486,0.2076137046684039,11.728519026555476,-0.8440392706872416,14.883126550868468,-2.4956922460428785,18.037734075181458,-5.347345221398524,21.192341599494465,-11.836084952915252,23.85829724272921,-11.836084952915252,23.85829724272921,-11.836084952915252,23.85829724272921,-11.836084952915252,23.85829724272921,-11.836084952915252,23.85829724272921,-11.836084952915252,23.85829724272921,-11.836084952915252,23.85829724272921,right,1.025912940152631,4.043128895067335,0.3678571428571428,0.0,0.0,,,0.0,0.0
2.25.156375884487675936513403083218009333856,/home/user/workspace/dataset_extracted/Датасет/НД_для_обучения/Исследования/2.25.156375884487675936513403083218009333856/series_003_2_CR/A250727121 DXA/CR DXA/CR000005.dcm,1.2.643.5.1.13.13.12.2.77.8252.09011413060403000011030100010009,12,291,280,left_hip,True,0.0,,,,,,,0.0,0.0,0,0.0,0,0.0,False,0.0,,,,,,,,-3.6906605094468476,3.6906605094468476,30.0,117.60000000000001,0.0,0.7581311716267436,31.2,27.129752793248375,55.650000000000006,19.8,305.55,168.0,291.0,0.26785714285714285,0.24830633284241532,1.0,0.3392857142857143,0.16785714285714284,0.5583322803890849,0.15293434467540268,0.9655879301756278,0.01011463422967722,3.0343415792530775,-0.440105750503983,3.2422925137526817,-0.32777103905422394,3.5482557146273934,-0.17799142378788416,4.356206649126997,-0.02821180852154441,5.76415758362661,0.12156780674479534,7.172108518126214,0.2713474220111351,8.580059452625827,0.3836821334608899,10.08602265350053,0.533461748727234,12.093973588000141,0.6832413639935737,14.701924522499745,-10.566979020740087,17.30987545699935,-30.0,20.51782639149896,-30.0,25.525777325998575,-30.0,27.03174052687328,-30.0,27.03174052687328,-30.0,27.03174052687328,-30.0,27.03174052687328,-30.0,27.03174052687328,-30.0,27.03174052687328,-30.0,27.03174052687328,left,-0.49013019178646977,3.6906605094468476,0.18571428571428572,,,0.0,0.0,0.0,0.0
2.25.156375884487675936513403083218009333856,/home/user/workspace/dataset_extracted/Датасет/НД_для_обучения/Исследования/2.25.156375884487675936513403083218009333856/series_003_2_CR/A250727121 DXA/CR DXA/CR000006.dcm,1.2.643.5.1.13.13.12.2.77.8252.08030713030704060311150311011102,7,291,280,left_hip,True,0.0,,,,,,,0.0,0.0,0,0.0,0,0.0,False,0.0,,,,,,,,-3.6906605094468476,3.6906605094468476,30.0,117.60000000000001,0.0,0.7581311716267436,31.2,27.129752793248375,55.650000000000006,19.8,305.55,168.0,291.0,0.26785714285714285,0.24830633284241532,1.0,0.3392857142857143,0.16785714285714284,0.5583322803890849,0.15293434467540268,0.9655879301756278,0.01011463422967722,3.0343415792530775,-0.440105750503983,3.2422925137526817,-0.32777103905422394,3.5482557146273934,-0.17799142378788416,4.356206649126997,-0.02821180852154441,5.76415758362661,0.12156780674479534,7.172108518126214,0.2713474220111351,8.580059452625827,0.3836821334608899,10.08602265350053,0.533461748727234,12.093973588000141,0.6832413639935737,14.701924522499745,-10.566979020740087,17.30987545699935,-30.0,20.51782639149896,-30.0,25.525777325998575,-30.0,27.03174052687328,-30.0,27.03174052687328,-30.0,27.03174052687328,-30.0,27.03174052687328,-30.0,27.03174052687328,-30.0,27.03174052687328,-30.0,27.03174052687328,left,-0.49013019178646977,3.6906605094468476,0.18571428571428572,,,0.0,0.0,0.0,0.0
2.25.156375884487675936513403083218009333856,/home/user/workspace/dataset_extracted/Датасет/НД_для_обучения/Исследования/2.25.156375884487675936513403083218009333856/series_003_2_CR/A250727121 DXA/CR DXA/CR000007.dcm,1.2.643.5.1.13.13.12.2.77.8252.05051104100602100505120514140315,11,291,280,right_hip,True,0.0,,,,,0.0,0.0,,,0,0.0,0,0.0,False,0.0,,,,,,,,-4.043128895067335,4.043128895067335,30.0,96.60000000000001,0.0,0.24470046082949465,61.8,23.85829724272921,55.650000000000006,39.0,305.55,168.0,291.0,0.45,0.2717476681394207,1.0,0.3607142857142857,0.16785714285714284,0.5799410140757757,0.18170790869927358,0.9579208833902081,-0.4533360048086564,2.914355069895032,-0.30498898016430187,3.6689625942080224,-0.1937287116810296,3.9349182374427696,-0.04538168703666656,4.08952576175576,0.10296533760768796,4.844133286068751,-0.348687637747949,5.5987408103817415,-0.20034061310358595,6.953348334694749,-0.08908034462032219,8.419303977929497,0.05926668002404085,9.773911502242486,0.2076137046684039,11.728519026555476,-0.8440392706872416,14.883126550868468,-2.4956922460428785,18.037734075181458,-5.347345221398524,21.192341599494465,-11.836084952915252,23.85829724272921,-11.836084952915252,23.85829724272921,-11.836084952915252,23.85829724272921,-11.836084952915252,23.85829724272921,-11.836084952915252,23.85829724272921,-11.836084952915252,23.85829724272921,-11.836084952915252,23.85829724272921,right,1.025912940152631,4.043128895067335,0.3678571428571428,0.0,0.0,,,0.0,0.0
2.25.156375884487675936513403083218009333856,/home/user/workspace/dataset_extracted/Датасет/НД_для_обучения/Исследования/2.25.156375884487675936513403083218009333856/series_003_2_CR/A250727121 DXA/CR DXA/CR000008.dcm,1.2.643.5.1.13.13.12.2.77.8252.02120313110611140813031405011300,5,291,280,right_hip,True,0.0,,,,,0.0,0.0,,,0,0.0,0,0.0,False,0.0,,,,,,,,-4.043128895067335,4.043128895067335,30.0,96.60000000000001,0.0,0.24470046082949465,61.8,23.85829724272921,55.650000000000006,39.0,305.55,168.0,291.0,0.45,0.2717476681394207,1.0,0.3607142857142857,0.16785714285714284,0.5799410140757757,0.18170790869927358,0.9579208833902081,-0.4533360048086564,2.914355069895032,-0.30498898016430187,3.6689625942080224,-0.1937287116810296,3.9349182374427696,-0.04538168703666656,4.08952576175576,0.10296533760768796,4.844133286068751,-0.348687637747949,5.5987408103817415,-0.20034061310358595,6.953348334694749,-0.08908034462032219,8.419303977929497,0.05926668002404085,9.773911502242486,0.2076137046684039,11.728519026555476,-0.8440392706872416,14.883126550868468,-2.4956922460428785,18.037734075181458,-5.347345221398524,21.192341599494465,-11.836084952915252,23.85829724272921,-11.836084952915252,23.85829724272921,-11.836084952915252,23.85829724272921,-11.836084952915252,23.85829724272921,-11.836084952915252,23.85829724272921,-11.836084952915252,23.85829724272921,-11.836084952915252,23.85829724272921,right,1.025912940152631,4.043128895067335,0.3678571428571428,0.0,0.0,,,0.0,0.0
2.25.156375884487675936513403083218009333856,/home/user/workspace/dataset_extracted/Датасет/НД_для_обучения/Исследования/2.25.156375884487675936513403083218009333856/series_003_2_CR/A250727121 DXA/CR DXA/CR000009.dcm,1.2.643.5.1.13.13.12.2.77.8252.01081107130715100908030700130001,1,317,300,spine,True,1.0,"Наличие посторонних предметов, артефактов или наложений",0.0,0.0,1.0,,,,,1387,873.8100000000001,1387,873.8100000000001,True,4.5465815999125905,0.5176637629417278,1.1906577778697134,317.0,0.013019409420437663,0.0,0.0031545741324921135,0.4,,,,,,,,,,,,,,,,,,,,,,,,,,,,,,,,,,,,,,,,,,,,,,,,,,,,,,,,,,,,,,,,,,,,,,,
2.25.156375884487675936513403083218009333856,/home/user/workspace/dataset_extracted/Датасет/НД_для_обучения/Исследования/2.25.156375884487675936513403083218009333856/series_003_2_CR/A250727121 DXA/CR DXA/CR000010.dcm,1.2.643.5.1.13.13.12.2.77.8252.02031105000207140511130815071303,10,291,280,left_hip,True,0.0,,,,,,,0.0,0.0,0,0.0,0,0.0,False,0.0,,,,,,,,-3.6906605094468476,3.6906605094468476,30.0,117.60000000000001,0.0,0.7581311716267436,31.2,27.129752793248375,55.650000000000006,19.8,305.55,168.0,291.0,0.26785714285714285,0.24830633284241532,1.0,0.3392857142857143,0.16785714285714284,0.5583322803890849,0.15293434467540268,0.9655879301756278,0.01011463422967722,3.0343415792530775,-0.440105750503983,3.2422925137526817,-0.32777103905422394,3.5482557146273934,-0.17799142378788416,4.356206649126997,-0.02821180852154441,5.76415758362661,0.12156780674479534,7.172108518126214,0.2713474220111351,8.580059452625827,0.3836821334608899,10.08602265350053,0.533461748727234,12.093973588000141,0.6832413639935737,14.701924522499745,-10.566979020740087,17.30987545699935,-30.0,20.51782639149896,-30.0,25.525777325998575,-30.0,27.03174052687328,-30.0,27.03174052687328,-30.0,27.03174052687328,-30.0,27.03174052687328,-30.0,27.03174052687328,-30.0,27.03174052687328,-30.0,27.03174052687328,left,-0.49013019178646977,3.6906605094468476,0.18571428571428572,,,0.0,0.0,0.0,0.0
2.25.156389075510671877606923458507011517218,/home/user/workspace/dataset_extracted/Датасет/НД_для_обучения/Исследования/2.25.156389075510671877606923458507011517218/series_001_2_CR/A2507389755 DXA/CR DXA/CR000000.dcm,1.2.643.5.1.13.13.12.2.77.8252.12101514000107101207120412120213,5,292,280,right_hip,True,0.0,,,,,0.0,0.0,,,51,32.13,51,32.13,True,3.50732476527712,,,,,,,,0.5656551069254987,0.5656551069254987,33.6,88.2,0.0,-0.3437035537106197,63.0,-19.512220309810704,50.400000000000006,3.0,306.6,168.0,132.0,0.48928571428571427,0.2218811154598826,0.4520547945205479,0.33214285714285713,0.18214285714285713,0.5365709202057475,0.14924585482269614,0.9646140069168966,-0.9866032196010734,-22.03610812999901,-1.2347190442441813,-22.8012918902501,-0.8208059127265187,-24.725179710438425,-1.0689217373696265,-26.09036347068951,-1.3170375620127344,-26.255547230940596,-1.565153386655851,-29.42073099119168,-1.2132692112989587,-29.585914751442765,-1.3993560797812876,-30.0,-1.0474719044243954,-30.0,-0.6955877290675119,-30.0,-0.3437035537106197,-30.0,-0.5918193783537277,-30.0,-0.7158772906752858,-30.0,-0.7158772906752858,-30.0,-0.7158772906752858,-30.0,-0.7158772906752858,-30.0,-0.7158772906752858,-30.0,-0.7158772906752858,-30.0,-0.7158772906752858,-30.0,-0.7158772906752858,-30.0,right,0.8283037201322221,0.5656551069254987,0.375,0.0,0.0,,,0.0,0.0
2.25.156389075510671877606923458507011517218,/home/user/workspace/dataset_extracted/Датасет/НД_для_обучения/Исследования/2.25.156389075510671877606923458507011517218/series_001_2_CR/A2507389755 DXA/CR DXA/CR000001.dcm,1.2.643.5.1.13.13.12.2.77.8252.05051100060005040907000403081502,4,292,280,left_hip,True,0.0,,,,,,,0.0,0.0,0,0.0,0,0.0,False,0.0,,,,,,,,-2.3894876358020984,2.3894876358020984,33.0,110.25,0.0,-17.19450549450548,42.6,13.837491188057209,64.05,10.799999999999999,306.6,168.0,292.0,0.34464285714285714,0.25485567514677104,1.0,0.3464285714285714,0.17857142857142858,0.5761860117617312,0.11634331090784528,0.964529512165147,-18.410366991499064,2.3337756583039493,-24.431515654157156,2.562106572672587,-24.447377151150725,2.283354758449087,-23.868525813808827,2.5116856728177255,-23.289674476466917,2.7400165871863806,-22.71082313912501,2.968347501555036,-23.331971801783112,3.7966784159236737,-23.34783329877668,4.117926601700174,-23.368981961434773,4.946257516068812,-20.990130624092874,5.774588430437467,-30.0,7.202919344806105,-30.0,8.63125025917476,-30.0,10.059581173543416,-30.0,11.580829359319898,-30.0,13.009160273688552,-30.0,13.837491188057209,-30.0,13.837491188057209,-30.0,13.837491188057209,-30.0,13.837491188057209,-30.0,13.837491188057209,left,-0.41692430401653174,2.3894876358020984,0.25357142857142856,,,0.0,0.0,0.0,0.0
2.25.156389075510671877606923458507011517218,/home/user/workspace/dataset_extracted/Датасет/НД_для_обучения/Исследования/2.25.156389075510671877606923458507011517218/series_001_2_CR/A2507389755 DXA/CR DXA/CR000002.dcm,1.2.643.5.1.13.13.12.2.77.8252.10040508121311001415130412050515,3,289,300,spine,True,0.0,,0.0,0.0,0.0,,,,,766,482.58,766,482.58,True,3.75139153834498,0.09242139360415973,1.1042553133591473,289.0,0.015971079760427644,0.0,0.0034602076124567475,0.33,,,,,,,,,,,,,,,,,,,,,,,,,,,,,,,,,,,,,,,,,,,,,,,,,,,,,,,,,,,,,,,,,,,,,,,
2.25.156389075510671877606923458507011517218,/home/user/workspace/dataset_extracted/Датасет/НД_для_обучения/Исследования/2.25.156389075510671877606923458507011517218/series_001_2_CR/A2507389755 DXA/CR DXA/CR000003.dcm,1.2.643.5.1.13.13.12.2.77.8252.12071112070710000412111310090807,1,289,300,spine,True,0.0,,0.0,0.0,0.0,,,,,766,482.58,766,482.58,True,3.75139153834498,0.09242139360415973,1.1042553133591473,289.0,0.015971079760427644,0.0,0.0034602076124567475,0.33,,,,,,,,,,,,,,,,,,,,,,,,,,,,,,,,,,,,,,,,,,,,,,,,,,,,,,,,,,,,,,,,,,,,,,,
2.25.156389075510671877606923458507011517218,/home/user/workspace/dataset_extracted/Датасет/НД_для_обучения/Исследования/2.25.156389075510671877606923458507011517218/series_001_2_CR/A2507389755 DXA/CR DXA/CR000004.dcm,1.2.643.5.1.13.13.12.2.77.8252.05071102020515091408100612011404,6,292,280,left_hip,True,0.0,,,,,,,0.0,0.0,0,0.0,0,0.0,False,0.0,,,,,,,,-2.3894876358020984,2.3894876358020984,33.0,110.25,0.0,-17.19450549450548,42.6,13.837491188057209,64.05,10.799999999999999,306.6,168.0,292.0,0.34464285714285714,0.25485567514677104,1.0,0.3464285714285714,0.17857142857142858,0.5761860117617312,0.11634331090784528,0.964529512165147,-18.410366991499064,2.3337756583039493,-24.431515654157156,2.562106572672587,-24.447377151150725,2.283354758449087,-23.868525813808827,2.5116856728177255,-23.289674476466917,2.7400165871863806,-22.71082313912501,2.968347501555036,-23.331971801783112,3.7966784159236737,-23.34783329877668,4.117926601700174,-23.368981961434773,4.946257516068812,-20.990130624092874,5.774588430437467,-30.0,7.202919344806105,-30.0,8.63125025917476,-30.0,10.059581173543416,-30.0,11.580829359319898,-30.0,13.009160273688552,-30.0,13.837491188057209,-30.0,13.837491188057209,-30.0,13.837491188057209,-30.0,13.837491188057209,-30.0,13.837491188057209,left,-0.41692430401653174,2.3894876358020984,0.25357142857142856,,,0.0,0.0,0.0,0.0
2.25.156389075510671877606923458507011517218,/home/user/workspace/dataset_extracted/Датасет/НД_для_обучения/Исследования/2.25.156389075510671877606923458507011517218/series_001_2_CR/A2507389755 DXA/CR DXA/CR000005.dcm,1.2.643.5.1.13.13.12.2.77.8252.06010215090214010805091400020206,8,292,280,right_hip,True,0.0,,,,,0.0,0.0,,,51,32.13,51,32.13,True,3.50732476527712,,,,,,,,0.5656551069254987,0.5656551069254987,33.6,88.2,0.0,-0.3437035537106197,63.0,-19.512220309810704,50.400000000000006,3.0,306.6,168.0,132.0,0.48928571428571427,0.2218811154598826,0.4520547945205479,0.33214285714285713,0.18214285714285713,0.5365709202057475,0.14924585482269614,0.9646140069168966,-0.9866032196010734,-22.03610812999901,-1.2347190442441813,-22.8012918902501,-0.8208059127265187,-24.725179710438425,-1.0689217373696265,-26.09036347068951,-1.3170375620127344,-26.255547230940596,-1.565153386655851,-29.42073099119168,-1.2132692112989587,-29.585914751442765,-1.3993560797812876,-30.0,-1.0474719044243954,-30.0,-0.6955877290675119,-30.0,-0.3437035537106197,-30.0,-0.5918193783537277,-30.0,-0.7158772906752858,-30.0,-0.7158772906752858,-30.0,-0.7158772906752858,-30.0,-0.7158772906752858,-30.0,-0.7158772906752858,-30.0,-0.7158772906752858,-30.0,-0.7158772906752858,-30.0,-0.7158772906752858,-30.0,right,0.8283037201322221,0.5656551069254987,0.375,0.0,0.0,,,0.0,0.0
2.25.157462338378550185821790046400986801350,/home/user/workspace/dataset_extracted/Датасет/НД_для_обучения/Исследования/2.25.157462338378550185821790046400986801350/series_001_2_CR/A2507498707 DXA/CR DXA/CR000000.dcm,1.2.643.5.1.13.13.12.2.77.8252.15011410150513090204040606151204,1,289,300,spine,True,0.0,,0.0,0.0,0.0,,,,,49,30.87,49,30.87,True,3.3869117990371995,0.009062203873279393,0.8278142898050891,289.0,-0.011898081534772207,0.0,0.0034602076124567475,0.34,,,,,,,,,,,,,,,,,,,,,,,,,,,,,,,,,,,,,,,,,,,,,,,,,,,,,,,,,,,,,,,,,,,,,,,
2.25.157462338378550185821790046400986801350,/home/user/workspace/dataset_extracted/Датасет/НД_для_обучения/Исследования/2.25.157462338378550185821790046400986801350/series_001_2_CR/A2507498707 DXA/CR DXA/CR000001.dcm,1.2.643.5.1.13.13.12.2.77.8252.14100604010411121207140303140506,5,235,280,right_hip,True,1.0,Нарушение позиционирования/ротации правого бедра,,,,1.0,0.0,,,0,0.0,0,0.0,False,0.0,,,,,,,,-11.919944875048781,11.919944875048781,13.2,118.65,0.0,0.0,62.4,0.0,1.05,13.2,246.75,168.0,235.0,0.4446428571428571,0.16179331306990882,1.0,0.21785714285714286,0.1357142857142857,0.5372521327176899,0.14335014309676697,0.9672111507683628,0.43122629582802,2.688621997471574,0.43122629582802,2.688621997471574,0.43122629582802,2.688621997471574,0.43122629582802,2.688621997471574,0.43122629582802,2.688621997471574,0.43122629582802,2.688621997471574,0.43122629582802,2.688621997471574,0.43122629582802,2.688621997471574,0.43122629582802,2.688621997471574,0.43122629582802,2.688621997471574,0.43122629582802,2.688621997471574,0.43122629582802,2.688621997471574,0.43122629582802,2.688621997471574,0.43122629582802,2.688621997471574,0.43122629582802,2.688621997471574,0.43122629582802,2.688621997471574,0.43122629582802,2.688621997471574,0.43122629582802,2.688621997471574,0.43122629582802,2.688621997471574,0.43122629582802,2.688621997471574,right,0.4083402107922473,11.919944875048781,0.37142857142857144,1.0,0.0,,,1.0,0.0
2.25.157462338378550185821790046400986801350,/home/user/workspace/dataset_extracted/Датасет/НД_для_обучения/Исследования/2.25.157462338378550185821790046400986801350/series_001_2_CR/A2507498707 DXA/CR DXA/CR000002.dcm,1.2.643.5.1.13.13.12.2.77.8252.15141103121505150805131303080314,3,289,300,spine,True,0.0,,0.0,0.0,0.0,,,,,49,30.87,49,30.87,True,3.3869117990371995,0.009062203873279393,0.8278142898050891,289.0,-0.011898081534772207,0.0,0.0034602076124567475,0.34,,,,,,,,,,,,,,,,,,,,,,,,,,,,,,,,,,,,,,,,,,,,,,,,,,,,,,,,,,,,,,,,,,,,,,,
2.25.157462338378550185821790046400986801350,/home/user/workspace/dataset_extracted/Датасет/НД_для_обучения/Исследования/2.25.157462338378550185821790046400986801350/series_001_2_CR/A2507498707 DXA/CR DXA/CR000003.dcm,1.2.643.5.1.13.13.12.2.77.8252.01041213150709070704090905040703,6,235,280,left_hip,True,1.0,Нарушение позиционирования/ротации левого бедра,,,,,,1.0,0.0,0,0.0,0,0.0,False,0.0,,,,,,,,-11.312548768702003,11.312548768702003,23.7,73.5,1.0852173913043441,2.6906202431983273,59.4,6.3555279503105675,56.7,9.6,246.75,168.0,235.0,0.42142857142857143,0.1698936170212766,1.0,0.22857142857142856,0.1392857142857143,0.5336498089729294,0.1449904031816184,0.9662248350286198,-3.599328142769653,1.9468322981366668,-2.4406683579739252,2.6250931677018796,-3.3716735193771226,2.233788819875798,-3.4130137345813862,1.7120496894410109,-2.254353949785667,1.790310559006241,-1.0956941649899306,1.2685714285714538,0.06296561980578871,1.3468322981366667,1.531960458402591,0.955527950310585,2.6906202431983273,1.033788819875798,-1.5507199720059361,1.7120496894410109,-2.192060187210217,2.390310559006224,-2.83340040241448,3.668571428571454,-2.8747406176187438,4.946832298136667,-3.8057457790219584,6.3555279503105675,-4.116080832823024,6.225093167701879,-4.116080832823024,6.225093167701879,-4.116080832823024,6.225093167701879,-4.116080832823024,6.225093167701879,-4.116080832823024,6.225093167701879,-4.116080832823024,6.225093167701879,left,-0.4663078898263078,11.312548768702003,0.35357142857142854,,,1.0,0.0,1.0,0.0
2.25.157462338378550185821790046400986801350,/home/user/workspace/dataset_extracted/Датасет/НД_для_обучения/Исследования/2.25.157462338378550185821790046400986801350/series_001_2_CR/A2507498707 DXA/CR DXA/CR000004.dcm,1.2.643.5.1.13.13.12.2.77.8252.01050311070609101401120201090506,8,235,280,right_hip,True,1.0,Нарушение позиционирования/ротации правого бедра,,,,1.0,0.0,,,0,0.0,0,0.0,False,0.0,,,,,,,,-11.919944875048781,11.919944875048781,13.2,118.65,0.0,0.0,62.4,0.0,1.05,13.2,246.75,168.0,235.0,0.4446428571428571,0.16179331306990882,1.0,0.21785714285714286,0.1357142857142857,0.5372521327176899,0.14335014309676697,0.9672111507683628,0.43122629582802,2.688621997471574,0.43122629582802,2.688621997471574,0.43122629582802,2.688621997471574,0.43122629582802,2.688621997471574,0.43122629582802,2.688621997471574,0.43122629582802,2.688621997471574,0.43122629582802,2.688621997471574,0.43122629582802,2.688621997471574,0.43122629582802,2.688621997471574,0.43122629582802,2.688621997471574,0.43122629582802,2.688621997471574,0.43122629582802,2.688621997471574,0.43122629582802,2.688621997471574,0.43122629582802,2.688621997471574,0.43122629582802,2.688621997471574,0.43122629582802,2.688621997471574,0.43122629582802,2.688621997471574,0.43122629582802,2.688621997471574,0.43122629582802,2.688621997471574,0.43122629582802,2.688621997471574,right,0.4083402107922473,11.919944875048781,0.37142857142857144,1.0,0.0,,,1.0,0.0
2.25.157462338378550185821790046400986801350,/home/user/workspace/dataset_extracted/Датасет/НД_для_обучения/Исследования/2.25.157462338378550185821790046400986801350/series_001_2_CR/A2507498707 DXA/CR DXA/CR000005.dcm,1.2.643.5.1.13.13.12.2.77.8252.04150901080711131310091006050208,4,235,280,left_hip,True,1.0,Нарушение позиционирования/ротации левого бедра,,,,,,1.0,0.0,0,0.0,0,0.0,False,0.0,,,,,,,,-11.312548768702003,11.312548768702003,23.7,73.5,1.0852173913043441,2.6906202431983273,59.4,6.3555279503105675,56.7,9.6,246.75,168.0,235.0,0.42142857142857143,0.1698936170212766,1.0,0.22857142857142856,0.1392857142857143,0.5336498089729294,0.1449904031816184,0.9662248350286198,-3.599328142769653,1.9468322981366668,-2.4406683579739252,2.6250931677018796,-3.3716735193771226,2.233788819875798,-3.4130137345813862,1.7120496894410109,-2.254353949785667,1.790310559006241,-1.0956941649899306,1.2685714285714538,0.06296561980578871,1.3468322981366667,1.531960458402591,0.955527950310585,2.6906202431983273,1.033788819875798,-1.5507199720059361,1.7120496894410109,-2.192060187210217,2.390310559006224,-2.83340040241448,3.668571428571454,-2.8747406176187438,4.946832298136667,-3.8057457790219584,6.3555279503105675,-4.116080832823024,6.225093167701879,-4.116080832823024,6.225093167701879,-4.116080832823024,6.225093167701879,-4.116080832823024,6.225093167701879,-4.116080832823024,6.225093167701879,-4.116080832823024,6.225093167701879,left,-0.4663078898263078,11.312548768702003,0.35357142857142854,,,1.0,0.0,1.0,0.0
2.25.158197739569377798130962967413133224194,/home/user/workspace/dataset_extracted/Датасет/НД_для_обучения/Исследования/2.25.158197739569377798130962967413133224194/series_002_2_CR/A2504245497 DXA/CR DXA/CR000000.dcm,1.2.643.5.1.13.13.12.2.77.8252.09040703010601060814101313081104,1,291,300,spine,True,0.0,,0.0,0.0,0.0,,,,,132,83.16,132,83.16,True,3.313758271065647,1.5773445954599778,0.016792682243742307,291.0,0.008168902041270864,0.0,0.003436426116838488,0.3333333333333333,,,,,,,,,,,,,,,,,,,,,,,,,,,,,,,,,,,,,,,,,,,,,,,,,,,,,,,,,,,,,,,,,,,,,,,
2.25.158646777318759504110695916200521633609,/home/user/workspace/dataset_extracted/Датасет/НД_для_обучения/Исследования/2.25.158646777318759504110695916200521633609/series_003_6_CR/A2507266260 DXA/CR DXA/CR000000.dcm,1.2.643.5.1.13.13.12.2.77.8252.11050703151212091005010115120315,15,291,280,right_hip,True,0.0,,,,,0.0,0.0,,,0,0.0,0,0.0,False,0.0,,,,,,,,-2.034074606353259,2.034074606353259,24.0,116.55000000000001,0.0,3.9009705159705135,46.199999999999996,26.428578448578456,76.65,33.0,305.55,168.0,291.0,0.34285714285714286,0.2338487972508591,1.0,0.35714285714285715,0.1392857142857143,0.5615899228872695,0.15304378211911718,0.9648541680637828,0.15974201474201946,3.8727957177957135,0.2215110565110592,4.836228501228504,0.2678378378378369,5.258803088803089,0.3296068796068852,5.02223587223587,0.3913759213759249,4.785668655668661,0.45314496314496466,5.149101439101443,0.5149140049140044,6.112534222534225,0.5612407862407905,6.5351088101088175,1.2230098280098303,6.8985415935416,1.88477886977887,7.8619743769743815,1.9465479115479098,8.825407160407172,2.6083169533169497,10.388839943839946,3.270085995085998,11.952272727272737,-9.883587223587224,13.574847314847329,-10.421818181818184,15.738280098280102,-14.560049140049145,18.501712881712894,-14.498280098280105,22.465145665145684,-14.436511056511057,26.428578448578456,-14.390184275184279,26.25115303615305,-13.774742014742017,26.192011232011247,right,0.6307083585521147,2.034074606353259,0.27499999999999997,0.0,0.0,,,0.0,0.0
2.25.158646777318759504110695916200521633609,/home/user/workspace/dataset_extracted/Датасет/НД_для_обучения/Исследования/2.25.158646777318759504110695916200521633609/series_003_6_CR/A2507266260 DXA/CR DXA/CR000001.dcm,1.2.643.5.1.13.13.12.2.77.8252.08140602091513140007031414030212,13,287,300,spine,True,1.0,"Наличие посторонних предметов, артефактов или наложений",0.0,0.0,1.0,,,,,781,492.03000000000003,781,492.03000000000003,True,3.9355145044731947,0.5972915604465463,3.7956411921532984,287.0,-0.019384108419196102,0.0,0.003484320557491289,0.37333333333333335,,,,,,,,,,,,,,,,,,,,,,,,,,,,,,,,,,,,,,,,,,,,,,,,,,,,,,,,,,,,,,,,,,,,,,,
2.25.158646777318759504110695916200521633609,/home/user/workspace/dataset_extracted/Датасет/НД_для_обучения/Исследования/2.25.158646777318759504110695916200521633609/series_003_6_CR/A2507266260 DXA/CR DXA/CR000002.dcm,1.2.643.5.1.13.13.12.2.77.8252.09070206070204150105120502020002,11,287,300,spine,True,1.0,"Наличие посторонних предметов, артефактов или наложений",0.0,0.0,1.0,,,,,781,492.03000000000003,781,492.03000000000003,True,3.9355145044731947,0.5972915604465463,3.7956411921532984,287.0,-0.019384108419196102,0.0,0.003484320557491289,0.37333333333333335,,,,,,,,,,,,,,,,,,,,,,,,,,,,,,,,,,,,,,,,,,,,,,,,,,,,,,,,,,,,,,,,,,,,,,,
2.25.158646777318759504110695916200521633609,/home/user/workspace/dataset_extracted/Датасет/НД_для_обучения/Исследования/2.25.158646777318759504110695916200521633609/series_003_6_CR/A2507266260 DXA/CR DXA/CR000003.dcm,1.2.643.5.1.13.13.12.2.77.8252.03110108081008000413081502071511,14,289,280,left_hip,True,0.0,,,,,,,0.0,0.0,0,0.0,0,0.0,False,0.0,,,,,,,,-1.6573025883958614,1.6573025883958614,24.599999999999998,111.30000000000001,13.929983424440127,0.05024057233544283,42.0,18.30464468347732,106.05000000000001,3.0,303.45,168.0,207.0,0.31785714285714284,0.21558329214038557,0.7162629757785467,0.33214285714285713,0.1392857142857143,0.5306349751065034,0.1243802932911988,0.9677509689707579,0.01933445852331488,3.152417563040015,0.03993853439806685,3.529980603068225,-15.544608408695865,3.963152883089384,-15.524004332821121,3.740715923117602,-16.10340025694637,4.118278963145812,-16.08279618107162,3.89584200317403,-17.262192105196863,4.87340504320224,-19.046739048290796,5.306577323223399,-19.026134972416052,5.684140363251617,-19.005530896541302,6.061703403279827,-18.984926820666548,7.039266443308045,-18.364322744791796,8.616829483336256,-16.543718668917045,10.194392523364472,-15.928265612010986,11.227564803385633,-15.907661536136233,12.805127843413842,-15.887057460261481,14.382690883442052,-15.266453384386729,17.76025392347027,-12.245849308511978,-4.06218303650152,-11.630396251605918,-8.429010756480361,-11.609792175731167,-9.251447716452143,left,-0.5329415414144244,1.6573025883958614,0.25,,,0.0,0.0,0.0,0.0
2.25.158646777318759504110695916200521633609,/home/user/workspace/dataset_extracted/Датасет/НД_для_обучения/Исследования/2.25.158646777318759504110695916200521633609/series_003_6_CR/A2507266260 DXA/CR DXA/CR000004.dcm,1.2.643.5.1.13.13.12.2.77.8252.12001515051514100814070205030801,16,289,280,left_hip,True,0.0,,,,,,,0.0,0.0,0,0.0,0,0.0,False,0.0,,,,,,,,-1.6573025883958614,1.6573025883958614,24.599999999999998,111.30000000000001,13.929983424440127,0.05024057233544283,42.0,18.30464468347732,106.05000000000001,3.0,303.45,168.0,207.0,0.31785714285714284,0.21558329214038557,0.7162629757785467,0.33214285714285713,0.1392857142857143,0.5306349751065034,0.1243802932911988,0.9677509689707579,0.01933445852331488,3.152417563040015,0.03993853439806685,3.529980603068225,-15.544608408695865,3.963152883089384,-15.524004332821121,3.740715923117602,-16.10340025694637,4.118278963145812,-16.08279618107162,3.89584200317403,-17.262192105196863,4.87340504320224,-19.046739048290796,5.306577323223399,-19.026134972416052,5.684140363251617,-19.005530896541302,6.061703403279827,-18.984926820666548,7.039266443308045,-18.364322744791796,8.616829483336256,-16.543718668917045,10.194392523364472,-15.928265612010986,11.227564803385633,-15.907661536136233,12.805127843413842,-15.887057460261481,14.382690883442052,-15.266453384386729,17.76025392347027,-12.245849308511978,-4.06218303650152,-11.630396251605918,-8.429010756480361,-11.609792175731167,-9.251447716452143,left,-0.5329415414144244,1.6573025883958614,0.25,,,0.0,0.0,0.0,0.0
2.25.158646777318759504110695916200521633609,/home/user/workspace/dataset_extracted/Датасет/НД_для_обучения/Исследования/2.25.158646777318759504110695916200521633609/series_003_6_CR/A2507266260 DXA/CR DXA/CR000005.dcm,1.2.643.5.1.13.13.12.2.77.8252.15131010101502051307000500101007,8,291,280,right_hip,True,0.0,,,,,0.0,0.0,,,0,0.0,0,0.0,False,0.0,,,,,,,,-2.034074606353259,2.034074606353259,24.0,116.55000000000001,0.0,3.9009705159705135,46.199999999999996,26.428578448578456,76.65,33.0,305.55,168.0,291.0,0.34285714285714286,0.2338487972508591,1.0,0.35714285714285715,0.1392857142857143,0.5615899228872695,0.15304378211911718,0.9648541680637828,0.15974201474201946,3.8727957177957135,0.2215110565110592,4.836228501228504,0.2678378378378369,5.258803088803089,0.3296068796068852,5.02223587223587,0.3913759213759249,4.785668655668661,0.45314496314496466,5.149101439101443,0.5149140049140044,6.112534222534225,0.5612407862407905,6.5351088101088175,1.2230098280098303,6.8985415935416,1.88477886977887,7.8619743769743815,1.9465479115479098,8.825407160407172,2.6083169533169497,10.388839943839946,3.270085995085998,11.952272727272737,-9.883587223587224,13.574847314847329,-10.421818181818184,15.738280098280102,-14.560049140049145,18.501712881712894,-14.498280098280105,22.465145665145684,-14.436511056511057,26.428578448578456,-14.390184275184279,26.25115303615305,-13.774742014742017,26.192011232011247,right,0.6307083585521147,2.034074606353259,0.27499999999999997,0.0,0.0,,,0.0,0.0
2.25.158646777318759504110695916200521633609,/home/user/workspace/dataset_extracted/Датасет/НД_для_обучения/Исследования/2.25.158646777318759504110695916200521633609/series_003_6_CR/A2507266260 DXA/CR DXA/CR000006.dcm,1.2.643.5.1.13.13.12.2.77.8252.04030712110411040711120105080700,5,291,280,right_hip,True,0.0,,,,,0.0,0.0,,,0,0.0,0,0.0,False,0.0,,,,,,,,-2.034074606353259,2.034074606353259,24.0,116.55000000000001,0.0,3.9009705159705135,46.199999999999996,26.428578448578456,76.65,33.0,305.55,168.0,291.0,0.34285714285714286,0.2338487972508591,1.0,0.35714285714285715,0.1392857142857143,0.5615899228872695,0.15304378211911718,0.9648541680637828,0.15974201474201946,3.8727957177957135,0.2215110565110592,4.836228501228504,0.2678378378378369,5.258803088803089,0.3296068796068852,5.02223587223587,0.3913759213759249,4.785668655668661,0.45314496314496466,5.149101439101443,0.5149140049140044,6.112534222534225,0.5612407862407905,6.5351088101088175,1.2230098280098303,6.8985415935416,1.88477886977887,7.8619743769743815,1.9465479115479098,8.825407160407172,2.6083169533169497,10.388839943839946,3.270085995085998,11.952272727272737,-9.883587223587224,13.574847314847329,-10.421818181818184,15.738280098280102,-14.560049140049145,18.501712881712894,-14.498280098280105,22.465145665145684,-14.436511056511057,26.428578448578456,-14.390184275184279,26.25115303615305,-13.774742014742017,26.192011232011247,right,0.6307083585521147,2.034074606353259,0.27499999999999997,0.0,0.0,,,0.0,0.0
2.25.158646777318759504110695916200521633609,/home/user/workspace/dataset_extracted/Датасет/НД_для_обучения/Исследования/2.25.158646777318759504110695916200521633609/series_003_6_CR/A2507266260 DXA/CR DXA/CR000007.dcm,1.2.643.5.1.13.13.12.2.77.8252.14150106081013050013050511140613,6,289,280,left_hip,True,0.0,,,,,,,0.0,0.0,0,0.0,0,0.0,False,0.0,,,,,,,,-1.6573025883958614,1.6573025883958614,24.599999999999998,111.30000000000001,13.929983424440127,0.05024057233544283,42.0,18.30464468347732,106.05000000000001,3.0,303.45,168.0,207.0,0.31785714285714284,0.21558329214038557,0.7162629757785467,0.33214285714285713,0.1392857142857143,0.5306349751065034,0.1243802932911988,0.9677509689707579,0.01933445852331488,3.152417563040015,0.03993853439806685,3.529980603068225,-15.544608408695865,3.963152883089384,-15.524004332821121,3.740715923117602,-16.10340025694637,4.118278963145812,-16.08279618107162,3.89584200317403,-17.262192105196863,4.87340504320224,-19.046739048290796,5.306577323223399,-19.026134972416052,5.684140363251617,-19.005530896541302,6.061703403279827,-18.984926820666548,7.039266443308045,-18.364322744791796,8.616829483336256,-16.543718668917045,10.194392523364472,-15.928265612010986,11.227564803385633,-15.907661536136233,12.805127843413842,-15.887057460261481,14.382690883442052,-15.266453384386729,17.76025392347027,-12.245849308511978,-4.06218303650152,-11.630396251605918,-8.429010756480361,-11.609792175731167,-9.251447716452143,left,-0.5329415414144244,1.6573025883958614,0.25,,,0.0,0.0,0.0,0.0
2.25.158646777318759504110695916200521633609,/home/user/workspace/dataset_extracted/Датасет/НД_для_обучения/Исследования/2.25.158646777318759504110695916200521633609/series_003_6_CR/A2507266260 DXA/CR DXA/CR000008.dcm,1.2.643.5.1.13.13.12.2.77.8252.01120709131111081211081313110800,1,287,300,spine,True,1.0,"Наличие посторонних предметов, артефактов или наложений",0.0,0.0,1.0,,,,,781,492.03000000000003,781,492.03000000000003,True,3.9355145044731947,0.5972915604465463,3.7956411921532984,287.0,-0.019384108419196102,0.0,0.003484320557491289,0.37333333333333335,,,,,,,,,,,,,,,,,,,,,,,,,,,,,,,,,,,,,,,,,,,,,,,,,,,,,,,,,,,,,,,,,,,,,,,
2.25.158646777318759504110695916200521633609,/home/user/workspace/dataset_extracted/Датасет/НД_для_обучения/Исследования/2.25.158646777318759504110695916200521633609/series_003_6_CR/A2507266260 DXA/CR DXA/CR000009.dcm,1.2.643.5.1.13.13.12.2.77.8252.10080511020009041308131206080209,3,287,300,spine,True,1.0,"Наличие посторонних предметов, артефактов или наложений",0.0,0.0,1.0,,,,,781,492.03000000000003,781,492.03000000000003,True,3.9355145044731947,0.5972915604465463,3.7956411921532984,287.0,-0.019384108419196102,0.0,0.003484320557491289,0.37333333333333335,,,,,,,,,,,,,,,,,,,,,,,,,,,,,,,,,,,,,,,,,,,,,,,,,,,,,,,,,,,,,,,,,,,,,,,
2.25.158646777318759504110695916200521633609,/home/user/workspace/dataset_extracted/Датасет/НД_для_обучения/Исследования/2.25.158646777318759504110695916200521633609/series_003_6_CR/A2507266260 DXA/CR DXA/CR000010.dcm,1.2.643.5.1.13.13.12.2.77.8252.13040700151412120600060201031309,4,289,280,left_hip,True,0.0,,,,,,,0.0,0.0,0,0.0,0,0.0,False,0.0,,,,,,,,-1.6573025883958614,1.6573025883958614,24.599999999999998,111.30000000000001,13.929983424440127,0.05024057233544283,42.0,18.30464468347732,106.05000000000001,3.0,303.45,168.0,207.0,0.31785714285714284,0.21558329214038557,0.7162629757785467,0.33214285714285713,0.1392857142857143,0.5306349751065034,0.1243802932911988,0.9677509689707579,0.01933445852331488,3.152417563040015,0.03993853439806685,3.529980603068225,-15.544608408695865,3.963152883089384,-15.524004332821121,3.740715923117602,-16.10340025694637,4.118278963145812,-16.08279618107162,3.89584200317403,-17.262192105196863,4.87340504320224,-19.046739048290796,5.306577323223399,-19.026134972416052,5.684140363251617,-19.005530896541302,6.061703403279827,-18.984926820666548,7.039266443308045,-18.364322744791796,8.616829483336256,-16.543718668917045,10.194392523364472,-15.928265612010986,11.227564803385633,-15.907661536136233,12.805127843413842,-15.887057460261481,14.382690883442052,-15.266453384386729,17.76025392347027,-12.245849308511978,-4.06218303650152,-11.630396251605918,-8.429010756480361,-11.609792175731167,-9.251447716452143,left,-0.5329415414144244,1.6573025883958614,0.25,,,0.0,0.0,0.0,0.0
2.25.158646777318759504110695916200521633609,/home/user/workspace/dataset_extracted/Датасет/НД_для_обучения/Исследования/2.25.158646777318759504110695916200521633609/series_004_2_CR/A2507266260 DXA/CR DXA/CR000000.dcm,1.2.643.5.1.13.13.12.2.77.8252.01101303110802020807060303150105,3,287,300,spine,True,1.0,"Наличие посторонних предметов, артефактов или наложений",0.0,0.0,1.0,,,,,781,492.03000000000003,781,492.03000000000003,True,3.9355145044731947,0.5972915604465463,3.7956411921532984,287.0,-0.019384108419196102,0.0,0.003484320557491289,0.37333333333333335,,,,,,,,,,,,,,,,,,,,,,,,,,,,,,,,,,,,,,,,,,,,,,,,,,,,,,,,,,,,,,,,,,,,,,,
2.25.158646777318759504110695916200521633609,/home/user/workspace/dataset_extracted/Датасет/НД_для_обучения/Исследования/2.25.158646777318759504110695916200521633609/series_004_2_CR/A2507266260 DXA/CR DXA/CR000001.dcm,1.2.643.5.1.13.13.12.2.77.8252.07040712050005061000030214131300,15,291,280,right_hip,True,0.0,,,,,0.0,0.0,,,0,0.0,0,0.0,False,0.0,,,,,,,,-2.034074606353259,2.034074606353259,24.0,116.55000000000001,0.0,3.9009705159705135,46.199999999999996,26.428578448578456,76.65,33.0,305.55,168.0,291.0,0.34285714285714286,0.2338487972508591,1.0,0.35714285714285715,0.1392857142857143,0.5615899228872695,0.15304378211911718,0.9648541680637828,0.15974201474201946,3.8727957177957135,0.2215110565110592,4.836228501228504,0.2678378378378369,5.258803088803089,0.3296068796068852,5.02223587223587,0.3913759213759249,4.785668655668661,0.45314496314496466,5.149101439101443,0.5149140049140044,6.112534222534225,0.5612407862407905,6.5351088101088175,1.2230098280098303,6.8985415935416,1.88477886977887,7.8619743769743815,1.9465479115479098,8.825407160407172,2.6083169533169497,10.388839943839946,3.270085995085998,11.952272727272737,-9.883587223587224,13.574847314847329,-10.421818181818184,15.738280098280102,-14.560049140049145,18.501712881712894,-14.498280098280105,22.465145665145684,-14.436511056511057,26.428578448578456,-14.390184275184279,26.25115303615305,-13.774742014742017,26.192011232011247,right,0.6307083585521147,2.034074606353259,0.27499999999999997,0.0,0.0,,,0.0,0.0
2.25.158646777318759504110695916200521633609,/home/user/workspace/dataset_extracted/Датасет/НД_для_обучения/Исследования/2.25.158646777318759504110695916200521633609/series_004_2_CR/A2507266260 DXA/CR DXA/CR000002.dcm,1.2.643.5.1.13.13.12.2.77.8252.07100810031004120210110309111304,13,287,300,spine,True,1.0,"Наличие посторонних предметов, артефактов или наложений",0.0,0.0,1.0,,,,,781,492.03000000000003,781,492.03000000000003,True,3.9355145044731947,0.5972915604465463,3.7956411921532984,287.0,-0.019384108419196102,0.0,0.003484320557491289,0.37333333333333335,,,,,,,,,,,,,,,,,,,,,,,,,,,,,,,,,,,,,,,,,,,,,,,,,,,,,,,,,,,,,,,,,,,,,,,
2.25.158646777318759504110695916200521633609,/home/user/workspace/dataset_extracted/Датасет/НД_для_обучения/Исследования/2.25.158646777318759504110695916200521633609/series_004_2_CR/A2507266260 DXA/CR DXA/CR000003.dcm,1.2.643.5.1.13.13.12.2.77.8252.07071202031002110807120405030608,4,289,280,left_hip,True,0.0,,,,,,,0.0,0.0,0,0.0,0,0.0,False,0.0,,,,,,,,-1.6573025883958614,1.6573025883958614,24.599999999999998,111.30000000000001,13.929983424440127,0.05024057233544283,42.0,18.30464468347732,106.05000000000001,3.0,303.45,168.0,207.0,0.31785714285714284,0.21558329214038557,0.7162629757785467,0.33214285714285713,0.1392857142857143,0.5306349751065034,0.1243802932911988,0.9677509689707579,0.01933445852331488,3.152417563040015,0.03993853439806685,3.529980603068225,-15.544608408695865,3.963152883089384,-15.524004332821121,3.740715923117602,-16.10340025694637,4.118278963145812,-16.08279618107162,3.89584200317403,-17.262192105196863,4.87340504320224,-19.046739048290796,5.306577323223399,-19.026134972416052,5.684140363251617,-19.005530896541302,6.061703403279827,-18.984926820666548,7.039266443308045,-18.364322744791796,8.616829483336256,-16.543718668917045,10.194392523364472,-15.928265612010986,11.227564803385633,-15.907661536136233,12.805127843413842,-15.887057460261481,14.382690883442052,-15.266453384386729,17.76025392347027,-12.245849308511978,-4.06218303650152,-11.630396251605918,-8.429010756480361,-11.609792175731167,-9.251447716452143,left,-0.5329415414144244,1.6573025883958614,0.25,,,0.0,0.0,0.0,0.0
2.25.158646777318759504110695916200521633609,/home/user/workspace/dataset_extracted/Датасет/НД_для_обучения/Исследования/2.25.158646777318759504110695916200521633609/series_004_2_CR/A2507266260 DXA/CR DXA/CR000004.dcm,1.2.643.5.1.13.13.12.2.77.8252.02070215040314000714060301121012,5,291,280,right_hip,True,0.0,,,,,0.0,0.0,,,0,0.0,0,0.0,False,0.0,,,,,,,,-2.034074606353259,2.034074606353259,24.0,116.55000000000001,0.0,3.9009705159705135,46.199999999999996,26.428578448578456,76.65,33.0,305.55,168.0,291.0,0.34285714285714286,0.2338487972508591,1.0,0.35714285714285715,0.1392857142857143,0.5615899228872695,0.15304378211911718,0.9648541680637828,0.15974201474201946,3.8727957177957135,0.2215110565110592,4.836228501228504,0.2678378378378369,5.258803088803089,0.3296068796068852,5.02223587223587,0.3913759213759249,4.785668655668661,0.45314496314496466,5.149101439101443,0.5149140049140044,6.112534222534225,0.5612407862407905,6.5351088101088175,1.2230098280098303,6.8985415935416,1.88477886977887,7.8619743769743815,1.9465479115479098,8.825407160407172,2.6083169533169497,10.388839943839946,3.270085995085998,11.952272727272737,-9.883587223587224,13.574847314847329,-10.421818181818184,15.738280098280102,-14.560049140049145,18.501712881712894,-14.498280098280105,22.465145665145684,-14.436511056511057,26.428578448578456,-14.390184275184279,26.25115303615305,-13.774742014742017,26.192011232011247,right,0.6307083585521147,2.034074606353259,0.27499999999999997,0.0,0.0,,,0.0,0.0
2.25.158646777318759504110695916200521633609,/home/user/workspace/dataset_extracted/Датасет/НД_для_обучения/Исследования/2.25.158646777318759504110695916200521633609/series_004_2_CR/A2507266260 DXA/CR DXA/CR000005.dcm,1.2.643.5.1.13.13.12.2.77.8252.14020109130502120101091201060702,21,287,300,spine,True,1.0,"Наличие посторонних предметов, артефактов или наложений",0.0,0.0,1.0,,,,,781,492.03000000000003,781,492.03000000000003,True,3.9355145044731947,0.5972915604465463,3.7956411921532984,287.0,-0.019384108419196102,0.0,0.003484320557491289,0.37333333333333335,,,,,,,,,,,,,,,,,,,,,,,,,,,,,,,,,,,,,,,,,,,,,,,,,,,,,,,,,,,,,,,,,,,,,,,
2.25.158646777318759504110695916200521633609,/home/user/workspace/dataset_extracted/Датасет/НД_для_обучения/Исследования/2.25.158646777318759504110695916200521633609/series_004_2_CR/A2507266260 DXA/CR DXA/CR000006.dcm,1.2.643.5.1.13.13.12.2.77.8252.10080501080902141107071310080400,16,289,280,left_hip,True,0.0,,,,,,,0.0,0.0,0,0.0,0,0.0,False,0.0,,,,,,,,-1.6573025883958614,1.6573025883958614,24.599999999999998,111.30000000000001,13.929983424440127,0.05024057233544283,42.0,18.30464468347732,106.05000000000001,3.0,303.45,168.0,207.0,0.31785714285714284,0.21558329214038557,0.7162629757785467,0.33214285714285713,0.1392857142857143,0.5306349751065034,0.1243802932911988,0.9677509689707579,0.01933445852331488,3.152417563040015,0.03993853439806685,3.529980603068225,-15.544608408695865,3.963152883089384,-15.524004332821121,3.740715923117602,-16.10340025694637,4.118278963145812,-16.08279618107162,3.89584200317403,-17.262192105196863,4.87340504320224,-19.046739048290796,5.306577323223399,-19.026134972416052,5.684140363251617,-19.005530896541302,6.061703403279827,-18.984926820666548,7.039266443308045,-18.364322744791796,8.616829483336256,-16.543718668917045,10.194392523364472,-15.928265612010986,11.227564803385633,-15.907661536136233,12.805127843413842,-15.887057460261481,14.382690883442052,-15.266453384386729,17.76025392347027,-12.245849308511978,-4.06218303650152,-11.630396251605918,-8.429010756480361,-11.609792175731167,-9.251447716452143,left,-0.5329415414144244,1.6573025883958614,0.25,,,0.0,0.0,0.0,0.0
2.25.158646777318759504110695916200521633609,/home/user/workspace/dataset_extracted/Датасет/НД_для_обучения/Исследования/2.25.158646777318759504110695916200521633609/series_004_2_CR/A2507266260 DXA/CR DXA/CR000007.dcm,1.2.643.5.1.13.13.12.2.77.8252.05110305041311030310151512080811,28,291,280,right_hip,True,0.0,,,,,0.0,0.0,,,0,0.0,0,0.0,False,0.0,,,,,,,,-2.034074606353259,2.034074606353259,24.0,116.55000000000001,0.0,3.9009705159705135,46.199999999999996,26.428578448578456,76.65,33.0,305.55,168.0,291.0,0.34285714285714286,0.2338487972508591,1.0,0.35714285714285715,0.1392857142857143,0.5615899228872695,0.15304378211911718,0.9648541680637828,0.15974201474201946,3.8727957177957135,0.2215110565110592,4.836228501228504,0.2678378378378369,5.258803088803089,0.3296068796068852,5.02223587223587,0.3913759213759249,4.785668655668661,0.45314496314496466,5.149101439101443,0.5149140049140044,6.112534222534225,0.5612407862407905,6.5351088101088175,1.2230098280098303,6.8985415935416,1.88477886977887,7.8619743769743815,1.9465479115479098,8.825407160407172,2.6083169533169497,10.388839943839946,3.270085995085998,11.952272727272737,-9.883587223587224,13.574847314847329,-10.421818181818184,15.738280098280102,-14.560049140049145,18.501712881712894,-14.498280098280105,22.465145665145684,-14.436511056511057,26.428578448578456,-14.390184275184279,26.25115303615305,-13.774742014742017,26.192011232011247,right,0.6307083585521147,2.034074606353259,0.27499999999999997,0.0,0.0,,,0.0,0.0
2.25.158646777318759504110695916200521633609,/home/user/workspace/dataset_extracted/Датасет/НД_для_обучения/Исследования/2.25.158646777318759504110695916200521633609/series_004_2_CR/A2507266260 DXA/CR DXA/CR000008.dcm,1.2.643.5.1.13.13.12.2.77.8252.05050408000609040210110603090612,1,287,300,spine,True,1.0,"Наличие посторонних предметов, артефактов или наложений",0.0,0.0,1.0,,,,,781,492.03000000000003,781,492.03000000000003,True,3.9355145044731947,0.5972915604465463,3.7956411921532984,287.0,-0.019384108419196102,0.0,0.003484320557491289,0.37333333333333335,,,,,,,,,,,,,,,,,,,,,,,,,,,,,,,,,,,,,,,,,,,,,,,,,,,,,,,,,,,,,,,,,,,,,,,
2.25.158646777318759504110695916200521633609,/home/user/workspace/dataset_extracted/Датасет/НД_для_обучения/Исследования/2.25.158646777318759504110695916200521633609/series_004_2_CR/A2507266260 DXA/CR DXA/CR000009.dcm,1.2.643.5.1.13.13.12.2.77.8252.09030907130311001200011206051201,26,289,280,left_hip,True,0.0,,,,,,,0.0,0.0,0,0.0,0,0.0,False,0.0,,,,,,,,-1.6573025883958614,1.6573025883958614,24.599999999999998,111.30000000000001,13.929983424440127,0.05024057233544283,42.0,18.30464468347732,106.05000000000001,3.0,303.45,168.0,207.0,0.31785714285714284,0.21558329214038557,0.7162629757785467,0.33214285714285713,0.1392857142857143,0.5306349751065034,0.1243802932911988,0.9677509689707579,0.01933445852331488,3.152417563040015,0.03993853439806685,3.529980603068225,-15.544608408695865,3.963152883089384,-15.524004332821121,3.740715923117602,-16.10340025694637,4.118278963145812,-16.08279618107162,3.89584200317403,-17.262192105196863,4.87340504320224,-19.046739048290796,5.306577323223399,-19.026134972416052,5.684140363251617,-19.005530896541302,6.061703403279827,-18.984926820666548,7.039266443308045,-18.364322744791796,8.616829483336256,-16.543718668917045,10.194392523364472,-15.928265612010986,11.227564803385633,-15.907661536136233,12.805127843413842,-15.887057460261481,14.382690883442052,-15.266453384386729,17.76025392347027,-12.245849308511978,-4.06218303650152,-11.630396251605918,-8.429010756480361,-11.609792175731167,-9.251447716452143,left,-0.5329415414144244,1.6573025883958614,0.25,,,0.0,0.0,0.0,0.0
2.25.158646777318759504110695916200521633609,/home/user/workspace/dataset_extracted/Датасет/НД_для_обучения/Исследования/2.25.158646777318759504110695916200521633609/series_004_2_CR/A2507266260 DXA/CR DXA/CR000010.dcm,1.2.643.5.1.13.13.12.2.77.8252.14070407100802110204090510100607,8,291,280,right_hip,True,0.0,,,,,0.0,0.0,,,0,0.0,0,0.0,False,0.0,,,,,,,,-2.034074606353259,2.034074606353259,24.0,116.55000000000001,0.0,3.9009705159705135,46.199999999999996,26.428578448578456,76.65,33.0,305.55,168.0,291.0,0.34285714285714286,0.2338487972508591,1.0,0.35714285714285715,0.1392857142857143,0.5615899228872695,0.15304378211911718,0.9648541680637828,0.15974201474201946,3.8727957177957135,0.2215110565110592,4.836228501228504,0.2678378378378369,5.258803088803089,0.3296068796068852,5.02223587223587,0.3913759213759249,4.785668655668661,0.45314496314496466,5.149101439101443,0.5149140049140044,6.112534222534225,0.5612407862407905,6.5351088101088175,1.2230098280098303,6.8985415935416,1.88477886977887,7.8619743769743815,1.9465479115479098,8.825407160407172,2.6083169533169497,10.388839943839946,3.270085995085998,11.952272727272737,-9.883587223587224,13.574847314847329,-10.421818181818184,15.738280098280102,-14.560049140049145,18.501712881712894,-14.498280098280105,22.465145665145684,-14.436511056511057,26.428578448578456,-14.390184275184279,26.25115303615305,-13.774742014742017,26.192011232011247,right,0.6307083585521147,2.034074606353259,0.27499999999999997,0.0,0.0,,,0.0,0.0
2.25.158646777318759504110695916200521633609,/home/user/workspace/dataset_extracted/Датасет/НД_для_обучения/Исследования/2.25.158646777318759504110695916200521633609/series_004_2_CR/A2507266260 DXA/CR DXA/CR000011.dcm,1.2.643.5.1.13.13.12.2.77.8252.02001101060409110302091107020305,24,289,280,left_hip,True,0.0,,,,,,,0.0,0.0,0,0.0,0,0.0,False,0.0,,,,,,,,-1.6573025883958614,1.6573025883958614,24.599999999999998,111.30000000000001,13.929983424440127,0.05024057233544283,42.0,18.30464468347732,106.05000000000001,3.0,303.45,168.0,207.0,0.31785714285714284,0.21558329214038557,0.7162629757785467,0.33214285714285713,0.1392857142857143,0.5306349751065034,0.1243802932911988,0.9677509689707579,0.01933445852331488,3.152417563040015,0.03993853439806685,3.529980603068225,-15.544608408695865,3.963152883089384,-15.524004332821121,3.740715923117602,-16.10340025694637,4.118278963145812,-16.08279618107162,3.89584200317403,-17.262192105196863,4.87340504320224,-19.046739048290796,5.306577323223399,-19.026134972416052,5.684140363251617,-19.005530896541302,6.061703403279827,-18.984926820666548,7.039266443308045,-18.364322744791796,8.616829483336256,-16.543718668917045,10.194392523364472,-15.928265612010986,11.227564803385633,-15.907661536136233,12.805127843413842,-15.887057460261481,14.382690883442052,-15.266453384386729,17.76025392347027,-12.245849308511978,-4.06218303650152,-11.630396251605918,-8.429010756480361,-11.609792175731167,-9.251447716452143,left,-0.5329415414144244,1.6573025883958614,0.25,,,0.0,0.0,0.0,0.0
2.25.158646777318759504110695916200521633609,/home/user/workspace/dataset_extracted/Датасет/НД_для_обучения/Исследования/2.25.158646777318759504110695916200521633609/series_004_2_CR/A2507266260 DXA/CR DXA/CR000012.dcm,1.2.643.5.1.13.13.12.2.77.8252.02081311121209090807151401120110,11,287,300,spine,True,1.0,"Наличие посторонних предметов, артефактов или наложений",0.0,0.0,1.0,,,,,781,492.03000000000003,781,492.03000000000003,True,3.9355145044731947,0.5972915604465463,3.7956411921532984,287.0,-0.019384108419196102,0.0,0.003484320557491289,0.37333333333333335,,,,,,,,,,,,,,,,,,,,,,,,,,,,,,,,,,,,,,,,,,,,,,,,,,,,,,,,,,,,,,,,,,,,,,,
2.25.158646777318759504110695916200521633609,/home/user/workspace/dataset_extracted/Датасет/НД_для_обучения/Исследования/2.25.158646777318759504110695916200521633609/series_004_2_CR/A2507266260 DXA/CR DXA/CR000013.dcm,1.2.643.5.1.13.13.12.2.77.8252.04021100060501150502031503091205,23,287,300,spine,True,1.0,"Наличие посторонних предметов, артефактов или наложений",0.0,0.0,1.0,,,,,781,492.03000000000003,781,492.03000000000003,True,3.9355145044731947,0.5972915604465463,3.7956411921532984,287.0,-0.019384108419196102,0.0,0.003484320557491289,0.37333333333333335,,,,,,,,,,,,,,,,,,,,,,,,,,,,,,,,,,,,,,,,,,,,,,,,,,,,,,,,,,,,,,,,,,,,,,,
2.25.158646777318759504110695916200521633609,/home/user/workspace/dataset_extracted/Датасет/НД_для_обучения/Исследования/2.25.158646777318759504110695916200521633609/series_004_2_CR/A2507266260 DXA/CR DXA/CR000014.dcm,1.2.643.5.1.13.13.12.2.77.8252.08031403081214020202010408050515,6,289,280,left_hip,True,0.0,,,,,,,0.0,0.0,0,0.0,0,0.0,False,0.0,,,,,,,,-1.6573025883958614,1.6573025883958614,24.599999999999998,111.30000000000001,13.929983424440127,0.05024057233544283,42.0,18.30464468347732,106.05000000000001,3.0,303.45,168.0,207.0,0.31785714285714284,0.21558329214038557,0.7162629757785467,0.33214285714285713,0.1392857142857143,0.5306349751065034,0.1243802932911988,0.9677509689707579,0.01933445852331488,3.152417563040015,0.03993853439806685,3.529980603068225,-15.544608408695865,3.963152883089384,-15.524004332821121,3.740715923117602,-16.10340025694637,4.118278963145812,-16.08279618107162,3.89584200317403,-17.262192105196863,4.87340504320224,-19.046739048290796,5.306577323223399,-19.026134972416052,5.684140363251617,-19.005530896541302,6.061703403279827,-18.984926820666548,7.039266443308045,-18.364322744791796,8.616829483336256,-16.543718668917045,10.194392523364472,-15.928265612010986,11.227564803385633,-15.907661536136233,12.805127843413842,-15.887057460261481,14.382690883442052,-15.266453384386729,17.76025392347027,-12.245849308511978,-4.06218303650152,-11.630396251605918,-8.429010756480361,-11.609792175731167,-9.251447716452143,left,-0.5329415414144244,1.6573025883958614,0.25,,,0.0,0.0,0.0,0.0
2.25.158646777318759504110695916200521633609,/home/user/workspace/dataset_extracted/Датасет/НД_для_обучения/Исследования/2.25.158646777318759504110695916200521633609/series_004_2_CR/A2507266260 DXA/CR DXA/CR000015.dcm,1.2.643.5.1.13.13.12.2.77.8252.12010614051405051206130410050708,14,289,280,left_hip,True,0.0,,,,,,,0.0,0.0,0,0.0,0,0.0,False,0.0,,,,,,,,-1.6573025883958614,1.6573025883958614,24.599999999999998,111.30000000000001,13.929983424440127,0.05024057233544283,42.0,18.30464468347732,106.05000000000001,3.0,303.45,168.0,207.0,0.31785714285714284,0.21558329214038557,0.7162629757785467,0.33214285714285713,0.1392857142857143,0.5306349751065034,0.1243802932911988,0.9677509689707579,0.01933445852331488,3.152417563040015,0.03993853439806685,3.529980603068225,-15.544608408695865,3.963152883089384,-15.524004332821121,3.740715923117602,-16.10340025694637,4.118278963145812,-16.08279618107162,3.89584200317403,-17.262192105196863,4.87340504320224,-19.046739048290796,5.306577323223399,-19.026134972416052,5.684140363251617,-19.005530896541302,6.061703403279827,-18.984926820666548,7.039266443308045,-18.364322744791796,8.616829483336256,-16.543718668917045,10.194392523364472,-15.928265612010986,11.227564803385633,-15.907661536136233,12.805127843413842,-15.887057460261481,14.382690883442052,-15.266453384386729,17.76025392347027,-12.245849308511978,-4.06218303650152,-11.630396251605918,-8.429010756480361,-11.609792175731167,-9.251447716452143,left,-0.5329415414144244,1.6573025883958614,0.25,,,0.0,0.0,0.0,0.0
2.25.158646777318759504110695916200521633609,/home/user/workspace/dataset_extracted/Датасет/НД_для_обучения/Исследования/2.25.158646777318759504110695916200521633609/series_004_2_CR/A2507266260 DXA/CR DXA/CR000016.dcm,1.2.643.5.1.13.13.12.2.77.8252.05131012021403090403150713091114,25,291,280,right_hip,True,0.0,,,,,0.0,0.0,,,0,0.0,0,0.0,False,0.0,,,,,,,,-2.034074606353259,2.034074606353259,24.0,116.55000000000001,0.0,3.9009705159705135,46.199999999999996,26.428578448578456,76.65,33.0,305.55,168.0,291.0,0.34285714285714286,0.2338487972508591,1.0,0.35714285714285715,0.1392857142857143,0.5615899228872695,0.15304378211911718,0.9648541680637828,0.15974201474201946,3.8727957177957135,0.2215110565110592,4.836228501228504,0.2678378378378369,5.258803088803089,0.3296068796068852,5.02223587223587,0.3913759213759249,4.785668655668661,0.45314496314496466,5.149101439101443,0.5149140049140044,6.112534222534225,0.5612407862407905,6.5351088101088175,1.2230098280098303,6.8985415935416,1.88477886977887,7.8619743769743815,1.9465479115479098,8.825407160407172,2.6083169533169497,10.388839943839946,3.270085995085998,11.952272727272737,-9.883587223587224,13.574847314847329,-10.421818181818184,15.738280098280102,-14.560049140049145,18.501712881712894,-14.498280098280105,22.465145665145684,-14.436511056511057,26.428578448578456,-14.390184275184279,26.25115303615305,-13.774742014742017,26.192011232011247,right,0.6307083585521147,2.034074606353259,0.27499999999999997,0.0,0.0,,,0.0,0.0
2.25.158646777318759504110695916200521633609,/home/user/workspace/dataset_extracted/Датасет/НД_для_обучения/Исследования/2.25.158646777318759504110695916200521633609/series_004_2_CR/A2507266260 DXA/CR DXA/CR000017.dcm,1.2.643.5.1.13.13.12.2.77.8252.11030505061512110108000404010908,18,291,280,right_hip,True,0.0,,,,,0.0,0.0,,,0,0.0,0,0.0,False,0.0,,,,,,,,-2.034074606353259,2.034074606353259,24.0,116.55000000000001,0.0,3.9009705159705135,46.199999999999996,26.428578448578456,76.65,33.0,305.55,168.0,291.0,0.34285714285714286,0.2338487972508591,1.0,0.35714285714285715,0.1392857142857143,0.5615899228872695,0.15304378211911718,0.9648541680637828,0.15974201474201946,3.8727957177957135,0.2215110565110592,4.836228501228504,0.2678378378378369,5.258803088803089,0.3296068796068852,5.02223587223587,0.3913759213759249,4.785668655668661,0.45314496314496466,5.149101439101443,0.5149140049140044,6.112534222534225,0.5612407862407905,6.5351088101088175,1.2230098280098303,6.8985415935416,1.88477886977887,7.8619743769743815,1.9465479115479098,8.825407160407172,2.6083169533169497,10.388839943839946,3.270085995085998,11.952272727272737,-9.883587223587224,13.574847314847329,-10.421818181818184,15.738280098280102,-14.560049140049145,18.501712881712894,-14.498280098280105,22.465145665145684,-14.436511056511057,26.428578448578456,-14.390184275184279,26.25115303615305,-13.774742014742017,26.192011232011247,right,0.6307083585521147,2.034074606353259,0.27499999999999997,0.0,0.0,,,0.0,0.0
2.25.159930383074323525630608416881201447861,/home/user/workspace/dataset_extracted/Датасет/НД_для_обучения/Исследования/2.25.159930383074323525630608416881201447861/series_002_2_CR/A2507139428 DXA/CR DXA/CR000000.dcm,1.2.643.5.1.13.13.12.2.77.8252.03050413050004110015050414021412,1,289,300,spine,True,0.0,,0.0,0.0,0.0,,,,,0,0.0,0,0.0,False,0.0,0.17745610376817028,0.0028203780657700683,289.0,-0.027286524628556682,0.0,0.0034602076124567475,0.38,,,,,,,,,,,,,,,,,,,,,,,,,,,,,,,,,,,,,,,,,,,,,,,,,,,,,,,,,,,,,,,,,,,,,,,
2.25.164566280810634620154538016595892212884,/home/user/workspace/dataset_extracted/Датасет/НД_для_обучения/Исследования/2.25.164566280810634620154538016595892212884/series_001_2_CR/A2504291878 DXA Exam/CR DXA Images/CR000000.dcm,1.2.643.5.1.13.13.12.2.77.8252.05080909100510090906081209130901,3,346,280,right_hip,True,1.0,Нарушение позиционирования/ротации правого бедра,,,,1.0,0.0,,,0,0.0,0,0.0,False,0.0,,,,,,,,-5.7516794237022415,5.7516794237022415,31.2,118.65,0.0,7.860328365160688,38.4,5.201558653270342,19.95,46.199999999999996,363.3,168.0,346.0,0.30892857142857144,0.44875103220478946,1.0,0.475,0.16428571428571428,0.6327697484562408,0.1924104631112594,0.9311480284654299,3.330740568234745,-1.555213254374877,4.018630647414997,-0.5134074123361472,5.284548206800184,0.11794696919288299,7.172438285980436,1.1597528112316127,7.860328365160688,5.201558653270342,7.860328365160688,5.201558653270342,7.860328365160688,5.201558653270342,7.860328365160688,5.201558653270342,7.860328365160688,5.201558653270342,7.860328365160688,5.201558653270342,7.860328365160688,5.201558653270342,7.860328365160688,5.201558653270342,7.860328365160688,5.201558653270342,7.860328365160688,5.201558653270342,7.860328365160688,5.201558653270342,7.860328365160688,5.201558653270342,7.860328365160688,5.201558653270342,7.860328365160688,5.201558653270342,7.860328365160688,5.201558653270342,7.860328365160688,5.201558653270342,right,0.9818696146491985,5.7516794237022415,0.22857142857142856,1.0,0.0,,,1.0,0.0
2.25.164566280810634620154538016595892212884,/home/user/workspace/dataset_extracted/Датасет/НД_для_обучения/Исследования/2.25.164566280810634620154538016595892212884/series_001_2_CR/A2504291878 DXA Exam/CR DXA Images/CR000001.dcm,1.2.643.5.1.13.13.12.2.77.8252.02030112081401101404040904010405,1,287,300,spine,True,1.0,Нарушение укладки поясничного отдела позвоночника,1.0,0.0,0.0,,,,,0,0.0,0,0.0,False,0.0,1.0542828566635203,0.5202955473084998,287.0,0.0007255169900701238,0.0,0.003484320557491289,0.2733333333333333,,,,,,,,,,,,,,,,,,,,,,,,,,,,,,,,,,,,,,,,,,,,,,,,,,,,,,,,,,,,,,,,,,,,,,,
2.25.164566280810634620154538016595892212884,/home/user/workspace/dataset_extracted/Датасет/НД_для_обучения/Исследования/2.25.164566280810634620154538016595892212884/series_001_2_CR/A2504291878 DXA Exam/CR DXA Images/CR000002.dcm,1.2.643.5.1.13.13.12.2.77.8252.00071210060602011311010906021407,2,346,280,left_hip,True,0.0,,,,,,,0.0,0.0,0,0.0,0,0.0,False,0.0,,,,,,,,-0.8097343256952707,0.8097343256952707,34.8,114.45,0.0,5.903308312482632,34.199999999999996,6.3071559633027166,25.200000000000003,52.8,363.3,168.0,346.0,0.34464285714285714,0.4403385631709331,1.0,0.5178571428571429,0.17857142857142858,0.6046998773252587,0.14705036849509925,0.9280760957746544,4.395585209897145,-0.6121100917431477,5.298159577425641,0.7717431192660286,5.6750903530720125,1.0596330275229149,5.3776647206005075,1.8434862385320911,5.680239088129004,6.22733944954125,5.382813455657499,5.811192660550426,5.3084570475396236,6.3071559633027166,5.3084570475396236,6.3071559633027166,5.3084570475396236,6.3071559633027166,5.3084570475396236,6.3071559633027166,5.3084570475396236,6.3071559633027166,5.3084570475396236,6.3071559633027166,5.3084570475396236,6.3071559633027166,5.3084570475396236,6.3071559633027166,5.3084570475396236,6.3071559633027166,5.3084570475396236,6.3071559633027166,5.3084570475396236,6.3071559633027166,5.3084570475396236,6.3071559633027166,5.3084570475396236,6.3071559633027166,5.3084570475396236,6.3071559633027166,left,-1.1269547712537982,0.8097343256952707,0.20357142857142854,,,0.0,0.0,0.0,0.0
2.25.165091430504580219034019815337441064349,/home/user/workspace/dataset_extracted/Датасет/НД_для_обучения/Исследования/2.25.165091430504580219034019815337441064349/series_001_2_CR/A2504415443 DXA/CR DXA/CR000000.dcm,1.2.643.5.1.13.13.12.2.77.8252.14100208080000030010140812001111,5,235,280,right_hip,True,0.0,,,,,0.0,0.0,,,0,0.0,0,0.0,False,0.0,,,,,,,,0.2201027521534057,0.2201027521534057,28.799999999999997,72.45,0.0,2.078114724150524,49.199999999999996,-18.663427109974407,29.400000000000002,3.0,246.75,168.0,97.0,0.3892857142857143,0.18314589665653497,0.4127659574468085,0.22142857142857142,0.16071428571428573,0.5413615634263291,0.17839352645712567,0.9613483615897489,0.5361344537815086,-20.574702228717562,0.35549872122761883,-26.123069053708427,0.8200219218122015,-26.83434417245157,1.2393861892583031,-27.582710997442433,1.6587504567044136,-28.931077822433295,2.078114724150524,-30.0,1.897478991596634,-30.0,1.8523200584581616,-30.0,1.8523200584581616,-30.0,1.8523200584581616,-30.0,1.8523200584581616,-30.0,1.8523200584581616,-30.0,1.8523200584581616,-30.0,1.8523200584581616,-30.0,1.8523200584581616,-30.0,1.8523200584581616,-30.0,1.8523200584581616,-30.0,1.8523200584581616,-30.0,1.8523200584581616,-30.0,1.8523200584581616,-30.0,right,0.3496371853644382,0.2201027521534057,0.2928571428571428,0.0,0.0,,,0.0,0.0
2.25.165091430504580219034019815337441064349,/home/user/workspace/dataset_extracted/Датасет/НД_для_обучения/Исследования/2.25.165091430504580219034019815337441064349/series_001_2_CR/A2504415443 DXA/CR DXA/CR000001.dcm,1.2.643.5.1.13.13.12.2.77.8252.12140710150813060013011403140807,9,261,280,left_hip,True,1.0,Нарушение позиционирования/ротации левого бедра,,,,,,1.0,0.0,0,0.0,0,0.0,False,0.0,,,,,,,,-4.813038091843304,4.813038091843304,27.0,81.9,0.0,-11.59112533036585,75.0,16.19879614056828,67.2,2.4,274.05,168.0,261.0,0.5267857142857143,0.1768472906403941,1.0,0.2892857142857143,0.15714285714285714,0.4989522612858027,0.14255891566061937,0.9664931062883699,-11.724662679093068,1.952659998229609,-12.99051328418419,2.3795166858457946,-13.189901238002516,2.849659201557938,-13.25575184309364,3.8765158891741063,-13.321602448184745,4.303372576790292,-13.987453053275852,4.730229264406478,-14.053303658366973,5.157085952022663,-14.252691612185298,5.627228467734789,-14.318542217276422,6.054085155350975,-16.184392822367546,7.080941842967161,-16.85024342745865,8.707798530583329,-20.516094032549756,10.334655218199515,-23.581944637640877,11.3615119058157,-24.381332591459202,11.231654421527844,-25.647183196550326,11.058511109144012,-25.113033801641432,15.685367796760197,-24.712421755459776,16.15551031247234,-24.712421755459776,16.15551031247234,-24.712421755459776,16.15551031247234,-24.712421755459776,16.15551031247234,left,-1.0137168854490426,4.813038091843304,0.44642857142857145,,,1.0,0.0,1.0,0.0
2.25.165091430504580219034019815337441064349,/home/user/workspace/dataset_extracted/Датасет/НД_для_обучения/Исследования/2.25.165091430504580219034019815337441064349/series_001_2_CR/A2504415443 DXA/CR DXA/CR000002.dcm,1.2.643.5.1.13.13.12.2.77.8252.01120104060301100213100004141203,1,287,300,spine,True,0.0,,0.0,0.0,0.0,,,,,23,14.49,23,14.49,True,3.9993058792170495,1.8624116709715197,0.1177514974526428,287.0,-0.061779231743351586,0.0,0.003484320557491289,0.3566666666666667,,,,,,,,,,,,,,,,,,,,,,,,,,,,,,,,,,,,,,,,,,,,,,,,,,,,,,,,,,,,,,,,,,,,,,,
2.25.165091430504580219034019815337441064349,/home/user/workspace/dataset_extracted/Датасет/НД_для_обучения/Исследования/2.25.165091430504580219034019815337441064349/series_001_2_CR/A2504415443 DXA/CR DXA/CR000003.dcm,1.2.643.5.1.13.13.12.2.77.8252.03000107141315000207090502080502,7,287,300,spine,True,0.0,,0.0,0.0,0.0,,,,,23,14.49,23,14.49,True,3.9993058792170495,1.8624116709715197,0.1177514974526428,287.0,-0.061779231743351586,0.0,0.003484320557491289,0.3566666666666667,,,,,,,,,,,,,,,,,,,,,,,,,,,,,,,,,,,,,,,,,,,,,,,,,,,,,,,,,,,,,,,,,,,,,,,
2.25.165091430504580219034019815337441064349,/home/user/workspace/dataset_extracted/Датасет/НД_для_обучения/Исследования/2.25.165091430504580219034019815337441064349/series_001_2_CR/A2504415443 DXA/CR DXA/CR000004.dcm,1.2.643.5.1.13.13.12.2.77.8252.12050607100307101401110010080508,8,235,280,right_hip,True,0.0,,,,,0.0,0.0,,,0,0.0,0,0.0,False,0.0,,,,,,,,0.2201027521534057,0.2201027521534057,28.799999999999997,72.45,0.0,2.078114724150524,49.199999999999996,-18.663427109974407,29.400000000000002,3.0,246.75,168.0,97.0,0.3892857142857143,0.18314589665653497,0.4127659574468085,0.22142857142857142,0.16071428571428573,0.5413615634263291,0.17839352645712567,0.9613483615897489,0.5361344537815086,-20.574702228717562,0.35549872122761883,-26.123069053708427,0.8200219218122015,-26.83434417245157,1.2393861892583031,-27.582710997442433,1.6587504567044136,-28.931077822433295,2.078114724150524,-30.0,1.897478991596634,-30.0,1.8523200584581616,-30.0,1.8523200584581616,-30.0,1.8523200584581616,-30.0,1.8523200584581616,-30.0,1.8523200584581616,-30.0,1.8523200584581616,-30.0,1.8523200584581616,-30.0,1.8523200584581616,-30.0,1.8523200584581616,-30.0,1.8523200584581616,-30.0,1.8523200584581616,-30.0,1.8523200584581616,-30.0,1.8523200584581616,-30.0,right,0.3496371853644382,0.2201027521534057,0.2928571428571428,0.0,0.0,,,0.0,0.0
2.25.165091430504580219034019815337441064349,/home/user/workspace/dataset_extracted/Датасет/НД_для_обучения/Исследования/2.25.165091430504580219034019815337441064349/series_001_2_CR/A2504415443 DXA/CR DXA/CR000005.dcm,1.2.643.5.1.13.13.12.2.77.8252.02080910050503150405130310031107,3,261,280,left_hip,True,1.0,Нарушение позиционирования/ротации левого бедра,,,,,,1.0,0.0,0,0.0,0,0.0,False,0.0,,,,,,,,-4.813038091843304,4.813038091843304,27.0,81.9,0.0,-11.59112533036585,75.0,16.19879614056828,67.2,2.4,274.05,168.0,261.0,0.5267857142857143,0.1768472906403941,1.0,0.2892857142857143,0.15714285714285714,0.4989522612858027,0.14255891566061937,0.9664931062883699,-11.724662679093068,1.952659998229609,-12.99051328418419,2.3795166858457946,-13.189901238002516,2.849659201557938,-13.25575184309364,3.8765158891741063,-13.321602448184745,4.303372576790292,-13.987453053275852,4.730229264406478,-14.053303658366973,5.157085952022663,-14.252691612185298,5.627228467734789,-14.318542217276422,6.054085155350975,-16.184392822367546,7.080941842967161,-16.85024342745865,8.707798530583329,-20.516094032549756,10.334655218199515,-23.581944637640877,11.3615119058157,-24.381332591459202,11.231654421527844,-25.647183196550326,11.058511109144012,-25.113033801641432,15.685367796760197,-24.712421755459776,16.15551031247234,-24.712421755459776,16.15551031247234,-24.712421755459776,16.15551031247234,-24.712421755459776,16.15551031247234,left,-1.0137168854490426,4.813038091843304,0.44642857142857145,,,1.0,0.0,1.0,0.0
2.25.165355673991587715046346525964554729786,/home/user/workspace/dataset_extracted/Датасет/НД_для_обучения/Исследования/2.25.165355673991587715046346525964554729786/series_003_3_CR/A2506448267 DXA/CR DXA/CR000000.dcm,1.2.643.5.1.13.13.12.2.77.8252.03030806061309020808141008071213,3,261,280,right_hip,False,,,,,,,,,,46,28.98,46,28.98,True,3.8443304578786774,,,,,,,,-7.862649353756318,7.862649353756318,26.4,92.4,0.0,6.344570462470489,46.8,12.71961008770387,59.85,10.799999999999999,274.05,168.0,256.0,0.3767857142857143,0.1858648056923919,0.9808429118773946,0.24642857142857144,0.15357142857142858,0.5338849061428457,0.14880938653855844,0.9675561263551024,3.8358493888908356,2.4152108062414244,4.9064280934098745,2.325774012891412,4.509362121799154,2.2586964178789115,3.7799408263181844,2.1692596245289164,4.250519530837224,2.6798228311789045,4.721098235356263,3.1903860378289095,5.191676939875301,3.700949244478897,4.194610968264581,4.8338716494663965,4.665189672783612,5.944434856116385,5.135768377302651,7.05499806276639,5.606347081821689,8.165561269416377,6.076925786340729,9.876124476066382,5.947504490859768,11.58668768271637,5.550438519249047,12.71961008770387,5.421017223768087,12.630173294353876,5.421017223768087,12.630173294353876,5.421017223768087,12.630173294353876,5.421017223768087,12.630173294353876,5.421017223768087,12.630173294353876,5.421017223768087,12.630173294353876,left,-0.27161120346505213,7.862649353756318,0.2785714285714286,,,0.0,0.0,0.0,0.0
2.25.165355673991587715046346525964554729786,/home/user/workspace/dataset_extracted/Датасет/НД_для_обучения/Исследования/2.25.165355673991587715046346525964554729786/series_003_3_CR/A2506448267 DXA/CR DXA/CR000001.dcm,1.2.643.5.1.13.13.12.2.77.8252.05130006080703150808130311150104,1,317,300,spine,True,1.0,"Наличие посторонних предметов, артефактов или наложений",0.0,0.0,1.0,,,,,213,134.19,213,134.19,True,3.9760179077462876,1.2955186012133557,0.15442835544175004,317.0,-0.019439369095026204,0.0,0.0031545741324921135,0.68,,,,,,,,,,,,,,,,,,,,,,,,,,,,,,,,,,,,,,,,,,,,,,,,,,,,,,,,,,,,,,,,,,,,,,,
2.25.167344201679287285499405412654740659745,/home/user/workspace/dataset_extracted/Датасет/НД_для_обучения/Исследования/2.25.167344201679287285499405412654740659745/series_003_2_CR/A2504249537 DXA/CR DXA/CR000000.dcm,1.2.643.5.1.13.13.12.2.77.8252.05050004021105041108010100020012,5,265,280,left_hip,True,0.0,,,,,,,0.0,0.0,0,0.0,0,0.0,False,0.0,,,,,,,,-3.2276474321692294,3.2276474321692294,26.4,84.0,0.0,1.240998593530253,45.0,19.602025316455688,70.35000000000001,10.2,278.25,168.0,265.0,0.3392857142857143,0.20149595687331537,1.0,0.2857142857142857,0.14642857142857144,0.5240380508839756,0.16489398152822832,0.9576300526004922,0.10413502109705632,3.6826582278480884,0.21715893108299156,3.921983122362857,0.30192686357244725,4.251476793248932,0.41495077355838245,5.090801687763701,1.1279746835443176,5.330126582278479,1.240998593530253,5.569451476793239,-22.64597749648382,5.808776371307999,-22.561209563994364,6.1382700421940735,-22.44818565400843,6.977594936708852,-22.335161744022493,7.816919831223629,-30.0,9.256244725738389,-30.0,10.69556962025315,-30.0,12.134894514767927,-30.0,13.664388185654001,-30.0,15.103713080168761,-30.0,17.74303797468354,-30.0,18.5823628691983,-30.0,19.602025316455688,-30.0,19.602025316455688,-30.0,19.602025316455688,right,0.28441413083519246,3.2276474321692294,0.26785714285714285,0.0,0.0,,,0.0,0.0
2.25.167344201679287285499405412654740659745,/home/user/workspace/dataset_extracted/Датасет/НД_для_обучения/Исследования/2.25.167344201679287285499405412654740659745/series_003_2_CR/A2504249537 DXA/CR DXA/CR000001.dcm,1.2.643.5.1.13.13.12.2.77.8252.03020203090713120707041512070302,4,263,280,right_hip,True,0.0,,,,,0.0,0.0,,,0,0.0,0,0.0,False,0.0,,,,,,,,-2.9803968090207262,2.9803968090207262,25.8,95.55,0.0,-15.54304825609173,36.6,23.15805064500716,72.45,7.199999999999999,276.15000000000003,168.0,263.0,0.2892857142857143,0.1766702878870179,1.0,0.24285714285714285,0.14642857142857144,0.48301249158277926,0.14868334907920122,0.9600584312133345,-15.725484949832769,3.088485427615865,-15.603860487338741,4.57276636407071,-16.11264214046822,4.935977066411851,-18.99101767797419,5.220258002866697,-20.069393215480165,6.704538939321543,-22.947768752986136,6.9888198757763975,-24.626144290492107,7.273100812231243,-26.334925943621588,7.636311514572384,-26.813301481127557,8.520592451027229,-26.69167701863353,9.404873387482075,-30.0,10.88915432393693,-30.0,12.373435260391775,-30.0,13.85771619684662,-30.0,16.02092689918776,-30.0,18.105207835642606,-30.0,20.189488772097462,-30.0,20.473769708552307,-30.0,23.15805064500716,-30.0,23.15805064500716,-30.0,23.15805064500716,left,-0.2478845350186298,2.9803968090207262,0.21785714285714286,,,0.0,0.0,0.0,0.0
2.25.167344201679287285499405412654740659745,/home/user/workspace/dataset_extracted/Датасет/НД_для_обучения/Исследования/2.25.167344201679287285499405412654740659745/series_003_2_CR/A2504249537 DXA/CR DXA/CR000002.dcm,1.2.643.5.1.13.13.12.2.77.8252.06020510071406141308051102110806,1,292,300,spine,True,0.0,,0.0,0.0,0.0,,,,,0,0.0,0,0.0,False,0.0,0.8186819558933759,1.2336118928379494,292.0,0.010674100096736461,0.0,0.003424657534246575,0.32,,,,,,,,,,,,,,,,,,,,,,,,,,,,,,,,,,,,,,,,,,,,,,,,,,,,,,,,,,,,,,,,,,,,,,,
2.25.167344201679287285499405412654740659745,/home/user/workspace/dataset_extracted/Датасет/НД_для_обучения/Исследования/2.25.167344201679287285499405412654740659745/series_003_2_CR/A2504249537 DXA/CR DXA/CR000003.dcm,1.2.643.5.1.13.13.12.2.77.8252.03110714040901011514120512140506,8,263,280,right_hip,True,0.0,,,,,0.0,0.0,,,0,0.0,0,0.0,False,0.0,,,,,,,,-2.9803968090207262,2.9803968090207262,25.8,95.55,0.0,-15.54304825609173,36.6,23.15805064500716,72.45,7.199999999999999,276.15000000000003,168.0,263.0,0.2892857142857143,0.1766702878870179,1.0,0.24285714285714285,0.14642857142857144,0.48301249158277926,0.14868334907920122,0.9600584312133345,-15.725484949832769,3.088485427615865,-15.603860487338741,4.57276636407071,-16.11264214046822,4.935977066411851,-18.99101767797419,5.220258002866697,-20.069393215480165,6.704538939321543,-22.947768752986136,6.9888198757763975,-24.626144290492107,7.273100812231243,-26.334925943621588,7.636311514572384,-26.813301481127557,8.520592451027229,-26.69167701863353,9.404873387482075,-30.0,10.88915432393693,-30.0,12.373435260391775,-30.0,13.85771619684662,-30.0,16.02092689918776,-30.0,18.105207835642606,-30.0,20.189488772097462,-30.0,20.473769708552307,-30.0,23.15805064500716,-30.0,23.15805064500716,-30.0,23.15805064500716,left,-0.2478845350186298,2.9803968090207262,0.21785714285714286,,,0.0,0.0,0.0,0.0
2.25.167344201679287285499405412654740659745,/home/user/workspace/dataset_extracted/Датасет/НД_для_обучения/Исследования/2.25.167344201679287285499405412654740659745/series_003_2_CR/A2504249537 DXA/CR DXA/CR000004.dcm,1.2.643.5.1.13.13.12.2.77.8252.04140115150705031110051301090913,6,292,300,spine,True,0.0,,0.0,0.0,0.0,,,,,0,0.0,0,0.0,False,0.0,0.8186819558933759,1.2336118928379494,292.0,0.010674100096736461,0.0,0.003424657534246575,0.32,,,,,,,,,,,,,,,,,,,,,,,,,,,,,,,,,,,,,,,,,,,,,,,,,,,,,,,,,,,,,,,,,,,,,,,
2.25.167344201679287285499405412654740659745,/home/user/workspace/dataset_extracted/Датасет/НД_для_обучения/Исследования/2.25.167344201679287285499405412654740659745/series_003_2_CR/A2504249537 DXA/CR DXA/CR000005.dcm,1.2.643.5.1.13.13.12.2.77.8252.10110808050405011511051303070302,7,265,280,left_hip,True,0.0,,,,,,,0.0,0.0,0,0.0,0,0.0,False,0.0,,,,,,,,-3.2276474321692294,3.2276474321692294,26.4,84.0,0.0,1.240998593530253,45.0,19.602025316455688,70.35000000000001,10.2,278.25,168.0,265.0,0.3392857142857143,0.20149595687331537,1.0,0.2857142857142857,0.14642857142857144,0.5240380508839756,0.16489398152822832,0.9576300526004922,0.10413502109705632,3.6826582278480884,0.21715893108299156,3.921983122362857,0.30192686357244725,4.251476793248932,0.41495077355838245,5.090801687763701,1.1279746835443176,5.330126582278479,1.240998593530253,5.569451476793239,-22.64597749648382,5.808776371307999,-22.561209563994364,6.1382700421940735,-22.44818565400843,6.977594936708852,-22.335161744022493,7.816919831223629,-30.0,9.256244725738389,-30.0,10.69556962025315,-30.0,12.134894514767927,-30.0,13.664388185654001,-30.0,15.103713080168761,-30.0,17.74303797468354,-30.0,18.5823628691983,-30.0,19.602025316455688,-30.0,19.602025316455688,-30.0,19.602025316455688,right,0.28441413083519246,3.2276474321692294,0.26785714285714285,0.0,0.0,,,0.0,0.0
2.25.16773626720107440979805052259711419763,/home/user/workspace/dataset_extracted/Датасет/НД_для_обучения/Исследования/2.25.16773626720107440979805052259711419763/series_004_2_CR/A2507537392 DXA/CR DXA/CR000000.dcm,1.2.643.5.1.13.13.12.2.77.8252.09031014151115011007041507060209,16,289,300,spine,True,0.0,,0.0,0.0,0.0,,,,,66,41.58,66,41.58,True,3.644734105597995,1.3773621541923675,0.17599013864323743,289.0,-0.0027996447661656513,0.0,0.0034602076124567475,0.3433333333333333,,,,,,,,,,,,,,,,,,,,,,,,,,,,,,,,,,,,,,,,,,,,,,,,,,,,,,,,,,,,,,,,,,,,,,,
2.25.16773626720107440979805052259711419763,/home/user/workspace/dataset_extracted/Датасет/НД_для_обучения/Исследования/2.25.16773626720107440979805052259711419763/series_004_2_CR/A2507537392 DXA/CR DXA/CR000001.dcm,1.2.643.5.1.13.13.12.2.77.8252.15000110101510080415120006131402,9,261,280,right_hip,True,0.0,,,,,0.0,0.0,,,0,0.0,0,0.0,False,0.0,,,,,,,,-8.858565069992668,8.858565069992668,27.599999999999998,81.9,0.0,-0.5386739842436185,40.199999999999996,23.11431353456672,69.3,11.4,274.05,168.0,261.0,0.3196428571428571,0.22910509031198686,1.0,0.3535714285714286,0.16428571428571428,0.4759215420323575,0.13947481363208664,0.9414440777681793,-2.312239659075112,1.7853943524829703,-1.3302242061735854,2.0582278481012737,-1.1937126164974359,2.412852969815003,-1.4116971635959088,3.285686465433315,-1.0296817106943819,4.158519961051618,-1.8476662577928549,5.631353456669921,-0.8656508048913281,6.504186952288234,-4.929139215215178,7.458812074001963,-4.547123762313651,9.531645569620267,-5.365108309412125,11.00447906523857,-6.183092856510598,13.077312560856873,-15.40107740360907,15.150146056475176,-16.819061950707543,18.422979552093487,-17.282550361031394,20.57760467380722,-17.50053490812987,21.450438169425528,-17.71851945522834,21.723271665043825,-17.936504002326814,22.596105160662137,-17.691000139101437,23.11431353456672,-17.691000139101437,23.11431353456672,-17.691000139101437,23.11431353456672,right,0.4532627212833894,8.858565069992668,0.23928571428571427,0.0,0.0,,,0.0,0.0
2.25.16773626720107440979805052259711419763,/home/user/workspace/dataset_extracted/Датасет/НД_для_обучения/Исследования/2.25.16773626720107440979805052259711419763/series_004_2_CR/A2507537392 DXA/CR DXA/CR000002.dcm,1.2.643.5.1.13.13.12.2.77.8252.07111109140703130315001513000701,4,261,280,right_hip,True,0.0,,,,,0.0,0.0,,,0,0.0,0,0.0,False,0.0,,,,,,,,-8.858565069992668,8.858565069992668,27.599999999999998,81.9,0.0,-0.5386739842436185,40.199999999999996,23.11431353456672,69.3,11.4,274.05,168.0,261.0,0.3196428571428571,0.22910509031198686,1.0,0.3535714285714286,0.16428571428571428,0.4759215420323575,0.13947481363208664,0.9414440777681793,-2.312239659075112,1.7853943524829703,-1.3302242061735854,2.0582278481012737,-1.1937126164974359,2.412852969815003,-1.4116971635959088,3.285686465433315,-1.0296817106943819,4.158519961051618,-1.8476662577928549,5.631353456669921,-0.8656508048913281,6.504186952288234,-4.929139215215178,7.458812074001963,-4.547123762313651,9.531645569620267,-5.365108309412125,11.00447906523857,-6.183092856510598,13.077312560856873,-15.40107740360907,15.150146056475176,-16.819061950707543,18.422979552093487,-17.282550361031394,20.57760467380722,-17.50053490812987,21.450438169425528,-17.71851945522834,21.723271665043825,-17.936504002326814,22.596105160662137,-17.691000139101437,23.11431353456672,-17.691000139101437,23.11431353456672,-17.691000139101437,23.11431353456672,right,0.4532627212833894,8.858565069992668,0.23928571428571427,0.0,0.0,,,0.0,0.0
2.25.16773626720107440979805052259711419763,/home/user/workspace/dataset_extracted/Датасет/НД_для_обучения/Исследования/2.25.16773626720107440979805052259711419763/series_004_2_CR/A2507537392 DXA/CR DXA/CR000003.dcm,1.2.643.5.1.13.13.12.2.77.8252.15061506101401070412150108010615,3,289,300,spine,True,0.0,,0.0,0.0,0.0,,,,,66,41.58,66,41.58,True,3.644734105597995,1.3773621541923675,0.17599013864323743,289.0,-0.0027996447661656513,0.0,0.0034602076124567475,0.3433333333333333,,,,,,,,,,,,,,,,,,,,,,,,,,,,,,,,,,,,,,,,,,,,,,,,,,,,,,,,,,,,,,,,,,,,,,,
2.25.16773626720107440979805052259711419763,/home/user/workspace/dataset_extracted/Датасет/НД_для_обучения/Исследования/2.25.16773626720107440979805052259711419763/series_004_2_CR/A2507537392 DXA/CR DXA/CR000004.dcm,1.2.643.5.1.13.13.12.2.77.8252.13040605040810031203041510031012,18,261,280,left_hip,True,0.0,,,,,,,0.0,0.0,0,0.0,0,0.0,False,0.0,,,,,,,,-6.1483241470117225,6.1483241470117225,27.0,81.9,0.0,-5.048005159397564,44.4,20.899285524601993,79.8,12.6,274.05,168.0,261.0,0.34464285714285714,0.21636562671045428,1.0,0.30714285714285716,0.15714285714285714,0.4835450585686049,0.14121617030320735,0.945175964910329,-7.4650766954564425,1.559169943980089,-5.656540927427,1.8628384273954053,-5.200139101404932,1.6405897899568969,-6.391603333375488,1.9442582733722134,-6.983067565346053,2.2479267567875296,-6.374531797316609,2.551595240202846,-5.765996029287174,3.4552637236181623,-7.109594203265098,4.433015086179654,-6.501058435235654,5.33668356959497,-8.892522667206219,6.240352053010303,-10.683986899176784,7.14402053642562,-10.075451131147348,8.647689019840936,-9.466915363117915,10.751357503256253,-9.010513537095829,11.729108865817745,-12.001977769066395,14.43277734923306,-21.59344200103696,17.136445832648377,-22.784906233007515,18.64011431606369,-23.37637046497808,18.94378279947901,-24.119968638956003,20.5215341620405,-24.11143287092656,20.825202645455818,left,-0.40904551087106866,6.1483241470117225,0.2642857142857143,,,0.0,0.0,0.0,0.0
2.25.16773626720107440979805052259711419763,/home/user/workspace/dataset_extracted/Датасет/НД_для_обучения/Исследования/2.25.16773626720107440979805052259711419763/series_004_2_CR/A2507537392 DXA/CR DXA/CR000005.dcm,1.2.643.5.1.13.13.12.2.77.8252.02071412140202140114070213030205,17,261,280,right_hip,True,0.0,,,,,0.0,0.0,,,0,0.0,0,0.0,False,0.0,,,,,,,,-8.858565069992668,8.858565069992668,27.599999999999998,81.9,0.0,-0.5386739842436185,40.199999999999996,23.11431353456672,69.3,11.4,274.05,168.0,261.0,0.3196428571428571,0.22910509031198686,1.0,0.3535714285714286,0.16428571428571428,0.4759215420323575,0.13947481363208664,0.9414440777681793,-2.312239659075112,1.7853943524829703,-1.3302242061735854,2.0582278481012737,-1.1937126164974359,2.412852969815003,-1.4116971635959088,3.285686465433315,-1.0296817106943819,4.158519961051618,-1.8476662577928549,5.631353456669921,-0.8656508048913281,6.504186952288234,-4.929139215215178,7.458812074001963,-4.547123762313651,9.531645569620267,-5.365108309412125,11.00447906523857,-6.183092856510598,13.077312560856873,-15.40107740360907,15.150146056475176,-16.819061950707543,18.422979552093487,-17.282550361031394,20.57760467380722,-17.50053490812987,21.450438169425528,-17.71851945522834,21.723271665043825,-17.936504002326814,22.596105160662137,-17.691000139101437,23.11431353456672,-17.691000139101437,23.11431353456672,-17.691000139101437,23.11431353456672,right,0.4532627212833894,8.858565069992668,0.23928571428571427,0.0,0.0,,,0.0,0.0
2.25.16773626720107440979805052259711419763,/home/user/workspace/dataset_extracted/Датасет/НД_для_обучения/Исследования/2.25.16773626720107440979805052259711419763/series_004_2_CR/A2507537392 DXA/CR DXA/CR000006.dcm,1.2.643.5.1.13.13.12.2.77.8252.11120907150103150102101200080104,6,261,280,right_hip,True,0.0,,,,,0.0,0.0,,,0,0.0,0,0.0,False,0.0,,,,,,,,-8.858565069992668,8.858565069992668,27.599999999999998,81.9,0.0,-0.5386739842436185,40.199999999999996,23.11431353456672,69.3,11.4,274.05,168.0,261.0,0.3196428571428571,0.22910509031198686,1.0,0.3535714285714286,0.16428571428571428,0.4759215420323575,0.13947481363208664,0.9414440777681793,-2.312239659075112,1.7853943524829703,-1.3302242061735854,2.0582278481012737,-1.1937126164974359,2.412852969815003,-1.4116971635959088,3.285686465433315,-1.0296817106943819,4.158519961051618,-1.8476662577928549,5.631353456669921,-0.8656508048913281,6.504186952288234,-4.929139215215178,7.458812074001963,-4.547123762313651,9.531645569620267,-5.365108309412125,11.00447906523857,-6.183092856510598,13.077312560856873,-15.40107740360907,15.150146056475176,-16.819061950707543,18.422979552093487,-17.282550361031394,20.57760467380722,-17.50053490812987,21.450438169425528,-17.71851945522834,21.723271665043825,-17.936504002326814,22.596105160662137,-17.691000139101437,23.11431353456672,-17.691000139101437,23.11431353456672,-17.691000139101437,23.11431353456672,right,0.4532627212833894,8.858565069992668,0.23928571428571427,0.0,0.0,,,0.0,0.0
2.25.16773626720107440979805052259711419763,/home/user/workspace/dataset_extracted/Датасет/НД_для_обучения/Исследования/2.25.16773626720107440979805052259711419763/series_004_2_CR/A2507537392 DXA/CR DXA/CR000007.dcm,1.2.643.5.1.13.13.12.2.77.8252.00120605081302140615061408051413,7,261,280,left_hip,True,0.0,,,,,,,0.0,0.0,0,0.0,0,0.0,False,0.0,,,,,,,,-6.1483241470117225,6.1483241470117225,27.0,81.9,0.0,-5.048005159397564,44.4,20.899285524601993,79.8,12.6,274.05,168.0,261.0,0.34464285714285714,0.21636562671045428,1.0,0.30714285714285716,0.15714285714285714,0.4835450585686049,0.14121617030320735,0.945175964910329,-7.4650766954564425,1.559169943980089,-5.656540927427,1.8628384273954053,-5.200139101404932,1.6405897899568969,-6.391603333375488,1.9442582733722134,-6.983067565346053,2.2479267567875296,-6.374531797316609,2.551595240202846,-5.765996029287174,3.4552637236181623,-7.109594203265098,4.433015086179654,-6.501058435235654,5.33668356959497,-8.892522667206219,6.240352053010303,-10.683986899176784,7.14402053642562,-10.075451131147348,8.647689019840936,-9.466915363117915,10.751357503256253,-9.010513537095829,11.729108865817745,-12.001977769066395,14.43277734923306,-21.59344200103696,17.136445832648377,-22.784906233007515,18.64011431606369,-23.37637046497808,18.94378279947901,-24.119968638956003,20.5215341620405,-24.11143287092656,20.825202645455818,left,-0.40904551087106866,6.1483241470117225,0.2642857142857143,,,0.0,0.0,0.0,0.0
2.25.16773626720107440979805052259711419763,/home/user/workspace/dataset_extracted/Датасет/НД_для_обучения/Исследования/2.25.16773626720107440979805052259711419763/series_004_2_CR/A2507537392 DXA/CR DXA/CR000008.dcm,1.2.643.5.1.13.13.12.2.77.8252.13060012130706071508131506061110,5,261,280,left_hip,True,0.0,,,,,,,0.0,0.0,0,0.0,0,0.0,False,0.0,,,,,,,,-6.1483241470117225,6.1483241470117225,27.0,81.9,0.0,-5.048005159397564,44.4,20.899285524601993,79.8,12.6,274.05,168.0,261.0,0.34464285714285714,0.21636562671045428,1.0,0.30714285714285716,0.15714285714285714,0.4835450585686049,0.14121617030320735,0.945175964910329,-7.4650766954564425,1.559169943980089,-5.656540927427,1.8628384273954053,-5.200139101404932,1.6405897899568969,-6.391603333375488,1.9442582733722134,-6.983067565346053,2.2479267567875296,-6.374531797316609,2.551595240202846,-5.765996029287174,3.4552637236181623,-7.109594203265098,4.433015086179654,-6.501058435235654,5.33668356959497,-8.892522667206219,6.240352053010303,-10.683986899176784,7.14402053642562,-10.075451131147348,8.647689019840936,-9.466915363117915,10.751357503256253,-9.010513537095829,11.729108865817745,-12.001977769066395,14.43277734923306,-21.59344200103696,17.136445832648377,-22.784906233007515,18.64011431606369,-23.37637046497808,18.94378279947901,-24.119968638956003,20.5215341620405,-24.11143287092656,20.825202645455818,left,-0.40904551087106866,6.1483241470117225,0.2642857142857143,,,0.0,0.0,0.0,0.0
2.25.16773626720107440979805052259711419763,/home/user/workspace/dataset_extracted/Датасет/НД_для_обучения/Исследования/2.25.16773626720107440979805052259711419763/series_004_2_CR/A2507537392 DXA/CR DXA/CR000009.dcm,1.2.643.5.1.13.13.12.2.77.8252.09020303070910070711011409031209,10,261,280,left_hip,True,0.0,,,,,,,0.0,0.0,0,0.0,0,0.0,False,0.0,,,,,,,,-6.1483241470117225,6.1483241470117225,27.0,81.9,0.0,-5.048005159397564,44.4,20.899285524601993,79.8,12.6,274.05,168.0,261.0,0.34464285714285714,0.21636562671045428,1.0,0.30714285714285716,0.15714285714285714,0.4835450585686049,0.14121617030320735,0.945175964910329,-7.4650766954564425,1.559169943980089,-5.656540927427,1.8628384273954053,-5.200139101404932,1.6405897899568969,-6.391603333375488,1.9442582733722134,-6.983067565346053,2.2479267567875296,-6.374531797316609,2.551595240202846,-5.765996029287174,3.4552637236181623,-7.109594203265098,4.433015086179654,-6.501058435235654,5.33668356959497,-8.892522667206219,6.240352053010303,-10.683986899176784,7.14402053642562,-10.075451131147348,8.647689019840936,-9.466915363117915,10.751357503256253,-9.010513537095829,11.729108865817745,-12.001977769066395,14.43277734923306,-21.59344200103696,17.136445832648377,-22.784906233007515,18.64011431606369,-23.37637046497808,18.94378279947901,-24.119968638956003,20.5215341620405,-24.11143287092656,20.825202645455818,left,-0.40904551087106866,6.1483241470117225,0.2642857142857143,,,0.0,0.0,0.0,0.0
2.25.16773626720107440979805052259711419763,/home/user/workspace/dataset_extracted/Датасет/НД_для_обучения/Исследования/2.25.16773626720107440979805052259711419763/series_004_2_CR/A2507537392 DXA/CR DXA/CR000010.dcm,1.2.643.5.1.13.13.12.2.77.8252.04101314021103041302071314011203,12,261,280,right_hip,True,0.0,,,,,0.0,0.0,,,0,0.0,0,0.0,False,0.0,,,,,,,,-8.858565069992668,8.858565069992668,27.599999999999998,81.9,0.0,-0.5386739842436185,40.199999999999996,23.11431353456672,69.3,11.4,274.05,168.0,261.0,0.3196428571428571,0.22910509031198686,1.0,0.3535714285714286,0.16428571428571428,0.4759215420323575,0.13947481363208664,0.9414440777681793,-2.312239659075112,1.7853943524829703,-1.3302242061735854,2.0582278481012737,-1.1937126164974359,2.412852969815003,-1.4116971635959088,3.285686465433315,-1.0296817106943819,4.158519961051618,-1.8476662577928549,5.631353456669921,-0.8656508048913281,6.504186952288234,-4.929139215215178,7.458812074001963,-4.547123762313651,9.531645569620267,-5.365108309412125,11.00447906523857,-6.183092856510598,13.077312560856873,-15.40107740360907,15.150146056475176,-16.819061950707543,18.422979552093487,-17.282550361031394,20.57760467380722,-17.50053490812987,21.450438169425528,-17.71851945522834,21.723271665043825,-17.936504002326814,22.596105160662137,-17.691000139101437,23.11431353456672,-17.691000139101437,23.11431353456672,-17.691000139101437,23.11431353456672,right,0.4532627212833894,8.858565069992668,0.23928571428571427,0.0,0.0,,,0.0,0.0
2.25.16773626720107440979805052259711419763,/home/user/workspace/dataset_extracted/Датасет/НД_для_обучения/Исследования/2.25.16773626720107440979805052259711419763/series_004_2_CR/A2507537392 DXA/CR DXA/CR000011.dcm,1.2.643.5.1.13.13.12.2.77.8252.03120113151010021310000801051000,1,289,300,spine,True,0.0,,0.0,0.0,0.0,,,,,66,41.58,66,41.58,True,3.644734105597995,1.3773621541923675,0.17599013864323743,289.0,-0.0027996447661656513,0.0,0.0034602076124567475,0.3433333333333333,,,,,,,,,,,,,,,,,,,,,,,,,,,,,,,,,,,,,,,,,,,,,,,,,,,,,,,,,,,,,,,,,,,,,,,
2.25.168317503020329569414190677927680518621,/home/user/workspace/dataset_extracted/Датасет/НД_для_обучения/Исследования/2.25.168317503020329569414190677927680518621/series_004_2_CR/A2507557128 DXA/CR DXA/CR000000.dcm,1.2.643.5.1.13.13.12.2.77.8252.10050700041001040614050614130103,18,261,280,right_hip,True,0.0,,,,,0.0,0.0,,,71,44.73,71,44.73,True,3.4855399581373976,,,,,,,,-2.2486403167846474,2.2486403167846474,25.2,81.9,0.0,-10.021828804107296,33.6,21.651636970624327,79.8,9.0,274.05,168.0,261.0,0.2892857142857143,0.19084564860426928,1.0,0.30714285714285716,0.14642857142857144,0.4785448111772514,0.126304155775704,0.9546909392324018,-12.434256882358156,1.3689146296741426,-12.144268389838018,1.9290658708380362,-11.926777020447915,3.0991793017109672,-11.636788527927777,4.259330542874861,-10.74680003540764,4.8194817840387625,-10.456811542887502,5.379633025202665,-10.166823050367364,5.9397842663665585,-10.54933168097726,6.509897697239489,-11.459343188457122,7.070048938403382,-14.169354695936985,7.630200179567285,-15.079366203416846,8.790351420731186,-15.38937771089671,9.950502661895081,-19.29938921837657,11.710653903058983,-23.281897848986468,13.480767333931913,-25.391909356466332,15.840918575095806,-26.301920863946194,18.201069816259707,-26.611932371426054,19.36122105742361,-27.52194387890592,19.321372298587505,-28.504452509515815,20.491485729460436,-28.214464016995677,21.651636970624327,left,-0.0838295523334166,2.2486403167846474,0.2,,,0.0,0.0,0.0,0.0
2.25.168317503020329569414190677927680518621,/home/user/workspace/dataset_extracted/Датасет/НД_для_обучения/Исследования/2.25.168317503020329569414190677927680518621/series_004_2_CR/A2507557128 DXA/CR DXA/CR000001.dcm,1.2.643.5.1.13.13.12.2.77.8252.04081410150705000907120005030306,7,261,280,right_hip,True,0.0,,,,,0.0,0.0,,,71,44.73,71,44.73,True,3.4855399581373976,,,,,,,,-2.2486403167846474,2.2486403167846474,25.2,81.9,0.0,-10.021828804107296,33.6,21.651636970624327,79.8,9.0,274.05,168.0,261.0,0.2892857142857143,0.19084564860426928,1.0,0.30714285714285716,0.14642857142857144,0.4785448111772514,0.126304155775704,0.9546909392324018,-12.434256882358156,1.3689146296741426,-12.144268389838018,1.9290658708380362,-11.926777020447915,3.0991793017109672,-11.636788527927777,4.259330542874861,-10.74680003540764,4.8194817840387625,-10.456811542887502,5.379633025202665,-10.166823050367364,5.9397842663665585,-10.54933168097726,6.509897697239489,-11.459343188457122,7.070048938403382,-14.169354695936985,7.630200179567285,-15.079366203416846,8.790351420731186,-15.38937771089671,9.950502661895081,-19.29938921837657,11.710653903058983,-23.281897848986468,13.480767333931913,-25.391909356466332,15.840918575095806,-26.301920863946194,18.201069816259707,-26.611932371426054,19.36122105742361,-27.52194387890592,19.321372298587505,-28.504452509515815,20.491485729460436,-28.214464016995677,21.651636970624327,left,-0.0838295523334166,2.2486403167846474,0.2,,,0.0,0.0,0.0,0.0
2.25.168317503020329569414190677927680518621,/home/user/workspace/dataset_extracted/Датасет/НД_для_обучения/Исследования/2.25.168317503020329569414190677927680518621/series_004_2_CR/A2507557128 DXA/CR DXA/CR000002.dcm,1.2.643.5.1.13.13.12.2.77.8252.10010207001309070508110212031008,9,261,280,right_hip,True,0.0,,,,,0.0,0.0,,,71,44.73,71,44.73,True,3.4855399581373976,,,,,,,,-2.2486403167846474,2.2486403167846474,25.2,81.9,0.0,-10.021828804107296,33.6,21.651636970624327,79.8,9.0,274.05,168.0,261.0,0.2892857142857143,0.19084564860426928,1.0,0.30714285714285716,0.14642857142857144,0.4785448111772514,0.126304155775704,0.9546909392324018,-12.434256882358156,1.3689146296741426,-12.144268389838018,1.9290658708380362,-11.926777020447915,3.0991793017109672,-11.636788527927777,4.259330542874861,-10.74680003540764,4.8194817840387625,-10.456811542887502,5.379633025202665,-10.166823050367364,5.9397842663665585,-10.54933168097726,6.509897697239489,-11.459343188457122,7.070048938403382,-14.169354695936985,7.630200179567285,-15.079366203416846,8.790351420731186,-15.38937771089671,9.950502661895081,-19.29938921837657,11.710653903058983,-23.281897848986468,13.480767333931913,-25.391909356466332,15.840918575095806,-26.301920863946194,18.201069816259707,-26.611932371426054,19.36122105742361,-27.52194387890592,19.321372298587505,-28.504452509515815,20.491485729460436,-28.214464016995677,21.651636970624327,left,-0.0838295523334166,2.2486403167846474,0.2,,,0.0,0.0,0.0,0.0
2.25.168317503020329569414190677927680518621,/home/user/workspace/dataset_extracted/Датасет/НД_для_обучения/Исследования/2.25.168317503020329569414190677927680518621/series_004_2_CR/A2507557128 DXA/CR DXA/CR000003.dcm,1.2.643.5.1.13.13.12.2.77.8252.08150001020008051511060800070004,3,259,300,spine,True,0.0,,0.0,0.0,0.0,,,,,378,238.14000000000001,378,238.14000000000001,True,3.608041361108402,0.4845337445978934,0.4510260827951402,259.0,0.0036985284190630334,0.0,0.003861003861003861,0.36666666666666664,,,,,,,,,,,,,,,,,,,,,,,,,,,,,,,,,,,,,,,,,,,,,,,,,,,,,,,,,,,,,,,,,,,,,,,
2.25.168317503020329569414190677927680518621,/home/user/workspace/dataset_extracted/Датасет/НД_для_обучения/Исследования/2.25.168317503020329569414190677927680518621/series_004_2_CR/A2507557128 DXA/CR DXA/CR000004.dcm,1.2.643.5.1.13.13.12.2.77.8252.03110002011112060400010906040109,17,289,280,right_hip,True,0.0,,,,,0.0,0.0,,,143,90.09,143,90.09,True,3.5185984329865474,,,,,,,,-3.175959517426549,3.175959517426549,25.8,90.3,0.0,-11.427289966507852,46.8,20.952444926647477,79.8,9.0,303.45,168.0,289.0,0.36428571428571427,0.1860479485912012,1.0,0.25,0.14642857142857144,0.44195115192925893,0.0965510234292977,0.9652092803921895,-11.616910231614693,0.9158696164913237,-11.837669701401,1.4290126892777806,-12.153239303740742,1.963869993867621,-12.373998773527049,3.0770130666540694,-12.594758243313356,4.190156139440526,-12.215517713099672,4.703299212226974,-12.436277182885988,5.216442285013431,-12.75184678522571,5.7512995896032715,-12.972606255012026,6.26444266238972,-13.793365724798344,6.777585735176177,-14.01412519458465,7.290728807962625,-14.834884664370957,9.003871880749083,-18.055644134157273,10.71701495353553,-19.571213736497004,11.85187225812537,-22.19197320628331,14.165015330911828,-23.61273267606963,16.478158403698277,-24.433492145855936,17.591301476484734,-25.25425161564225,18.70444454927118,-25.569821217981985,19.239301853861022,-25.79058068776829,20.952444926647477,right,0.39368998617474577,3.175959517426549,0.2785714285714286,0.0,0.0,,,0.0,0.0
2.25.168317503020329569414190677927680518621,/home/user/workspace/dataset_extracted/Датасет/НД_для_обучения/Исследования/2.25.168317503020329569414190677927680518621/series_004_2_CR/A2507557128 DXA/CR DXA/CR000005.dcm,1.2.643.5.1.13.13.12.2.77.8252.01130115100005150714080303151110,10,261,280,right_hip,True,0.0,,,,,0.0,0.0,,,71,44.73,71,44.73,True,3.4855399581373976,,,,,,,,-2.2486403167846474,2.2486403167846474,25.2,81.9,0.0,-10.021828804107296,33.6,21.651636970624327,79.8,9.0,274.05,168.0,261.0,0.2892857142857143,0.19084564860426928,1.0,0.30714285714285716,0.14642857142857144,0.4785448111772514,0.126304155775704,0.9546909392324018,-12.434256882358156,1.3689146296741426,-12.144268389838018,1.9290658708380362,-11.926777020447915,3.0991793017109672,-11.636788527927777,4.259330542874861,-10.74680003540764,4.8194817840387625,-10.456811542887502,5.379633025202665,-10.166823050367364,5.9397842663665585,-10.54933168097726,6.509897697239489,-11.459343188457122,7.070048938403382,-14.169354695936985,7.630200179567285,-15.079366203416846,8.790351420731186,-15.38937771089671,9.950502661895081,-19.29938921837657,11.710653903058983,-23.281897848986468,13.480767333931913,-25.391909356466332,15.840918575095806,-26.301920863946194,18.201069816259707,-26.611932371426054,19.36122105742361,-27.52194387890592,19.321372298587505,-28.504452509515815,20.491485729460436,-28.214464016995677,21.651636970624327,left,-0.0838295523334166,2.2486403167846474,0.2,,,0.0,0.0,0.0,0.0
2.25.168317503020329569414190677927680518621,/home/user/workspace/dataset_extracted/Датасет/НД_для_обучения/Исследования/2.25.168317503020329569414190677927680518621/series_004_2_CR/A2507557128 DXA/CR DXA/CR000006.dcm,1.2.643.5.1.13.13.12.2.77.8252.14030405080503070005090010011210,1,259,300,spine,True,0.0,,0.0,0.0,0.0,,,,,378,238.14000000000001,378,238.14000000000001,True,3.608041361108402,0.4845337445978934,0.4510260827951402,259.0,0.0036985284190630334,0.0,0.003861003861003861,0.36666666666666664,,,,,,,,,,,,,,,,,,,,,,,,,,,,,,,,,,,,,,,,,,,,,,,,,,,,,,,,,,,,,,,,,,,,,,,
2.25.168317503020329569414190677927680518621,/home/user/workspace/dataset_extracted/Датасет/НД_для_обучения/Исследования/2.25.168317503020329569414190677927680518621/series_004_2_CR/A2507557128 DXA/CR DXA/CR000007.dcm,1.2.643.5.1.13.13.12.2.77.8252.02031311110004131100010706000003,6,289,280,right_hip,True,0.0,,,,,0.0,0.0,,,143,90.09,143,90.09,True,3.5185984329865474,,,,,,,,-3.175959517426549,3.175959517426549,25.8,90.3,0.0,-11.427289966507852,46.8,20.952444926647477,79.8,9.0,303.45,168.0,289.0,0.36428571428571427,0.1860479485912012,1.0,0.25,0.14642857142857144,0.44195115192925893,0.0965510234292977,0.9652092803921895,-11.616910231614693,0.9158696164913237,-11.837669701401,1.4290126892777806,-12.153239303740742,1.963869993867621,-12.373998773527049,3.0770130666540694,-12.594758243313356,4.190156139440526,-12.215517713099672,4.703299212226974,-12.436277182885988,5.216442285013431,-12.75184678522571,5.7512995896032715,-12.972606255012026,6.26444266238972,-13.793365724798344,6.777585735176177,-14.01412519458465,7.290728807962625,-14.834884664370957,9.003871880749083,-18.055644134157273,10.71701495353553,-19.571213736497004,11.85187225812537,-22.19197320628331,14.165015330911828,-23.61273267606963,16.478158403698277,-24.433492145855936,17.591301476484734,-25.25425161564225,18.70444454927118,-25.569821217981985,19.239301853861022,-25.79058068776829,20.952444926647477,right,0.39368998617474577,3.175959517426549,0.2785714285714286,0.0,0.0,,,0.0,0.0
2.25.168317503020329569414190677927680518621,/home/user/workspace/dataset_extracted/Датасет/НД_для_обучения/Исследования/2.25.168317503020329569414190677927680518621/series_004_2_CR/A2507557128 DXA/CR DXA/CR000008.dcm,1.2.643.5.1.13.13.12.2.77.8252.14040413080712030012001414011512,4,289,280,right_hip,True,0.0,,,,,0.0,0.0,,,143,90.09,143,90.09,True,3.5185984329865474,,,,,,,,-3.175959517426549,3.175959517426549,25.8,90.3,0.0,-11.427289966507852,46.8,20.952444926647477,79.8,9.0,303.45,168.0,289.0,0.36428571428571427,0.1860479485912012,1.0,0.25,0.14642857142857144,0.44195115192925893,0.0965510234292977,0.9652092803921895,-11.616910231614693,0.9158696164913237,-11.837669701401,1.4290126892777806,-12.153239303740742,1.963869993867621,-12.373998773527049,3.0770130666540694,-12.594758243313356,4.190156139440526,-12.215517713099672,4.703299212226974,-12.436277182885988,5.216442285013431,-12.75184678522571,5.7512995896032715,-12.972606255012026,6.26444266238972,-13.793365724798344,6.777585735176177,-14.01412519458465,7.290728807962625,-14.834884664370957,9.003871880749083,-18.055644134157273,10.71701495353553,-19.571213736497004,11.85187225812537,-22.19197320628331,14.165015330911828,-23.61273267606963,16.478158403698277,-24.433492145855936,17.591301476484734,-25.25425161564225,18.70444454927118,-25.569821217981985,19.239301853861022,-25.79058068776829,20.952444926647477,right,0.39368998617474577,3.175959517426549,0.2785714285714286,0.0,0.0,,,0.0,0.0
2.25.168317503020329569414190677927680518621,/home/user/workspace/dataset_extracted/Датасет/НД_для_обучения/Исследования/2.25.168317503020329569414190677927680518621/series_004_2_CR/A2507557128 DXA/CR DXA/CR000009.dcm,1.2.643.5.1.13.13.12.2.77.8252.09111007121406000411060915050407,16,259,300,spine,True,0.0,,0.0,0.0,0.0,,,,,378,238.14000000000001,378,238.14000000000001,True,3.608041361108402,0.4845337445978934,0.4510260827951402,259.0,0.0036985284190630334,0.0,0.003861003861003861,0.36666666666666664,,,,,,,,,,,,,,,,,,,,,,,,,,,,,,,,,,,,,,,,,,,,,,,,,,,,,,,,,,,,,,,,,,,,,,,
2.25.168317503020329569414190677927680518621,/home/user/workspace/dataset_extracted/Датасет/НД_для_обучения/Исследования/2.25.168317503020329569414190677927680518621/series_004_2_CR/A2507557128 DXA/CR DXA/CR000010.dcm,1.2.643.5.1.13.13.12.2.77.8252.06080402070700011103140402140007,5,261,280,right_hip,True,0.0,,,,,0.0,0.0,,,71,44.73,71,44.73,True,3.4855399581373976,,,,,,,,-2.2486403167846474,2.2486403167846474,25.2,81.9,0.0,-10.021828804107296,33.6,21.651636970624327,79.8,9.0,274.05,168.0,261.0,0.2892857142857143,0.19084564860426928,1.0,0.30714285714285716,0.14642857142857144,0.4785448111772514,0.126304155775704,0.9546909392324018,-12.434256882358156,1.3689146296741426,-12.144268389838018,1.9290658708380362,-11.926777020447915,3.0991793017109672,-11.636788527927777,4.259330542874861,-10.74680003540764,4.8194817840387625,-10.456811542887502,5.379633025202665,-10.166823050367364,5.9397842663665585,-10.54933168097726,6.509897697239489,-11.459343188457122,7.070048938403382,-14.169354695936985,7.630200179567285,-15.079366203416846,8.790351420731186,-15.38937771089671,9.950502661895081,-19.29938921837657,11.710653903058983,-23.281897848986468,13.480767333931913,-25.391909356466332,15.840918575095806,-26.301920863946194,18.201069816259707,-26.611932371426054,19.36122105742361,-27.52194387890592,19.321372298587505,-28.504452509515815,20.491485729460436,-28.214464016995677,21.651636970624327,left,-0.0838295523334166,2.2486403167846474,0.2,,,0.0,0.0,0.0,0.0
2.25.168317503020329569414190677927680518621,/home/user/workspace/dataset_extracted/Датасет/НД_для_обучения/Исследования/2.25.168317503020329569414190677927680518621/series_004_2_CR/A2507557128 DXA/CR DXA/CR000011.dcm,1.2.643.5.1.13.13.12.2.77.8252.05090510080809140209120604081002,12,289,280,right_hip,True,0.0,,,,,0.0,0.0,,,143,90.09,143,90.09,True,3.5185984329865474,,,,,,,,-3.175959517426549,3.175959517426549,25.8,90.3,0.0,-11.427289966507852,46.8,20.952444926647477,79.8,9.0,303.45,168.0,289.0,0.36428571428571427,0.1860479485912012,1.0,0.25,0.14642857142857144,0.44195115192925893,0.0965510234292977,0.9652092803921895,-11.616910231614693,0.9158696164913237,-11.837669701401,1.4290126892777806,-12.153239303740742,1.963869993867621,-12.373998773527049,3.0770130666540694,-12.594758243313356,4.190156139440526,-12.215517713099672,4.703299212226974,-12.436277182885988,5.216442285013431,-12.75184678522571,5.7512995896032715,-12.972606255012026,6.26444266238972,-13.793365724798344,6.777585735176177,-14.01412519458465,7.290728807962625,-14.834884664370957,9.003871880749083,-18.055644134157273,10.71701495353553,-19.571213736497004,11.85187225812537,-22.19197320628331,14.165015330911828,-23.61273267606963,16.478158403698277,-24.433492145855936,17.591301476484734,-25.25425161564225,18.70444454927118,-25.569821217981985,19.239301853861022,-25.79058068776829,20.952444926647477,right,0.39368998617474577,3.175959517426549,0.2785714285714286,0.0,0.0,,,0.0,0.0
2.25.169242707068684757906797344800977707240,/home/user/workspace/dataset_extracted/Датасет/НД_для_обучения/Исследования/2.25.169242707068684757906797344800977707240/series_003_2_CR/A2507185832 DXA/CR DXA/CR000000.dcm,1.2.643.5.1.13.13.12.2.77.8252.03020907090204060013031106111312,1,285,300,spine,True,0.0,,0.0,0.0,0.0,,,,,1359,856.17,1359,856.17,True,4.052066807763428,3.279743675011107,4.942162658453205,285.0,-0.01710387569576009,0.0,0.0035087719298245615,0.62,,,,,,,,,,,,,,,,,,,,,,,,,,,,,,,,,,,,,,,,,,,,,,,,,,,,,,,,,,,,,,,,,,,,,,,
2.25.172445998420765569384934552191547932566,/home/user/workspace/dataset_extracted/Датасет/НД_для_обучения/Исследования/2.25.172445998420765569384934552191547932566/series_004_2_CR/A2507368766 DXA/CR DXA/CR000000.dcm,1.2.643.5.1.13.13.12.2.77.8252.08131412000401011215150704040610,1,315,300,spine,True,1.0,"Наличие посторонних предметов, артефактов или наложений",0.0,0.0,1.0,,,,,564,355.32,564,355.32,True,4.003159209246591,2.008368531401322,0.00668978409555776,315.0,-0.03854774645142915,0.0,0.0031746031746031746,0.4,,,,,,,,,,,,,,,,,,,,,,,,,,,,,,,,,,,,,,,,,,,,,,,,,,,,,,,,,,,,,,,,,,,,,,,
2.25.172445998420765569384934552191547932566,/home/user/workspace/dataset_extracted/Датасет/НД_для_обучения/Исследования/2.25.172445998420765569384934552191547932566/series_004_2_CR/A2507368766 DXA/CR DXA/CR000001.dcm,1.2.643.5.1.13.13.12.2.77.8252.05030907080814020708000711150507,5,291,280,right_hip,True,0.0,,,,,0.0,0.0,,,55,34.65,55,34.65,True,3.7627934639726077,,,,,,,,-7.044583746615576,7.044583746615576,25.8,91.35000000000001,0.0,-10.916920609462716,54.6,17.20817963111467,96.60000000000001,6.0,305.55,168.0,291.0,0.39464285714285713,0.16672803141875306,1.0,0.24642857142857144,0.14285714285714285,0.45824236424687753,0.11746514066258304,0.9657265820145238,-11.633983378289715,0.9830064882991791,-12.790067070059054,1.188896989137561,-13.507129838886055,0.8933148647663302,-14.063213530655394,1.699205365604712,-14.019297222424735,2.5050958664430936,-13.375380914194064,2.7109863672814583,-13.331464605963395,3.51687686811984,-13.448527374790403,3.821294743748626,-13.404611066559744,4.627185244587008,-12.760694758329082,6.033075745425372,-12.716778450098413,7.438966246263754,-12.672862141867745,7.644856747102119,-13.228945833637084,7.250747247940501,-14.546008602464092,7.555165123569287,-15.102092294233422,8.361055624407651,-16.25817598600276,9.766946125246033,-19.814259677772093,11.772836626084414,-21.570343369541433,13.178727126922796,-23.487406138368442,14.083145002551566,-24.64348983013777,15.489035503389948,right,0.6324719211592345,7.044583746615576,0.325,0.0,0.0,,,0.0,0.0
2.25.172445998420765569384934552191547932566,/home/user/workspace/dataset_extracted/Датасет/НД_для_обучения/Исследования/2.25.172445998420765569384934552191547932566/series_004_2_CR/A2507368766 DXA/CR DXA/CR000002.dcm,1.2.643.5.1.13.13.12.2.77.8252.15151313120000020410110702050700,3,317,280,left_hip,True,0.0,,,,,,,0.0,0.0,161,101.43,161,101.43,True,3.6873225616680405,,,,,,,,-3.778118543236198,3.778118543236198,27.0,127.05000000000001,2.7111773472429244,4.3963148624847745,46.8,14.435572415661829,122.85000000000001,3.0,332.85,168.0,238.0,0.3482142857142857,0.24490761604326272,0.750788643533123,0.39285714285714285,0.14285714285714285,0.5448384519305272,0.10450392111706999,0.9673284785851194,0.017038341688123636,4.991339926839186,-15.450491803278677,6.369104457390591,-15.35113941200379,7.252427855304154,-15.218669556970589,7.430192385855577,-15.686199701937399,7.007956916406982,-15.5537298469042,6.585721446958405,-15.421259991871011,6.163485977509827,-14.721907600596113,5.24680937542339,-14.589437745562924,4.824573905974796,-13.856967890529726,5.002338436526219,-13.724498035496534,5.7801029670776245,-12.992028180463345,6.557867497629047,-12.859558325430145,7.335632028180452,-12.760205934155248,8.218955426094015,-12.627736079122059,8.996719956645437,-12.495266224088867,10.374484487196861,-11.76279636905567,12.352249017748266,-12.23032651402248,-9.069986451700311,-13.330974122747582,-11.786663053786748,-13.198504267714393,-15.808898523235342,left,-0.5230295197922692,3.778118543236198,0.2785714285714286,,,0.0,0.0,0.0,0.0
2.25.173731186748227489808861376513577450951,/home/user/workspace/dataset_extracted/Датасет/НД_для_обучения/Исследования/2.25.173731186748227489808861376513577450951/series_002_2_CR/A2507188958 DXA/CR DXA/CR000000.dcm,1.2.643.5.1.13.13.12.2.77.8252.01091510011014070612050311031410,1,289,300,spine,True,0.0,,0.0,0.0,0.0,,,,,1643,1035.09,1643,1035.09,True,5.968401126498576,1.7689576886292098,0.21757821750094508,289.0,0.0328060321876986,0.0,0.0034602076124567475,0.3433333333333333,,,,,,,,,,,,,,,,,,,,,,,,,,,,,,,,,,,,,,,,,,,,,,,,,,,,,,,,,,,,,,,,,,,,,,,
2.25.173731186748227489808861376513577450951,/home/user/workspace/dataset_extracted/Датасет/НД_для_обучения/Исследования/2.25.173731186748227489808861376513577450951/series_002_2_CR/A2507188958 DXA/CR DXA/CR000001.dcm,1.2.643.5.1.13.13.12.2.77.8252.04070212140009090002060410031413,3,263,280,left_hip,True,0.0,,,,,,,0.0,0.0,0,0.0,0,0.0,False,0.0,,,,,,,,-4.108009585308387,4.108009585308387,25.8,74.55,0.0,-15.286116700201234,66.6,12.553722334004066,77.7,3.0,276.15000000000003,168.0,145.0,0.46785714285714286,0.16610537751222162,0.5513307984790875,0.23214285714285715,0.14642857142857144,0.6111927600714135,0.17906761873456187,0.9841137613864653,-16.343058350100634,0.8451911468813023,-17.35231388329983,1.6326358148893518,-18.40925553319923,2.5232193158953975,-18.818511066398422,3.310663983903447,-20.427766599597618,3.4981086519114966,-21.437022132796812,3.685553319919546,-22.446277665996007,3.8729979879275955,-22.9032193158954,4.163581488933642,-23.312474849094592,3.751026156941691,-23.72173038229379,4.538470824949741,-24.730985915492983,4.72591549295779,-25.740241448692185,5.5133601609658225,-27.34949698189138,6.300804828973872,-29.60643863179077,7.191388329979918,-30.0,8.578832997987968,-30.0,10.566277665996017,-30.0,12.553722334004066,-30.0,12.141167002012116,-30.0,11.831750503018144,-30.0,11.62547283702217,left,-0.750292851858497,4.108009585308387,0.3964285714285714,,,0.0,0.0,0.0,0.0
2.25.173753313169335820519632380691065649420,/home/user/workspace/dataset_extracted/Датасет/НД_для_обучения/Исследования/2.25.173753313169335820519632380691065649420/series_003_2_CR/A2504265499 DXA/CR DXA/CR000000.dcm,1.2.643.5.1.13.13.12.2.77.8252.10100404000008120405081411021306,5,207,280,right_hip,True,1.0,Нарушение корректности области интереса правого бедра,,,,0.0,1.0,,,0,0.0,0,0.0,False,0.0,,,,,,,,-17.34579719226937,17.34579719226937,13.2,65.10000000000001,1.196700158646232,7.419717458638621,40.199999999999996,9.41438392384985,46.2,7.8,217.35000000000002,168.0,207.0,0.3339285714285714,0.21031746031746032,1.0,0.2892857142857143,0.19285714285714287,0.46066317260540957,0.12913512018160664,0.8951241341764473,6.0760595301049705,1.0016922263353136,6.101427815970351,1.4033844526705934,5.670454030369382,1.4046536224220403,5.695822316234762,2.40634584875732,5.721190602100125,3.4080380750925827,3.9465588879655056,4.409730301427862,2.771927173830886,6.011422527763124,2.940953388229917,7.812691697514588,2.9663216740952976,9.41438392384985,2.9916899599606777,8.616076150185132,2.417058245826058,7.817768376520394,2.1297423887587397,8.018614489688025,2.1297423887587397,8.018614489688025,2.1297423887587397,8.018614489688025,2.1297423887587397,8.018614489688025,2.1297423887587397,8.018614489688025,2.1297423887587397,8.018614489688025,2.1297423887587397,8.018614489688025,2.1297423887587397,8.018614489688025,2.1297423887587397,8.018614489688025,right,0.3453333471648199,17.34579719226937,0.23928571428571427,0.0,1.0,,,0.0,1.0
2.25.173753313169335820519632380691065649420,/home/user/workspace/dataset_extracted/Датасет/НД_для_обучения/Исследования/2.25.173753313169335820519632380691065649420/series_003_2_CR/A2504265499 DXA/CR DXA/CR000001.dcm,1.2.643.5.1.13.13.12.2.77.8252.04131502110204030305140811061103,11,207,280,right_hip,True,1.0,Нарушение корректности области интереса правого бедра,,,,0.0,1.0,,,0,0.0,0,0.0,False,0.0,,,,,,,,-17.34579719226937,17.34579719226937,13.2,65.10000000000001,1.196700158646232,7.419717458638621,40.199999999999996,9.41438392384985,46.2,7.8,217.35000000000002,168.0,207.0,0.3339285714285714,0.21031746031746032,1.0,0.2892857142857143,0.19285714285714287,0.46066317260540957,0.12913512018160664,0.8951241341764473,6.0760595301049705,1.0016922263353136,6.101427815970351,1.4033844526705934,5.670454030369382,1.4046536224220403,5.695822316234762,2.40634584875732,5.721190602100125,3.4080380750925827,3.9465588879655056,4.409730301427862,2.771927173830886,6.011422527763124,2.940953388229917,7.812691697514588,2.9663216740952976,9.41438392384985,2.9916899599606777,8.616076150185132,2.417058245826058,7.817768376520394,2.1297423887587397,8.018614489688025,2.1297423887587397,8.018614489688025,2.1297423887587397,8.018614489688025,2.1297423887587397,8.018614489688025,2.1297423887587397,8.018614489688025,2.1297423887587397,8.018614489688025,2.1297423887587397,8.018614489688025,2.1297423887587397,8.018614489688025,2.1297423887587397,8.018614489688025,right,0.3453333471648199,17.34579719226937,0.23928571428571427,0.0,1.0,,,0.0,1.0
2.25.173753313169335820519632380691065649420,/home/user/workspace/dataset_extracted/Датасет/НД_для_обучения/Исследования/2.25.173753313169335820519632380691065649420/series_003_2_CR/A2504265499 DXA/CR DXA/CR000002.dcm,1.2.643.5.1.13.13.12.2.77.8252.13001014110608151112110112061114,9,318,300,spine,True,1.0,Нарушение оси позвоночника (отклонение более 5 градусов),0.0,1.0,0.0,,,,,854,538.02,854,538.02,True,4.896798093364535,5.718990636019825,3.7444075749419587,318.0,-0.007378564131141446,0.0,0.0031446540880503146,0.6566666666666666,,,,,,,,,,,,,,,,,,,,,,,,,,,,,,,,,,,,,,,,,,,,,,,,,,,,,,,,,,,,,,,,,,,,,,,
2.25.173753313169335820519632380691065649420,/home/user/workspace/dataset_extracted/Датасет/НД_для_обучения/Исследования/2.25.173753313169335820519632380691065649420/series_003_2_CR/A2504265499 DXA/CR DXA/CR000003.dcm,1.2.643.5.1.13.13.12.2.77.8252.04111300031205120703050100121209,3,237,280,left_hip,True,0.0,,,,,,,0.0,0.0,0,0.0,0,0.0,False,0.0,,,,,,,,-17.48515147003594,17.48515147003594,12.6,74.55,0.0,11.75372233400401,74.39999999999999,13.509295774647892,52.5,10.2,248.85000000000002,168.0,237.0,0.5339285714285714,0.19769439421338156,1.0,0.275,0.18571428571428572,0.4776659312256572,0.12835653380675463,0.9370369383025291,7.451891348088503,1.3170422535211173,8.328430583500976,1.3474647887323896,9.285835010060334,2.120281690140831,10.162374245472806,2.1507042253521034,10.438913480885299,2.781126760563376,11.315452716297772,4.011549295774648,10.391991951710247,4.641971830985903,10.749396378269603,5.414788732394362,10.425935613682077,6.645211267605634,9.50247484909455,8.475633802816889,9.779014084507025,10.306056338028162,10.055553319919499,12.736478873239435,10.332092555331974,13.366901408450707,10.332092555331974,13.366901408450707,10.332092555331974,13.366901408450707,10.332092555331974,13.366901408450707,10.332092555331974,13.366901408450707,10.332092555331974,13.366901408450707,10.332092555331974,13.366901408450707,10.332092555331974,13.366901408450707,left,-1.4667458048744608,17.48515147003594,0.4428571428571428,,,0.0,0.0,0.0,0.0
2.25.173753313169335820519632380691065649420,/home/user/workspace/dataset_extracted/Датасет/НД_для_обучения/Исследования/2.25.173753313169335820519632380691065649420/series_003_2_CR/A2504265499 DXA/CR DXA/CR000004.dcm,1.2.643.5.1.13.13.12.2.77.8252.14060111140409011305070812141414,13,207,280,right_hip,True,1.0,Нарушение корректности области интереса правого бедра,,,,0.0,1.0,,,0,0.0,0,0.0,False,0.0,,,,,,,,-17.34579719226937,17.34579719226937,13.2,65.10000000000001,1.196700158646232,7.419717458638621,40.199999999999996,9.41438392384985,46.2,7.8,217.35000000000002,168.0,207.0,0.3339285714285714,0.21031746031746032,1.0,0.2892857142857143,0.19285714285714287,0.46066317260540957,0.12913512018160664,0.8951241341764473,6.0760595301049705,1.0016922263353136,6.101427815970351,1.4033844526705934,5.670454030369382,1.4046536224220403,5.695822316234762,2.40634584875732,5.721190602100125,3.4080380750925827,3.9465588879655056,4.409730301427862,2.771927173830886,6.011422527763124,2.940953388229917,7.812691697514588,2.9663216740952976,9.41438392384985,2.9916899599606777,8.616076150185132,2.417058245826058,7.817768376520394,2.1297423887587397,8.018614489688025,2.1297423887587397,8.018614489688025,2.1297423887587397,8.018614489688025,2.1297423887587397,8.018614489688025,2.1297423887587397,8.018614489688025,2.1297423887587397,8.018614489688025,2.1297423887587397,8.018614489688025,2.1297423887587397,8.018614489688025,2.1297423887587397,8.018614489688025,right,0.3453333471648199,17.34579719226937,0.23928571428571427,0.0,1.0,,,0.0,1.0
2.25.173753313169335820519632380691065649420,/home/user/workspace/dataset_extracted/Датасет/НД_для_обучения/Исследования/2.25.173753313169335820519632380691065649420/series_003_2_CR/A2504265499 DXA/CR DXA/CR000005.dcm,1.2.643.5.1.13.13.12.2.77.8252.15000310101315070007100105150401,1,318,300,spine,True,1.0,Нарушение оси позвоночника (отклонение более 5 градусов),0.0,1.0,0.0,,,,,854,538.02,854,538.02,True,4.896798093364535,5.718990636019825,3.7444075749419587,318.0,-0.007378564131141446,0.0,0.0031446540880503146,0.6566666666666666,,,,,,,,,,,,,,,,,,,,,,,,,,,,,,,,,,,,,,,,,,,,,,,,,,,,,,,,,,,,,,,,,,,,,,,
2.25.173753313169335820519632380691065649420,/home/user/workspace/dataset_extracted/Датасет/НД_для_обучения/Исследования/2.25.173753313169335820519632380691065649420/series_003_2_CR/A2504265499 DXA/CR DXA/CR000006.dcm,1.2.643.5.1.13.13.12.2.77.8252.05130004120107120511100914090711,2,207,280,right_hip,True,1.0,Нарушение корректности области интереса правого бедра,,,,0.0,1.0,,,0,0.0,0,0.0,False,0.0,,,,,,,,-17.34579719226937,17.34579719226937,13.2,65.10000000000001,1.196700158646232,7.419717458638621,40.199999999999996,9.41438392384985,46.2,7.8,217.35000000000002,168.0,207.0,0.3339285714285714,0.21031746031746032,1.0,0.2892857142857143,0.19285714285714287,0.46066317260540957,0.12913512018160664,0.8951241341764473,6.0760595301049705,1.0016922263353136,6.101427815970351,1.4033844526705934,5.670454030369382,1.4046536224220403,5.695822316234762,2.40634584875732,5.721190602100125,3.4080380750925827,3.9465588879655056,4.409730301427862,2.771927173830886,6.011422527763124,2.940953388229917,7.812691697514588,2.9663216740952976,9.41438392384985,2.9916899599606777,8.616076150185132,2.417058245826058,7.817768376520394,2.1297423887587397,8.018614489688025,2.1297423887587397,8.018614489688025,2.1297423887587397,8.018614489688025,2.1297423887587397,8.018614489688025,2.1297423887587397,8.018614489688025,2.1297423887587397,8.018614489688025,2.1297423887587397,8.018614489688025,2.1297423887587397,8.018614489688025,2.1297423887587397,8.018614489688025,right,0.3453333471648199,17.34579719226937,0.23928571428571427,0.0,1.0,,,0.0,1.0
2.25.173753313169335820519632380691065649420,/home/user/workspace/dataset_extracted/Датасет/НД_для_обучения/Исследования/2.25.173753313169335820519632380691065649420/series_003_2_CR/A2504265499 DXA/CR DXA/CR000007.dcm,1.2.643.5.1.13.13.12.2.77.8252.14100508051012080011140911030615,10,237,280,left_hip,True,0.0,,,,,,,0.0,0.0,0,0.0,0,0.0,False,0.0,,,,,,,,-17.48515147003594,17.48515147003594,12.6,74.55,0.0,11.75372233400401,74.39999999999999,13.509295774647892,52.5,10.2,248.85000000000002,168.0,237.0,0.5339285714285714,0.19769439421338156,1.0,0.275,0.18571428571428572,0.4776659312256572,0.12835653380675463,0.9370369383025291,7.451891348088503,1.3170422535211173,8.328430583500976,1.3474647887323896,9.285835010060334,2.120281690140831,10.162374245472806,2.1507042253521034,10.438913480885299,2.781126760563376,11.315452716297772,4.011549295774648,10.391991951710247,4.641971830985903,10.749396378269603,5.414788732394362,10.425935613682077,6.645211267605634,9.50247484909455,8.475633802816889,9.779014084507025,10.306056338028162,10.055553319919499,12.736478873239435,10.332092555331974,13.366901408450707,10.332092555331974,13.366901408450707,10.332092555331974,13.366901408450707,10.332092555331974,13.366901408450707,10.332092555331974,13.366901408450707,10.332092555331974,13.366901408450707,10.332092555331974,13.366901408450707,10.332092555331974,13.366901408450707,left,-1.4667458048744608,17.48515147003594,0.4428571428571428,,,0.0,0.0,0.0,0.0
2.25.173753313169335820519632380691065649420,/home/user/workspace/dataset_extracted/Датасет/НД_для_обучения/Исследования/2.25.173753313169335820519632380691065649420/series_003_2_CR/A2504265499 DXA/CR DXA/CR000008.dcm,1.2.643.5.1.13.13.12.2.77.8252.04041008080502040914000415071204,4,318,300,spine,True,1.0,Нарушение оси позвоночника (отклонение более 5 градусов),0.0,1.0,0.0,,,,,854,538.02,854,538.02,True,4.896798093364535,5.718990636019825,3.7444075749419587,318.0,-0.007378564131141446,0.0,0.0031446540880503146,0.6566666666666666,,,,,,,,,,,,,,,,,,,,,,,,,,,,,,,,,,,,,,,,,,,,,,,,,,,,,,,,,,,,,,,,,,,,,,,
2.25.173753313169335820519632380691065649420,/home/user/workspace/dataset_extracted/Датасет/НД_для_обучения/Исследования/2.25.173753313169335820519632380691065649420/series_003_2_CR/A2504265499 DXA/CR DXA/CR000009.dcm,1.2.643.5.1.13.13.12.2.77.8252.03020200150014080308080615120500,12,237,280,left_hip,True,0.0,,,,,,,0.0,0.0,0,0.0,0,0.0,False,0.0,,,,,,,,-17.48515147003594,17.48515147003594,12.6,74.55,0.0,11.75372233400401,74.39999999999999,13.509295774647892,52.5,10.2,248.85000000000002,168.0,237.0,0.5339285714285714,0.19769439421338156,1.0,0.275,0.18571428571428572,0.4776659312256572,0.12835653380675463,0.9370369383025291,7.451891348088503,1.3170422535211173,8.328430583500976,1.3474647887323896,9.285835010060334,2.120281690140831,10.162374245472806,2.1507042253521034,10.438913480885299,2.781126760563376,11.315452716297772,4.011549295774648,10.391991951710247,4.641971830985903,10.749396378269603,5.414788732394362,10.425935613682077,6.645211267605634,9.50247484909455,8.475633802816889,9.779014084507025,10.306056338028162,10.055553319919499,12.736478873239435,10.332092555331974,13.366901408450707,10.332092555331974,13.366901408450707,10.332092555331974,13.366901408450707,10.332092555331974,13.366901408450707,10.332092555331974,13.366901408450707,10.332092555331974,13.366901408450707,10.332092555331974,13.366901408450707,10.332092555331974,13.366901408450707,left,-1.4667458048744608,17.48515147003594,0.4428571428571428,,,0.0,0.0,0.0,0.0
2.25.173753313169335820519632380691065649420,/home/user/workspace/dataset_extracted/Датасет/НД_для_обучения/Исследования/2.25.173753313169335820519632380691065649420/series_003_2_CR/A2504265499 DXA/CR DXA/CR000010.dcm,1.2.643.5.1.13.13.12.2.77.8252.13141514150708151311080810050711,6,237,280,left_hip,True,0.0,,,,,,,0.0,0.0,0,0.0,0,0.0,False,0.0,,,,,,,,-17.48515147003594,17.48515147003594,12.6,74.55,0.0,11.75372233400401,74.39999999999999,13.509295774647892,52.5,10.2,248.85000000000002,168.0,237.0,0.5339285714285714,0.19769439421338156,1.0,0.275,0.18571428571428572,0.4776659312256572,0.12835653380675463,0.9370369383025291,7.451891348088503,1.3170422535211173,8.328430583500976,1.3474647887323896,9.285835010060334,2.120281690140831,10.162374245472806,2.1507042253521034,10.438913480885299,2.781126760563376,11.315452716297772,4.011549295774648,10.391991951710247,4.641971830985903,10.749396378269603,5.414788732394362,10.425935613682077,6.645211267605634,9.50247484909455,8.475633802816889,9.779014084507025,10.306056338028162,10.055553319919499,12.736478873239435,10.332092555331974,13.366901408450707,10.332092555331974,13.366901408450707,10.332092555331974,13.366901408450707,10.332092555331974,13.366901408450707,10.332092555331974,13.366901408450707,10.332092555331974,13.366901408450707,10.332092555331974,13.366901408450707,10.332092555331974,13.366901408450707,left,-1.4667458048744608,17.48515147003594,0.4428571428571428,,,0.0,0.0,0.0,0.0
2.25.175881661753775295785039265792986971602,/home/user/workspace/dataset_extracted/Датасет/НД_для_обучения/Исследования/2.25.175881661753775295785039265792986971602/series_003_2_CR/A2507266462 DXA/CR DXA/CR000000.dcm,1.2.643.5.1.13.13.12.2.77.8252.06070803110509120507010310141201,1,235,280,right_hip,True,0.0,,,,,0.0,0.0,,,0,0.0,0,0.0,False,0.0,,,,,,,,-5.946480921861146,5.946480921861146,24.0,72.45,0.0,-2.296222141030333,61.8,12.385093167701887,63.0,6.6,246.75,168.0,230.0,0.4625,0.16656534954407295,0.9787234042553191,0.175,0.1392857142857143,0.5137016166277028,0.15525302135776245,0.9603102294430494,-3.1849324077457166,1.3987577639751976,-2.473964194373411,1.2347826086956843,-3.140738034344184,1.1118012422360664,-4.22976982097187,0.9478260869565531,-4.718801607599573,1.3838509316770569,-7.607833394227259,1.8198757763975435,-8.096865180854945,2.8559006211180473,-8.763639020825735,3.3329192546584125,-9.852670807453421,4.368944099378916,-10.941702594081107,5.404968944099402,-12.03073438070881,6.440993788819907,-12.519766167336495,8.077018633540392,-12.408797953964198,9.113043478260897,-11.875571793934954,10.790062111801262,-11.764603580562659,11.826086956521765,-11.83137742053343,12.303105590062131,-11.83137742053343,12.303105590062131,-11.83137742053343,12.303105590062131,-11.83137742053343,12.303105590062131,-11.83137742053343,12.303105590062131,right,0.5044073102934186,5.946480921861146,0.3678571428571428,0.0,0.0,,,0.0,0.0
2.25.175881661753775295785039265792986971602,/home/user/workspace/dataset_extracted/Датасет/НД_для_обучения/Исследования/2.25.175881661753775295785039265792986971602/series_003_2_CR/A2507266462 DXA/CR DXA/CR000001.dcm,1.2.643.5.1.13.13.12.2.77.8252.14060403060314010506081209070311,2,315,300,spine,True,0.0,,0.0,0.0,0.0,,,,,800,504.0,800,504.0,True,4.251666343917834,1.0318950433421097,1.3678546314269395,315.0,-0.024815189259139458,0.0,0.0031746031746031746,0.6,,,,,,,,,,,,,,,,,,,,,,,,,,,,,,,,,,,,,,,,,,,,,,,,,,,,,,,,,,,,,,,,,,,,,,,
2.25.175881661753775295785039265792986971602,/home/user/workspace/dataset_extracted/Датасет/НД_для_обучения/Исследования/2.25.175881661753775295785039265792986971602/series_003_2_CR/A2507266462 DXA/CR DXA/CR000002.dcm,1.2.643.5.1.13.13.12.2.77.8252.10000603030913050503020611051415,3,233,280,left_hip,True,0.0,,,,,,,0.0,0.0,0,0.0,0,0.0,False,0.0,,,,,,,,-10.865848762376938,10.865848762376938,24.0,72.45,0.0,-1.6992327365729238,66.0,11.98065034709544,77.7,7.199999999999999,244.65,168.0,233.0,0.4642857142857143,0.17326793378295524,1.0,0.2357142857142857,0.1392857142857143,0.44828508203709844,0.1276095414704838,0.9401205108481806,-3.727658019729665,0.7893898428937177,-3.849104859335068,0.2555498721228048,-3.040189989039129,-0.14483010595538418,-4.361636828644532,-0.07867007672629711,-4.483083668249935,-0.012510047497210052,-4.604530507855338,0.053649981731877,-4.125977347460759,0.11981001096096405,-3.317062477164819,0.919430032882775,-2.238509316770222,0.9855900621118621,-1.7599561563756423,1.651750091340949,-6.081402995981045,2.317910120570036,-7.402849835586448,3.584070149799106,-8.124296675191852,4.850230179028193,-7.915381804895912,6.2498502009500045,-7.4368286445013325,7.516010230179091,-7.558275484106735,8.182170259408178,-6.4797223237121555,8.248330288637264,-5.401169163317559,10.114490317866352,-5.19225429302162,11.514110339788163,-4.652977712824321,11.847190354402715,left,-0.7500840458627616,10.865848762376938,0.39285714285714285,,,0.0,0.0,0.0,0.0
2.25.175881661753775295785039265792986971602,/home/user/workspace/dataset_extracted/Датасет/НД_для_обучения/Исследования/2.25.175881661753775295785039265792986971602/series_003_2_CR/A2507266462 DXA/CR DXA/CR000003.dcm,1.2.643.5.1.13.13.12.2.77.8252.06110514030914051115040913030103,4,235,280,right_hip,True,0.0,,,,,0.0,0.0,,,0,0.0,0,0.0,False,0.0,,,,,,,,-5.946480921861146,5.946480921861146,24.0,72.45,0.0,-2.296222141030333,61.8,12.385093167701887,63.0,6.6,246.75,168.0,230.0,0.4625,0.16656534954407295,0.9787234042553191,0.175,0.1392857142857143,0.5137016166277028,0.15525302135776245,0.9603102294430494,-3.1849324077457166,1.3987577639751976,-2.473964194373411,1.2347826086956843,-3.140738034344184,1.1118012422360664,-4.22976982097187,0.9478260869565531,-4.718801607599573,1.3838509316770569,-7.607833394227259,1.8198757763975435,-8.096865180854945,2.8559006211180473,-8.763639020825735,3.3329192546584125,-9.852670807453421,4.368944099378916,-10.941702594081107,5.404968944099402,-12.03073438070881,6.440993788819907,-12.519766167336495,8.077018633540392,-12.408797953964198,9.113043478260897,-11.875571793934954,10.790062111801262,-11.764603580562659,11.826086956521765,-11.83137742053343,12.303105590062131,-11.83137742053343,12.303105590062131,-11.83137742053343,12.303105590062131,-11.83137742053343,12.303105590062131,-11.83137742053343,12.303105590062131,right,0.5044073102934186,5.946480921861146,0.3678571428571428,0.0,0.0,,,0.0,0.0
2.25.175903805423871105435148927871625232853,/home/user/workspace/dataset_extracted/Датасет/НД_для_обучения/Исследования/2.25.175903805423871105435148927871625232853/series_001_2_CR/A2507159447 DXA/CR DXA/CR000000.dcm,1.2.643.5.1.13.13.12.2.77.8252.12071204070300150506091512141413,1,315,300,spine,True,0.0,,0.0,0.0,0.0,,,,,980,617.4,980,617.4,True,3.9630873382754075,0.5461689817795262,0.0801326254600756,315.0,-0.013933659102203061,0.0,0.0031746031746031746,0.3433333333333333,,,,,,,,,,,,,,,,,,,,,,,,,,,,,,,,,,,,,,,,,,,,,,,,,,,,,,,,,,,,,,,,,,,,,,,
2.25.175903805423871105435148927871625232853,/home/user/workspace/dataset_extracted/Датасет/НД_для_обучения/Исследования/2.25.175903805423871105435148927871625232853/series_001_2_CR/A2507159447 DXA/CR DXA/CR000001.dcm,1.2.643.5.1.13.13.12.2.77.8252.13151105000600070510031109011109,5,289,280,left_hip,True,0.0,,,,,,,0.0,0.0,0,0.0,0,0.0,False,0.0,,,,,,,,-1.8845080285146034,1.8845080285146034,24.0,99.75,0.0,-16.643717805151173,30.599999999999998,15.19509238521835,105.0,5.3999999999999995,303.45,168.0,284.0,0.24821428571428572,0.16706623826000988,0.9826989619377162,0.2357142857142857,0.125,0.47929839984093325,0.13022732468682305,0.9695498891004684,-17.250923852183647,1.0588773796192583,-18.46053191489361,1.9728863381858872,-19.66773796192609,2.3583930571108565,-20.877346024636054,3.2724020156774856,-21.48695408734602,4.186410974244114,-22.696562150055986,5.100419932810743,-22.706170212765954,6.014428891377372,-22.713376259798427,6.399935610302341,-22.722984322508392,6.71394456886897,-23.33259238521836,7.027953527435599,-23.342200447928327,6.741962486002228,-25.751808510638295,7.055971444568857,-27.561416573348257,6.769980403135485,-28.168622620380734,7.155487122060464,-29.9782306830907,8.069496080627092,-30.0,8.983505039193721,-30.0,9.89751399776035,-30.0,10.811522956326979,-30.0,11.19702967525195,-30.0,12.111038633818577,right,0.13458118588912568,1.8845080285146034,0.18214285714285713,0.0,0.0,,,0.0,0.0
2.25.175903805423871105435148927871625232853,/home/user/workspace/dataset_extracted/Датасет/НД_для_обучения/Исследования/2.25.175903805423871105435148927871625232853/series_001_2_CR/A2507159447 DXA/CR DXA/CR000002.dcm,1.2.643.5.1.13.13.12.2.77.8252.15100208060002090813060606131404,3,289,280,left_hip,True,0.0,,,,,,,0.0,0.0,3927,2474.01,3927,2474.01,True,5.794061211403969,,,,,,,,-1.9893838292325186,1.9893838292325186,24.599999999999998,87.15,0.0,-15.988107132362208,50.4,10.169887914025434,86.10000000000001,3.0,303.45,168.0,165.0,0.36607142857142855,0.17467869500741473,0.5709342560553633,0.3,0.1357142857142857,0.612356141744674,0.16511446842098648,0.9890611875152406,-17.16984593425969,0.8368288484950313,-18.333323538054668,1.7815750808110464,-18.905931740900893,2.1901347550480748,-19.469409344695862,3.1348809873640904,-19.43288694849083,3.4796272196801223,-19.996364552285804,4.4243734519961375,-20.559842156080773,4.76911968431217,-20.532450358926997,5.177679358549182,-20.495927962721968,6.1224255908651966,-21.65940556651694,6.467171823181229,-22.82288317031191,6.211918055497244,-23.986360774106878,5.956664287813276,-25.149838377901855,6.301410520129292,-26.92244658074808,6.10997019436632,-29.28592418454305,6.454716426682336,-30.0,7.399462658998368,-30.0,8.344208891314382,-30.0,8.688955123630398,-30.0,9.697514797867427,-30.0,10.042261030183441,left,-0.40445287438388516,1.9893838292325186,0.3,,,0.0,0.0,0.0,0.0
2.25.17706555930735581384953296958427669848,/home/user/workspace/dataset_extracted/Датасет/НД_для_обучения/Исследования/2.25.17706555930735581384953296958427669848/series_004_3_CR/A2504146513 DXA/CR DXA/CR000000.dcm,1.2.643.5.1.13.13.12.2.77.8252.11051514070611150905020505061111,3,261,280,left_hip,True,0.0,,,,,,,0.0,0.0,0,0.0,0,0.0,False,0.0,,,,,,,,-12.086196645790825,12.086196645790825,24.599999999999998,81.9,0.0,1.2248738603168903,39.0,17.595308488979413,81.9,10.2,274.05,168.0,261.0,0.30357142857142855,0.18203338806787084,1.0,0.2785714285714286,0.14642857142857144,0.4562110290269843,0.12380320052261214,0.9510790434415479,-4.896030551726753,1.9775313294300672,-4.841720305011443,2.0331541875845742,-4.500987619974964,1.624871331200444,-3.846677373259655,1.6804941893549596,-3.7923671265443457,1.736117047509458,-2.538056879829037,2.391739905663965,-1.2837466331137277,2.447362763818472,-0.34301394807724817,3.2390799074343506,0.9112962986380608,3.8947027655888573,0.36560654535336995,5.150325623743356,-0.780083207931321,7.005948481897872,-2.525772961216012,8.26157134005237,-3.071462714500703,10.117194198206885,-4.530730029464223,11.508911341822754,-6.876419782748905,14.56453419997727,-8.622109536033605,16.420157058131768,-8.567799289318287,17.07577991628627,-7.913489042602986,17.131402774440783,-8.172756357566499,17.32311991805665,-7.5184461108511975,17.37874277621117,left,-0.3501473271372314,12.086196645790825,0.23214285714285715,,,0.0,0.0,0.0,0.0
2.25.17706555930735581384953296958427669848,/home/user/workspace/dataset_extracted/Датасет/НД_для_обучения/Исследования/2.25.17706555930735581384953296958427669848/series_004_3_CR/A2504146513 DXA/CR DXA/CR000001.dcm,1.2.643.5.1.13.13.12.2.77.8252.03050114141207061001080502130215,1,287,300,spine,True,1.0,"Наличие посторонних предметов, артефактов или наложений",0.0,0.0,1.0,,,,,245,154.35,245,154.35,True,3.4268919393884376,1.5265211962746004,0.4865043925382184,287.0,-0.022400312869137715,0.0,0.003484320557491289,0.4633333333333333,,,,,,,,,,,,,,,,,,,,,,,,,,,,,,,,,,,,,,,,,,,,,,,,,,,,,,,,,,,,,,,,,,,,,,,
2.25.17706555930735581384953296958427669848,/home/user/workspace/dataset_extracted/Датасет/НД_для_обучения/Исследования/2.25.17706555930735581384953296958427669848/series_004_3_CR/A2504146513 DXA/CR DXA/CR000002.dcm,1.2.643.5.1.13.13.12.2.77.8252.02140511090200100603110807051014,7,287,300,spine,True,1.0,"Наличие посторонних предметов, артефактов или наложений",0.0,0.0,1.0,,,,,245,154.35,245,154.35,True,3.4268919393884376,1.5265211962746004,0.4865043925382184,287.0,-0.022400312869137715,0.0,0.003484320557491289,0.4633333333333333,,,,,,,,,,,,,,,,,,,,,,,,,,,,,,,,,,,,,,,,,,,,,,,,,,,,,,,,,,,,,,,,,,,,,,,
2.25.17706555930735581384953296958427669848,/home/user/workspace/dataset_extracted/Датасет/НД_для_обучения/Исследования/2.25.17706555930735581384953296958427669848/series_004_3_CR/A2504146513 DXA/CR DXA/CR000003.dcm,1.2.643.5.1.13.13.12.2.77.8252.08081313070715151208110603030015,8,261,280,left_hip,True,0.0,,,,,,,0.0,0.0,0,0.0,0,0.0,False,0.0,,,,,,,,-4.9858642760637775,4.9858642760637775,13.799999999999999,81.9,0.0,-8.997589752020149,19.2,20.927373891930884,86.10000000000001,10.799999999999999,274.05,168.0,261.0,0.22142857142857142,0.17716201423097974,1.0,0.2892857142857143,0.075,0.4464237603979338,0.10393080477721994,0.9544306729610439,-11.096189886063314,1.8714804183158718,-11.43230187533986,2.6025518785012594,-11.834385867297271,2.8508554736403,-12.170497856573817,2.3819269338256874,-12.506609845850363,2.512998394011066,-12.24272183512691,2.0440698541964535,-11.97883382440346,2.175141314381841,-11.180917816360866,3.0234449095208817,-10.917029805637416,3.7545163697062605,-11.253141794913962,4.485587829891648,-10.989253784190508,5.816659290077035,-10.125365773467058,7.147730750262423,-9.261477762743604,9.078802210447801,-9.063561754701015,9.927105805586843,-15.99967374397756,13.05817726577223,-24.735785733254108,15.589248725957617,-27.471897722530652,16.920320186142995,-29.008009711807198,18.851391646328384,-30.0,20.299695241467422,-30.0,19.83076670165281,right,0.049834994329378324,4.9858642760637775,0.11428571428571428,0.0,0.0,,,0.0,0.0
2.25.17706555930735581384953296958427669848,/home/user/workspace/dataset_extracted/Датасет/НД_для_обучения/Исследования/2.25.17706555930735581384953296958427669848/series_004_3_CR/A2504146513 DXA/CR DXA/CR000004.dcm,1.2.643.5.1.13.13.12.2.77.8252.04041511061006011303010701020104,5,261,280,left_hip,True,0.0,,,,,,,0.0,0.0,0,0.0,0,0.0,False,0.0,,,,,,,,-4.9858642760637775,4.9858642760637775,13.799999999999999,81.9,0.0,-8.997589752020149,19.2,20.927373891930884,86.10000000000001,10.799999999999999,274.05,168.0,261.0,0.22142857142857142,0.17716201423097974,1.0,0.2892857142857143,0.075,0.4464237603979338,0.10393080477721994,0.9544306729610439,-11.096189886063314,1.8714804183158718,-11.43230187533986,2.6025518785012594,-11.834385867297271,2.8508554736403,-12.170497856573817,2.3819269338256874,-12.506609845850363,2.512998394011066,-12.24272183512691,2.0440698541964535,-11.97883382440346,2.175141314381841,-11.180917816360866,3.0234449095208817,-10.917029805637416,3.7545163697062605,-11.253141794913962,4.485587829891648,-10.989253784190508,5.816659290077035,-10.125365773467058,7.147730750262423,-9.261477762743604,9.078802210447801,-9.063561754701015,9.927105805586843,-15.99967374397756,13.05817726577223,-24.735785733254108,15.589248725957617,-27.471897722530652,16.920320186142995,-29.008009711807198,18.851391646328384,-30.0,20.299695241467422,-30.0,19.83076670165281,right,0.049834994329378324,4.9858642760637775,0.11428571428571428,0.0,0.0,,,0.0,0.0
2.25.17706555930735581384953296958427669848,/home/user/workspace/dataset_extracted/Датасет/НД_для_обучения/Исследования/2.25.17706555930735581384953296958427669848/series_004_3_CR/A2504146513 DXA/CR DXA/CR000005.dcm,1.2.643.5.1.13.13.12.2.77.8252.14111104000112000401050109111415,9,261,280,left_hip,True,0.0,,,,,,,0.0,0.0,0,0.0,0,0.0,False,0.0,,,,,,,,-12.086196645790825,12.086196645790825,24.599999999999998,81.9,0.0,1.2248738603168903,39.0,17.595308488979413,81.9,10.2,274.05,168.0,261.0,0.30357142857142855,0.18203338806787084,1.0,0.2785714285714286,0.14642857142857144,0.4562110290269843,0.12380320052261214,0.9510790434415479,-4.896030551726753,1.9775313294300672,-4.841720305011443,2.0331541875845742,-4.500987619974964,1.624871331200444,-3.846677373259655,1.6804941893549596,-3.7923671265443457,1.736117047509458,-2.538056879829037,2.391739905663965,-1.2837466331137277,2.447362763818472,-0.34301394807724817,3.2390799074343506,0.9112962986380608,3.8947027655888573,0.36560654535336995,5.150325623743356,-0.780083207931321,7.005948481897872,-2.525772961216012,8.26157134005237,-3.071462714500703,10.117194198206885,-4.530730029464223,11.508911341822754,-6.876419782748905,14.56453419997727,-8.622109536033605,16.420157058131768,-8.567799289318287,17.07577991628627,-7.913489042602986,17.131402774440783,-8.172756357566499,17.32311991805665,-7.5184461108511975,17.37874277621117,left,-0.3501473271372314,12.086196645790825,0.23214285714285715,,,0.0,0.0,0.0,0.0
2.25.177745077805190810016231350557005569203,/home/user/workspace/dataset_extracted/Датасет/НД_для_обучения/Исследования/2.25.177745077805190810016231350557005569203/series_002_2_CR/A2504273759 DXA/CR DXA/CR000000.dcm,1.2.643.5.1.13.13.12.2.77.8252.04150214121314031409051312111410,3,233,280,left_hip,True,0.0,,,,,,,0.0,0.0,800,504.0,800,504.0,True,6.581053900745664,,,,,,,,-10.87219401964806,10.87219401964806,9.0,72.45,0.0,1.4801607599561406,79.8,9.422360248447273,68.25,9.0,244.65,168.0,233.0,0.5,0.1884426732066217,1.0,0.30357142857142855,0.1,0.5049454971752495,0.15759961838345138,0.971156857671411,1.098326635001797,5.580124223602513,-0.5380051150895326,4.730434782608733,-1.165253927658034,4.693167701863399,-1.0015856777493808,3.8434782608696025,-1.4379174278407276,3.5937888198758228,-1.2742491779320744,3.3440993788820266,-0.5105809280234211,3.694409937888247,-3.537829740591923,3.657142857142912,-6.374161490683252,4.607453416149116,-6.810493240774599,6.157763975155336,-7.246824990865946,7.70807453416154,-8.283156740957292,7.4583850931677595,-9.319488491048622,7.808695652173981,-9.346737303617124,8.371428571428629,-9.78306905370847,8.72173913043485,-10.819400803799818,8.472049689441052,-11.855732553891164,9.422360248447273,-11.855732553891164,9.422360248447273,-11.855732553891164,9.422360248447273,-11.855732553891164,9.422360248447273,left,-1.0089836272045536,10.87219401964806,0.475,,,0.0,0.0,0.0,0.0
2.25.177745077805190810016231350557005569203,/home/user/workspace/dataset_extracted/Датасет/НД_для_обучения/Исследования/2.25.177745077805190810016231350557005569203/series_002_2_CR/A2504273759 DXA/CR DXA/CR000001.dcm,1.2.643.5.1.13.13.12.2.77.8252.03031110041309110901030612131412,7,318,300,spine,True,0.0,,0.0,0.0,0.0,,,,,1257,791.91,1257,791.91,True,4.09474440871971,5.766171344399675,0.5075311656209625,318.0,0.04274930701102022,0.0,0.0031446540880503146,0.8633333333333333,,,,,,,,,,,,,,,,,,,,,,,,,,,,,,,,,,,,,,,,,,,,,,,,,,,,,,,,,,,,,,,,,,,,,,,
2.25.177745077805190810016231350557005569203,/home/user/workspace/dataset_extracted/Датасет/НД_для_обучения/Исследования/2.25.177745077805190810016231350557005569203/series_002_2_CR/A2504273759 DXA/CR DXA/CR000002.dcm,1.2.643.5.1.13.13.12.2.77.8252.10151201011509101414030411060512,1,318,300,spine,True,0.0,,0.0,0.0,0.0,,,,,1257,791.91,1257,791.91,True,4.09474440871971,5.766171344399675,0.5075311656209625,318.0,0.04274930701102022,0.0,0.0031446540880503146,0.8633333333333333,,,,,,,,,,,,,,,,,,,,,,,,,,,,,,,,,,,,,,,,,,,,,,,,,,,,,,,,,,,,,,,,,,,,,,,
2.25.177745077805190810016231350557005569203,/home/user/workspace/dataset_extracted/Датасет/НД_для_обучения/Исследования/2.25.177745077805190810016231350557005569203/series_002_2_CR/A2504273759 DXA/CR DXA/CR000003.dcm,1.2.643.5.1.13.13.12.2.77.8252.00141000101506010405040508081209,9,233,280,left_hip,True,0.0,,,,,,,0.0,0.0,800,504.0,800,504.0,True,6.581053900745664,,,,,,,,-10.87219401964806,10.87219401964806,9.0,72.45,0.0,1.4801607599561406,79.8,9.422360248447273,68.25,9.0,244.65,168.0,233.0,0.5,0.1884426732066217,1.0,0.30357142857142855,0.1,0.5049454971752495,0.15759961838345138,0.971156857671411,1.098326635001797,5.580124223602513,-0.5380051150895326,4.730434782608733,-1.165253927658034,4.693167701863399,-1.0015856777493808,3.8434782608696025,-1.4379174278407276,3.5937888198758228,-1.2742491779320744,3.3440993788820266,-0.5105809280234211,3.694409937888247,-3.537829740591923,3.657142857142912,-6.374161490683252,4.607453416149116,-6.810493240774599,6.157763975155336,-7.246824990865946,7.70807453416154,-8.283156740957292,7.4583850931677595,-9.319488491048622,7.808695652173981,-9.346737303617124,8.371428571428629,-9.78306905370847,8.72173913043485,-10.819400803799818,8.472049689441052,-11.855732553891164,9.422360248447273,-11.855732553891164,9.422360248447273,-11.855732553891164,9.422360248447273,-11.855732553891164,9.422360248447273,left,-1.0089836272045536,10.87219401964806,0.475,,,0.0,0.0,0.0,0.0
2.25.177745077805190810016231350557005569203,/home/user/workspace/dataset_extracted/Датасет/НД_для_обучения/Исследования/2.25.177745077805190810016231350557005569203/series_002_2_CR/A2504273759 DXA/CR DXA/CR000004.dcm,1.2.643.5.1.13.13.12.2.77.8252.06130700140211110505051411010711,8,233,280,right_hip,True,0.0,,,,,0.0,0.0,,,743,468.09,743,468.09,True,5.492445682307182,,,,,,,,-12.139068085909624,12.139068085909624,10.2,72.45,0.0,2.7841286079648797,69.6,7.290537084399034,60.900000000000006,12.6,244.65,168.0,233.0,0.45357142857142857,0.20656039239730226,1.0,0.2892857142857143,0.1357142857142857,0.5355233145913015,0.178419237908094,0.9707601217874973,0.8161198392400137,2.842864450127922,1.6727365728899826,2.4926854219949175,1.7151991231274677,1.78005115089519,1.3718158567774537,1.4298721227621853,2.2284325904274396,1.0796930946291978,2.4850493240774085,0.7295140664962104,2.1416660577273943,0.979335038363223,2.7841286079648797,1.4667007672634782,1.2407453416148655,2.9165217391304905,-3.3026379247351656,4.366342710997503,-4.846021191085179,6.416163682864498,-5.789404457435194,6.665984654731511,-6.732787723785208,6.915805626598524,-7.290325173547722,6.803171355498779,-7.633708439897753,7.052992327365791,-7.419554256485252,6.815447570332549,-7.419554256485252,6.815447570332549,-7.419554256485252,6.815447570332549,-7.419554256485252,6.815447570332549,-7.419554256485252,6.815447570332549,right,0.8544601363828965,12.139068085909624,0.41428571428571426,0.0,0.0,,,0.0,0.0
2.25.177745077805190810016231350557005569203,/home/user/workspace/dataset_extracted/Датасет/НД_для_обучения/Исследования/2.25.177745077805190810016231350557005569203/series_002_2_CR/A2504273759 DXA/CR DXA/CR000005.dcm,1.2.643.5.1.13.13.12.2.77.8252.01001108050505090405071008120805,5,233,280,right_hip,True,0.0,,,,,0.0,0.0,,,743,468.09,743,468.09,True,5.492445682307182,,,,,,,,-12.139068085909624,12.139068085909624,10.2,72.45,0.0,2.7841286079648797,69.6,7.290537084399034,60.900000000000006,12.6,244.65,168.0,233.0,0.45357142857142857,0.20656039239730226,1.0,0.2892857142857143,0.1357142857142857,0.5355233145913015,0.178419237908094,0.9707601217874973,0.8161198392400137,2.842864450127922,1.6727365728899826,2.4926854219949175,1.7151991231274677,1.78005115089519,1.3718158567774537,1.4298721227621853,2.2284325904274396,1.0796930946291978,2.4850493240774085,0.7295140664962104,2.1416660577273943,0.979335038363223,2.7841286079648797,1.4667007672634782,1.2407453416148655,2.9165217391304905,-3.3026379247351656,4.366342710997503,-4.846021191085179,6.416163682864498,-5.789404457435194,6.665984654731511,-6.732787723785208,6.915805626598524,-7.290325173547722,6.803171355498779,-7.633708439897753,7.052992327365791,-7.419554256485252,6.815447570332549,-7.419554256485252,6.815447570332549,-7.419554256485252,6.815447570332549,-7.419554256485252,6.815447570332549,-7.419554256485252,6.815447570332549,right,0.8544601363828965,12.139068085909624,0.41428571428571426,0.0,0.0,,,0.0,0.0
2.25.178533355209696795441380751187185128893,/home/user/workspace/dataset_extracted/Датасет/НД_для_обучения/Исследования/2.25.178533355209696795441380751187185128893/series_003_2_CR/A2507155452 DXA/CR DXA/CR000000.dcm,1.2.643.5.1.13.13.12.2.77.8252.14110604050810020100071004090404,1,317,300,spine,True,0.0,,0.0,0.0,0.0,,,,,1624,1023.12,1624,1023.12,True,4.533036078677661,3.569063882179245,0.023665421942099307,317.0,-0.06768397902216208,0.0,0.0031545741324921135,0.4166666666666667,,,,,,,,,,,,,,,,,,,,,,,,,,,,,,,,,,,,,,,,,,,,,,,,,,,,,,,,,,,,,,,,,,,,,,,
2.25.181196659018348153828200695057897449628,/home/user/workspace/dataset_extracted/Датасет/НД_для_обучения/Исследования/2.25.181196659018348153828200695057897449628/series_004_2_CR/A2507370620 DXA/CR DXA/CR000000.dcm,1.2.643.5.1.13.13.12.2.77.8252.14150808010700150501131415040808,9,291,280,right_hip,True,0.0,,,,,0.0,0.0,,,0,0.0,0,0.0,False,0.0,,,,,,,,0.2770396650325648,0.2770396650325648,15.6,101.85000000000001,0.0,-18.72680412371134,21.599999999999998,21.068214811697874,77.7,10.799999999999999,305.55,168.0,291.0,0.21785714285714286,0.19164212076583212,1.0,0.38571428571428573,0.06785714285714285,0.4609044110500151,0.1284178931555425,0.9604795733678857,-22.13524090048391,2.287618346307593,-23.279823269514,2.9836524300441796,-23.688260046286562,3.2056779928466255,-24.23284241531665,3.9017120765832116,-24.77742478434673,4.597746160319798,-28.32200715337682,5.293780244056384,-30.0,5.38981432779297,-30.0,5.611839890595417,-30.0,6.3078739743319945,-30.0,7.003908058068589,-30.0,8.299942141805175,-30.0,9.595976225541762,-30.0,11.492010309278347,-30.0,12.314035872080785,-30.0,15.410069955817379,-30.0,17.906104039553966,-30.0,18.60213812329055,-30.0,20.49817220702714,-30.0,20.720197769829575,-30.0,21.068214811697874,left,-0.04047206021188265,0.2770396650325648,0.12857142857142856,,,0.0,0.0,0.0,0.0
2.25.181196659018348153828200695057897449628,/home/user/workspace/dataset_extracted/Датасет/НД_для_обучения/Исследования/2.25.181196659018348153828200695057897449628/series_004_2_CR/A2507370620 DXA/CR DXA/CR000001.dcm,1.2.643.5.1.13.13.12.2.77.8252.07040306041313130904140702020908,10,265,280,left_hip,True,0.0,,,,,,,0.0,0.0,0,0.0,0,0.0,False,0.0,,,,,,,,-6.155291924385692,6.155291924385692,27.599999999999998,82.95,0.0,-11.450827653359307,40.199999999999996,23.04940603700098,70.35000000000001,10.2,278.25,168.0,265.0,0.32142857142857145,0.20475741239892184,1.0,0.30714285714285716,0.16071428571428573,0.4663342677948439,0.1403401361899696,0.9460826731112463,-13.257312560856862,1.9991918208373987,-12.69108081791626,2.8595228821811163,-12.86640701071081,3.2047711781889063,-12.300175267770209,3.4651022395326234,-11.733943524829607,3.725433300876341,-12.367711781889005,4.585764362220067,-13.601480038948395,5.446095423563784,-14.376806231742943,6.391343719571574,-16.21057448880234,7.8516747809153,-18.64434274586174,9.312005842259017,-21.67811100292114,10.772336903602735,-23.511879259980535,12.832667964946461,-26.545647517039935,14.892999026290186,-27.920973709834474,17.638247322297968,-29.154741966893873,19.698578383641692,-29.78851022395327,19.95890944498542,-30.0,22.01924050632913,-30.0,23.04940603700098,-30.0,23.04940603700098,-30.0,23.04940603700098,right,0.32593723721107143,6.155291924385692,0.23928571428571427,0.0,0.0,,,0.0,0.0
2.25.181196659018348153828200695057897449628,/home/user/workspace/dataset_extracted/Датасет/НД_для_обучения/Исследования/2.25.181196659018348153828200695057897449628/series_004_2_CR/A2507370620 DXA/CR DXA/CR000002.dcm,1.2.643.5.1.13.13.12.2.77.8252.08141015091400020302110912090508,13,317,300,spine,True,0.0,,0.0,0.0,0.0,,,,,2554,1609.02,2554,1609.02,True,5.056394800661716,1.643807740253855,0.1445047825289807,317.0,0.06813209307926191,0.0,0.0031545741324921135,0.31666666666666665,,,,,,,,,,,,,,,,,,,,,,,,,,,,,,,,,,,,,,,,,,,,,,,,,,,,,,,,,,,,,,,,,,,,,,,
2.25.181196659018348153828200695057897449628,/home/user/workspace/dataset_extracted/Датасет/НД_для_обучения/Исследования/2.25.181196659018348153828200695057897449628/series_004_2_CR/A2507370620 DXA/CR DXA/CR000003.dcm,1.2.643.5.1.13.13.12.2.77.8252.07130015011404020601141211131000,1,317,300,spine,True,0.0,,0.0,0.0,0.0,,,,,2554,1609.02,2554,1609.02,True,5.056394800661716,1.643807740253855,0.1445047825289807,317.0,0.06813209307926191,0.0,0.0031545741324921135,0.31666666666666665,,,,,,,,,,,,,,,,,,,,,,,,,,,,,,,,,,,,,,,,,,,,,,,,,,,,,,,,,,,,,,,,,,,,,,,
2.25.181196659018348153828200695057897449628,/home/user/workspace/dataset_extracted/Датасет/НД_для_обучения/Исследования/2.25.181196659018348153828200695057897449628/series_004_2_CR/A2507370620 DXA/CR DXA/CR000004.dcm,1.2.643.5.1.13.13.12.2.77.8252.07070209131108100009081313101204,2,265,280,left_hip,True,0.0,,,,,,,0.0,0.0,0,0.0,0,0.0,False,0.0,,,,,,,,-6.155291924385692,6.155291924385692,27.599999999999998,82.95,0.0,-11.450827653359307,40.199999999999996,23.04940603700098,70.35000000000001,10.2,278.25,168.0,265.0,0.32142857142857145,0.20475741239892184,1.0,0.30714285714285716,0.16071428571428573,0.4663342677948439,0.1403401361899696,0.9460826731112463,-13.257312560856862,1.9991918208373987,-12.69108081791626,2.8595228821811163,-12.86640701071081,3.2047711781889063,-12.300175267770209,3.4651022395326234,-11.733943524829607,3.725433300876341,-12.367711781889005,4.585764362220067,-13.601480038948395,5.446095423563784,-14.376806231742943,6.391343719571574,-16.21057448880234,7.8516747809153,-18.64434274586174,9.312005842259017,-21.67811100292114,10.772336903602735,-23.511879259980535,12.832667964946461,-26.545647517039935,14.892999026290186,-27.920973709834474,17.638247322297968,-29.154741966893873,19.698578383641692,-29.78851022395327,19.95890944498542,-30.0,22.01924050632913,-30.0,23.04940603700098,-30.0,23.04940603700098,-30.0,23.04940603700098,right,0.32593723721107143,6.155291924385692,0.23928571428571427,0.0,0.0,,,0.0,0.0
2.25.181196659018348153828200695057897449628,/home/user/workspace/dataset_extracted/Датасет/НД_для_обучения/Исследования/2.25.181196659018348153828200695057897449628/series_004_2_CR/A2507370620 DXA/CR DXA/CR000005.dcm,1.2.643.5.1.13.13.12.2.77.8252.03001212011504090610110601060006,7,265,280,left_hip,True,0.0,,,,,,,0.0,0.0,0,0.0,0,0.0,False,0.0,,,,,,,,-6.155291924385692,6.155291924385692,27.599999999999998,82.95,0.0,-11.450827653359307,40.199999999999996,23.04940603700098,70.35000000000001,10.2,278.25,168.0,265.0,0.32142857142857145,0.20475741239892184,1.0,0.30714285714285716,0.16071428571428573,0.4663342677948439,0.1403401361899696,0.9460826731112463,-13.257312560856862,1.9991918208373987,-12.69108081791626,2.8595228821811163,-12.86640701071081,3.2047711781889063,-12.300175267770209,3.4651022395326234,-11.733943524829607,3.725433300876341,-12.367711781889005,4.585764362220067,-13.601480038948395,5.446095423563784,-14.376806231742943,6.391343719571574,-16.21057448880234,7.8516747809153,-18.64434274586174,9.312005842259017,-21.67811100292114,10.772336903602735,-23.511879259980535,12.832667964946461,-26.545647517039935,14.892999026290186,-27.920973709834474,17.638247322297968,-29.154741966893873,19.698578383641692,-29.78851022395327,19.95890944498542,-30.0,22.01924050632913,-30.0,23.04940603700098,-30.0,23.04940603700098,-30.0,23.04940603700098,right,0.32593723721107143,6.155291924385692,0.23928571428571427,0.0,0.0,,,0.0,0.0
2.25.181196659018348153828200695057897449628,/home/user/workspace/dataset_extracted/Датасет/НД_для_обучения/Исследования/2.25.181196659018348153828200695057897449628/series_004_2_CR/A2507370620 DXA/CR DXA/CR000006.dcm,1.2.643.5.1.13.13.12.2.77.8252.11080509070315011108060003120408,3,291,280,right_hip,True,0.0,,,,,0.0,0.0,,,0,0.0,0,0.0,False,0.0,,,,,,,,0.2770396650325648,0.2770396650325648,15.6,101.85000000000001,0.0,-18.72680412371134,21.599999999999998,21.068214811697874,77.7,10.799999999999999,305.55,168.0,291.0,0.21785714285714286,0.19164212076583212,1.0,0.38571428571428573,0.06785714285714285,0.4609044110500151,0.1284178931555425,0.9604795733678857,-22.13524090048391,2.287618346307593,-23.279823269514,2.9836524300441796,-23.688260046286562,3.2056779928466255,-24.23284241531665,3.9017120765832116,-24.77742478434673,4.597746160319798,-28.32200715337682,5.293780244056384,-30.0,5.38981432779297,-30.0,5.611839890595417,-30.0,6.3078739743319945,-30.0,7.003908058068589,-30.0,8.299942141805175,-30.0,9.595976225541762,-30.0,11.492010309278347,-30.0,12.314035872080785,-30.0,15.410069955817379,-30.0,17.906104039553966,-30.0,18.60213812329055,-30.0,20.49817220702714,-30.0,20.720197769829575,-30.0,21.068214811697874,left,-0.04047206021188265,0.2770396650325648,0.12857142857142856,,,0.0,0.0,0.0,0.0
2.25.181196659018348153828200695057897449628,/home/user/workspace/dataset_extracted/Датасет/НД_для_обучения/Исследования/2.25.181196659018348153828200695057897449628/series_004_2_CR/A2507370620 DXA/CR DXA/CR000007.dcm,1.2.643.5.1.13.13.12.2.77.8252.13100414021307020008020611130410,8,291,280,right_hip,True,0.0,,,,,0.0,0.0,,,0,0.0,0,0.0,False,0.0,,,,,,,,0.2770396650325648,0.2770396650325648,15.6,101.85000000000001,0.0,-18.72680412371134,21.599999999999998,21.068214811697874,77.7,10.799999999999999,305.55,168.0,291.0,0.21785714285714286,0.19164212076583212,1.0,0.38571428571428573,0.06785714285714285,0.4609044110500151,0.1284178931555425,0.9604795733678857,-22.13524090048391,2.287618346307593,-23.279823269514,2.9836524300441796,-23.688260046286562,3.2056779928466255,-24.23284241531665,3.9017120765832116,-24.77742478434673,4.597746160319798,-28.32200715337682,5.293780244056384,-30.0,5.38981432779297,-30.0,5.611839890595417,-30.0,6.3078739743319945,-30.0,7.003908058068589,-30.0,8.299942141805175,-30.0,9.595976225541762,-30.0,11.492010309278347,-30.0,12.314035872080785,-30.0,15.410069955817379,-30.0,17.906104039553966,-30.0,18.60213812329055,-30.0,20.49817220702714,-30.0,20.720197769829575,-30.0,21.068214811697874,left,-0.04047206021188265,0.2770396650325648,0.12857142857142856,,,0.0,0.0,0.0,0.0
2.25.181196659018348153828200695057897449628,/home/user/workspace/dataset_extracted/Датасет/НД_для_обучения/Исследования/2.25.181196659018348153828200695057897449628/series_004_2_CR/A2507370620 DXA/CR DXA/CR000008.dcm,1.2.643.5.1.13.13.12.2.77.8252.00010603011503150401111314061209,15,291,280,right_hip,True,0.0,,,,,0.0,0.0,,,0,0.0,0,0.0,False,0.0,,,,,,,,0.2770396650325648,0.2770396650325648,15.6,101.85000000000001,0.0,-18.72680412371134,21.599999999999998,21.068214811697874,77.7,10.799999999999999,305.55,168.0,291.0,0.21785714285714286,0.19164212076583212,1.0,0.38571428571428573,0.06785714285714285,0.4609044110500151,0.1284178931555425,0.9604795733678857,-22.13524090048391,2.287618346307593,-23.279823269514,2.9836524300441796,-23.688260046286562,3.2056779928466255,-24.23284241531665,3.9017120765832116,-24.77742478434673,4.597746160319798,-28.32200715337682,5.293780244056384,-30.0,5.38981432779297,-30.0,5.611839890595417,-30.0,6.3078739743319945,-30.0,7.003908058068589,-30.0,8.299942141805175,-30.0,9.595976225541762,-30.0,11.492010309278347,-30.0,12.314035872080785,-30.0,15.410069955817379,-30.0,17.906104039553966,-30.0,18.60213812329055,-30.0,20.49817220702714,-30.0,20.720197769829575,-30.0,21.068214811697874,left,-0.04047206021188265,0.2770396650325648,0.12857142857142856,,,0.0,0.0,0.0,0.0
2.25.181196659018348153828200695057897449628,/home/user/workspace/dataset_extracted/Датасет/НД_для_обучения/Исследования/2.25.181196659018348153828200695057897449628/series_004_2_CR/A2507370620 DXA/CR DXA/CR000009.dcm,1.2.643.5.1.13.13.12.2.77.8252.08041100070615121300141413020001,14,265,280,left_hip,True,0.0,,,,,,,0.0,0.0,0,0.0,0,0.0,False,0.0,,,,,,,,-6.155291924385692,6.155291924385692,27.599999999999998,82.95,0.0,-11.450827653359307,40.199999999999996,23.04940603700098,70.35000000000001,10.2,278.25,168.0,265.0,0.32142857142857145,0.20475741239892184,1.0,0.30714285714285716,0.16071428571428573,0.4663342677948439,0.1403401361899696,0.9460826731112463,-13.257312560856862,1.9991918208373987,-12.69108081791626,2.8595228821811163,-12.86640701071081,3.2047711781889063,-12.300175267770209,3.4651022395326234,-11.733943524829607,3.725433300876341,-12.367711781889005,4.585764362220067,-13.601480038948395,5.446095423563784,-14.376806231742943,6.391343719571574,-16.21057448880234,7.8516747809153,-18.64434274586174,9.312005842259017,-21.67811100292114,10.772336903602735,-23.511879259980535,12.832667964946461,-26.545647517039935,14.892999026290186,-27.920973709834474,17.638247322297968,-29.154741966893873,19.698578383641692,-29.78851022395327,19.95890944498542,-30.0,22.01924050632913,-30.0,23.04940603700098,-30.0,23.04940603700098,-30.0,23.04940603700098,right,0.32593723721107143,6.155291924385692,0.23928571428571427,0.0,0.0,,,0.0,0.0
2.25.181196659018348153828200695057897449628,/home/user/workspace/dataset_extracted/Датасет/НД_для_обучения/Исследования/2.25.181196659018348153828200695057897449628/series_004_2_CR/A2507370620 DXA/CR DXA/CR000010.dcm,1.2.643.5.1.13.13.12.2.77.8252.08060613070108000200131403151214,6,291,280,right_hip,True,0.0,,,,,0.0,0.0,,,0,0.0,0,0.0,False,0.0,,,,,,,,0.2770396650325648,0.2770396650325648,15.6,101.85000000000001,0.0,-18.72680412371134,21.599999999999998,21.068214811697874,77.7,10.799999999999999,305.55,168.0,291.0,0.21785714285714286,0.19164212076583212,1.0,0.38571428571428573,0.06785714285714285,0.4609044110500151,0.1284178931555425,0.9604795733678857,-22.13524090048391,2.287618346307593,-23.279823269514,2.9836524300441796,-23.688260046286562,3.2056779928466255,-24.23284241531665,3.9017120765832116,-24.77742478434673,4.597746160319798,-28.32200715337682,5.293780244056384,-30.0,5.38981432779297,-30.0,5.611839890595417,-30.0,6.3078739743319945,-30.0,7.003908058068589,-30.0,8.299942141805175,-30.0,9.595976225541762,-30.0,11.492010309278347,-30.0,12.314035872080785,-30.0,15.410069955817379,-30.0,17.906104039553966,-30.0,18.60213812329055,-30.0,20.49817220702714,-30.0,20.720197769829575,-30.0,21.068214811697874,left,-0.04047206021188265,0.2770396650325648,0.12857142857142856,,,0.0,0.0,0.0,0.0
2.25.181196659018348153828200695057897449628,/home/user/workspace/dataset_extracted/Датасет/НД_для_обучения/Исследования/2.25.181196659018348153828200695057897449628/series_004_2_CR/A2507370620 DXA/CR DXA/CR000011.dcm,1.2.643.5.1.13.13.12.2.77.8252.15131206051500011310060914011411,4,317,300,spine,True,0.0,,0.0,0.0,0.0,,,,,2554,1609.02,2554,1609.02,True,5.056394800661716,1.643807740253855,0.1445047825289807,317.0,0.06813209307926191,0.0,0.0031545741324921135,0.31666666666666665,,,,,,,,,,,,,,,,,,,,,,,,,,,,,,,,,,,,,,,,,,,,,,,,,,,,,,,,,,,,,,,,,,,,,,,
2.25.181196659018348153828200695057897449628,/home/user/workspace/dataset_extracted/Датасет/НД_для_обучения/Исследования/2.25.181196659018348153828200695057897449628/series_004_2_CR/A2507370620 DXA/CR DXA/CR000012.dcm,1.2.643.5.1.13.13.12.2.77.8252.00110402080602151505051001010810,5,265,280,left_hip,True,0.0,,,,,,,0.0,0.0,0,0.0,0,0.0,False,0.0,,,,,,,,-6.155291924385692,6.155291924385692,27.599999999999998,82.95,0.0,-11.450827653359307,40.199999999999996,23.04940603700098,70.35000000000001,10.2,278.25,168.0,265.0,0.32142857142857145,0.20475741239892184,1.0,0.30714285714285716,0.16071428571428573,0.4663342677948439,0.1403401361899696,0.9460826731112463,-13.257312560856862,1.9991918208373987,-12.69108081791626,2.8595228821811163,-12.86640701071081,3.2047711781889063,-12.300175267770209,3.4651022395326234,-11.733943524829607,3.725433300876341,-12.367711781889005,4.585764362220067,-13.601480038948395,5.446095423563784,-14.376806231742943,6.391343719571574,-16.21057448880234,7.8516747809153,-18.64434274586174,9.312005842259017,-21.67811100292114,10.772336903602735,-23.511879259980535,12.832667964946461,-26.545647517039935,14.892999026290186,-27.920973709834474,17.638247322297968,-29.154741966893873,19.698578383641692,-29.78851022395327,19.95890944498542,-30.0,22.01924050632913,-30.0,23.04940603700098,-30.0,23.04940603700098,-30.0,23.04940603700098,right,0.32593723721107143,6.155291924385692,0.23928571428571427,0.0,0.0,,,0.0,0.0
2.25.184198356665635336833172191504278054074,/home/user/workspace/dataset_extracted/Датасет/НД_для_обучения/Исследования/2.25.184198356665635336833172191504278054074/series_004_2_CR/A250788286 DXA/CR DXA/CR000000.dcm,1.2.643.5.1.13.13.12.2.77.8252.04151306060901060605121400081206,1,291,300,spine,True,0.0,,0.0,0.0,0.0,,,,,3452,2174.76,3452,2174.76,True,4.8685890368400795,1.1277605664781738,0.21138705360443577,291.0,0.03419258735608963,0.0,0.003436426116838488,0.33,,,,,,,,,,,,,,,,,,,,,,,,,,,,,,,,,,,,,,,,,,,,,,,,,,,,,,,,,,,,,,,,,,,,,,,
2.25.184198356665635336833172191504278054074,/home/user/workspace/dataset_extracted/Датасет/НД_для_обучения/Исследования/2.25.184198356665635336833172191504278054074/series_004_2_CR/A250788286 DXA/CR DXA/CR000001.dcm,1.2.643.5.1.13.13.12.2.77.8252.11141409010404080202090702050104,3,320,280,right_hip,True,0.0,,,,,0.0,0.0,,,0,0.0,0,0.0,False,0.0,,,,,,,,-2.1195151285511327,2.1195151285511327,25.8,118.65,0.0,-14.536536030341333,34.8,19.242897065673034,75.60000000000001,8.4,336.0,168.0,320.0,0.2767857142857143,0.18229910714285713,1.0,0.2714285714285714,0.14285714285714285,0.476026474716697,0.1201350850149774,0.9727174295048715,-16.885035597844162,2.2393905116774135,-19.8163683545146,3.1971787876771427,-19.764867922017427,4.8155199946769445,-20.296200678687867,6.373308270676682,-20.8275334353583,7.331096546676411,-20.75886619202874,8.288884822676149,-21.290198948699178,8.646673098675887,-22.438698516202006,8.46501430567569,-23.570031272872445,8.222802581675426,-25.30136402954288,7.980590857675156,-25.832696786213315,8.338379133674893,-26.964029542883754,9.296167409674633,-29.895362299554193,10.85395568567436,-30.0,11.872296892674163,-30.0,12.8300851686739,-30.0,14.38787344467363,-30.0,16.54566172067337,-30.0,18.703449996673104,-30.0,19.121791203672906,-30.0,19.121791203672906,left,-0.15139519101212653,2.1195151285511327,0.20714285714285713,,,0.0,0.0,0.0,0.0
2.25.184198356665635336833172191504278054074,/home/user/workspace/dataset_extracted/Датасет/НД_для_обучения/Исследования/2.25.184198356665635336833172191504278054074/series_004_2_CR/A250788286 DXA/CR DXA/CR000002.dcm,1.2.643.5.1.13.13.12.2.77.8252.02150805140008141106110606070801,5,318,280,left_hip,True,0.0,,,,,,,0.0,0.0,0,0.0,0,0.0,False,0.0,,,,,,,,0.2502869371294974,0.2502869371294974,25.2,127.05000000000001,0.0,-0.003028044980359823,44.4,21.720682834304316,80.85000000000001,8.4,333.90000000000003,168.0,318.0,0.3517857142857143,0.19294699011680144,1.0,0.28214285714285714,0.14285714285714285,0.5102124998297599,0.14603563770125103,0.9720084901466867,-0.5740685543964276,4.5452702885788225,-0.08990651673215666,6.266126541119126,-0.1767849884839535,7.406768730524356,-0.2926229508196741,8.52762498306466,-0.40846091315540317,9.048481235604964,-0.5242988754911323,9.569337488145267,-16.84013683782686,8.89019374068558,-18.12701530957865,8.830835930090801,-20.042853271914378,8.751692182631114,-24.958691234250107,9.272548435171418,-26.274529196585835,9.793404687711723,-30.0,10.914260940252026,-30.0,12.03511719279233,-30.0,13.17575938219756,-30.0,14.896615634737872,-30.0,16.617471887278175,-30.0,18.93832813981848,-30.0,21.259184392358783,-30.0,21.199826581764015,-30.0,21.720682834304316,right,0.23538727692926026,0.2502869371294974,0.2642857142857143,0.0,0.0,,,0.0,0.0
2.25.186201010600484120326273381077449377115,/home/user/workspace/dataset_extracted/Датасет/НД_для_обучения/Исследования/2.25.186201010600484120326273381077449377115/series_004_2_CR/A250777475 DXA/CR DXA/CR000000.dcm,1.2.643.5.1.13.13.12.2.77.8252.01110601131107041511021510061211,6,261,280,left_hip,True,0.0,,,,,,,0.0,0.0,44,27.72,44,27.72,True,4.033219680135097,,,,,,,,-8.597265773830106,8.597265773830106,28.2,81.9,0.0,0.06516015629935054,50.4,13.826644241834146,73.5,10.2,274.05,168.0,261.0,0.38571428571428573,0.19185823754789272,1.0,0.26785714285714285,0.16071428571428573,0.5169554592245651,0.1515622061277941,0.9617382523461981,-9.089781104970992,2.7013973368403867,-8.72737136281442,2.9938365432036447,-8.605564056196984,3.3631659479760967,-8.243154314040412,3.055605154339355,-7.280744571883832,3.348044360702613,-6.31833482972726,3.040483567065871,-7.1559250875706875,2.7329227734291295,-6.434117780953244,3.102252178201564,-5.471708038796671,3.3946913845648226,-5.109298296640099,3.6871305909280805,-4.146888554483518,4.579569797291339,-4.384478812326947,5.4720090036545965,-3.4220690701703744,6.364448210017855,-2.7002617635529305,6.733777614790307,-1.7378520213963669,8.226216821153566,-0.1754422792397861,9.718656027516824,-8.213032537083205,11.811095233880081,-8.450622794926641,13.30353444024334,-8.810020359387488,13.826644241834146,-8.810020359387488,13.826644241834146,left,-0.44803196165265136,8.597265773830106,0.3,,,0.0,0.0,0.0,0.0
2.25.186201010600484120326273381077449377115,/home/user/workspace/dataset_extracted/Датасет/НД_для_обучения/Исследования/2.25.186201010600484120326273381077449377115/series_004_2_CR/A250777475 DXA/CR DXA/CR000001.dcm,1.2.643.5.1.13.13.12.2.77.8252.09061504020803021006021501021304,10,261,280,left_hip,True,0.0,,,,,,,0.0,0.0,44,27.72,44,27.72,True,4.033219680135097,,,,,,,,-8.597265773830106,8.597265773830106,28.2,81.9,0.0,0.06516015629935054,50.4,13.826644241834146,73.5,10.2,274.05,168.0,261.0,0.38571428571428573,0.19185823754789272,1.0,0.26785714285714285,0.16071428571428573,0.5169554592245651,0.1515622061277941,0.9617382523461981,-9.089781104970992,2.7013973368403867,-8.72737136281442,2.9938365432036447,-8.605564056196984,3.3631659479760967,-8.243154314040412,3.055605154339355,-7.280744571883832,3.348044360702613,-6.31833482972726,3.040483567065871,-7.1559250875706875,2.7329227734291295,-6.434117780953244,3.102252178201564,-5.471708038796671,3.3946913845648226,-5.109298296640099,3.6871305909280805,-4.146888554483518,4.579569797291339,-4.384478812326947,5.4720090036545965,-3.4220690701703744,6.364448210017855,-2.7002617635529305,6.733777614790307,-1.7378520213963669,8.226216821153566,-0.1754422792397861,9.718656027516824,-8.213032537083205,11.811095233880081,-8.450622794926641,13.30353444024334,-8.810020359387488,13.826644241834146,-8.810020359387488,13.826644241834146,left,-0.44803196165265136,8.597265773830106,0.3,,,0.0,0.0,0.0,0.0
2.25.186201010600484120326273381077449377115,/home/user/workspace/dataset_extracted/Датасет/НД_для_обучения/Исследования/2.25.186201010600484120326273381077449377115/series_004_2_CR/A250777475 DXA/CR DXA/CR000002.dcm,1.2.643.5.1.13.13.12.2.77.8252.00091315091215060415120908060402,11,261,280,right_hip,True,0.0,,,,,0.0,0.0,,,17,10.71,17,10.71,True,3.4574234097167382,,,,,,,,-11.892674652625024,11.892674652625024,13.799999999999999,81.9,0.0,15.040349523893815,53.4,14.161605483124498,70.35000000000001,9.6,274.05,168.0,261.0,0.4017857142857143,0.17922824302134646,1.0,0.275,0.16428571428571428,0.47732975664890287,0.12607246504854464,0.9549663689343468,4.5623490433617,1.527879715221502,6.066859722555921,2.463354367151851,6.595242731951612,2.2649603560995955,7.499753411145832,2.0004350080299447,8.404264090340051,2.3359096599602935,9.308774769534272,2.6713843118906424,10.213285448728493,3.0068589638209913,10.741668458124149,3.40846495276877,12.24617913731837,4.343939604699119,12.55068981651259,4.679414256629468,12.255200495706811,6.214888908559817,13.759711174901048,7.150363560490166,14.664221854095267,8.085838212420514,11.592604863490942,9.087444201368276,11.297115542685162,11.222918853298625,11.601626221879382,12.758393505228975,11.906136901073603,13.693868157159324,12.058392240670713,14.161605483124498,12.058392240670713,14.161605483124498,12.058392240670713,14.161605483124498,right,0.44570974117482365,11.892674652625024,0.31785714285714284,0.0,0.0,,,0.0,0.0
2.25.186201010600484120326273381077449377115,/home/user/workspace/dataset_extracted/Датасет/НД_для_обучения/Исследования/2.25.186201010600484120326273381077449377115/series_004_2_CR/A250777475 DXA/CR DXA/CR000003.dcm,1.2.643.5.1.13.13.12.2.77.8252.01141302020713050903060503061314,13,261,280,right_hip,True,0.0,,,,,0.0,0.0,,,17,10.71,17,10.71,True,3.4574234097167382,,,,,,,,-11.892674652625024,11.892674652625024,13.799999999999999,81.9,0.0,15.040349523893815,53.4,14.161605483124498,70.35000000000001,9.6,274.05,168.0,261.0,0.4017857142857143,0.17922824302134646,1.0,0.275,0.16428571428571428,0.47732975664890287,0.12607246504854464,0.9549663689343468,4.5623490433617,1.527879715221502,6.066859722555921,2.463354367151851,6.595242731951612,2.2649603560995955,7.499753411145832,2.0004350080299447,8.404264090340051,2.3359096599602935,9.308774769534272,2.6713843118906424,10.213285448728493,3.0068589638209913,10.741668458124149,3.40846495276877,12.24617913731837,4.343939604699119,12.55068981651259,4.679414256629468,12.255200495706811,6.214888908559817,13.759711174901048,7.150363560490166,14.664221854095267,8.085838212420514,11.592604863490942,9.087444201368276,11.297115542685162,11.222918853298625,11.601626221879382,12.758393505228975,11.906136901073603,13.693868157159324,12.058392240670713,14.161605483124498,12.058392240670713,14.161605483124498,12.058392240670713,14.161605483124498,right,0.44570974117482365,11.892674652625024,0.31785714285714284,0.0,0.0,,,0.0,0.0
2.25.186201010600484120326273381077449377115,/home/user/workspace/dataset_extracted/Датасет/НД_для_обучения/Исследования/2.25.186201010600484120326273381077449377115/series_004_2_CR/A250777475 DXA/CR DXA/CR000004.dcm,1.2.643.5.1.13.13.12.2.77.8252.13051209051006081503100907110310,12,261,280,left_hip,True,0.0,,,,,,,0.0,0.0,44,27.72,44,27.72,True,4.033219680135097,,,,,,,,-8.597265773830106,8.597265773830106,28.2,81.9,0.0,0.06516015629935054,50.4,13.826644241834146,73.5,10.2,274.05,168.0,261.0,0.38571428571428573,0.19185823754789272,1.0,0.26785714285714285,0.16071428571428573,0.5169554592245651,0.1515622061277941,0.9617382523461981,-9.089781104970992,2.7013973368403867,-8.72737136281442,2.9938365432036447,-8.605564056196984,3.3631659479760967,-8.243154314040412,3.055605154339355,-7.280744571883832,3.348044360702613,-6.31833482972726,3.040483567065871,-7.1559250875706875,2.7329227734291295,-6.434117780953244,3.102252178201564,-5.471708038796671,3.3946913845648226,-5.109298296640099,3.6871305909280805,-4.146888554483518,4.579569797291339,-4.384478812326947,5.4720090036545965,-3.4220690701703744,6.364448210017855,-2.7002617635529305,6.733777614790307,-1.7378520213963669,8.226216821153566,-0.1754422792397861,9.718656027516824,-8.213032537083205,11.811095233880081,-8.450622794926641,13.30353444024334,-8.810020359387488,13.826644241834146,-8.810020359387488,13.826644241834146,left,-0.44803196165265136,8.597265773830106,0.3,,,0.0,0.0,0.0,0.0
2.25.186201010600484120326273381077449377115,/home/user/workspace/dataset_extracted/Датасет/НД_для_обучения/Исследования/2.25.186201010600484120326273381077449377115/series_004_2_CR/A250777475 DXA/CR DXA/CR000005.dcm,1.2.643.5.1.13.13.12.2.77.8252.07131015031512050310021202060000,5,261,280,right_hip,True,0.0,,,,,0.0,0.0,,,17,10.71,17,10.71,True,3.4574234097167382,,,,,,,,-11.892674652625024,11.892674652625024,13.799999999999999,81.9,0.0,15.040349523893815,53.4,14.161605483124498,70.35000000000001,9.6,274.05,168.0,261.0,0.4017857142857143,0.17922824302134646,1.0,0.275,0.16428571428571428,0.47732975664890287,0.12607246504854464,0.9549663689343468,4.5623490433617,1.527879715221502,6.066859722555921,2.463354367151851,6.595242731951612,2.2649603560995955,7.499753411145832,2.0004350080299447,8.404264090340051,2.3359096599602935,9.308774769534272,2.6713843118906424,10.213285448728493,3.0068589638209913,10.741668458124149,3.40846495276877,12.24617913731837,4.343939604699119,12.55068981651259,4.679414256629468,12.255200495706811,6.214888908559817,13.759711174901048,7.150363560490166,14.664221854095267,8.085838212420514,11.592604863490942,9.087444201368276,11.297115542685162,11.222918853298625,11.601626221879382,12.758393505228975,11.906136901073603,13.693868157159324,12.058392240670713,14.161605483124498,12.058392240670713,14.161605483124498,12.058392240670713,14.161605483124498,right,0.44570974117482365,11.892674652625024,0.31785714285714284,0.0,0.0,,,0.0,0.0
2.25.186201010600484120326273381077449377115,/home/user/workspace/dataset_extracted/Датасет/НД_для_обучения/Исследования/2.25.186201010600484120326273381077449377115/series_004_2_CR/A250777475 DXA/CR DXA/CR000006.dcm,1.2.643.5.1.13.13.12.2.77.8252.01060001050009070514040213010802,2,261,280,right_hip,True,0.0,,,,,0.0,0.0,,,17,10.71,17,10.71,True,3.4574234097167382,,,,,,,,-11.892674652625024,11.892674652625024,13.799999999999999,81.9,0.0,15.040349523893815,53.4,14.161605483124498,70.35000000000001,9.6,274.05,168.0,261.0,0.4017857142857143,0.17922824302134646,1.0,0.275,0.16428571428571428,0.47732975664890287,0.12607246504854464,0.9549663689343468,4.5623490433617,1.527879715221502,6.066859722555921,2.463354367151851,6.595242731951612,2.2649603560995955,7.499753411145832,2.0004350080299447,8.404264090340051,2.3359096599602935,9.308774769534272,2.6713843118906424,10.213285448728493,3.0068589638209913,10.741668458124149,3.40846495276877,12.24617913731837,4.343939604699119,12.55068981651259,4.679414256629468,12.255200495706811,6.214888908559817,13.759711174901048,7.150363560490166,14.664221854095267,8.085838212420514,11.592604863490942,9.087444201368276,11.297115542685162,11.222918853298625,11.601626221879382,12.758393505228975,11.906136901073603,13.693868157159324,12.058392240670713,14.161605483124498,12.058392240670713,14.161605483124498,12.058392240670713,14.161605483124498,right,0.44570974117482365,11.892674652625024,0.31785714285714284,0.0,0.0,,,0.0,0.0
2.25.186201010600484120326273381077449377115,/home/user/workspace/dataset_extracted/Датасет/НД_для_обучения/Исследования/2.25.186201010600484120326273381077449377115/series_004_2_CR/A250777475 DXA/CR DXA/CR000007.dcm,1.2.643.5.1.13.13.12.2.77.8252.07140512060315100814061103061308,9,315,300,spine,True,0.0,,0.0,0.0,0.0,,,,,728,458.64,728,458.64,True,4.735541934920036,3.061412408440147,0.8444350438240464,315.0,0.006113895732449824,0.0,0.0031746031746031746,0.5366666666666666,,,,,,,,,,,,,,,,,,,,,,,,,,,,,,,,,,,,,,,,,,,,,,,,,,,,,,,,,,,,,,,,,,,,,,,
2.25.186201010600484120326273381077449377115,/home/user/workspace/dataset_extracted/Датасет/НД_для_обучения/Исследования/2.25.186201010600484120326273381077449377115/series_004_2_CR/A250777475 DXA/CR DXA/CR000008.dcm,1.2.643.5.1.13.13.12.2.77.8252.05080405071204150306061400051307,7,261,280,left_hip,True,0.0,,,,,,,0.0,0.0,44,27.72,44,27.72,True,4.033219680135097,,,,,,,,-8.597265773830106,8.597265773830106,28.2,81.9,0.0,0.06516015629935054,50.4,13.826644241834146,73.5,10.2,274.05,168.0,261.0,0.38571428571428573,0.19185823754789272,1.0,0.26785714285714285,0.16071428571428573,0.5169554592245651,0.1515622061277941,0.9617382523461981,-9.089781104970992,2.7013973368403867,-8.72737136281442,2.9938365432036447,-8.605564056196984,3.3631659479760967,-8.243154314040412,3.055605154339355,-7.280744571883832,3.348044360702613,-6.31833482972726,3.040483567065871,-7.1559250875706875,2.7329227734291295,-6.434117780953244,3.102252178201564,-5.471708038796671,3.3946913845648226,-5.109298296640099,3.6871305909280805,-4.146888554483518,4.579569797291339,-4.384478812326947,5.4720090036545965,-3.4220690701703744,6.364448210017855,-2.7002617635529305,6.733777614790307,-1.7378520213963669,8.226216821153566,-0.1754422792397861,9.718656027516824,-8.213032537083205,11.811095233880081,-8.450622794926641,13.30353444024334,-8.810020359387488,13.826644241834146,-8.810020359387488,13.826644241834146,left,-0.44803196165265136,8.597265773830106,0.3,,,0.0,0.0,0.0,0.0
2.25.186201010600484120326273381077449377115,/home/user/workspace/dataset_extracted/Датасет/НД_для_обучения/Исследования/2.25.186201010600484120326273381077449377115/series_004_2_CR/A250777475 DXA/CR DXA/CR000009.dcm,1.2.643.5.1.13.13.12.2.77.8252.13020010101411130307011411150509,3,261,280,left_hip,True,0.0,,,,,,,0.0,0.0,44,27.72,44,27.72,True,4.033219680135097,,,,,,,,-8.597265773830106,8.597265773830106,28.2,81.9,0.0,0.06516015629935054,50.4,13.826644241834146,73.5,10.2,274.05,168.0,261.0,0.38571428571428573,0.19185823754789272,1.0,0.26785714285714285,0.16071428571428573,0.5169554592245651,0.1515622061277941,0.9617382523461981,-9.089781104970992,2.7013973368403867,-8.72737136281442,2.9938365432036447,-8.605564056196984,3.3631659479760967,-8.243154314040412,3.055605154339355,-7.280744571883832,3.348044360702613,-6.31833482972726,3.040483567065871,-7.1559250875706875,2.7329227734291295,-6.434117780953244,3.102252178201564,-5.471708038796671,3.3946913845648226,-5.109298296640099,3.6871305909280805,-4.146888554483518,4.579569797291339,-4.384478812326947,5.4720090036545965,-3.4220690701703744,6.364448210017855,-2.7002617635529305,6.733777614790307,-1.7378520213963669,8.226216821153566,-0.1754422792397861,9.718656027516824,-8.213032537083205,11.811095233880081,-8.450622794926641,13.30353444024334,-8.810020359387488,13.826644241834146,-8.810020359387488,13.826644241834146,left,-0.44803196165265136,8.597265773830106,0.3,,,0.0,0.0,0.0,0.0
2.25.186201010600484120326273381077449377115,/home/user/workspace/dataset_extracted/Датасет/НД_для_обучения/Исследования/2.25.186201010600484120326273381077449377115/series_004_2_CR/A250777475 DXA/CR DXA/CR000010.dcm,1.2.643.5.1.13.13.12.2.77.8252.07061504011201061005090406100203,4,315,300,spine,True,0.0,,0.0,0.0,0.0,,,,,728,458.64,728,458.64,True,4.735541934920036,3.061412408440147,0.8444350438240464,315.0,0.006113895732449824,0.0,0.0031746031746031746,0.5366666666666666,,,,,,,,,,,,,,,,,,,,,,,,,,,,,,,,,,,,,,,,,,,,,,,,,,,,,,,,,,,,,,,,,,,,,,,
2.25.186201010600484120326273381077449377115,/home/user/workspace/dataset_extracted/Датасет/НД_для_обучения/Исследования/2.25.186201010600484120326273381077449377115/series_004_2_CR/A250777475 DXA/CR DXA/CR000011.dcm,1.2.643.5.1.13.13.12.2.77.8252.04100315041404021215101114140602,1,315,300,spine,True,0.0,,0.0,0.0,0.0,,,,,728,458.64,728,458.64,True,4.735541934920036,3.061412408440147,0.8444350438240464,315.0,0.006113895732449824,0.0,0.0031746031746031746,0.5366666666666666,,,,,,,,,,,,,,,,,,,,,,,,,,,,,,,,,,,,,,,,,,,,,,,,,,,,,,,,,,,,,,,,,,,,,,,
2.25.190331309633057244929837507901317950031,/home/user/workspace/dataset_extracted/Датасет/НД_для_обучения/Исследования/2.25.190331309633057244929837507901317950031/series_001_2_CR/A250791815 DXA/CR DXA/CR000000.dcm,1.2.643.5.1.13.13.12.2.77.8252.11050911061500091304001000100608,3,235,280,left_hip,True,0.0,,,,,,,0.0,0.0,0,0.0,0,0.0,False,0.0,,,,,,,,-4.553403446229557,4.553403446229557,31.2,95.55,2.9610931677018577,4.049383659818429,43.8,6.493014811275708,77.7,4.2,246.75,168.0,165.0,0.35,0.28393617021276596,0.7021276595744681,0.30714285714285716,0.16785714285714284,0.6878995346817932,0.19586767983593792,0.9437561403648169,1.8121548017200098,2.861194457716215,2.373855709507876,3.9539225991400087,2.9451313903487715,4.623468705207858,2.9068322981366292,-15.883803153368348,3.4685332059244955,-16.591075011944554,4.030234113712361,-18.49834687052076,3.991935021500228,-20.405618729096965,3.9632107023411236,-20.936072623029116,3.92491161012899,-21.64334448160532,2.686612517916848,-23.550616340181527,-0.35168657429528594,-24.857888198757735,-0.3899856665074196,-26.16516005733394,-0.42828475871956184,-28.072431915910148,-1.0570090778786578,-28.602885809842295,-3.4953081700908,-29.3101576684185,-5.333607262302934,-30.0,-10.171906354515068,-30.0,-10.21020544672721,-30.0,-12.638929765886305,-30.0,-14.45807931199238,-30.0,left,-0.2410815274244889,4.553403446229557,0.2607142857142857,,,0.0,0.0,0.0,0.0
2.25.190331309633057244929837507901317950031,/home/user/workspace/dataset_extracted/Датасет/НД_для_обучения/Исследования/2.25.190331309633057244929837507901317950031/series_001_2_CR/A250791815 DXA/CR DXA/CR000001.dcm,1.2.643.5.1.13.13.12.2.77.8252.13070805121401080100090313021511,6,235,280,left_hip,True,0.0,,,,,,,0.0,0.0,0,0.0,0,0.0,False,0.0,,,,,,,,-4.553403446229557,4.553403446229557,31.2,95.55,2.9610931677018577,4.049383659818429,43.8,6.493014811275708,77.7,4.2,246.75,168.0,165.0,0.35,0.28393617021276596,0.7021276595744681,0.30714285714285716,0.16785714285714284,0.6878995346817932,0.19586767983593792,0.9437561403648169,1.8121548017200098,2.861194457716215,2.373855709507876,3.9539225991400087,2.9451313903487715,4.623468705207858,2.9068322981366292,-15.883803153368348,3.4685332059244955,-16.591075011944554,4.030234113712361,-18.49834687052076,3.991935021500228,-20.405618729096965,3.9632107023411236,-20.936072623029116,3.92491161012899,-21.64334448160532,2.686612517916848,-23.550616340181527,-0.35168657429528594,-24.857888198757735,-0.3899856665074196,-26.16516005733394,-0.42828475871956184,-28.072431915910148,-1.0570090778786578,-28.602885809842295,-3.4953081700908,-29.3101576684185,-5.333607262302934,-30.0,-10.171906354515068,-30.0,-10.21020544672721,-30.0,-12.638929765886305,-30.0,-14.45807931199238,-30.0,left,-0.2410815274244889,4.553403446229557,0.2607142857142857,,,0.0,0.0,0.0,0.0
2.25.190331309633057244929837507901317950031,/home/user/workspace/dataset_extracted/Датасет/НД_для_обучения/Исследования/2.25.190331309633057244929837507901317950031/series_001_2_CR/A250791815 DXA/CR DXA/CR000002.dcm,1.2.643.5.1.13.13.12.2.77.8252.06100709031109071008120605101311,10,235,280,left_hip,True,0.0,,,,,,,0.0,0.0,0,0.0,0,0.0,False,0.0,,,,,,,,-4.553403446229557,4.553403446229557,31.2,95.55,2.9610931677018577,4.049383659818429,43.8,6.493014811275708,77.7,4.2,246.75,168.0,165.0,0.35,0.28393617021276596,0.7021276595744681,0.30714285714285716,0.16785714285714284,0.6878995346817932,0.19586767983593792,0.9437561403648169,1.8121548017200098,2.861194457716215,2.373855709507876,3.9539225991400087,2.9451313903487715,4.623468705207858,2.9068322981366292,-15.883803153368348,3.4685332059244955,-16.591075011944554,4.030234113712361,-18.49834687052076,3.991935021500228,-20.405618729096965,3.9632107023411236,-20.936072623029116,3.92491161012899,-21.64334448160532,2.686612517916848,-23.550616340181527,-0.35168657429528594,-24.857888198757735,-0.3899856665074196,-26.16516005733394,-0.42828475871956184,-28.072431915910148,-1.0570090778786578,-28.602885809842295,-3.4953081700908,-29.3101576684185,-5.333607262302934,-30.0,-10.171906354515068,-30.0,-10.21020544672721,-30.0,-12.638929765886305,-30.0,-14.45807931199238,-30.0,left,-0.2410815274244889,4.553403446229557,0.2607142857142857,,,0.0,0.0,0.0,0.0
2.25.190331309633057244929837507901317950031,/home/user/workspace/dataset_extracted/Датасет/НД_для_обучения/Исследования/2.25.190331309633057244929837507901317950031/series_001_2_CR/A250791815 DXA/CR DXA/CR000003.dcm,1.2.643.5.1.13.13.12.2.77.8252.11100109131006120600020910050910,1,318,300,spine,True,1.0,Нарушение оси позвоночника (отклонение более 5 градусов),0.0,1.0,0.0,,,,,1144,720.72,1144,720.72,True,4.401745974241145,3.547668875400647,2.252299187209843,318.0,0.008111133782221315,0.0,0.0031446540880503146,0.53,,,,,,,,,,,,,,,,,,,,,,,,,,,,,,,,,,,,,,,,,,,,,,,,,,,,,,,,,,,,,,,,,,,,,,,
2.25.190331309633057244929837507901317950031,/home/user/workspace/dataset_extracted/Датасет/НД_для_обучения/Исследования/2.25.190331309633057244929837507901317950031/series_001_2_CR/A250791815 DXA/CR DXA/CR000004.dcm,1.2.643.5.1.13.13.12.2.77.8252.03000010070307110614031003090302,5,235,280,right_hip,True,1.0,Нарушение позиционирования/ротации правого бедра,,,,1.0,0.0,,,0,0.0,0,0.0,False,0.0,,,,,,,,5.786775079145243,5.786775079145243,29.4,28.35,0.0,5.433699633699663,58.199999999999996,-3.351526251526269,69.3,3.0,246.75,168.0,93.0,0.43214285714285716,0.2427659574468085,0.39574468085106385,0.3142857142857143,0.175,0.5582770641046116,0.1304268293076968,0.9373850239851057,0.36336996336995353,-12.774236874236845,0.5743589743589638,-11.711965811965792,0.13260073260073,-10.915262515262492,0.3435897435897402,-9.852991452991438,0.5545787545787505,-9.390720390720384,0.7655677655677692,-8.328449328449311,0.9765567765567794,-7.866178266178258,1.1347985347985456,-7.0694749694749754,1.3457875457875559,-6.0072039072039045,1.5567765567765661,-4.9449328449328505,2.3677655677655847,-3.882661782661796,2.578754578754595,-3.420390720390742,3.3897435897436137,-4.158119658119688,3.5479853479853714,-3.961416361416388,4.358974358974382,-3.4991452991453342,5.1699633699634004,-4.83687423687428,5.380952380952411,-5.574603174603217,5.433699633699663,-5.309035409035453,5.433699633699663,-5.309035409035453,5.433699633699663,-5.309035409035453,right,0.6997814017780674,5.786775079145243,0.3464285714285714,1.0,0.0,,,1.0,0.0
2.25.190331309633057244929837507901317950031,/home/user/workspace/dataset_extracted/Датасет/НД_для_обучения/Исследования/2.25.190331309633057244929837507901317950031/series_001_2_CR/A250791815 DXA/CR DXA/CR000005.dcm,1.2.643.5.1.13.13.12.2.77.8252.02040104021012120313090806030008,9,318,300,spine,True,1.0,Нарушение оси позвоночника (отклонение более 5 градусов),0.0,1.0,0.0,,,,,1144,720.72,1144,720.72,True,4.401745974241145,3.547668875400647,2.252299187209843,318.0,0.008111133782221315,0.0,0.0031446540880503146,0.53,,,,,,,,,,,,,,,,,,,,,,,,,,,,,,,,,,,,,,,,,,,,,,,,,,,,,,,,,,,,,,,,,,,,,,,
2.25.190331309633057244929837507901317950031,/home/user/workspace/dataset_extracted/Датасет/НД_для_обучения/Исследования/2.25.190331309633057244929837507901317950031/series_001_2_CR/A250791815 DXA/CR DXA/CR000006.dcm,1.2.643.5.1.13.13.12.2.77.8252.03020007121211050710080207000313,13,235,280,right_hip,True,1.0,Нарушение позиционирования/ротации правого бедра,,,,1.0,0.0,,,0,0.0,0,0.0,False,0.0,,,,,,,,5.786775079145243,5.786775079145243,29.4,28.35,0.0,5.433699633699663,58.199999999999996,-3.351526251526269,69.3,3.0,246.75,168.0,93.0,0.43214285714285716,0.2427659574468085,0.39574468085106385,0.3142857142857143,0.175,0.5582770641046116,0.1304268293076968,0.9373850239851057,0.36336996336995353,-12.774236874236845,0.5743589743589638,-11.711965811965792,0.13260073260073,-10.915262515262492,0.3435897435897402,-9.852991452991438,0.5545787545787505,-9.390720390720384,0.7655677655677692,-8.328449328449311,0.9765567765567794,-7.866178266178258,1.1347985347985456,-7.0694749694749754,1.3457875457875559,-6.0072039072039045,1.5567765567765661,-4.9449328449328505,2.3677655677655847,-3.882661782661796,2.578754578754595,-3.420390720390742,3.3897435897436137,-4.158119658119688,3.5479853479853714,-3.961416361416388,4.358974358974382,-3.4991452991453342,5.1699633699634004,-4.83687423687428,5.380952380952411,-5.574603174603217,5.433699633699663,-5.309035409035453,5.433699633699663,-5.309035409035453,5.433699633699663,-5.309035409035453,right,0.6997814017780674,5.786775079145243,0.3464285714285714,1.0,0.0,,,1.0,0.0
2.25.190331309633057244929837507901317950031,/home/user/workspace/dataset_extracted/Датасет/НД_для_обучения/Исследования/2.25.190331309633057244929837507901317950031/series_001_2_CR/A250791815 DXA/CR DXA/CR000007.dcm,1.2.643.5.1.13.13.12.2.77.8252.10061312041507151308110106051414,2,235,280,right_hip,True,1.0,Нарушение позиционирования/ротации правого бедра,,,,1.0,0.0,,,0,0.0,0,0.0,False,0.0,,,,,,,,5.786775079145243,5.786775079145243,29.4,28.35,0.0,5.433699633699663,58.199999999999996,-3.351526251526269,69.3,3.0,246.75,168.0,93.0,0.43214285714285716,0.2427659574468085,0.39574468085106385,0.3142857142857143,0.175,0.5582770641046116,0.1304268293076968,0.9373850239851057,0.36336996336995353,-12.774236874236845,0.5743589743589638,-11.711965811965792,0.13260073260073,-10.915262515262492,0.3435897435897402,-9.852991452991438,0.5545787545787505,-9.390720390720384,0.7655677655677692,-8.328449328449311,0.9765567765567794,-7.866178266178258,1.1347985347985456,-7.0694749694749754,1.3457875457875559,-6.0072039072039045,1.5567765567765661,-4.9449328449328505,2.3677655677655847,-3.882661782661796,2.578754578754595,-3.420390720390742,3.3897435897436137,-4.158119658119688,3.5479853479853714,-3.961416361416388,4.358974358974382,-3.4991452991453342,5.1699633699634004,-4.83687423687428,5.380952380952411,-5.574603174603217,5.433699633699663,-5.309035409035453,5.433699633699663,-5.309035409035453,5.433699633699663,-5.309035409035453,right,0.6997814017780674,5.786775079145243,0.3464285714285714,1.0,0.0,,,1.0,0.0
2.25.190331309633057244929837507901317950031,/home/user/workspace/dataset_extracted/Датасет/НД_для_обучения/Исследования/2.25.190331309633057244929837507901317950031/series_001_2_CR/A250791815 DXA/CR DXA/CR000008.dcm,1.2.643.5.1.13.13.12.2.77.8252.06130501091009001200080400150413,4,318,300,spine,True,1.0,Нарушение оси позвоночника (отклонение более 5 градусов),0.0,1.0,0.0,,,,,1144,720.72,1144,720.72,True,4.401745974241145,3.547668875400647,2.252299187209843,318.0,0.008111133782221315,0.0,0.0031446540880503146,0.53,,,,,,,,,,,,,,,,,,,,,,,,,,,,,,,,,,,,,,,,,,,,,,,,,,,,,,,,,,,,,,,,,,,,,,,
2.25.190331309633057244929837507901317950031,/home/user/workspace/dataset_extracted/Датасет/НД_для_обучения/Исследования/2.25.190331309633057244929837507901317950031/series_001_2_CR/A250791815 DXA/CR DXA/CR000009.dcm,1.2.643.5.1.13.13.12.2.77.8252.11100404131302060711141306031414,12,235,280,left_hip,True,0.0,,,,,,,0.0,0.0,0,0.0,0,0.0,False,0.0,,,,,,,,-4.553403446229557,4.553403446229557,31.2,95.55,2.9610931677018577,4.049383659818429,43.8,6.493014811275708,77.7,4.2,246.75,168.0,165.0,0.35,0.28393617021276596,0.7021276595744681,0.30714285714285716,0.16785714285714284,0.6878995346817932,0.19586767983593792,0.9437561403648169,1.8121548017200098,2.861194457716215,2.373855709507876,3.9539225991400087,2.9451313903487715,4.623468705207858,2.9068322981366292,-15.883803153368348,3.4685332059244955,-16.591075011944554,4.030234113712361,-18.49834687052076,3.991935021500228,-20.405618729096965,3.9632107023411236,-20.936072623029116,3.92491161012899,-21.64334448160532,2.686612517916848,-23.550616340181527,-0.35168657429528594,-24.857888198757735,-0.3899856665074196,-26.16516005733394,-0.42828475871956184,-28.072431915910148,-1.0570090778786578,-28.602885809842295,-3.4953081700908,-29.3101576684185,-5.333607262302934,-30.0,-10.171906354515068,-30.0,-10.21020544672721,-30.0,-12.638929765886305,-30.0,-14.45807931199238,-30.0,left,-0.2410815274244889,4.553403446229557,0.2607142857142857,,,0.0,0.0,0.0,0.0
2.25.190331309633057244929837507901317950031,/home/user/workspace/dataset_extracted/Датасет/НД_для_обучения/Исследования/2.25.190331309633057244929837507901317950031/series_001_2_CR/A250791815 DXA/CR DXA/CR000010.dcm,1.2.643.5.1.13.13.12.2.77.8252.09051315030213060214031014080701,11,235,280,right_hip,True,1.0,Нарушение позиционирования/ротации правого бедра,,,,1.0,0.0,,,0,0.0,0,0.0,False,0.0,,,,,,,,5.786775079145243,5.786775079145243,29.4,28.35,0.0,5.433699633699663,58.199999999999996,-3.351526251526269,69.3,3.0,246.75,168.0,93.0,0.43214285714285716,0.2427659574468085,0.39574468085106385,0.3142857142857143,0.175,0.5582770641046116,0.1304268293076968,0.9373850239851057,0.36336996336995353,-12.774236874236845,0.5743589743589638,-11.711965811965792,0.13260073260073,-10.915262515262492,0.3435897435897402,-9.852991452991438,0.5545787545787505,-9.390720390720384,0.7655677655677692,-8.328449328449311,0.9765567765567794,-7.866178266178258,1.1347985347985456,-7.0694749694749754,1.3457875457875559,-6.0072039072039045,1.5567765567765661,-4.9449328449328505,2.3677655677655847,-3.882661782661796,2.578754578754595,-3.420390720390742,3.3897435897436137,-4.158119658119688,3.5479853479853714,-3.961416361416388,4.358974358974382,-3.4991452991453342,5.1699633699634004,-4.83687423687428,5.380952380952411,-5.574603174603217,5.433699633699663,-5.309035409035453,5.433699633699663,-5.309035409035453,5.433699633699663,-5.309035409035453,right,0.6997814017780674,5.786775079145243,0.3464285714285714,1.0,0.0,,,1.0,0.0
2.25.190807933410234695931591553323782771995,/home/user/workspace/dataset_extracted/Датасет/НД_для_обучения/Исследования/2.25.190807933410234695931591553323782771995/series_002_3_CR/A250762254 DXA/CR DXA/CR000000.dcm,1.2.643.5.1.13.13.12.2.77.8252.04000404020304020301120408100801,1,317,300,spine,True,1.0,"Наличие посторонних предметов, артефактов или наложений",0.0,0.0,1.0,,,,,157,98.91,157,98.91,True,3.9413645570130567,3.795390689742581,2.619553048105291,317.0,-0.01698988674671417,0.0,0.0031545741324921135,0.6033333333333334,,,,,,,,,,,,,,,,,,,,,,,,,,,,,,,,,,,,,,,,,,,,,,,,,,,,,,,,,,,,,,,,,,,,,,,
2.25.190807933410234695931591553323782771995,/home/user/workspace/dataset_extracted/Датасет/НД_для_обучения/Исследования/2.25.190807933410234695931591553323782771995/series_002_3_CR/A250762254 DXA/CR DXA/CR000001.dcm,1.2.643.5.1.13.13.12.2.77.8252.10101410111513000809081215030802,3,292,280,right_hip,False,,,,,,,,,,950,598.5,950,598.5,True,6.877899327389604,,,,,,,,-1.6405121269531122,1.6405121269531122,24.599999999999998,91.35000000000001,0.0,0.841940657578158,48.6,15.38989574979956,76.65,12.6,306.6,168.0,292.0,0.3875,0.2141756360078278,1.0,0.29642857142857143,0.14285714285714285,0.5217604989535172,0.12574974245668535,0.9722655352962929,-8.834562951082628,1.6421010425020484,-8.562229350441083,2.2738572574178417,-8.357979149959931,2.2976744186046916,-8.085645549318395,2.9294306335204934,-7.813311948676858,3.561186848436287,-7.5409783480353125,4.192943063352089,-6.668644747393776,4.824699278267883,-6.464394546912615,4.848516439454732,-6.192060946271078,4.880272654370534,-5.919727345629542,4.9120288692863285,-5.047393744988005,4.943785084202131,-3.5750601443464602,5.575541299117924,-2.7027265437049235,6.207297514033726,-0.0984763432237628,6.831114675220576,0.7738572574177738,8.062870890136368,-12.15380914194069,9.894627105052171,-13.681475541299152,11.126383319967966,-14.609141940657608,13.558139534883766,-15.004891740176454,14.781956696070615,-14.936808340016071,15.38989574979956,left,-0.3221084661983148,1.6405121269531122,0.2892857142857143,,,0.0,0.0,0.0,0.0
2.25.215177279960644564778148238928738915103,/home/user/workspace/dataset_extracted/Датасет/НД_для_обучения/Исследования/2.25.215177279960644564778148238928738915103/series_002_2_CR/A2504147013 DXA/CR DXA/CR000000.dcm,1.2.643.5.1.13.13.12.2.77.8252.02120211101306000510080011031411,4,320,280,left_hip,True,1.0,Нарушение позиционирования/ротации левого бедра,,,,,,1.0,0.0,0,0.0,0,0.0,False,0.0,,,,,,,,1.544657763249854,1.544657763249854,24.599999999999998,168.0,0.0,0.04429245283018588,58.8,19.336924000937575,58.800000000000004,6.6,336.0,168.0,320.0,0.4607142857142857,0.16171875,1.0,0.175,0.13214285714285715,0.5177577961633246,0.14556386163044807,0.9769516212366341,-14.50205379116372,2.7289162662604327,-15.297182116488932,3.360301476620202,-20.243528360482838,3.983840384390038,-24.03865668580804,4.615225594749824,-25.433785011133253,5.846610805109611,-28.028913336458462,7.077996015469381,-29.424041661783665,8.309381225829167,-30.0,8.932920133599003,-30.0,9.564305343958774,-30.0,10.79569055431856,-30.0,12.627075764678347,-30.0,14.458460975038115,-30.0,15.689846185397903,-30.0,17.513385093167738,-30.0,19.336924000937575,-30.0,19.336924000937575,-30.0,19.336924000937575,-30.0,19.336924000937575,-30.0,19.336924000937575,-30.0,19.336924000937575,left,-0.4741738325382877,1.544657763249854,0.35,,,1.0,0.0,1.0,0.0
2.25.215177279960644564778148238928738915103,/home/user/workspace/dataset_extracted/Датасет/НД_для_обучения/Исследования/2.25.215177279960644564778148238928738915103/series_002_2_CR/A2504147013 DXA/CR DXA/CR000001.dcm,1.2.643.5.1.13.13.12.2.77.8252.05011012001311141515001115080104,3,291,300,spine,True,0.0,,0.0,0.0,0.0,,,,,1012,637.5600000000001,1012,637.5600000000001,True,5.346034749538597,1.7225757175181278,0.001065157857618626,291.0,-0.07821340796153776,0.0,0.003436426116838488,0.29,,,,,,,,,,,,,,,,,,,,,,,,,,,,,,,,,,,,,,,,,,,,,,,,,,,,,,,,,,,,,,,,,,,,,,,
2.25.215177279960644564778148238928738915103,/home/user/workspace/dataset_extracted/Датасет/НД_для_обучения/Исследования/2.25.215177279960644564778148238928738915103/series_002_2_CR/A2504147013 DXA/CR DXA/CR000002.dcm,1.2.643.5.1.13.13.12.2.77.8252.00070615051510041500030210150312,5,292,280,left_hip,True,1.0,Нарушение позиционирования/ротации левого бедра,,,,,,1.0,0.0,0,0.0,0,0.0,False,0.0,,,,,,,,4.188083413126673,4.188083413126673,25.2,154.35,0.0,-10.62158233156275,45.0,17.118877362125904,48.300000000000004,6.0,306.6,168.0,292.0,0.41964285714285715,0.16158268101761253,1.0,0.16071428571428573,0.1357142857142857,0.545723376255452,0.1761259899408996,0.9783748056061459,-14.5303999274645,2.38376338317631,-18.542156722000158,3.7871075716477005,-20.650974317901905,3.9396157130012397,-21.662731112437562,4.742959901472631,-23.274487906973228,6.146304089944022,-23.686244701508887,6.949648278415412,-24.098001496044542,7.752992466886803,-24.406819091946293,9.105500608240343,-30.0,10.508844796711733,-30.0,11.912188985183123,-30.0,13.915533173654515,-30.0,17.118877362125904,-30.0,17.118877362125904,-30.0,17.118877362125904,-30.0,17.118877362125904,-30.0,17.118877362125904,-30.0,17.118877362125904,-30.0,17.118877362125904,-30.0,17.118877362125904,-30.0,17.118877362125904,right,0.19128396985164361,4.188083413126673,0.26785714285714285,1.0,0.0,,,1.0,0.0
2.25.215177279960644564778148238928738915103,/home/user/workspace/dataset_extracted/Датасет/НД_для_обучения/Исследования/2.25.215177279960644564778148238928738915103/series_002_2_CR/A2504147013 DXA/CR DXA/CR000003.dcm,1.2.643.5.1.13.13.12.2.77.8252.02080006130815010800091303020804,6,320,280,left_hip,True,1.0,Нарушение позиционирования/ротации левого бедра,,,,,,1.0,0.0,0,0.0,0,0.0,False,0.0,,,,,,,,1.544657763249854,1.544657763249854,24.599999999999998,168.0,0.0,0.04429245283018588,58.8,19.336924000937575,58.800000000000004,6.6,336.0,168.0,320.0,0.4607142857142857,0.16171875,1.0,0.175,0.13214285714285715,0.5177577961633246,0.14556386163044807,0.9769516212366341,-14.50205379116372,2.7289162662604327,-15.297182116488932,3.360301476620202,-20.243528360482838,3.983840384390038,-24.03865668580804,4.615225594749824,-25.433785011133253,5.846610805109611,-28.028913336458462,7.077996015469381,-29.424041661783665,8.309381225829167,-30.0,8.932920133599003,-30.0,9.564305343958774,-30.0,10.79569055431856,-30.0,12.627075764678347,-30.0,14.458460975038115,-30.0,15.689846185397903,-30.0,17.513385093167738,-30.0,19.336924000937575,-30.0,19.336924000937575,-30.0,19.336924000937575,-30.0,19.336924000937575,-30.0,19.336924000937575,-30.0,19.336924000937575,left,-0.4741738325382877,1.544657763249854,0.35,,,1.0,0.0,1.0,0.0
2.25.215177279960644564778148238928738915103,/home/user/workspace/dataset_extracted/Датасет/НД_для_обучения/Исследования/2.25.215177279960644564778148238928738915103/series_002_2_CR/A2504147013 DXA/CR DXA/CR000004.dcm,1.2.643.5.1.13.13.12.2.77.8252.13140203110104081414101201001405,1,291,300,spine,True,0.0,,0.0,0.0,0.0,,,,,1012,637.5600000000001,1012,637.5600000000001,True,5.346034749538597,1.7225757175181278,0.001065157857618626,291.0,-0.07821340796153776,0.0,0.003436426116838488,0.29,,,,,,,,,,,,,,,,,,,,,,,,,,,,,,,,,,,,,,,,,,,,,,,,,,,,,,,,,,,,,,,,,,,,,,,
2.25.217397325224876728316360420804118329081,/home/user/workspace/dataset_extracted/Датасет/НД_для_обучения/Исследования/2.25.217397325224876728316360420804118329081/series_002_2_CR/A250474631 DXA/CR DXA/CR000000.dcm,1.2.643.5.1.13.13.12.2.77.8252.02091115080411030312040600000701,3,263,280,left_hip,True,0.0,,,,,,,0.0,0.0,0,0.0,0,0.0,False,0.0,,,,,,,,-12.632431172301015,12.632431172301015,18.599999999999998,107.10000000000001,0.0,3.794307072054988,67.8,11.45101469598698,42.0,6.0,276.15000000000003,168.0,263.0,0.4767857142857143,0.17229766431287344,1.0,0.22142857142857142,0.15,0.4743443606141395,0.1307388369653505,0.9593302517249995,3.1017444063081254,1.4040519985750735,3.286869737801851,2.106562021136432,3.1257137364221705,2.9334445380574548,3.310839067915913,4.235954560618813,-0.7040356005903277,4.9384645831801715,-1.7189102690965854,6.84097460574153,-2.133784937602843,8.143484628302906,-2.2949409389825406,8.970367145223928,-3.309815607488781,10.272877167785287,-3.1246902759950386,10.975387190346646,-3.032127610248176,11.326642201627333,-3.032127610248176,11.326642201627333,-3.032127610248176,11.326642201627333,-3.032127610248176,11.326642201627333,-3.032127610248176,11.326642201627333,-3.032127610248176,11.326642201627333,-3.032127610248176,11.326642201627333,-3.032127610248176,11.326642201627333,-3.032127610248176,11.326642201627333,-3.032127610248176,11.326642201627333,left,-0.8696565770670087,12.632431172301015,0.4035714285714286,,,0.0,0.0,0.0,0.0
2.25.217397325224876728316360420804118329081,/home/user/workspace/dataset_extracted/Датасет/НД_для_обучения/Исследования/2.25.217397325224876728316360420804118329081/series_002_2_CR/A250474631 DXA/CR DXA/CR000001.dcm,1.2.643.5.1.13.13.12.2.77.8252.10000400041408060608031009090710,2,235,280,right_hip,True,0.0,,,,,0.0,0.0,,,0,0.0,0,0.0,False,0.0,,,,,,,,-13.889605079385515,13.889605079385515,10.799999999999999,73.5,0.0,11.379896771935961,60.599999999999994,14.072595573440651,54.6,7.8,246.75,168.0,235.0,0.44107142857142856,0.1712917933130699,1.0,0.2571428571428571,0.15714285714285714,0.4667796548330086,0.1436784370295504,0.9451687021647669,5.060029743679444,0.5043863179074491,6.804003149330765,0.771187122736427,7.51198320356923,1.121287726358156,9.255956609220533,1.9880885311871337,10.399930014871837,2.8548893360160945,10.943903420523123,4.321690140845072,10.887876826174443,5.78849094567405,6.795856880412907,6.738591549295779,7.33983028606421,8.205392354124756,7.883803691715514,9.672193158953734,7.827777097366799,11.138993963782696,8.97175050301812,12.005794768611674,9.515723908669406,14.072595573440651,10.387710611495049,13.90599597585513,10.387710611495049,13.90599597585513,10.387710611495049,13.90599597585513,10.387710611495049,13.90599597585513,10.387710611495049,13.90599597585513,10.387710611495049,13.90599597585513,10.387710611495049,13.90599597585513,right,0.5326931595309499,13.889605079385515,0.36071428571428565,0.0,0.0,,,0.0,0.0
2.25.217397325224876728316360420804118329081,/home/user/workspace/dataset_extracted/Датасет/НД_для_обучения/Исследования/2.25.217397325224876728316360420804118329081/series_002_2_CR/A250474631 DXA/CR DXA/CR000002.dcm,1.2.643.5.1.13.13.12.2.77.8252.04131001000110131311121304090609,1,318,300,spine,True,0.0,,0.0,0.0,0.0,,,,,1411,888.93,1411,888.93,True,4.8248809158888335,5.507594763052928,4.455225605122161,318.0,0.0652753009362461,0.0,0.0031446540880503146,0.5933333333333334,,,,,,,,,,,,,,,,,,,,,,,,,,,,,,,,,,,,,,,,,,,,,,,,,,,,,,,,,,,,,,,,,,,,,,,
2.25.217397325224876728316360420804118329081,/home/user/workspace/dataset_extracted/Датасет/НД_для_обучения/Исследования/2.25.217397325224876728316360420804118329081/series_002_2_CR/A250474631 DXA/CR DXA/CR000003.dcm,1.2.643.5.1.13.13.12.2.77.8252.01120903030308120114061013030505,5,235,280,right_hip,True,0.0,,,,,0.0,0.0,,,0,0.0,0,0.0,False,0.0,,,,,,,,-13.889605079385515,13.889605079385515,10.799999999999999,73.5,0.0,11.379896771935961,60.599999999999994,14.072595573440651,54.6,7.8,246.75,168.0,235.0,0.44107142857142856,0.1712917933130699,1.0,0.2571428571428571,0.15714285714285714,0.4667796548330086,0.1436784370295504,0.9451687021647669,5.060029743679444,0.5043863179074491,6.804003149330765,0.771187122736427,7.51198320356923,1.121287726358156,9.255956609220533,1.9880885311871337,10.399930014871837,2.8548893360160945,10.943903420523123,4.321690140845072,10.887876826174443,5.78849094567405,6.795856880412907,6.738591549295779,7.33983028606421,8.205392354124756,7.883803691715514,9.672193158953734,7.827777097366799,11.138993963782696,8.97175050301812,12.005794768611674,9.515723908669406,14.072595573440651,10.387710611495049,13.90599597585513,10.387710611495049,13.90599597585513,10.387710611495049,13.90599597585513,10.387710611495049,13.90599597585513,10.387710611495049,13.90599597585513,10.387710611495049,13.90599597585513,10.387710611495049,13.90599597585513,right,0.5326931595309499,13.889605079385515,0.36071428571428565,0.0,0.0,,,0.0,0.0
2.25.217397325224876728316360420804118329081,/home/user/workspace/dataset_extracted/Датасет/НД_для_обучения/Исследования/2.25.217397325224876728316360420804118329081/series_002_2_CR/A250474631 DXA/CR DXA/CR000004.dcm,1.2.643.5.1.13.13.12.2.77.8252.03000813041512141007100304081206,4,318,300,spine,True,0.0,,0.0,0.0,0.0,,,,,1411,888.93,1411,888.93,True,4.8248809158888335,5.507594763052928,4.455225605122161,318.0,0.0652753009362461,0.0,0.0031446540880503146,0.5933333333333334,,,,,,,,,,,,,,,,,,,,,,,,,,,,,,,,,,,,,,,,,,,,,,,,,,,,,,,,,,,,,,,,,,,,,,,
2.25.217397325224876728316360420804118329081,/home/user/workspace/dataset_extracted/Датасет/НД_для_обучения/Исследования/2.25.217397325224876728316360420804118329081/series_002_2_CR/A250474631 DXA/CR DXA/CR000005.dcm,1.2.643.5.1.13.13.12.2.77.8252.13021514070905140715121507140313,9,318,300,spine,True,0.0,,0.0,0.0,0.0,,,,,1411,888.93,1411,888.93,True,4.8248809158888335,5.507594763052928,4.455225605122161,318.0,0.0652753009362461,0.0,0.0031446540880503146,0.5933333333333334,,,,,,,,,,,,,,,,,,,,,,,,,,,,,,,,,,,,,,,,,,,,,,,,,,,,,,,,,,,,,,,,,,,,,,,
2.25.217397325224876728316360420804118329081,/home/user/workspace/dataset_extracted/Датасет/НД_для_обучения/Исследования/2.25.217397325224876728316360420804118329081/series_002_2_CR/A250474631 DXA/CR DXA/CR000006.dcm,1.2.643.5.1.13.13.12.2.77.8252.08100408121001020706011402110914,12,263,280,left_hip,True,0.0,,,,,,,0.0,0.0,0,0.0,0,0.0,False,0.0,,,,,,,,-12.632431172301015,12.632431172301015,18.599999999999998,107.10000000000001,0.0,3.794307072054988,67.8,11.45101469598698,42.0,6.0,276.15000000000003,168.0,263.0,0.4767857142857143,0.17229766431287344,1.0,0.22142857142857142,0.15,0.4743443606141395,0.1307388369653505,0.9593302517249995,3.1017444063081254,1.4040519985750735,3.286869737801851,2.106562021136432,3.1257137364221705,2.9334445380574548,3.310839067915913,4.235954560618813,-0.7040356005903277,4.9384645831801715,-1.7189102690965854,6.84097460574153,-2.133784937602843,8.143484628302906,-2.2949409389825406,8.970367145223928,-3.309815607488781,10.272877167785287,-3.1246902759950386,10.975387190346646,-3.032127610248176,11.326642201627333,-3.032127610248176,11.326642201627333,-3.032127610248176,11.326642201627333,-3.032127610248176,11.326642201627333,-3.032127610248176,11.326642201627333,-3.032127610248176,11.326642201627333,-3.032127610248176,11.326642201627333,-3.032127610248176,11.326642201627333,-3.032127610248176,11.326642201627333,-3.032127610248176,11.326642201627333,left,-0.8696565770670087,12.632431172301015,0.4035714285714286,,,0.0,0.0,0.0,0.0
2.25.217397325224876728316360420804118329081,/home/user/workspace/dataset_extracted/Датасет/НД_для_обучения/Исследования/2.25.217397325224876728316360420804118329081/series_002_2_CR/A250474631 DXA/CR DXA/CR000007.dcm,1.2.643.5.1.13.13.12.2.77.8252.15101108070415081206070914081510,10,263,280,left_hip,True,0.0,,,,,,,0.0,0.0,0,0.0,0,0.0,False,0.0,,,,,,,,-12.632431172301015,12.632431172301015,18.599999999999998,107.10000000000001,0.0,3.794307072054988,67.8,11.45101469598698,42.0,6.0,276.15000000000003,168.0,263.0,0.4767857142857143,0.17229766431287344,1.0,0.22142857142857142,0.15,0.4743443606141395,0.1307388369653505,0.9593302517249995,3.1017444063081254,1.4040519985750735,3.286869737801851,2.106562021136432,3.1257137364221705,2.9334445380574548,3.310839067915913,4.235954560618813,-0.7040356005903277,4.9384645831801715,-1.7189102690965854,6.84097460574153,-2.133784937602843,8.143484628302906,-2.2949409389825406,8.970367145223928,-3.309815607488781,10.272877167785287,-3.1246902759950386,10.975387190346646,-3.032127610248176,11.326642201627333,-3.032127610248176,11.326642201627333,-3.032127610248176,11.326642201627333,-3.032127610248176,11.326642201627333,-3.032127610248176,11.326642201627333,-3.032127610248176,11.326642201627333,-3.032127610248176,11.326642201627333,-3.032127610248176,11.326642201627333,-3.032127610248176,11.326642201627333,-3.032127610248176,11.326642201627333,left,-0.8696565770670087,12.632431172301015,0.4035714285714286,,,0.0,0.0,0.0,0.0
2.25.217397325224876728316360420804118329081,/home/user/workspace/dataset_extracted/Датасет/НД_для_обучения/Исследования/2.25.217397325224876728316360420804118329081/series_002_2_CR/A250474631 DXA/CR DXA/CR000008.dcm,1.2.643.5.1.13.13.12.2.77.8252.14010614131006141014100714050813,11,235,280,right_hip,True,0.0,,,,,0.0,0.0,,,0,0.0,0,0.0,False,0.0,,,,,,,,-13.889605079385515,13.889605079385515,10.799999999999999,73.5,0.0,11.379896771935961,60.599999999999994,14.072595573440651,54.6,7.8,246.75,168.0,235.0,0.44107142857142856,0.1712917933130699,1.0,0.2571428571428571,0.15714285714285714,0.4667796548330086,0.1436784370295504,0.9451687021647669,5.060029743679444,0.5043863179074491,6.804003149330765,0.771187122736427,7.51198320356923,1.121287726358156,9.255956609220533,1.9880885311871337,10.399930014871837,2.8548893360160945,10.943903420523123,4.321690140845072,10.887876826174443,5.78849094567405,6.795856880412907,6.738591549295779,7.33983028606421,8.205392354124756,7.883803691715514,9.672193158953734,7.827777097366799,11.138993963782696,8.97175050301812,12.005794768611674,9.515723908669406,14.072595573440651,10.387710611495049,13.90599597585513,10.387710611495049,13.90599597585513,10.387710611495049,13.90599597585513,10.387710611495049,13.90599597585513,10.387710611495049,13.90599597585513,10.387710611495049,13.90599597585513,10.387710611495049,13.90599597585513,right,0.5326931595309499,13.889605079385515,0.36071428571428565,0.0,0.0,,,0.0,0.0
2.25.217397325224876728316360420804118329081,/home/user/workspace/dataset_extracted/Датасет/НД_для_обучения/Исследования/2.25.217397325224876728316360420804118329081/series_002_2_CR/A250474631 DXA/CR DXA/CR000009.dcm,1.2.643.5.1.13.13.12.2.77.8252.07081006110204030410140712110010,6,263,280,left_hip,True,0.0,,,,,,,0.0,0.0,0,0.0,0,0.0,False,0.0,,,,,,,,-12.632431172301015,12.632431172301015,18.599999999999998,107.10000000000001,0.0,3.794307072054988,67.8,11.45101469598698,42.0,6.0,276.15000000000003,168.0,263.0,0.4767857142857143,0.17229766431287344,1.0,0.22142857142857142,0.15,0.4743443606141395,0.1307388369653505,0.9593302517249995,3.1017444063081254,1.4040519985750735,3.286869737801851,2.106562021136432,3.1257137364221705,2.9334445380574548,3.310839067915913,4.235954560618813,-0.7040356005903277,4.9384645831801715,-1.7189102690965854,6.84097460574153,-2.133784937602843,8.143484628302906,-2.2949409389825406,8.970367145223928,-3.309815607488781,10.272877167785287,-3.1246902759950386,10.975387190346646,-3.032127610248176,11.326642201627333,-3.032127610248176,11.326642201627333,-3.032127610248176,11.326642201627333,-3.032127610248176,11.326642201627333,-3.032127610248176,11.326642201627333,-3.032127610248176,11.326642201627333,-3.032127610248176,11.326642201627333,-3.032127610248176,11.326642201627333,-3.032127610248176,11.326642201627333,-3.032127610248176,11.326642201627333,left,-0.8696565770670087,12.632431172301015,0.4035714285714286,,,0.0,0.0,0.0,0.0
2.25.217397325224876728316360420804118329081,/home/user/workspace/dataset_extracted/Датасет/НД_для_обучения/Исследования/2.25.217397325224876728316360420804118329081/series_002_2_CR/A250474631 DXA/CR DXA/CR000010.dcm,1.2.643.5.1.13.13.12.2.77.8252.03030902090804040112070613130312,13,235,280,right_hip,True,0.0,,,,,0.0,0.0,,,0,0.0,0,0.0,False,0.0,,,,,,,,-13.889605079385515,13.889605079385515,10.799999999999999,73.5,0.0,11.379896771935961,60.599999999999994,14.072595573440651,54.6,7.8,246.75,168.0,235.0,0.44107142857142856,0.1712917933130699,1.0,0.2571428571428571,0.15714285714285714,0.4667796548330086,0.1436784370295504,0.9451687021647669,5.060029743679444,0.5043863179074491,6.804003149330765,0.771187122736427,7.51198320356923,1.121287726358156,9.255956609220533,1.9880885311871337,10.399930014871837,2.8548893360160945,10.943903420523123,4.321690140845072,10.887876826174443,5.78849094567405,6.795856880412907,6.738591549295779,7.33983028606421,8.205392354124756,7.883803691715514,9.672193158953734,7.827777097366799,11.138993963782696,8.97175050301812,12.005794768611674,9.515723908669406,14.072595573440651,10.387710611495049,13.90599597585513,10.387710611495049,13.90599597585513,10.387710611495049,13.90599597585513,10.387710611495049,13.90599597585513,10.387710611495049,13.90599597585513,10.387710611495049,13.90599597585513,10.387710611495049,13.90599597585513,right,0.5326931595309499,13.889605079385515,0.36071428571428565,0.0,0.0,,,0.0,0.0
2.25.220866240977467582196609708837940253840,/home/user/workspace/dataset_extracted/Датасет/НД_для_обучения/Исследования/2.25.220866240977467582196609708837940253840/series_001_2_CR/A2504258893 DXA/CR DXA/CR000000.dcm,1.2.643.5.1.13.13.12.2.77.8252.03010603150012061509030005111300,1,317,300,spine,True,1.0,Нарушение оси позвоночника (отклонение более 5 градусов),0.0,1.0,0.0,,,,,591,372.33,591,372.33,True,3.5741508444113066,5.085117582874473,0.0161798433481688,317.0,-0.11784575530844804,0.0,0.0031545741324921135,0.43666666666666665,,,,,,,,,,,,,,,,,,,,,,,,,,,,,,,,,,,,,,,,,,,,,,,,,,,,,,,,,,,,,,,,,,,,,,,
2.25.234651502352368356456298825489565282446,/home/user/workspace/dataset_extracted/Датасет/НД_для_обучения/Исследования/2.25.234651502352368356456298825489565282446/series_002_2_CR/A2504307193 DXA/CR DXA/CR000000.dcm,1.2.643.5.1.13.13.12.2.77.8252.02051208030605070510050510081213,5,233,280,right_hip,True,1.0,Нарушение позиционирования/ротации правого бедра,,,,1.0,0.0,,,0,0.0,0,0.0,False,0.0,,,,,,,,-10.560447521829873,10.560447521829873,31.799999999999997,85.05,0.0,5.2960252935862515,31.2,3.400943992773267,65.10000000000001,3.5999999999999996,244.65,168.0,143.0,0.26071428571428573,0.28341508277130595,0.6137339055793991,0.38571428571428573,0.15,0.6484346812266177,0.2016397925467453,0.9432162552010498,4.16805781391146,-14.902565492321592,5.120036133694657,-16.716603432701003,4.784019873532057,-18.227131887985536,3.9359981933152537,-19.441169828364945,3.6879765130984508,-21.255207768744356,3.439954832881648,-22.469245709123765,0.1919331526648449,-24.283283649503176,0.45591689250224476,-25.193812104787725,0.8078952122854417,-25.80785004516712,0.5598735320686387,-25.821887985546528,-0.8881481481481558,-26.435925925925936,-2.336169828364959,-30.0,-4.984191508581762,-30.0,-5.32020776874437,-30.0,-4.968229448961165,-30.0,-6.416251129177968,-30.0,-6.3282565492321705,-30.0,-6.3282565492321705,-30.0,-6.3282565492321705,-30.0,-6.3282565492321705,-30.0,right,0.2342263240781862,10.560447521829873,0.18571428571428572,1.0,0.0,,,1.0,0.0
2.25.234651502352368356456298825489565282446,/home/user/workspace/dataset_extracted/Датасет/НД_для_обучения/Исследования/2.25.234651502352368356456298825489565282446/series_002_2_CR/A2504307193 DXA/CR DXA/CR000001.dcm,1.2.643.5.1.13.13.12.2.77.8252.05090510140315010003130007000910,2,233,280,right_hip,True,1.0,Нарушение позиционирования/ротации правого бедра,,,,1.0,0.0,,,0,0.0,0,0.0,False,0.0,,,,,,,,-10.560447521829873,10.560447521829873,31.799999999999997,85.05,0.0,5.2960252935862515,31.2,3.400943992773267,65.10000000000001,3.5999999999999996,244.65,168.0,143.0,0.26071428571428573,0.28341508277130595,0.6137339055793991,0.38571428571428573,0.15,0.6484346812266177,0.2016397925467453,0.9432162552010498,4.16805781391146,-14.902565492321592,5.120036133694657,-16.716603432701003,4.784019873532057,-18.227131887985536,3.9359981933152537,-19.441169828364945,3.6879765130984508,-21.255207768744356,3.439954832881648,-22.469245709123765,0.1919331526648449,-24.283283649503176,0.45591689250224476,-25.193812104787725,0.8078952122854417,-25.80785004516712,0.5598735320686387,-25.821887985546528,-0.8881481481481558,-26.435925925925936,-2.336169828364959,-30.0,-4.984191508581762,-30.0,-5.32020776874437,-30.0,-4.968229448961165,-30.0,-6.416251129177968,-30.0,-6.3282565492321705,-30.0,-6.3282565492321705,-30.0,-6.3282565492321705,-30.0,-6.3282565492321705,-30.0,right,0.2342263240781862,10.560447521829873,0.18571428571428572,1.0,0.0,,,1.0,0.0
2.25.234651502352368356456298825489565282446,/home/user/workspace/dataset_extracted/Датасет/НД_для_обучения/Исследования/2.25.234651502352368356456298825489565282446/series_002_2_CR/A2504307193 DXA/CR DXA/CR000002.dcm,1.2.643.5.1.13.13.12.2.77.8252.09031307051100020212010511060414,4,291,300,spine,True,0.0,,0.0,0.0,0.0,,,,,0,0.0,0,0.0,False,0.0,0.9118156136880338,2.025086459691429,291.0,0.015807515214896834,0.0,0.003436426116838488,0.36666666666666664,,,,,,,,,,,,,,,,,,,,,,,,,,,,,,,,,,,,,,,,,,,,,,,,,,,,,,,,,,,,,,,,,,,,,,,
2.25.234651502352368356456298825489565282446,/home/user/workspace/dataset_extracted/Датасет/НД_для_обучения/Исследования/2.25.234651502352368356456298825489565282446/series_002_2_CR/A2504307193 DXA/CR DXA/CR000003.dcm,1.2.643.5.1.13.13.12.2.77.8252.09140613011500120102030800080807,3,207,280,left_hip,True,1.0,Нарушение позиционирования/ротации левого бедра,,,,,,1.0,0.0,6,3.7800000000000002,6,3.7800000000000002,True,3.0485999514796904,,,,,,,,-5.074055028701838,5.074055028701838,27.599999999999998,26.25,0.0,6.706153846153819,43.8,-17.046000000000024,60.900000000000006,3.0,217.35000000000002,168.0,83.0,0.3392857142857143,0.23088336783988958,0.40096618357487923,0.29642857142857143,0.16071428571428573,0.5808139543183539,0.16424879667460243,0.9362798054276275,0.313846153846157,-19.901538461538482,0.4523076923076928,-22.308923076923087,0.5561538461538447,-22.764461538461557,0.6946153846153805,-23.37184615384616,0.8330769230769164,-24.579230769230772,0.9715384615384521,-25.786615384615384,1.709999999999988,-26.394000000000005,1.81384615384614,-28.049538461538457,2.5523076923076755,-29.25692307692306,3.2907692307692114,-29.86430769230768,4.629230769230747,-30.0,6.567692307692283,-30.0,6.706153846153819,-30.0,4.409999999999971,-30.0,2.7484615384615068,-30.0,0.9830769230768908,-30.0,0.9830769230768908,-30.0,0.9830769230768908,-30.0,0.9830769230768908,-30.0,0.9830769230768908,-30.0,left,-0.3468521545230189,5.074055028701838,0.2607142857142857,,,1.0,0.0,1.0,0.0
2.25.234651502352368356456298825489565282446,/home/user/workspace/dataset_extracted/Датасет/НД_для_обучения/Исследования/2.25.234651502352368356456298825489565282446/series_002_2_CR/A2504307193 DXA/CR DXA/CR000004.dcm,1.2.643.5.1.13.13.12.2.77.8252.09061112071413071402070608030006,10,207,280,left_hip,True,1.0,Нарушение позиционирования/ротации левого бедра,,,,,,1.0,0.0,6,3.7800000000000002,6,3.7800000000000002,True,3.0485999514796904,,,,,,,,-5.074055028701838,5.074055028701838,27.599999999999998,26.25,0.0,6.706153846153819,43.8,-17.046000000000024,60.900000000000006,3.0,217.35000000000002,168.0,83.0,0.3392857142857143,0.23088336783988958,0.40096618357487923,0.29642857142857143,0.16071428571428573,0.5808139543183539,0.16424879667460243,0.9362798054276275,0.313846153846157,-19.901538461538482,0.4523076923076928,-22.308923076923087,0.5561538461538447,-22.764461538461557,0.6946153846153805,-23.37184615384616,0.8330769230769164,-24.579230769230772,0.9715384615384521,-25.786615384615384,1.709999999999988,-26.394000000000005,1.81384615384614,-28.049538461538457,2.5523076923076755,-29.25692307692306,3.2907692307692114,-29.86430769230768,4.629230769230747,-30.0,6.567692307692283,-30.0,6.706153846153819,-30.0,4.409999999999971,-30.0,2.7484615384615068,-30.0,0.9830769230768908,-30.0,0.9830769230768908,-30.0,0.9830769230768908,-30.0,0.9830769230768908,-30.0,0.9830769230768908,-30.0,left,-0.3468521545230189,5.074055028701838,0.2607142857142857,,,1.0,0.0,1.0,0.0
2.25.234651502352368356456298825489565282446,/home/user/workspace/dataset_extracted/Датасет/НД_для_обучения/Исследования/2.25.234651502352368356456298825489565282446/series_002_2_CR/A2504307193 DXA/CR DXA/CR000005.dcm,1.2.643.5.1.13.13.12.2.77.8252.14111506040710041211031511080401,12,207,280,left_hip,True,1.0,Нарушение позиционирования/ротации левого бедра,,,,,,1.0,0.0,6,3.7800000000000002,6,3.7800000000000002,True,3.0485999514796904,,,,,,,,-5.074055028701838,5.074055028701838,27.599999999999998,26.25,0.0,6.706153846153819,43.8,-17.046000000000024,60.900000000000006,3.0,217.35000000000002,168.0,83.0,0.3392857142857143,0.23088336783988958,0.40096618357487923,0.29642857142857143,0.16071428571428573,0.5808139543183539,0.16424879667460243,0.9362798054276275,0.313846153846157,-19.901538461538482,0.4523076923076928,-22.308923076923087,0.5561538461538447,-22.764461538461557,0.6946153846153805,-23.37184615384616,0.8330769230769164,-24.579230769230772,0.9715384615384521,-25.786615384615384,1.709999999999988,-26.394000000000005,1.81384615384614,-28.049538461538457,2.5523076923076755,-29.25692307692306,3.2907692307692114,-29.86430769230768,4.629230769230747,-30.0,6.567692307692283,-30.0,6.706153846153819,-30.0,4.409999999999971,-30.0,2.7484615384615068,-30.0,0.9830769230768908,-30.0,0.9830769230768908,-30.0,0.9830769230768908,-30.0,0.9830769230768908,-30.0,0.9830769230768908,-30.0,left,-0.3468521545230189,5.074055028701838,0.2607142857142857,,,1.0,0.0,1.0,0.0
2.25.234651502352368356456298825489565282446,/home/user/workspace/dataset_extracted/Датасет/НД_для_обучения/Исследования/2.25.234651502352368356456298825489565282446/series_002_2_CR/A2504307193 DXA/CR DXA/CR000006.dcm,1.2.643.5.1.13.13.12.2.77.8252.10051211011505050506141504040101,1,291,300,spine,True,0.0,,0.0,0.0,0.0,,,,,0,0.0,0,0.0,False,0.0,0.9118156136880338,2.025086459691429,291.0,0.015807515214896834,0.0,0.003436426116838488,0.36666666666666664,,,,,,,,,,,,,,,,,,,,,,,,,,,,,,,,,,,,,,,,,,,,,,,,,,,,,,,,,,,,,,,,,,,,,,,
2.25.234651502352368356456298825489565282446,/home/user/workspace/dataset_extracted/Датасет/НД_для_обучения/Исследования/2.25.234651502352368356456298825489565282446/series_002_2_CR/A2504307193 DXA/CR DXA/CR000007.dcm,1.2.643.5.1.13.13.12.2.77.8252.15100402090103120615100706141310,11,233,280,right_hip,True,1.0,Нарушение позиционирования/ротации правого бедра,,,,1.0,0.0,,,0,0.0,0,0.0,False,0.0,,,,,,,,-10.560447521829873,10.560447521829873,31.799999999999997,85.05,0.0,5.2960252935862515,31.2,3.400943992773267,65.10000000000001,3.5999999999999996,244.65,168.0,143.0,0.26071428571428573,0.28341508277130595,0.6137339055793991,0.38571428571428573,0.15,0.6484346812266177,0.2016397925467453,0.9432162552010498,4.16805781391146,-14.902565492321592,5.120036133694657,-16.716603432701003,4.784019873532057,-18.227131887985536,3.9359981933152537,-19.441169828364945,3.6879765130984508,-21.255207768744356,3.439954832881648,-22.469245709123765,0.1919331526648449,-24.283283649503176,0.45591689250224476,-25.193812104787725,0.8078952122854417,-25.80785004516712,0.5598735320686387,-25.821887985546528,-0.8881481481481558,-26.435925925925936,-2.336169828364959,-30.0,-4.984191508581762,-30.0,-5.32020776874437,-30.0,-4.968229448961165,-30.0,-6.416251129177968,-30.0,-6.3282565492321705,-30.0,-6.3282565492321705,-30.0,-6.3282565492321705,-30.0,-6.3282565492321705,-30.0,right,0.2342263240781862,10.560447521829873,0.18571428571428572,1.0,0.0,,,1.0,0.0
2.25.234651502352368356456298825489565282446,/home/user/workspace/dataset_extracted/Датасет/НД_для_обучения/Исследования/2.25.234651502352368356456298825489565282446/series_002_2_CR/A2504307193 DXA/CR DXA/CR000008.dcm,1.2.643.5.1.13.13.12.2.77.8252.10021305031009110615021114111114,9,291,300,spine,True,0.0,,0.0,0.0,0.0,,,,,0,0.0,0,0.0,False,0.0,0.9118156136880338,2.025086459691429,291.0,0.015807515214896834,0.0,0.003436426116838488,0.36666666666666664,,,,,,,,,,,,,,,,,,,,,,,,,,,,,,,,,,,,,,,,,,,,,,,,,,,,,,,,,,,,,,,,,,,,,,,
2.25.234651502352368356456298825489565282446,/home/user/workspace/dataset_extracted/Датасет/НД_для_обучения/Исследования/2.25.234651502352368356456298825489565282446/series_002_2_CR/A2504307193 DXA/CR DXA/CR000009.dcm,1.2.643.5.1.13.13.12.2.77.8252.09110410141103030507060004110108,6,207,280,left_hip,True,1.0,Нарушение позиционирования/ротации левого бедра,,,,,,1.0,0.0,6,3.7800000000000002,6,3.7800000000000002,True,3.0485999514796904,,,,,,,,-5.074055028701838,5.074055028701838,27.599999999999998,26.25,0.0,6.706153846153819,43.8,-17.046000000000024,60.900000000000006,3.0,217.35000000000002,168.0,83.0,0.3392857142857143,0.23088336783988958,0.40096618357487923,0.29642857142857143,0.16071428571428573,0.5808139543183539,0.16424879667460243,0.9362798054276275,0.313846153846157,-19.901538461538482,0.4523076923076928,-22.308923076923087,0.5561538461538447,-22.764461538461557,0.6946153846153805,-23.37184615384616,0.8330769230769164,-24.579230769230772,0.9715384615384521,-25.786615384615384,1.709999999999988,-26.394000000000005,1.81384615384614,-28.049538461538457,2.5523076923076755,-29.25692307692306,3.2907692307692114,-29.86430769230768,4.629230769230747,-30.0,6.567692307692283,-30.0,6.706153846153819,-30.0,4.409999999999971,-30.0,2.7484615384615068,-30.0,0.9830769230768908,-30.0,0.9830769230768908,-30.0,0.9830769230768908,-30.0,0.9830769230768908,-30.0,0.9830769230768908,-30.0,left,-0.3468521545230189,5.074055028701838,0.2607142857142857,,,1.0,0.0,1.0,0.0
2.25.234651502352368356456298825489565282446,/home/user/workspace/dataset_extracted/Датасет/НД_для_обучения/Исследования/2.25.234651502352368356456298825489565282446/series_002_2_CR/A2504307193 DXA/CR DXA/CR000010.dcm,1.2.643.5.1.13.13.12.2.77.8252.15060200100906151411000112060511,13,233,280,right_hip,True,1.0,Нарушение позиционирования/ротации правого бедра,,,,1.0,0.0,,,0,0.0,0,0.0,False,0.0,,,,,,,,-10.560447521829873,10.560447521829873,31.799999999999997,85.05,0.0,5.2960252935862515,31.2,3.400943992773267,65.10000000000001,3.5999999999999996,244.65,168.0,143.0,0.26071428571428573,0.28341508277130595,0.6137339055793991,0.38571428571428573,0.15,0.6484346812266177,0.2016397925467453,0.9432162552010498,4.16805781391146,-14.902565492321592,5.120036133694657,-16.716603432701003,4.784019873532057,-18.227131887985536,3.9359981933152537,-19.441169828364945,3.6879765130984508,-21.255207768744356,3.439954832881648,-22.469245709123765,0.1919331526648449,-24.283283649503176,0.45591689250224476,-25.193812104787725,0.8078952122854417,-25.80785004516712,0.5598735320686387,-25.821887985546528,-0.8881481481481558,-26.435925925925936,-2.336169828364959,-30.0,-4.984191508581762,-30.0,-5.32020776874437,-30.0,-4.968229448961165,-30.0,-6.416251129177968,-30.0,-6.3282565492321705,-30.0,-6.3282565492321705,-30.0,-6.3282565492321705,-30.0,-6.3282565492321705,-30.0,right,0.2342263240781862,10.560447521829873,0.18571428571428572,1.0,0.0,,,1.0,0.0
2.25.247714038039430659432048101646401574824,/home/user/workspace/dataset_extracted/Датасет/НД_для_обучения/Исследования/2.25.247714038039430659432048101646401574824/series_002_2_CR/A2504238024 DXA Exam/CR DXA Images/CR000000.dcm,1.2.643.5.1.13.13.12.2.77.8252.06051510010614000404080600020603,2,346,280,left_hip,True,0.0,,,,,,,0.0,0.0,0,0.0,0,0.0,False,0.0,,,,,,,,-0.8510746931859647,0.8510746931859647,30.0,90.3,13.106166894664838,6.169309873107218,39.0,17.522626538987698,95.55,4.8,363.3,168.0,177.0,0.33035714285714285,0.28780966143682907,0.5115606936416185,0.19642857142857142,0.16428571428571428,0.5370335811554008,0.14779980638027881,0.9640216463130353,0.8081701967073883,2.9505882352941284,1.2742393509127736,3.291874145006858,1.173791216566815,3.697838577291401,1.6398603707722088,3.4391244870041136,2.105929524977594,3.180410396716843,3.1719986791829795,3.521696306429564,3.638067833388365,4.462982216142285,4.737619699042406,4.868946648426828,5.203688853247791,5.810232558139549,5.669758007453181,6.75151846785227,6.1358271616585665,8.292804377564991,6.001896315863957,9.834090287277713,5.8679654700693415,11.97537619699044,5.767517335723383,14.181340629274985,3.833586489928768,17.522626538987698,2.4996556441341538,-15.136087551299573,2.3657247983395435,-17.79480164158686,1.631793952544929,-22.25351573187413,0.9313458181989702,-22.447551299589588,-0.40258502759564435,-22.706265389876876,left,-0.7374544434341522,0.8510746931859647,0.23214285714285715,,,0.0,0.0,0.0,0.0
2.25.247714038039430659432048101646401574824,/home/user/workspace/dataset_extracted/Датасет/НД_для_обучения/Исследования/2.25.247714038039430659432048101646401574824/series_002_2_CR/A2504238024 DXA Exam/CR DXA Images/CR000001.dcm,1.2.643.5.1.13.13.12.2.77.8252.13110800060502010303101404091303,3,344,280,right_hip,True,0.0,,,,,0.0,0.0,,,0,0.0,0,0.0,False,0.0,,,,,,,,-4.033663779407263,4.033663779407263,31.5,130.20000000000002,0.0,4.148032730133765,25.8,15.614384893784381,29.400000000000002,53.4,361.2,168.0,344.0,0.24285714285714285,0.31482558139534883,1.0,0.39285714285714285,0.16071428571428573,0.5146541090368028,0.14662262224924408,0.9570510930303395,2.384706845003944,4.114090952006256,3.5684072383949754,5.305446420141584,3.5561825334382475,6.648963021243071,4.139882926829278,9.040318489378398,4.12358332022031,12.031673957513727,3.5072837136113404,14.423029425649053,2.8909841070023714,15.614384893784381,2.8869092053501304,15.46222376081822,2.8869092053501304,15.46222376081822,2.8869092053501304,15.46222376081822,2.8869092053501304,15.46222376081822,2.8869092053501304,15.46222376081822,2.8869092053501304,15.46222376081822,2.8869092053501304,15.46222376081822,2.8869092053501304,15.46222376081822,2.8869092053501304,15.46222376081822,2.8869092053501304,15.46222376081822,2.8869092053501304,15.46222376081822,2.8869092053501304,15.46222376081822,2.8869092053501304,15.46222376081822,right,0.719861432143739,4.033663779407263,0.15357142857142858,0.0,0.0,,,0.0,0.0
2.25.247714038039430659432048101646401574824,/home/user/workspace/dataset_extracted/Датасет/НД_для_обучения/Исследования/2.25.247714038039430659432048101646401574824/series_002_2_CR/A2504238024 DXA Exam/CR DXA Images/CR000002.dcm,1.2.643.5.1.13.13.12.2.77.8252.06030210110500061108030910090908,1,315,300,spine,True,1.0,"Наличие посторонних предметов, артефактов или наложений",0.0,0.0,1.0,,,,,758,477.54,758,477.54,True,4.688119104268065,0.3595281819303523,1.0051484600189995,315.0,0.002673152652304888,0.0,0.0031746031746031746,0.42333333333333334,,,,,,,,,,,,,,,,,,,,,,,,,,,,,,,,,,,,,,,,,,,,,,,,,,,,,,,,,,,,,,,,,,,,,,,
2.25.269648774413746842548908998641183395622,/home/user/workspace/dataset_extracted/Датасет/НД_для_обучения/Исследования/2.25.269648774413746842548908998641183395622/series_001_2_CR/A2504393664 DXA/CR DXA/CR000000.dcm,1.2.643.5.1.13.13.12.2.77.8252.12031014110715041000030602140501,2,263,280,right_hip,True,0.0,,,,,0.0,0.0,,,0,0.0,0,0.0,False,0.0,,,,,,,,-8.783570053532332,8.783570053532332,27.0,81.9,0.0,-1.9499968386044257,58.8,17.587336713918955,65.10000000000001,10.2,276.15000000000003,168.0,263.0,0.4303571428571429,0.20492938620315046,1.0,0.28214285714285714,0.15714285714285714,0.4958468731335891,0.13424092989014746,0.9506524494394962,-5.263225382212721,2.223272929602024,-4.2765968209006155,2.5119791600804033,-2.936625399916531,2.878508832939184,-1.9499968386044257,3.1672150634175638,-6.363368277292329,3.4559212938959605,-7.176739715980216,4.3446275243743395,-7.990111154668102,4.633333754852719,-7.250139733684033,5.5998634277115,-6.86351117237192,6.4885696581898795,-6.476882611059807,7.377275888668259,-5.490254049747693,8.865982119146656,-5.103625488435597,10.354688349625036,-5.916996927123483,11.843394580103416,-11.777025506139397,13.409924252962195,-11.990396944827301,16.098630483440576,-12.203768383515206,17.587336713918955,-12.55711124318716,17.509513271538555,-12.55711124318716,17.509513271538555,-12.55711124318716,17.509513271538555,-12.55711124318716,17.509513271538555,right,0.5864030431635895,8.783570053532332,0.35,0.0,0.0,,,0.0,0.0
2.25.269648774413746842548908998641183395622,/home/user/workspace/dataset_extracted/Датасет/НД_для_обучения/Исследования/2.25.269648774413746842548908998641183395622/series_001_2_CR/A2504393664 DXA/CR DXA/CR000001.dcm,1.2.643.5.1.13.13.12.2.77.8252.02001209000515050108060411111311,1,317,300,spine,True,1.0,"Нарушение оси позвоночника (отклонение более 5 градусов); Наличие посторонних предметов, артефактов или наложений",0.0,1.0,1.0,,,,,1060,667.8,1060,667.8,True,4.344053899793894,2.6722944439433785,0.9723259297289468,317.0,-0.044471722743925565,0.0,0.0031545741324921135,0.65,,,,,,,,,,,,,,,,,,,,,,,,,,,,,,,,,,,,,,,,,,,,,,,,,,,,,,,,,,,,,,,,,,,,,,,
2.25.269648774413746842548908998641183395622,/home/user/workspace/dataset_extracted/Датасет/НД_для_обучения/Исследования/2.25.269648774413746842548908998641183395622/series_001_2_CR/A2504393664 DXA/CR DXA/CR000002.dcm,1.2.643.5.1.13.13.12.2.77.8252.12130902030702050210110604020115,3,261,280,left_hip,True,0.0,,,,,,,0.0,0.0,22,13.86,22,13.86,True,3.5261299333544502,,,,,,,,-11.4435710996024,11.4435710996024,27.599999999999998,81.9,0.0,-1.3081273157222653,58.8,19.536830258349266,77.7,11.4,274.05,168.0,261.0,0.42678571428571427,0.19742747673782157,1.0,0.26071428571428573,0.15714285714285714,0.478903904190689,0.12334011823406477,0.949880205466861,-6.567351635706063,1.25066578990631,-6.53061369010735,1.9870180452459123,-6.20306023090834,2.839282236750614,-4.966322285309627,3.5756344920901992,-3.7295843397109136,4.911986747429801,-2.492846394112217,5.048339002769387,-4.256108448513521,5.184691258108989,-3.9285549893144776,5.436955449613691,-3.891817043715781,5.573307704953294,-3.255079098117085,6.309659960292879,-2.018341152518371,7.046012215632481,-1.981603206919675,8.382364470972083,-1.9448652613209787,9.71871672631167,-1.6173118021219353,10.570980917816371,-2.180573856523239,12.507333173155972,-8.743835910924526,15.043685428495575,-9.307097965325829,16.98003768383516,-9.270360019727116,18.316389939174762,-9.542806560528089,18.568654130679466,-9.524437587728732,19.536830258349266,left,-0.8685994180481492,11.4435710996024,0.35,,,0.0,0.0,0.0,0.0
2.25.269742577365511543488820993979123763373,/home/user/workspace/dataset_extracted/Датасет/НД_для_обучения/Исследования/2.25.269742577365511543488820993979123763373/series_003_2_CR/A250477751 DXA/CR DXA/CR000000.dcm,1.2.643.5.1.13.13.12.2.77.8252.11081308031311040302130506061304,1,315,300,spine,True,0.0,,0.0,0.0,0.0,,,,,114,71.82000000000001,114,71.82000000000001,True,3.7493794121123165,9.501431582287726,0.5945172906861291,315.0,-0.10933688032573562,0.0,0.0031746031746031746,0.8733333333333333,,,,,,,,,,,,,,,,,,,,,,,,,,,,,,,,,,,,,,,,,,,,,,,,,,,,,,,,,,,,,,,,,,,,,,,
2.25.272690031744216183651627058502316132741,/home/user/workspace/dataset_extracted/Датасет/НД_для_обучения/Исследования/2.25.272690031744216183651627058502316132741/series_002_2_CR/A2504373414 DXA/CR DXA/CR000000.dcm,1.2.643.5.1.13.13.12.2.77.8252.01011201030601080312040805131303,5,349,280,left_hip,True,1.0,Нарушение позиционирования/ротации левого бедра,,,,,,1.0,0.0,6640,4183.2,6640,4183.2,True,6.079338011664999,,,,,,,,-0.24692830732253207,0.24692830732253207,24.599999999999998,168.0,0.0,0.7998631782491487,35.4,-15.718301886792466,42.0,5.3999999999999995,366.45,168.0,200.0,0.2892857142857143,0.17473393368808843,0.5730659025787965,0.29285714285714287,0.1392857142857143,0.6585482346903904,0.16839781003318913,0.9876729565202123,-0.16900884800187868,-16.3784715223251,-0.21303322395406496,-16.458697703035284,-0.24605150591820146,-17.118867338567927,0.30992411812961224,-17.19909351927811,0.2658997421774259,-19.079319699988293,0.22187536622523965,-20.35954588069848,0.7778509902730576,-21.039772061408662,0.7448327083089168,-21.699941696941305,0.7008083323567306,-22.38016787765149,0.6567839564045442,-22.460394058361675,0.03477176842845324,-23.100507148716765,0.03477176842845324,-23.100507148716765,0.03477176842845324,-23.100507148716765,0.03477176842845324,-23.100507148716765,0.03477176842845324,-23.100507148716765,0.03477176842845324,-23.100507148716765,0.03477176842845324,-23.100507148716765,0.03477176842845324,-23.100507148716765,0.03477176842845324,-23.100507148716765,0.03477176842845324,-23.100507148716765,right,0.18554774985164912,0.24692830732253207,0.21071428571428572,0.0,0.0,,,0.0,0.0
2.25.272690031744216183651627058502316132741,/home/user/workspace/dataset_extracted/Датасет/НД_для_обучения/Исследования/2.25.272690031744216183651627058502316132741/series_002_2_CR/A2504373414 DXA/CR DXA/CR000001.dcm,1.2.643.5.1.13.13.12.2.77.8252.06030606140315081407041104141012,9,322,300,spine,True,0.0,,0.0,0.0,0.0,,,,,0,0.0,0,0.0,False,0.0,3.6266367957151586,0.027105294242402156,322.0,0.07369035905605273,0.0,0.003105590062111801,0.3433333333333333,,,,,,,,,,,,,,,,,,,,,,,,,,,,,,,,,,,,,,,,,,,,,,,,,,,,,,,,,,,,,,,,,,,,,,,
2.25.272690031744216183651627058502316132741,/home/user/workspace/dataset_extracted/Датасет/НД_для_обучения/Исследования/2.25.272690031744216183651627058502316132741/series_002_2_CR/A2504373414 DXA/CR DXA/CR000002.dcm,1.2.643.5.1.13.13.12.2.77.8252.15091411140404110408151008030010,10,320,280,left_hip,True,1.0,Нарушение позиционирования/ротации левого бедра,,,,,,1.0,0.0,0,0.0,0,0.0,False,0.0,,,,,,,,2.5688079707848797,2.5688079707848797,26.4,147.0,8.270210229384883,2.044345411209019,57.599999999999994,11.446997878900543,66.15,3.0,336.0,168.0,203.0,0.475,0.21176339285714285,0.634375,0.34285714285714286,0.14642857142857144,0.571227778469699,0.16188824594076037,0.9770839057350779,0.9623878769324875,2.7057518969626924,1.2751708906431019,3.995394371432968,1.6597581509260606,5.26262622728567,1.972541164636675,5.952268701755946,1.685324178347281,7.841911176226222,-1.0018928079421043,7.931553650696497,-6.08910979423149,8.021196125166755,-6.304522533948531,8.088427981019459,-13.791739520237916,8.178070455489733,-14.07895650652731,9.46771292996001,-14.366173492816696,10.157355404430286,-12.853390479106082,11.446997878900543,-11.340607465395475,-7.063359646629181,-14.556020205112508,-8.196127790776478,-15.443237191401902,-9.906485316306203,-15.730454177691287,-12.816842841835927,-16.474062670835984,-13.972021604600798,-16.474062670835984,-13.972021604600798,-16.474062670835984,-13.972021604600798,-16.474062670835984,-13.972021604600798,left,-0.4211519961519961,2.5688079707848797,0.3428571428571428,,,1.0,0.0,1.0,0.0
2.25.272690031744216183651627058502316132741,/home/user/workspace/dataset_extracted/Датасет/НД_для_обучения/Исследования/2.25.272690031744216183651627058502316132741/series_002_2_CR/A2504373414 DXA/CR DXA/CR000003.dcm,1.2.643.5.1.13.13.12.2.77.8252.12111114061412150313141006121511,3,320,280,left_hip,True,1.0,Нарушение позиционирования/ротации левого бедра,,,,,,1.0,0.0,0,0.0,0,0.0,False,0.0,,,,,,,,2.5688079707848797,2.5688079707848797,26.4,147.0,8.270210229384883,2.044345411209019,57.599999999999994,11.446997878900543,66.15,3.0,336.0,168.0,203.0,0.475,0.21176339285714285,0.634375,0.34285714285714286,0.14642857142857144,0.571227778469699,0.16188824594076037,0.9770839057350779,0.9623878769324875,2.7057518969626924,1.2751708906431019,3.995394371432968,1.6597581509260606,5.26262622728567,1.972541164636675,5.952268701755946,1.685324178347281,7.841911176226222,-1.0018928079421043,7.931553650696497,-6.08910979423149,8.021196125166755,-6.304522533948531,8.088427981019459,-13.791739520237916,8.178070455489733,-14.07895650652731,9.46771292996001,-14.366173492816696,10.157355404430286,-12.853390479106082,11.446997878900543,-11.340607465395475,-7.063359646629181,-14.556020205112508,-8.196127790776478,-15.443237191401902,-9.906485316306203,-15.730454177691287,-12.816842841835927,-16.474062670835984,-13.972021604600798,-16.474062670835984,-13.972021604600798,-16.474062670835984,-13.972021604600798,-16.474062670835984,-13.972021604600798,left,-0.4211519961519961,2.5688079707848797,0.3428571428571428,,,1.0,0.0,1.0,0.0
2.25.272690031744216183651627058502316132741,/home/user/workspace/dataset_extracted/Датасет/НД_для_обучения/Исследования/2.25.272690031744216183651627058502316132741/series_002_2_CR/A2504373414 DXA/CR DXA/CR000004.dcm,1.2.643.5.1.13.13.12.2.77.8252.11001315081502000300100815110411,11,349,280,left_hip,True,1.0,Нарушение позиционирования/ротации левого бедра,,,,,,1.0,0.0,6640,4183.2,6640,4183.2,True,6.079338011664999,,,,,,,,-0.24692830732253207,0.24692830732253207,24.599999999999998,168.0,0.0,0.7998631782491487,35.4,-15.718301886792466,42.0,5.3999999999999995,366.45,168.0,200.0,0.2892857142857143,0.17473393368808843,0.5730659025787965,0.29285714285714287,0.1392857142857143,0.6585482346903904,0.16839781003318913,0.9876729565202123,-0.16900884800187868,-16.3784715223251,-0.21303322395406496,-16.458697703035284,-0.24605150591820146,-17.118867338567927,0.30992411812961224,-17.19909351927811,0.2658997421774259,-19.079319699988293,0.22187536622523965,-20.35954588069848,0.7778509902730576,-21.039772061408662,0.7448327083089168,-21.699941696941305,0.7008083323567306,-22.38016787765149,0.6567839564045442,-22.460394058361675,0.03477176842845324,-23.100507148716765,0.03477176842845324,-23.100507148716765,0.03477176842845324,-23.100507148716765,0.03477176842845324,-23.100507148716765,0.03477176842845324,-23.100507148716765,0.03477176842845324,-23.100507148716765,0.03477176842845324,-23.100507148716765,0.03477176842845324,-23.100507148716765,0.03477176842845324,-23.100507148716765,0.03477176842845324,-23.100507148716765,right,0.18554774985164912,0.24692830732253207,0.21071428571428572,0.0,0.0,,,0.0,0.0
2.25.272690031744216183651627058502316132741,/home/user/workspace/dataset_extracted/Датасет/НД_для_обучения/Исследования/2.25.272690031744216183651627058502316132741/series_002_2_CR/A2504373414 DXA/CR DXA/CR000005.dcm,1.2.643.5.1.13.13.12.2.77.8252.05061403001014150211070209121100,13,349,280,left_hip,True,1.0,Нарушение позиционирования/ротации левого бедра,,,,,,1.0,0.0,6640,4183.2,6640,4183.2,True,6.079338011664999,,,,,,,,-0.24692830732253207,0.24692830732253207,24.599999999999998,168.0,0.0,0.7998631782491487,35.4,-15.718301886792466,42.0,5.3999999999999995,366.45,168.0,200.0,0.2892857142857143,0.17473393368808843,0.5730659025787965,0.29285714285714287,0.1392857142857143,0.6585482346903904,0.16839781003318913,0.9876729565202123,-0.16900884800187868,-16.3784715223251,-0.21303322395406496,-16.458697703035284,-0.24605150591820146,-17.118867338567927,0.30992411812961224,-17.19909351927811,0.2658997421774259,-19.079319699988293,0.22187536622523965,-20.35954588069848,0.7778509902730576,-21.039772061408662,0.7448327083089168,-21.699941696941305,0.7008083323567306,-22.38016787765149,0.6567839564045442,-22.460394058361675,0.03477176842845324,-23.100507148716765,0.03477176842845324,-23.100507148716765,0.03477176842845324,-23.100507148716765,0.03477176842845324,-23.100507148716765,0.03477176842845324,-23.100507148716765,0.03477176842845324,-23.100507148716765,0.03477176842845324,-23.100507148716765,0.03477176842845324,-23.100507148716765,0.03477176842845324,-23.100507148716765,0.03477176842845324,-23.100507148716765,right,0.18554774985164912,0.24692830732253207,0.21071428571428572,0.0,0.0,,,0.0,0.0
2.25.272690031744216183651627058502316132741,/home/user/workspace/dataset_extracted/Датасет/НД_для_обучения/Исследования/2.25.272690031744216183651627058502316132741/series_002_2_CR/A2504373414 DXA/CR DXA/CR000006.dcm,1.2.643.5.1.13.13.12.2.77.8252.07020101080211090714060800071015,1,322,300,spine,True,0.0,,0.0,0.0,0.0,,,,,0,0.0,0,0.0,False,0.0,3.6266367957151586,0.027105294242402156,322.0,0.07369035905605273,0.0,0.003105590062111801,0.3433333333333333,,,,,,,,,,,,,,,,,,,,,,,,,,,,,,,,,,,,,,,,,,,,,,,,,,,,,,,,,,,,,,,,,,,,,,,
2.25.272690031744216183651627058502316132741,/home/user/workspace/dataset_extracted/Датасет/НД_для_обучения/Исследования/2.25.272690031744216183651627058502316132741/series_002_2_CR/A2504373414 DXA/CR DXA/CR000007.dcm,1.2.643.5.1.13.13.12.2.77.8252.10090104061310110414150206150115,2,349,280,left_hip,True,1.0,Нарушение позиционирования/ротации левого бедра,,,,,,1.0,0.0,6640,4183.2,6640,4183.2,True,6.079338011664999,,,,,,,,-0.24692830732253207,0.24692830732253207,24.599999999999998,168.0,0.0,0.7998631782491487,35.4,-15.718301886792466,42.0,5.3999999999999995,366.45,168.0,200.0,0.2892857142857143,0.17473393368808843,0.5730659025787965,0.29285714285714287,0.1392857142857143,0.6585482346903904,0.16839781003318913,0.9876729565202123,-0.16900884800187868,-16.3784715223251,-0.21303322395406496,-16.458697703035284,-0.24605150591820146,-17.118867338567927,0.30992411812961224,-17.19909351927811,0.2658997421774259,-19.079319699988293,0.22187536622523965,-20.35954588069848,0.7778509902730576,-21.039772061408662,0.7448327083089168,-21.699941696941305,0.7008083323567306,-22.38016787765149,0.6567839564045442,-22.460394058361675,0.03477176842845324,-23.100507148716765,0.03477176842845324,-23.100507148716765,0.03477176842845324,-23.100507148716765,0.03477176842845324,-23.100507148716765,0.03477176842845324,-23.100507148716765,0.03477176842845324,-23.100507148716765,0.03477176842845324,-23.100507148716765,0.03477176842845324,-23.100507148716765,0.03477176842845324,-23.100507148716765,0.03477176842845324,-23.100507148716765,right,0.18554774985164912,0.24692830732253207,0.21071428571428572,0.0,0.0,,,0.0,0.0
2.25.272690031744216183651627058502316132741,/home/user/workspace/dataset_extracted/Датасет/НД_для_обучения/Исследования/2.25.272690031744216183651627058502316132741/series_002_2_CR/A2504373414 DXA/CR DXA/CR000008.dcm,1.2.643.5.1.13.13.12.2.77.8252.03130108120702021004141402130400,12,320,280,left_hip,True,1.0,Нарушение позиционирования/ротации левого бедра,,,,,,1.0,0.0,0,0.0,0,0.0,False,0.0,,,,,,,,2.5688079707848797,2.5688079707848797,26.4,147.0,8.270210229384883,2.044345411209019,57.599999999999994,11.446997878900543,66.15,3.0,336.0,168.0,203.0,0.475,0.21176339285714285,0.634375,0.34285714285714286,0.14642857142857144,0.571227778469699,0.16188824594076037,0.9770839057350779,0.9623878769324875,2.7057518969626924,1.2751708906431019,3.995394371432968,1.6597581509260606,5.26262622728567,1.972541164636675,5.952268701755946,1.685324178347281,7.841911176226222,-1.0018928079421043,7.931553650696497,-6.08910979423149,8.021196125166755,-6.304522533948531,8.088427981019459,-13.791739520237916,8.178070455489733,-14.07895650652731,9.46771292996001,-14.366173492816696,10.157355404430286,-12.853390479106082,11.446997878900543,-11.340607465395475,-7.063359646629181,-14.556020205112508,-8.196127790776478,-15.443237191401902,-9.906485316306203,-15.730454177691287,-12.816842841835927,-16.474062670835984,-13.972021604600798,-16.474062670835984,-13.972021604600798,-16.474062670835984,-13.972021604600798,-16.474062670835984,-13.972021604600798,left,-0.4211519961519961,2.5688079707848797,0.3428571428571428,,,1.0,0.0,1.0,0.0
2.25.272690031744216183651627058502316132741,/home/user/workspace/dataset_extracted/Датасет/НД_для_обучения/Исследования/2.25.272690031744216183651627058502316132741/series_002_2_CR/A2504373414 DXA/CR DXA/CR000009.dcm,1.2.643.5.1.13.13.12.2.77.8252.05090009071111050211130101070710,4,322,300,spine,True,0.0,,0.0,0.0,0.0,,,,,0,0.0,0,0.0,False,0.0,3.6266367957151586,0.027105294242402156,322.0,0.07369035905605273,0.0,0.003105590062111801,0.3433333333333333,,,,,,,,,,,,,,,,,,,,,,,,,,,,,,,,,,,,,,,,,,,,,,,,,,,,,,,,,,,,,,,,,,,,,,,
2.25.272690031744216183651627058502316132741,/home/user/workspace/dataset_extracted/Датасет/НД_для_обучения/Исследования/2.25.272690031744216183651627058502316132741/series_002_2_CR/A2504373414 DXA/CR DXA/CR000010.dcm,1.2.643.5.1.13.13.12.2.77.8252.06121304010102150202081301011406,6,320,280,left_hip,True,1.0,Нарушение позиционирования/ротации левого бедра,,,,,,1.0,0.0,0,0.0,0,0.0,False,0.0,,,,,,,,2.5688079707848797,2.5688079707848797,26.4,147.0,8.270210229384883,2.044345411209019,57.599999999999994,11.446997878900543,66.15,3.0,336.0,168.0,203.0,0.475,0.21176339285714285,0.634375,0.34285714285714286,0.14642857142857144,0.571227778469699,0.16188824594076037,0.9770839057350779,0.9623878769324875,2.7057518969626924,1.2751708906431019,3.995394371432968,1.6597581509260606,5.26262622728567,1.972541164636675,5.952268701755946,1.685324178347281,7.841911176226222,-1.0018928079421043,7.931553650696497,-6.08910979423149,8.021196125166755,-6.304522533948531,8.088427981019459,-13.791739520237916,8.178070455489733,-14.07895650652731,9.46771292996001,-14.366173492816696,10.157355404430286,-12.853390479106082,11.446997878900543,-11.340607465395475,-7.063359646629181,-14.556020205112508,-8.196127790776478,-15.443237191401902,-9.906485316306203,-15.730454177691287,-12.816842841835927,-16.474062670835984,-13.972021604600798,-16.474062670835984,-13.972021604600798,-16.474062670835984,-13.972021604600798,-16.474062670835984,-13.972021604600798,left,-0.4211519961519961,2.5688079707848797,0.3428571428571428,,,1.0,0.0,1.0,0.0
2.25.276415754443998872860614500027519740375,/home/user/workspace/dataset_extracted/Датасет/НД_для_обучения/Исследования/2.25.276415754443998872860614500027519740375/series_002_2_CR/A2504387089 DXA/CR DXA/CR000000.dcm,1.2.643.5.1.13.13.12.2.77.8252.13000009090006001202001212051006,3,291,300,spine,True,0.0,,0.0,0.0,0.0,,,,,0,0.0,0,0.0,False,0.0,2.424449768676737,0.7119223473910226,291.0,0.030374243018341834,0.0,0.003436426116838488,0.37,,,,,,,,,,,,,,,,,,,,,,,,,,,,,,,,,,,,,,,,,,,,,,,,,,,,,,,,,,,,,,,,,,,,,,,
2.25.276415754443998872860614500027519740375,/home/user/workspace/dataset_extracted/Датасет/НД_для_обучения/Исследования/2.25.276415754443998872860614500027519740375/series_002_2_CR/A2504387089 DXA/CR DXA/CR000001.dcm,1.2.643.5.1.13.13.12.2.77.8252.00080112010710030607090609070409,1,291,300,spine,True,0.0,,0.0,0.0,0.0,,,,,0,0.0,0,0.0,False,0.0,2.424449768676737,0.7119223473910226,291.0,0.030374243018341834,0.0,0.003436426116838488,0.37,,,,,,,,,,,,,,,,,,,,,,,,,,,,,,,,,,,,,,,,,,,,,,,,,,,,,,,,,,,,,,,,,,,,,,,
2.25.276415754443998872860614500027519740375,/home/user/workspace/dataset_extracted/Датасет/НД_для_обучения/Исследования/2.25.276415754443998872860614500027519740375/series_002_2_CR/A2504387089 DXA/CR DXA/CR000002.dcm,1.2.643.5.1.13.13.12.2.77.8252.01080011050715071510151108031409,5,292,280,right_hip,True,0.0,,,,,0.0,0.0,,,0,0.0,0,0.0,False,0.0,,,,,,,,1.704841681328444,1.704841681328444,27.599999999999998,118.65,0.0,-15.731700379266748,50.4,26.080427839510303,78.75,11.4,306.6,168.0,292.0,0.41785714285714287,0.2051614481409002,1.0,0.2357142857142857,0.16071428571428573,0.5140528525983632,0.14825664831702726,0.9627541878601936,-17.703792667509482,2.915483398762427,-17.933249051833126,4.136043648945406,-18.105341340075853,4.751463836582644,-18.334797724399497,5.9720240867656225,-20.96425410872314,6.592584336948602,-23.593710493046782,7.2131445871315805,-25.623166877370426,7.833704837314559,-25.79525916561315,7.84912502495178,-26.624715549936795,8.46968527513476,-27.454171934260437,9.090245525317755,-28.88362831858408,10.310805775500734,-30.0,10.931366025683712,-30.0,12.75192627586669,-30.0,13.967346463503912,-30.0,15.78790671368689,-30.0,18.20846696386987,-30.0,20.629027214052865,-30.0,23.049587464235845,-30.0,24.265007651873066,-30.0,26.080427839510303,right,0.49770813519835844,1.704841681328444,0.3,0.0,0.0,,,0.0,0.0
2.25.276415754443998872860614500027519740375,/home/user/workspace/dataset_extracted/Датасет/НД_для_обучения/Исследования/2.25.276415754443998872860614500027519740375/series_002_2_CR/A2504387089 DXA/CR DXA/CR000003.dcm,1.2.643.5.1.13.13.12.2.77.8252.12100615051100140712150704150801,4,292,280,left_hip,True,0.0,,,,,,,0.0,0.0,0,0.0,0,0.0,False,0.0,,,,,,,,-4.744924971973834,4.744924971973834,27.0,91.35000000000001,0.0,-11.810913465043427,70.2,26.10819421156234,82.95,9.0,306.6,168.0,292.0,0.4982142857142857,0.18999510763209393,1.0,0.3107142857142857,0.15714285714285714,0.46862999236032404,0.13805442078877259,0.959556919204651,-12.206258657140813,1.6977582561785198,-12.279131734344292,2.727648173798991,-12.48378654224689,3.8000656120143446,-12.556659619450368,4.829955529634816,-12.62953269665383,5.859845447255287,-12.70240577385731,6.289735364875758,-13.375278851060772,6.71962528249623,-13.579933658963386,6.592042720711583,-14.852806736166848,7.621932638332055,-15.52567981337031,8.051822555952526,-16.79855289057379,9.081712473572997,-17.471425967777254,10.111602391193468,-18.14429904498073,11.14149230881394,-18.948953852883328,12.813909747029294,-22.021826930086807,15.043799664649747,-23.89470000729027,17.27368958227022,-25.16757308449375,20.10357949989069,-25.840446161697212,22.33346941751116,-26.045100969599808,23.405886855726514,-26.71797404680329,25.035776773346985,left,-1.0327152047456116,4.744924971973834,0.41785714285714287,,,0.0,0.0,0.0,0.0
2.25.276415754443998872860614500027519740375,/home/user/workspace/dataset_extracted/Датасет/НД_для_обучения/Исследования/2.25.276415754443998872860614500027519740375/series_002_2_CR/A2504387089 DXA/CR DXA/CR000004.dcm,1.2.643.5.1.13.13.12.2.77.8252.06120002061108140400041203121102,8,292,280,right_hip,True,0.0,,,,,0.0,0.0,,,0,0.0,0,0.0,False,0.0,,,,,,,,1.704841681328444,1.704841681328444,27.599999999999998,118.65,0.0,-15.731700379266748,50.4,26.080427839510303,78.75,11.4,306.6,168.0,292.0,0.41785714285714287,0.2051614481409002,1.0,0.2357142857142857,0.16071428571428573,0.5140528525983632,0.14825664831702726,0.9627541878601936,-17.703792667509482,2.915483398762427,-17.933249051833126,4.136043648945406,-18.105341340075853,4.751463836582644,-18.334797724399497,5.9720240867656225,-20.96425410872314,6.592584336948602,-23.593710493046782,7.2131445871315805,-25.623166877370426,7.833704837314559,-25.79525916561315,7.84912502495178,-26.624715549936795,8.46968527513476,-27.454171934260437,9.090245525317755,-28.88362831858408,10.310805775500734,-30.0,10.931366025683712,-30.0,12.75192627586669,-30.0,13.967346463503912,-30.0,15.78790671368689,-30.0,18.20846696386987,-30.0,20.629027214052865,-30.0,23.049587464235845,-30.0,24.265007651873066,-30.0,26.080427839510303,right,0.49770813519835844,1.704841681328444,0.3,0.0,0.0,,,0.0,0.0
2.25.276415754443998872860614500027519740375,/home/user/workspace/dataset_extracted/Датасет/НД_для_обучения/Исследования/2.25.276415754443998872860614500027519740375/series_002_2_CR/A2504387089 DXA/CR DXA/CR000005.dcm,1.2.643.5.1.13.13.12.2.77.8252.15130815100101091501031008111015,6,292,280,left_hip,True,0.0,,,,,,,0.0,0.0,0,0.0,0,0.0,False,0.0,,,,,,,,-4.744924971973834,4.744924971973834,27.0,91.35000000000001,0.0,-11.810913465043427,70.2,26.10819421156234,82.95,9.0,306.6,168.0,292.0,0.4982142857142857,0.18999510763209393,1.0,0.3107142857142857,0.15714285714285714,0.46862999236032404,0.13805442078877259,0.959556919204651,-12.206258657140813,1.6977582561785198,-12.279131734344292,2.727648173798991,-12.48378654224689,3.8000656120143446,-12.556659619450368,4.829955529634816,-12.62953269665383,5.859845447255287,-12.70240577385731,6.289735364875758,-13.375278851060772,6.71962528249623,-13.579933658963386,6.592042720711583,-14.852806736166848,7.621932638332055,-15.52567981337031,8.051822555952526,-16.79855289057379,9.081712473572997,-17.471425967777254,10.111602391193468,-18.14429904498073,11.14149230881394,-18.948953852883328,12.813909747029294,-22.021826930086807,15.043799664649747,-23.89470000729027,17.27368958227022,-25.16757308449375,20.10357949989069,-25.840446161697212,22.33346941751116,-26.045100969599808,23.405886855726514,-26.71797404680329,25.035776773346985,left,-1.0327152047456116,4.744924971973834,0.41785714285714287,,,0.0,0.0,0.0,0.0
2.25.277752758923974029595977676354128739670,/home/user/workspace/dataset_extracted/Датасет/НД_для_обучения/Исследования/2.25.277752758923974029595977676354128739670/series_002_2_CR/A2504223752 DXA/CR DXA/CR000000.dcm,1.2.643.5.1.13.13.12.2.77.8252.11140100091110050501140207060912,5,261,280,right_hip,True,0.0,,,,,0.0,0.0,,,0,0.0,0,0.0,False,0.0,,,,,,,,-11.982240312906,11.982240312906,14.1,81.9,0.0,6.491561602954005,67.8,21.139721038455253,71.4,5.3999999999999995,274.05,168.0,261.0,0.48928571428571427,0.16353311439518337,1.0,0.2785714285714286,0.16071428571428573,0.43025142766251245,0.126655510934721,0.9486041883779827,3.702285056715436,2.506678131994613,5.29960419327507,3.5212433136483923,5.897593545694804,4.582167199888744,5.694912682254437,5.596732381542523,6.092231818814071,6.01129756319632,5.889550955373721,6.425862744850115,6.2868700919333715,7.440427926503895,5.684859444353106,8.501351812744247,5.482178580912739,9.515916994398026,4.079497717472372,11.130482176051823,3.876816854032006,12.745047357705618,3.6741359905916564,14.359612539359398,4.0714551271513075,15.374177721013194,4.669444479571041,15.835101607253545,5.066763616130674,16.249666788907323,5.464082752690308,16.664231970561122,5.861401889249941,17.678797152214916,5.859391241669675,21.139721038455253,5.859391241669675,21.139721038455253,5.859391241669675,21.139721038455253,right,0.8355871001496686,11.982240312906,0.4035714285714286,0.0,0.0,,,0.0,0.0
2.25.277752758923974029595977676354128739670,/home/user/workspace/dataset_extracted/Датасет/НД_для_обучения/Исследования/2.25.277752758923974029595977676354128739670/series_002_2_CR/A2504223752 DXA/CR DXA/CR000001.dcm,1.2.643.5.1.13.13.12.2.77.8252.05010011080903070300131415001403,3,261,280,left_hip,True,1.0,Нарушение корректности области интереса левого бедра,,,,,,0.0,1.0,0,0.0,0,0.0,False,0.0,,,,,,,,-9.912347685152417,9.912347685152417,25.8,100.80000000000001,0.0,2.9269872490504154,60.0,20.286488062940908,70.35000000000001,5.3999999999999995,274.05,168.0,261.0,0.4392857142857143,0.15670498084291187,1.0,0.22142857142857142,0.15357142857142858,0.4418460292100492,0.11896351106677815,0.9593562362533784,2.0791087900162553,3.1298941942485214,2.1410784047747824,3.5239636462289865,2.487555615843695,3.969515735214344,2.549525230602239,4.963585187194809,2.6114948453607836,5.957654639175274,2.673464460119328,6.351724091155757,2.735434074877855,7.345793543136221,2.481911285946785,8.391345632121562,1.9438809007053122,9.385415084102045,-0.3941494845361433,10.97948453608251,-0.9321798697775989,12.573553988062974,-1.4702102550190546,14.167623440043439,-2.00824064026051,14.561692892023904,-1.6617634291915977,15.607244981009261,-1.5997938144330532,16.601314432989728,-2.137824199674526,18.19538388497019,-2.6758545849159643,19.189453336950656,-2.6448697775367007,20.286488062940908,-2.6448697775367007,20.286488062940908,-2.6448697775367007,20.286488062940908,left,-0.653229561536274,9.912347685152417,0.35714285714285715,,,0.0,1.0,0.0,1.0
2.25.277752758923974029595977676354128739670,/home/user/workspace/dataset_extracted/Датасет/НД_для_обучения/Исследования/2.25.277752758923974029595977676354128739670/series_002_2_CR/A2504223752 DXA/CR DXA/CR000002.dcm,1.2.643.5.1.13.13.12.2.77.8252.09010705011309010307011213150407,9,261,280,left_hip,True,1.0,Нарушение корректности области интереса левого бедра,,,,,,0.0,1.0,0,0.0,0,0.0,False,0.0,,,,,,,,-9.912347685152417,9.912347685152417,25.8,100.80000000000001,0.0,2.9269872490504154,60.0,20.286488062940908,70.35000000000001,5.3999999999999995,274.05,168.0,261.0,0.4392857142857143,0.15670498084291187,1.0,0.22142857142857142,0.15357142857142858,0.4418460292100492,0.11896351106677815,0.9593562362533784,2.0791087900162553,3.1298941942485214,2.1410784047747824,3.5239636462289865,2.487555615843695,3.969515735214344,2.549525230602239,4.963585187194809,2.6114948453607836,5.957654639175274,2.673464460119328,6.351724091155757,2.735434074877855,7.345793543136221,2.481911285946785,8.391345632121562,1.9438809007053122,9.385415084102045,-0.3941494845361433,10.97948453608251,-0.9321798697775989,12.573553988062974,-1.4702102550190546,14.167623440043439,-2.00824064026051,14.561692892023904,-1.6617634291915977,15.607244981009261,-1.5997938144330532,16.601314432989728,-2.137824199674526,18.19538388497019,-2.6758545849159643,19.189453336950656,-2.6448697775367007,20.286488062940908,-2.6448697775367007,20.286488062940908,-2.6448697775367007,20.286488062940908,left,-0.653229561536274,9.912347685152417,0.35714285714285715,,,0.0,1.0,0.0,1.0
2.25.277752758923974029595977676354128739670,/home/user/workspace/dataset_extracted/Датасет/НД_для_обучения/Исследования/2.25.277752758923974029595977676354128739670/series_002_2_CR/A2504223752 DXA/CR DXA/CR000003.dcm,1.2.643.5.1.13.13.12.2.77.8252.05101415070003100803120514081507,8,261,280,right_hip,True,0.0,,,,,0.0,0.0,,,0,0.0,0,0.0,False,0.0,,,,,,,,-11.982240312906,11.982240312906,14.1,81.9,0.0,6.491561602954005,67.8,21.139721038455253,71.4,5.3999999999999995,274.05,168.0,261.0,0.48928571428571427,0.16353311439518337,1.0,0.2785714285714286,0.16071428571428573,0.43025142766251245,0.126655510934721,0.9486041883779827,3.702285056715436,2.506678131994613,5.29960419327507,3.5212433136483923,5.897593545694804,4.582167199888744,5.694912682254437,5.596732381542523,6.092231818814071,6.01129756319632,5.889550955373721,6.425862744850115,6.2868700919333715,7.440427926503895,5.684859444353106,8.501351812744247,5.482178580912739,9.515916994398026,4.079497717472372,11.130482176051823,3.876816854032006,12.745047357705618,3.6741359905916564,14.359612539359398,4.0714551271513075,15.374177721013194,4.669444479571041,15.835101607253545,5.066763616130674,16.249666788907323,5.464082752690308,16.664231970561122,5.861401889249941,17.678797152214916,5.859391241669675,21.139721038455253,5.859391241669675,21.139721038455253,5.859391241669675,21.139721038455253,right,0.8355871001496686,11.982240312906,0.4035714285714286,0.0,0.0,,,0.0,0.0
2.25.277752758923974029595977676354128739670,/home/user/workspace/dataset_extracted/Датасет/НД_для_обучения/Исследования/2.25.277752758923974029595977676354128739670/series_002_2_CR/A2504223752 DXA/CR DXA/CR000004.dcm,1.2.643.5.1.13.13.12.2.77.8252.07090609050707040704081509101500,1,285,300,spine,True,1.0,"Наличие посторонних предметов, артефактов или наложений",0.0,0.0,1.0,,,,,775,488.25,775,488.25,True,3.819640783402289,0.5547562653139984,0.21836462191680805,285.0,-0.00633937343963917,0.0,0.0035087719298245615,0.5,,,,,,,,,,,,,,,,,,,,,,,,,,,,,,,,,,,,,,,,,,,,,,,,,,,,,,,,,,,,,,,,,,,,,,,
2.25.277752758923974029595977676354128739670,/home/user/workspace/dataset_extracted/Датасет/НД_для_обучения/Исследования/2.25.277752758923974029595977676354128739670/series_002_2_CR/A2504223752 DXA/CR DXA/CR000005.dcm,1.2.643.5.1.13.13.12.2.77.8252.15080302090100001214141305071301,7,285,300,spine,True,1.0,"Наличие посторонних предметов, артефактов или наложений",0.0,0.0,1.0,,,,,775,488.25,775,488.25,True,3.819640783402289,0.5547562653139984,0.21836462191680805,285.0,-0.00633937343963917,0.0,0.0035087719298245615,0.5,,,,,,,,,,,,,,,,,,,,,,,,,,,,,,,,,,,,,,,,,,,,,,,,,,,,,,,,,,,,,,,,,,,,,,,
2.25.286999464611662854355201599068538813496,/home/user/workspace/dataset_extracted/Датасет/НД_для_обучения/Исследования/2.25.286999464611662854355201599068538813496/series_003_2_CR/A2504223477 DXA/CR DXA/CR000000.dcm,1.2.643.5.1.13.13.12.2.77.8252.11091010090201121300090614051311,7,265,280,left_hip,True,0.0,,,,,,,0.0,0.0,0,0.0,0,0.0,False,0.0,,,,,,,,-4.6363194118360225,4.6363194118360225,27.0,82.95,0.0,-11.440165530671868,37.199999999999996,20.37874878286272,93.45,8.4,278.25,168.0,265.0,0.30178571428571427,0.16950134770889488,1.0,0.20357142857142857,0.15714285714285714,0.46269994726864105,0.12226284587644634,0.9570818619504493,-11.711027263875371,1.2520691333982483,-11.776168451801363,1.7057205452775122,-11.97502434274586,2.7959591041869514,-11.440165530671868,3.249610516066215,-11.50530671859786,4.303261927945479,-12.170447906523858,4.7569133398247345,-12.835589094449858,5.210564751703998,-13.634444985394355,5.100803310613446,-13.699586173320355,5.554454722492701,-13.764727361246354,6.008106134371965,-14.429868549172355,7.06175754625122,-14.495009737098353,7.515408958130484,-14.560150925024345,7.969060370009748,-14.759006815968851,8.459298928919196,-15.42414800389485,9.51295034079845,-16.089289191820843,10.566601752677714,-18.55443037974684,12.22025316455697,-19.819571567672842,13.873904576436233,-20.01842745861734,14.964143135345681,-21.283568646543337,17.217794547224937,right,0.20714052089032695,4.6363194118360225,0.2214285714285714,0.0,0.0,,,0.0,0.0
2.25.286999464611662854355201599068538813496,/home/user/workspace/dataset_extracted/Датасет/НД_для_обучения/Исследования/2.25.286999464611662854355201599068538813496/series_003_2_CR/A2504223477 DXA/CR DXA/CR000001.dcm,1.2.643.5.1.13.13.12.2.77.8252.02141512030209141106060309030501,6,291,300,spine,True,0.0,,0.0,0.0,0.0,,,,,0,0.0,0,0.0,False,0.0,0.45315152440740303,1.8604605731232555,291.0,0.004042955814173486,0.0,0.003436426116838488,0.31666666666666665,,,,,,,,,,,,,,,,,,,,,,,,,,,,,,,,,,,,,,,,,,,,,,,,,,,,,,,,,,,,,,,,,,,,,,,
2.25.286999464611662854355201599068538813496,/home/user/workspace/dataset_extracted/Датасет/НД_для_обучения/Исследования/2.25.286999464611662854355201599068538813496/series_003_2_CR/A2504223477 DXA/CR DXA/CR000002.dcm,1.2.643.5.1.13.13.12.2.77.8252.15080906090913051107110915140103,4,265,280,left_hip,True,0.0,,,,,,,0.0,0.0,0,0.0,0,0.0,False,0.0,,,,,,,,-4.850035730963621,4.850035730963621,26.4,82.95,0.0,-11.187955209347622,45.0,22.32988802336907,95.55,9.0,278.25,168.0,265.0,0.34285714285714286,0.17594339622641508,1.0,0.20714285714285716,0.15357142857142858,0.48453409859250596,0.12509877535559885,0.9612419535818902,-11.459138266796502,0.9521567672833526,-11.524162609542367,1.9743768257059513,-11.722930866601768,2.441041869522894,-11.187955209347622,3.463261927945484,-11.252979552093487,4.485481986368074,-12.51800389483935,5.507702044790665,-12.583028237585205,5.929922103213255,-13.381796494644606,5.7965871470301975,-13.44682083739047,6.218807205452788,-13.511845180136334,6.641027263875378,-13.576869522882197,7.663247322297968,-13.04189386562806,8.085467380720559,-14.306918208373915,9.107687439143149,-15.105686465433315,9.5743524829601,-16.370710808179172,9.99657254138269,-17.635735150925033,11.61879259980528,-19.5007594936709,13.24101265822787,-20.765783836416762,14.86323271665046,-22.164552093476164,17.129897760467404,-22.829576436222016,19.352117818889994,left,-0.33497150293269123,4.850035730963621,0.26785714285714285,,,0.0,0.0,0.0,0.0
2.25.286999464611662854355201599068538813496,/home/user/workspace/dataset_extracted/Датасет/НД_для_обучения/Исследования/2.25.286999464611662854355201599068538813496/series_003_2_CR/A2504223477 DXA/CR DXA/CR000003.dcm,1.2.643.5.1.13.13.12.2.77.8252.02060612071110031306070811070605,5,265,280,left_hip,True,0.0,,,,,,,0.0,0.0,0,0.0,0,0.0,False,0.0,,,,,,,,-4.6363194118360225,4.6363194118360225,27.0,82.95,0.0,-11.440165530671868,37.199999999999996,20.37874878286272,93.45,8.4,278.25,168.0,265.0,0.30178571428571427,0.16950134770889488,1.0,0.20357142857142857,0.15714285714285714,0.46269994726864105,0.12226284587644634,0.9570818619504493,-11.711027263875371,1.2520691333982483,-11.776168451801363,1.7057205452775122,-11.97502434274586,2.7959591041869514,-11.440165530671868,3.249610516066215,-11.50530671859786,4.303261927945479,-12.170447906523858,4.7569133398247345,-12.835589094449858,5.210564751703998,-13.634444985394355,5.100803310613446,-13.699586173320355,5.554454722492701,-13.764727361246354,6.008106134371965,-14.429868549172355,7.06175754625122,-14.495009737098353,7.515408958130484,-14.560150925024345,7.969060370009748,-14.759006815968851,8.459298928919196,-15.42414800389485,9.51295034079845,-16.089289191820843,10.566601752677714,-18.55443037974684,12.22025316455697,-19.819571567672842,13.873904576436233,-20.01842745861734,14.964143135345681,-21.283568646543337,17.217794547224937,right,0.20714052089032695,4.6363194118360225,0.2214285714285714,0.0,0.0,,,0.0,0.0
2.25.286999464611662854355201599068538813496,/home/user/workspace/dataset_extracted/Датасет/НД_для_обучения/Исследования/2.25.286999464611662854355201599068538813496/series_003_2_CR/A2504223477 DXA/CR DXA/CR000004.dcm,1.2.643.5.1.13.13.12.2.77.8252.08001013010106001102020015031109,1,291,300,spine,True,0.0,,0.0,0.0,0.0,,,,,0,0.0,0,0.0,False,0.0,0.45315152440740303,1.8604605731232555,291.0,0.004042955814173486,0.0,0.003436426116838488,0.31666666666666665,,,,,,,,,,,,,,,,,,,,,,,,,,,,,,,,,,,,,,,,,,,,,,,,,,,,,,,,,,,,,,,,,,,,,,,
2.25.286999464611662854355201599068538813496,/home/user/workspace/dataset_extracted/Датасет/НД_для_обучения/Исследования/2.25.286999464611662854355201599068538813496/series_003_2_CR/A2504223477 DXA/CR DXA/CR000005.dcm,1.2.643.5.1.13.13.12.2.77.8252.11130511020109141404120604130811,8,265,280,left_hip,True,0.0,,,,,,,0.0,0.0,0,0.0,0,0.0,False,0.0,,,,,,,,-4.850035730963621,4.850035730963621,26.4,82.95,0.0,-11.187955209347622,45.0,22.32988802336907,95.55,9.0,278.25,168.0,265.0,0.34285714285714286,0.17594339622641508,1.0,0.20714285714285716,0.15357142857142858,0.48453409859250596,0.12509877535559885,0.9612419535818902,-11.459138266796502,0.9521567672833526,-11.524162609542367,1.9743768257059513,-11.722930866601768,2.441041869522894,-11.187955209347622,3.463261927945484,-11.252979552093487,4.485481986368074,-12.51800389483935,5.507702044790665,-12.583028237585205,5.929922103213255,-13.381796494644606,5.7965871470301975,-13.44682083739047,6.218807205452788,-13.511845180136334,6.641027263875378,-13.576869522882197,7.663247322297968,-13.04189386562806,8.085467380720559,-14.306918208373915,9.107687439143149,-15.105686465433315,9.5743524829601,-16.370710808179172,9.99657254138269,-17.635735150925033,11.61879259980528,-19.5007594936709,13.24101265822787,-20.765783836416762,14.86323271665046,-22.164552093476164,17.129897760467404,-22.829576436222016,19.352117818889994,left,-0.33497150293269123,4.850035730963621,0.26785714285714285,,,0.0,0.0,0.0,0.0
2.25.29638026465755240167985424461715024381,/home/user/workspace/dataset_extracted/Датасет/НД_для_обучения/Исследования/2.25.29638026465755240167985424461715024381/series_004_3_CR/A2504115579 DXA/CR DXA/CR000000.dcm,1.2.643.5.1.13.13.12.2.77.8252.09040806151211060704090912150608,4,265,280,right_hip,True,0.0,,,,,0.0,0.0,,,0,0.0,0,0.0,False,0.0,,,,,,,,-9.132701470907728,9.132701470907728,26.4,82.95,0.0,-7.350262901655321,61.199999999999996,17.90038948393381,75.60000000000001,9.6,278.25,168.0,265.0,0.4392857142857143,0.18743935309973045,1.0,0.26071428571428573,0.15357142857142858,0.46571086453487864,0.10966464676682276,0.9557091400994254,-9.00514118792601,2.02004868549173,-8.63205452775074,2.842755598831553,-9.102239532619285,3.759785783836429,-8.729152872444013,3.982492697176252,-8.356066212268757,4.805199610516075,-7.982979552093485,5.027906523855898,-7.609892891918229,5.250613437195722,-8.080077896786776,5.567643622200597,-7.706991236611503,6.390350535540421,-8.53390457643623,7.213057448880243,-9.960817916260975,8.035764362220066,-10.787731256085703,9.458471275559907,-11.61464459591043,10.88117818889973,-12.084829600778994,11.798208373904588,-13.511742940603721,14.420915287244428,-14.338656280428449,16.44362220058425,-15.165569620253176,16.666329113924075,-15.392482960077905,16.8890360272639,-15.262667964946466,17.806066212268775,-15.262667964946466,17.806066212268775,right,0.8501584351314462,9.132701470907728,0.36428571428571427,0.0,0.0,,,0.0,0.0
2.25.29638026465755240167985424461715024381,/home/user/workspace/dataset_extracted/Датасет/НД_для_обучения/Исследования/2.25.29638026465755240167985424461715024381/series_004_3_CR/A2504115579 DXA/CR DXA/CR000001.dcm,1.2.643.5.1.13.13.12.2.77.8252.12021011000615031102060001101203,2,315,300,spine,True,1.0,Нарушение укладки поясничного отдела позвоночника,1.0,0.0,0.0,,,,,37,23.31,37,23.31,True,3.363412398897349,1.3024135557683776,0.8956708921621954,315.0,-0.024931275366254793,0.0,0.0031746031746031746,0.30666666666666664,,,,,,,,,,,,,,,,,,,,,,,,,,,,,,,,,,,,,,,,,,,,,,,,,,,,,,,,,,,,,,,,,,,,,,,
2.25.29638026465755240167985424461715024381,/home/user/workspace/dataset_extracted/Датасет/НД_для_обучения/Исследования/2.25.29638026465755240167985424461715024381/series_004_3_CR/A2504115579 DXA/CR DXA/CR000002.dcm,1.2.643.5.1.13.13.12.2.77.8252.11100504100006050214040402081303,1,265,280,right_hip,True,0.0,,,,,0.0,0.0,,,0,0.0,0,0.0,False,0.0,,,,,,,,-9.132701470907728,9.132701470907728,26.4,82.95,0.0,-7.350262901655321,61.199999999999996,17.90038948393381,75.60000000000001,9.6,278.25,168.0,265.0,0.4392857142857143,0.18743935309973045,1.0,0.26071428571428573,0.15357142857142858,0.46571086453487864,0.10966464676682276,0.9557091400994254,-9.00514118792601,2.02004868549173,-8.63205452775074,2.842755598831553,-9.102239532619285,3.759785783836429,-8.729152872444013,3.982492697176252,-8.356066212268757,4.805199610516075,-7.982979552093485,5.027906523855898,-7.609892891918229,5.250613437195722,-8.080077896786776,5.567643622200597,-7.706991236611503,6.390350535540421,-8.53390457643623,7.213057448880243,-9.960817916260975,8.035764362220066,-10.787731256085703,9.458471275559907,-11.61464459591043,10.88117818889973,-12.084829600778994,11.798208373904588,-13.511742940603721,14.420915287244428,-14.338656280428449,16.44362220058425,-15.165569620253176,16.666329113924075,-15.392482960077905,16.8890360272639,-15.262667964946466,17.806066212268775,-15.262667964946466,17.806066212268775,right,0.8501584351314462,9.132701470907728,0.36428571428571427,0.0,0.0,,,0.0,0.0
2.25.29638026465755240167985424461715024381,/home/user/workspace/dataset_extracted/Датасет/НД_для_обучения/Исследования/2.25.29638026465755240167985424461715024381/series_004_3_CR/A2504115579 DXA/CR DXA/CR000003.dcm,1.2.643.5.1.13.13.12.2.77.8252.12090901030412121214030908040015,3,265,280,left_hip,True,0.0,,,,,,,0.0,0.0,0,0.0,0,0.0,False,0.0,,,,,,,,-3.318376023234504,3.318376023234504,27.0,56.7,0.0,9.308595387840663,66.0,-16.598322851153057,109.2,3.0,278.25,168.0,158.0,0.46964285714285714,0.22610512129380053,0.5962264150943396,0.34285714285714286,0.15714285714285714,0.5070727485922725,0.12291777635802796,0.948234543416127,0.8670859538784128,-18.046624737945507,1.0230607966457115,-18.977693920335444,1.1400419287211832,-19.825995807127896,1.2960167714884732,-20.157064989517835,1.4519916142557718,-21.088134171907758,1.6079664570230618,-21.419203354297697,2.3639412997903606,-21.750272536687635,2.480922431865832,-21.998574423480083,2.6368972746331223,-22.32964360587002,3.392872117400421,-22.060712788259945,4.148846960167719,-21.791781970649883,4.30482180293501,-20.922851153039822,5.060796645702308,-20.653920335429763,5.17777777777778,-20.90222222222221,5.93375262054507,-21.23329140461215,7.289727463312368,-25.164360587002072,8.645702306079658,-30.0,8.801677148846958,-30.0,8.918658280922429,-30.0,9.074633123689718,-30.0,left,-0.8863175544878026,3.318376023234504,0.39285714285714285,,,0.0,0.0,0.0,0.0
2.25.306921081709806079165809721263236241032,/home/user/workspace/dataset_extracted/Датасет/НД_для_обучения/Исследования/2.25.306921081709806079165809721263236241032/series_002_2_CR/A2504381177 DXA/CR DXA/CR000000.dcm,1.2.643.5.1.13.13.12.2.77.8252.05140704131104071313121101000313,1,313,300,spine,True,0.0,,0.0,0.0,0.0,,,,,841,529.83,841,529.83,True,4.428488769041765,0.42662698896578344,0.000420034219458465,313.0,-0.018664109485248825,0.0,0.003194888178913738,0.34,,,,,,,,,,,,,,,,,,,,,,,,,,,,,,,,,,,,,,,,,,,,,,,,,,,,,,,,,,,,,,,,,,,,,,,
2.25.307021710202910067378603383388989711646,/home/user/workspace/dataset_extracted/Датасет/НД_для_обучения/Исследования/2.25.307021710202910067378603383388989711646/series_004_2_CR/A2504110565 DXA/CR DXA/CR000000.dcm,1.2.643.5.1.13.13.12.2.77.8252.10011315050807060809100706050011,1,318,300,spine,True,1.0,"Наличие посторонних предметов, артефактов или наложений",0.0,0.0,1.0,,,,,2559,1612.17,2559,1612.17,True,4.406003372530337,0.16502375443141376,0.36785480491102707,318.0,0.012300093930854815,0.0,0.0031446540880503146,0.33,,,,,,,,,,,,,,,,,,,,,,,,,,,,,,,,,,,,,,,,,,,,,,,,,,,,,,,,,,,,,,,,,,,,,,,
2.25.307021710202910067378603383388989711646,/home/user/workspace/dataset_extracted/Датасет/НД_для_обучения/Исследования/2.25.307021710202910067378603383388989711646/series_004_2_CR/A2504110565 DXA/CR DXA/CR000001.dcm,1.2.643.5.1.13.13.12.2.77.8252.12090115120005000603040515131409,2,265,280,right_hip,True,0.0,,,,,0.0,0.0,,,0,0.0,0,0.0,False,0.0,,,,,,,,-3.6885629451241173,3.6885629451241173,25.8,90.3,0.0,-17.33630642954856,58.199999999999996,17.71515071465634,88.2,7.199999999999999,278.25,168.0,265.0,0.4160714285714286,0.17099730458221024,1.0,0.25,0.14285714285714285,0.4781498530504178,0.13501375306734642,0.9631016822993549,-20.21306854096891,1.2592046794660006,-21.848751356196047,2.082001981225517,-22.325513467616393,2.9990999575451665,-22.16119628284353,4.421897259304683,-21.996879098070657,5.244694561064199,-21.832561913297795,6.067491862823715,-22.26824472852493,6.290289164583231,-23.345006839945277,6.607387140902864,-24.380689655172414,6.83018444266238,-24.21637247039954,7.0529817444218965,-24.05205528562668,7.2757790461814125,-29.287738100853804,7.498576347940928,-30.0,8.321373649700444,-30.0,8.638471626020078,-30.0,10.061268927779594,-30.0,11.48406622953911,-30.0,12.906863531298626,-30.0,14.329660833058142,-30.0,14.646758809377774,-30.0,15.469556111137308,right,0.6335015722762305,3.6885629451241173,0.3464285714285714,0.0,0.0,,,0.0,0.0
2.25.307021710202910067378603383388989711646,/home/user/workspace/dataset_extracted/Датасет/НД_для_обучения/Исследования/2.25.307021710202910067378603383388989711646/series_004_2_CR/A2504110565 DXA/CR DXA/CR000002.dcm,1.2.643.5.1.13.13.12.2.77.8252.04030803131507080109070101120910,7,265,280,right_hip,True,0.0,,,,,0.0,0.0,,,0,0.0,0,0.0,False,0.0,,,,,,,,-3.6885629451241173,3.6885629451241173,25.8,90.3,0.0,-17.33630642954856,58.199999999999996,17.71515071465634,88.2,7.199999999999999,278.25,168.0,265.0,0.4160714285714286,0.17099730458221024,1.0,0.25,0.14285714285714285,0.4781498530504178,0.13501375306734642,0.9631016822993549,-20.21306854096891,1.2592046794660006,-21.848751356196047,2.082001981225517,-22.325513467616393,2.9990999575451665,-22.16119628284353,4.421897259304683,-21.996879098070657,5.244694561064199,-21.832561913297795,6.067491862823715,-22.26824472852493,6.290289164583231,-23.345006839945277,6.607387140902864,-24.380689655172414,6.83018444266238,-24.21637247039954,7.0529817444218965,-24.05205528562668,7.2757790461814125,-29.287738100853804,7.498576347940928,-30.0,8.321373649700444,-30.0,8.638471626020078,-30.0,10.061268927779594,-30.0,11.48406622953911,-30.0,12.906863531298626,-30.0,14.329660833058142,-30.0,14.646758809377774,-30.0,15.469556111137308,right,0.6335015722762305,3.6885629451241173,0.3464285714285714,0.0,0.0,,,0.0,0.0
2.25.307021710202910067378603383388989711646,/home/user/workspace/dataset_extracted/Датасет/НД_для_обучения/Исследования/2.25.307021710202910067378603383388989711646/series_004_2_CR/A2504110565 DXA/CR DXA/CR000003.dcm,1.2.643.5.1.13.13.12.2.77.8252.08080707141115140509110700030200,9,265,280,right_hip,True,0.0,,,,,0.0,0.0,,,0,0.0,0,0.0,False,0.0,,,,,,,,-3.6885629451241173,3.6885629451241173,25.8,90.3,0.0,-17.33630642954856,58.199999999999996,17.71515071465634,88.2,7.199999999999999,278.25,168.0,265.0,0.4160714285714286,0.17099730458221024,1.0,0.25,0.14285714285714285,0.4781498530504178,0.13501375306734642,0.9631016822993549,-20.21306854096891,1.2592046794660006,-21.848751356196047,2.082001981225517,-22.325513467616393,2.9990999575451665,-22.16119628284353,4.421897259304683,-21.996879098070657,5.244694561064199,-21.832561913297795,6.067491862823715,-22.26824472852493,6.290289164583231,-23.345006839945277,6.607387140902864,-24.380689655172414,6.83018444266238,-24.21637247039954,7.0529817444218965,-24.05205528562668,7.2757790461814125,-29.287738100853804,7.498576347940928,-30.0,8.321373649700444,-30.0,8.638471626020078,-30.0,10.061268927779594,-30.0,11.48406622953911,-30.0,12.906863531298626,-30.0,14.329660833058142,-30.0,14.646758809377774,-30.0,15.469556111137308,right,0.6335015722762305,3.6885629451241173,0.3464285714285714,0.0,0.0,,,0.0,0.0
2.25.307021710202910067378603383388989711646,/home/user/workspace/dataset_extracted/Датасет/НД_для_обучения/Исследования/2.25.307021710202910067378603383388989711646/series_004_2_CR/A2504110565 DXA/CR DXA/CR000004.dcm,1.2.643.5.1.13.13.12.2.77.8252.09020610121102091006070609000414,8,265,280,left_hip,True,0.0,,,,,,,0.0,0.0,0,0.0,0,0.0,False,0.0,,,,,,,,0.053191244122868624,0.053191244122868624,27.0,92.4,0.0,3.5845778591806976,64.2,-15.630094043887128,49.35,3.0,278.25,168.0,135.0,0.46964285714285714,0.17080862533692723,0.5094339622641509,0.25,0.15,0.488137678937353,0.13849608088797982,0.9659290821812467,0.39445070620968464,-18.106126941636422,0.28527526328763314,-19.40750413863546,0.20339368109609665,-20.08353703638475,0.6942182381740452,-22.584914233383806,1.185042795251985,-23.286291430382846,1.0758673523299336,-24.587668627381902,1.5666919094078822,-25.289045824380956,2.0848103272163456,-25.965078722130233,2.575634884294294,-29.666455919129287,3.0664594413722424,-30.0,3.557283998450191,-30.0,3.448108555528131,-30.0,2.8208146947976247,-30.0,2.8208146947976247,-30.0,2.8208146947976247,-30.0,2.8208146947976247,-30.0,2.8208146947976247,-30.0,2.8208146947976247,-30.0,2.8208146947976247,-30.0,2.8208146947976247,-30.0,left,-0.566461937799532,0.053191244122868624,0.3821428571428572,,,0.0,0.0,0.0,0.0
2.25.307021710202910067378603383388989711646,/home/user/workspace/dataset_extracted/Датасет/НД_для_обучения/Исследования/2.25.307021710202910067378603383388989711646/series_004_2_CR/A2504110565 DXA/CR DXA/CR000005.dcm,1.2.643.5.1.13.13.12.2.77.8252.09141210051000000105030213061514,14,265,280,left_hip,True,0.0,,,,,,,0.0,0.0,0,0.0,0,0.0,False,0.0,,,,,,,,0.053191244122868624,0.053191244122868624,27.0,92.4,0.0,3.5845778591806976,64.2,-15.630094043887128,49.35,3.0,278.25,168.0,135.0,0.46964285714285714,0.17080862533692723,0.5094339622641509,0.25,0.15,0.488137678937353,0.13849608088797982,0.9659290821812467,0.39445070620968464,-18.106126941636422,0.28527526328763314,-19.40750413863546,0.20339368109609665,-20.08353703638475,0.6942182381740452,-22.584914233383806,1.185042795251985,-23.286291430382846,1.0758673523299336,-24.587668627381902,1.5666919094078822,-25.289045824380956,2.0848103272163456,-25.965078722130233,2.575634884294294,-29.666455919129287,3.0664594413722424,-30.0,3.557283998450191,-30.0,3.448108555528131,-30.0,2.8208146947976247,-30.0,2.8208146947976247,-30.0,2.8208146947976247,-30.0,2.8208146947976247,-30.0,2.8208146947976247,-30.0,2.8208146947976247,-30.0,2.8208146947976247,-30.0,2.8208146947976247,-30.0,left,-0.566461937799532,0.053191244122868624,0.3821428571428572,,,0.0,0.0,0.0,0.0
2.25.307021710202910067378603383388989711646,/home/user/workspace/dataset_extracted/Датасет/НД_для_обучения/Исследования/2.25.307021710202910067378603383388989711646/series_004_2_CR/A2504110565 DXA/CR DXA/CR000006.dcm,1.2.643.5.1.13.13.12.2.77.8252.10030011090613091008080403130712,3,265,280,left_hip,True,0.0,,,,,,,0.0,0.0,0,0.0,0,0.0,False,0.0,,,,,,,,0.053191244122868624,0.053191244122868624,27.0,92.4,0.0,3.5845778591806976,64.2,-15.630094043887128,49.35,3.0,278.25,168.0,135.0,0.46964285714285714,0.17080862533692723,0.5094339622641509,0.25,0.15,0.488137678937353,0.13849608088797982,0.9659290821812467,0.39445070620968464,-18.106126941636422,0.28527526328763314,-19.40750413863546,0.20339368109609665,-20.08353703638475,0.6942182381740452,-22.584914233383806,1.185042795251985,-23.286291430382846,1.0758673523299336,-24.587668627381902,1.5666919094078822,-25.289045824380956,2.0848103272163456,-25.965078722130233,2.575634884294294,-29.666455919129287,3.0664594413722424,-30.0,3.557283998450191,-30.0,3.448108555528131,-30.0,2.8208146947976247,-30.0,2.8208146947976247,-30.0,2.8208146947976247,-30.0,2.8208146947976247,-30.0,2.8208146947976247,-30.0,2.8208146947976247,-30.0,2.8208146947976247,-30.0,2.8208146947976247,-30.0,left,-0.566461937799532,0.053191244122868624,0.3821428571428572,,,0.0,0.0,0.0,0.0
2.25.307021710202910067378603383388989711646,/home/user/workspace/dataset_extracted/Датасет/НД_для_обучения/Исследования/2.25.307021710202910067378603383388989711646/series_004_2_CR/A2504110565 DXA/CR DXA/CR000007.dcm,1.2.643.5.1.13.13.12.2.77.8252.10091201060313121514040903111108,6,265,280,left_hip,True,0.0,,,,,,,0.0,0.0,0,0.0,0,0.0,False,0.0,,,,,,,,0.053191244122868624,0.053191244122868624,27.0,92.4,0.0,3.5845778591806976,64.2,-15.630094043887128,49.35,3.0,278.25,168.0,135.0,0.46964285714285714,0.17080862533692723,0.5094339622641509,0.25,0.15,0.488137678937353,0.13849608088797982,0.9659290821812467,0.39445070620968464,-18.106126941636422,0.28527526328763314,-19.40750413863546,0.20339368109609665,-20.08353703638475,0.6942182381740452,-22.584914233383806,1.185042795251985,-23.286291430382846,1.0758673523299336,-24.587668627381902,1.5666919094078822,-25.289045824380956,2.0848103272163456,-25.965078722130233,2.575634884294294,-29.666455919129287,3.0664594413722424,-30.0,3.557283998450191,-30.0,3.448108555528131,-30.0,2.8208146947976247,-30.0,2.8208146947976247,-30.0,2.8208146947976247,-30.0,2.8208146947976247,-30.0,2.8208146947976247,-30.0,2.8208146947976247,-30.0,2.8208146947976247,-30.0,2.8208146947976247,-30.0,left,-0.566461937799532,0.053191244122868624,0.3821428571428572,,,0.0,0.0,0.0,0.0
2.25.307021710202910067378603383388989711646,/home/user/workspace/dataset_extracted/Датасет/НД_для_обучения/Исследования/2.25.307021710202910067378603383388989711646/series_004_2_CR/A2504110565 DXA/CR DXA/CR000008.dcm,1.2.643.5.1.13.13.12.2.77.8252.08061203141300041506070501101310,5,265,280,right_hip,True,0.0,,,,,0.0,0.0,,,0,0.0,0,0.0,False,0.0,,,,,,,,-3.6885629451241173,3.6885629451241173,25.8,90.3,0.0,-17.33630642954856,58.199999999999996,17.71515071465634,88.2,7.199999999999999,278.25,168.0,265.0,0.4160714285714286,0.17099730458221024,1.0,0.25,0.14285714285714285,0.4781498530504178,0.13501375306734642,0.9631016822993549,-20.21306854096891,1.2592046794660006,-21.848751356196047,2.082001981225517,-22.325513467616393,2.9990999575451665,-22.16119628284353,4.421897259304683,-21.996879098070657,5.244694561064199,-21.832561913297795,6.067491862823715,-22.26824472852493,6.290289164583231,-23.345006839945277,6.607387140902864,-24.380689655172414,6.83018444266238,-24.21637247039954,7.0529817444218965,-24.05205528562668,7.2757790461814125,-29.287738100853804,7.498576347940928,-30.0,8.321373649700444,-30.0,8.638471626020078,-30.0,10.061268927779594,-30.0,11.48406622953911,-30.0,12.906863531298626,-30.0,14.329660833058142,-30.0,14.646758809377774,-30.0,15.469556111137308,right,0.6335015722762305,3.6885629451241173,0.3464285714285714,0.0,0.0,,,0.0,0.0
2.25.307021710202910067378603383388989711646,/home/user/workspace/dataset_extracted/Датасет/НД_для_обучения/Исследования/2.25.307021710202910067378603383388989711646/series_004_2_CR/A2504110565 DXA/CR DXA/CR000009.dcm,1.2.643.5.1.13.13.12.2.77.8252.01080203060404010906011511140504,13,265,280,right_hip,True,0.0,,,,,0.0,0.0,,,0,0.0,0,0.0,False,0.0,,,,,,,,-3.6885629451241173,3.6885629451241173,25.8,90.3,0.0,-17.33630642954856,58.199999999999996,17.71515071465634,88.2,7.199999999999999,278.25,168.0,265.0,0.4160714285714286,0.17099730458221024,1.0,0.25,0.14285714285714285,0.4781498530504178,0.13501375306734642,0.9631016822993549,-20.21306854096891,1.2592046794660006,-21.848751356196047,2.082001981225517,-22.325513467616393,2.9990999575451665,-22.16119628284353,4.421897259304683,-21.996879098070657,5.244694561064199,-21.832561913297795,6.067491862823715,-22.26824472852493,6.290289164583231,-23.345006839945277,6.607387140902864,-24.380689655172414,6.83018444266238,-24.21637247039954,7.0529817444218965,-24.05205528562668,7.2757790461814125,-29.287738100853804,7.498576347940928,-30.0,8.321373649700444,-30.0,8.638471626020078,-30.0,10.061268927779594,-30.0,11.48406622953911,-30.0,12.906863531298626,-30.0,14.329660833058142,-30.0,14.646758809377774,-30.0,15.469556111137308,right,0.6335015722762305,3.6885629451241173,0.3464285714285714,0.0,0.0,,,0.0,0.0
2.25.307021710202910067378603383388989711646,/home/user/workspace/dataset_extracted/Датасет/НД_для_обучения/Исследования/2.25.307021710202910067378603383388989711646/series_004_2_CR/A2504110565 DXA/CR DXA/CR000010.dcm,1.2.643.5.1.13.13.12.2.77.8252.02020610071014010106090300080911,4,318,300,spine,True,1.0,"Наличие посторонних предметов, артефактов или наложений",0.0,0.0,1.0,,,,,2559,1612.17,2559,1612.17,True,4.406003372530337,0.16502375443141376,0.36785480491102707,318.0,0.012300093930854815,0.0,0.0031446540880503146,0.33,,,,,,,,,,,,,,,,,,,,,,,,,,,,,,,,,,,,,,,,,,,,,,,,,,,,,,,,,,,,,,,,,,,,,,,
2.25.307021710202910067378603383388989711646,/home/user/workspace/dataset_extracted/Датасет/НД_для_обучения/Исследования/2.25.307021710202910067378603383388989711646/series_004_2_CR/A2504110565 DXA/CR DXA/CR000011.dcm,1.2.643.5.1.13.13.12.2.77.8252.00041503151008120109091101041101,12,318,300,spine,True,1.0,"Наличие посторонних предметов, артефактов или наложений",0.0,0.0,1.0,,,,,2559,1612.17,2559,1612.17,True,4.406003372530337,0.16502375443141376,0.36785480491102707,318.0,0.012300093930854815,0.0,0.0031446540880503146,0.33,,,,,,,,,,,,,,,,,,,,,,,,,,,,,,,,,,,,,,,,,,,,,,,,,,,,,,,,,,,,,,,,,,,,,,,
2.25.309085571913348252136520206003694446566,/home/user/workspace/dataset_extracted/Датасет/НД_для_обучения/Исследования/2.25.309085571913348252136520206003694446566/series_002_2_CR/A2504116267 DXA/CR DXA/CR000000.dcm,1.2.643.5.1.13.13.12.2.77.8252.03121103130007121510030803050514,1,285,300,spine,True,1.0,Нарушение оси позвоночника (отклонение более 5 градусов),0.0,1.0,0.0,,,,,0,0.0,0,0.0,False,0.0,1.4224482084151215,2.0444237856285437,285.0,0.0011421654562150253,0.0,0.0035087719298245615,0.33666666666666667,,,,,,,,,,,,,,,,,,,,,,,,,,,,,,,,,,,,,,,,,,,,,,,,,,,,,,,,,,,,,,,,,,,,,,,
2.25.309085571913348252136520206003694446566,/home/user/workspace/dataset_extracted/Датасет/НД_для_обучения/Исследования/2.25.309085571913348252136520206003694446566/series_002_2_CR/A2504116267 DXA/CR DXA/CR000001.dcm,1.2.643.5.1.13.13.12.2.77.8252.07070904150315000704031208001011,3,289,280,left_hip,True,0.0,,,,,,,0.0,0.0,0,0.0,0,0.0,False,0.0,,,,,,,,0.04395653886394135,0.04395653886394135,28.2,116.55000000000001,0.0,-16.35243243243243,36.6,19.694736749736744,67.2,14.399999999999999,303.45,168.0,289.0,0.32321428571428573,0.231463173504696,1.0,0.25357142857142856,0.15,0.5693067436040662,0.15035566079257287,0.9668839392445794,-16.49438223938224,1.7628343278343237,-17.283648648648647,2.780012285012282,-17.425598455598458,2.642895752895748,-18.214864864864868,3.060073710073706,-21.404131274131277,3.4772516672516645,-21.593397683397686,3.8944296244296224,-21.782664092664096,4.31160758160758,-21.9246138996139,5.374491049491047,-20.91388030888031,6.391669006669005,-19.303146718146717,7.408846963846963,-19.492413127413126,9.026024921024913,-20.28167953667954,10.043202878202871,-21.67094594594595,12.260380835380829,-22.412895752895754,13.923264303264295,-30.0,17.940442260442254,-30.0,19.55762021762021,-30.0,19.42050368550368,-30.0,19.42050368550368,-30.0,19.42050368550368,-30.0,19.42050368550368,left,-0.5040188601786656,0.04395653886394135,0.21785714285714286,,,0.0,0.0,0.0,0.0
2.25.309085571913348252136520206003694446566,/home/user/workspace/dataset_extracted/Датасет/НД_для_обучения/Исследования/2.25.309085571913348252136520206003694446566/series_002_2_CR/A2504116267 DXA/CR DXA/CR000002.dcm,1.2.643.5.1.13.13.12.2.77.8252.09030700121011131209150303151015,2,289,280,right_hip,True,0.0,,,,,0.0,0.0,,,0,0.0,0,0.0,False,0.0,,,,,,,,-3.974883111271029,3.974883111271029,25.2,120.75,0.0,-10.526735579578622,33.0,17.99953602146294,68.25,21.0,303.45,168.0,289.0,0.26607142857142857,0.23790163124073158,1.0,0.25,0.14285714285714285,0.5729670633164788,0.12708180795220295,0.9619958942119908,-14.483430916120877,2.7127641442436525,-14.927761382466652,3.484748678292425,-16.011009232225984,4.363737078828995,-15.85533969857176,5.135721612877759,-16.299670164917533,5.907706146926523,-16.14400063126331,5.479690680975295,-15.388331097609084,5.0516752150240505,-14.671578947368408,5.3306636155606295,-14.515909413714184,6.102648149609394,-13.760239880059958,6.874632683658157,-13.004570346405734,8.246617217706921,-19.448900812751507,9.618601751755692,-19.293231279097284,10.990586285804456,-19.176479128856617,12.469574686341028,-18.42080959520239,15.64155922038979,-17.665140061548158,17.613543754438556,-16.909470527893934,17.785528288487317,-16.909470527893934,17.785528288487317,-16.909470527893934,17.785528288487317,-16.909470527893934,17.785528288487317,right,0.42181945655950603,3.974883111271029,0.19642857142857142,0.0,0.0,,,0.0,0.0
2.25.314147167453134440746270747484612743945,/home/user/workspace/dataset_extracted/Датасет/НД_для_обучения/Исследования/2.25.314147167453134440746270747484612743945/series_002_2_CR/A2504224780 DXA/CR DXA/CR000000.dcm,1.2.643.5.1.13.13.12.2.77.8252.02000306061002040514101500000812,2,237,280,left_hip,True,0.0,,,,,,,0.0,0.0,0,0.0,0,0.0,False,0.0,,,,,,,,-12.60844694869184,12.60844694869184,25.8,79.8,0.0,3.4228298017771577,44.4,9.30974436090226,66.15,6.0,248.85000000000002,168.0,237.0,0.3375,0.17927968655816756,1.0,0.21785714285714286,0.15,0.5188144006100176,0.15279800863431556,0.9624046355377066,-3.67709364319893,0.8764511278195811,-2.9247272727272984,0.34989473684213973,-1.9104524948735644,-0.045022556390949826,-0.5580861244019332,0.028421052631608743,0.7942802460697066,0.7018646616541673,2.7466466165413377,0.7753082706767259,2.299012987012978,1.4487518796992673,-3.2867122351332965,1.6538345864661947,-3.134345864661665,2.3272781954887365,-2.381979494190034,3.000721804511295,-2.2296131237183943,4.274165413533853,-2.0772467532467545,4.947609022556412,-0.7248803827751146,5.62105263157897,-0.31060560492139755,5.826135338345881,0.44176076555024224,6.499578947368439,1.194127136021882,8.37302255639098,1.8703103212576933,9.30974436090226,1.8703103212576933,9.30974436090226,1.8703103212576933,9.30974436090226,1.8703103212576933,9.30974436090226,right,0.2762002428515491,12.60844694869184,0.2642857142857143,0.0,0.0,,,0.0,0.0
2.25.314147167453134440746270747484612743945,/home/user/workspace/dataset_extracted/Датасет/НД_для_обучения/Исследования/2.25.314147167453134440746270747484612743945/series_002_2_CR/A2504224780 DXA/CR DXA/CR000001.dcm,1.2.643.5.1.13.13.12.2.77.8252.01130904120915050401031210031001,3,237,280,left_hip,True,0.0,,,,,,,0.0,0.0,0,0.0,0,0.0,False,0.0,,,,,,,,-2.743680880127819,2.743680880127819,36.0,87.15,0.0,4.88560094034676,45.6,11.553217749044938,30.450000000000003,53.4,248.85000000000002,168.0,237.0,0.39285714285714285,0.33553345388788425,1.0,0.30357142857142855,0.18214285714285713,0.6504360962094624,0.2252076623846523,0.9142575931393321,3.0260064648839347,1.620183871373979,4.0098442550690665,2.2014692918013337,4.447722597707917,2.9374333571218414,4.831560387893049,4.118718777549196,4.6153981780781805,5.900004197976551,4.399235968263303,8.881289618403907,3.5830737584484353,10.66257503883126,3.474992653541005,11.553217749044938,3.474992653541005,11.553217749044938,3.474992653541005,11.553217749044938,3.474992653541005,11.553217749044938,3.474992653541005,11.553217749044938,3.474992653541005,11.553217749044938,3.474992653541005,11.553217749044938,3.474992653541005,11.553217749044938,3.474992653541005,11.553217749044938,3.474992653541005,11.553217749044938,3.474992653541005,11.553217749044938,3.474992653541005,11.553217749044938,3.474992653541005,11.553217749044938,left,-0.5455938929066768,2.743680880127819,0.27142857142857146,,,0.0,0.0,0.0,0.0
2.25.314147167453134440746270747484612743945,/home/user/workspace/dataset_extracted/Датасет/НД_для_обучения/Исследования/2.25.314147167453134440746270747484612743945/series_002_2_CR/A2504224780 DXA/CR DXA/CR000002.dcm,1.2.643.5.1.13.13.12.2.77.8252.02120204101515130306021007150210,1,315,300,spine,True,0.0,,0.0,0.0,0.0,,,,,656,413.28000000000003,656,413.28000000000003,True,3.754557985715836,0.9958929225627362,0.12990456942561202,315.0,0.008379543782192798,0.0,0.0031746031746031746,0.33,,,,,,,,,,,,,,,,,,,,,,,,,,,,,,,,,,,,,,,,,,,,,,,,,,,,,,,,,,,,,,,,,,,,,,,
2.25.322202456901330781765399791024580391565,/home/user/workspace/dataset_extracted/Датасет/НД_для_обучения/Исследования/2.25.322202456901330781765399791024580391565/series_002_2_CR/A2504350020 DXA/CR DXA/CR000000.dcm,1.2.643.5.1.13.13.12.2.77.8252.06061007030610120805010913100711,1,291,300,spine,True,0.0,,0.0,0.0,0.0,,,,,554,349.02,554,349.02,True,4.566324924636113,0.30691436064289657,0.005901596215270644,291.0,0.09077040243706913,0.0,0.003436426116838488,0.5733333333333334,,,,,,,,,,,,,,,,,,,,,,,,,,,,,,,,,,,,,,,,,,,,,,,,,,,,,,,,,,,,,,,,,,,,,,,
2.25.338439598607961312040815816824093323492,/home/user/workspace/dataset_extracted/Датасет/НД_для_обучения/Исследования/2.25.338439598607961312040815816824093323492/series_002_2_CR/A2504147124 DXA/CR DXA/CR000000.dcm,1.2.643.5.1.13.13.12.2.77.8252.13110108131113110013070512051310,1,317,300,spine,True,1.0,"Наличие посторонних предметов, артефактов или наложений",0.0,0.0,1.0,,,,,496,312.48,496,312.48,True,3.994594901296376,2.520443891745982,1.20545595528091,317.0,0.04817514562628541,0.0,0.0031545741324921135,0.5733333333333334,,,,,,,,,,,,,,,,,,,,,,,,,,,,,,,,,,,,,,,,,,,,,,,,,,,,,,,,,,,,,,,,,,,,,,,
2.25.339027809107632348165171236474821772940,/home/user/workspace/dataset_extracted/Датасет/НД_для_обучения/Исследования/2.25.339027809107632348165171236474821772940/series_001_2_CR/A2504349642 DXA/CR DXA/CR000000.dcm,1.2.643.5.1.13.13.12.2.77.8252.05111003151314100612100700031506,8,318,280,left_hip,True,0.0,,,,,,,0.0,0.0,0,0.0,0,0.0,False,0.0,,,,,,,,-3.1003023680269126,3.1003023680269126,25.8,141.75,0.0,-14.672305140961862,31.2,18.585078528923997,78.75,12.6,333.90000000000003,168.0,318.0,0.2517857142857143,0.18466981132075472,1.0,0.22857142857142856,0.1357142857142857,0.5136858396867411,0.12934441151959591,0.9757446716876391,-15.760593112867042,1.2169837089064457,-16.811643742073947,1.5109608818651765,-17.299931713979127,1.8814437615842308,-17.750982343186035,2.1754209345429616,-18.80203297239294,3.0693981075017005,-19.253083601599847,3.3633752804604398,-19.704134230806755,4.257352453419171,-19.592422202711933,4.627835333138225,-20.043472831918837,5.521812506096955,-21.094523461125746,5.815789679055695,-22.145574090332655,6.109766852014425,-22.59662471953956,7.003744024973164,-22.44767534874647,7.897721197931895,-22.335963320651647,8.86820407765095,-22.18701394985855,10.362181250609689,-28.03806457906546,11.856158423568418,-30.0,13.950135596527158,-30.0,16.04411276948589,-30.0,17.614595649204944,-30.0,18.585078528923997,right,0.20071139871188637,3.1003023680269126,0.18571428571428572,0.0,0.0,,,0.0,0.0
2.25.339027809107632348165171236474821772940,/home/user/workspace/dataset_extracted/Датасет/НД_для_обучения/Исследования/2.25.339027809107632348165171236474821772940/series_001_2_CR/A2504349642 DXA/CR DXA/CR000001.dcm,1.2.643.5.1.13.13.12.2.77.8252.04091012040015061107090014081504,1,289,300,spine,True,0.0,,0.0,0.0,0.0,,,,,0,0.0,0,0.0,False,0.0,1.0278446141557849,4.207897722839976,289.0,0.022341497307625482,0.0,0.0034602076124567475,0.9266666666666666,,,,,,,,,,,,,,,,,,,,,,,,,,,,,,,,,,,,,,,,,,,,,,,,,,,,,,,,,,,,,,,,,,,,,,,
2.25.339027809107632348165171236474821772940,/home/user/workspace/dataset_extracted/Датасет/НД_для_обучения/Исследования/2.25.339027809107632348165171236474821772940/series_001_2_CR/A2504349642 DXA/CR DXA/CR000002.dcm,1.2.643.5.1.13.13.12.2.77.8252.11010912010413080807030107050600,6,317,280,right_hip,True,0.0,,,,,0.0,0.0,,,0,0.0,0,0.0,False,0.0,,,,,,,,-0.24305386611747698,0.24305386611747698,24.599999999999998,144.9,0.0,-0.353221199619179,36.0,18.803938911707835,70.35000000000001,10.799999999999999,332.85,168.0,317.0,0.2910714285714286,0.1894434429923389,1.0,0.29642857142857143,0.14285714285714285,0.522671186095599,0.12723334953622997,0.977521961221821,-15.983106881679687,3.1927701380628433,-17.822954457760364,3.1172887903577586,-18.452840139820875,3.6606777795789496,-19.092687715901548,4.785196431873874,-19.732535291982227,5.309715084168789,-19.772382868062905,5.834233736463713,-22.81223044414358,6.358752388758637,-22.84211612620409,6.302141377979828,-22.881963702284768,6.826660030274743,-23.521811278365448,7.3511786825696674,-24.16165885444612,7.875697334864583,-25.4015064305268,9.600215987159507,-28.44135400660748,11.324734639454421,-29.67123968866799,12.468123628675613,-30.0,14.192642280970537,-30.0,15.917160933265452,-30.0,17.641679585560375,-30.0,18.803938911707835,-30.0,18.803938911707835,-30.0,18.803938911707835,left,-0.05089695171297548,0.24305386611747698,0.21428571428571427,,,0.0,0.0,0.0,0.0
2.25.339027809107632348165171236474821772940,/home/user/workspace/dataset_extracted/Датасет/НД_для_обучения/Исследования/2.25.339027809107632348165171236474821772940/series_001_2_CR/A2504349642 DXA/CR DXA/CR000003.dcm,1.2.643.5.1.13.13.12.2.77.8252.02060903061507111201080601150903,4,317,280,right_hip,True,0.0,,,,,0.0,0.0,,,0,0.0,0,0.0,False,0.0,,,,,,,,-0.24305386611747698,0.24305386611747698,24.599999999999998,144.9,0.0,-0.353221199619179,36.0,18.803938911707835,70.35000000000001,10.799999999999999,332.85,168.0,317.0,0.2910714285714286,0.1894434429923389,1.0,0.29642857142857143,0.14285714285714285,0.522671186095599,0.12723334953622997,0.977521961221821,-15.983106881679687,3.1927701380628433,-17.822954457760364,3.1172887903577586,-18.452840139820875,3.6606777795789496,-19.092687715901548,4.785196431873874,-19.732535291982227,5.309715084168789,-19.772382868062905,5.834233736463713,-22.81223044414358,6.358752388758637,-22.84211612620409,6.302141377979828,-22.881963702284768,6.826660030274743,-23.521811278365448,7.3511786825696674,-24.16165885444612,7.875697334864583,-25.4015064305268,9.600215987159507,-28.44135400660748,11.324734639454421,-29.67123968866799,12.468123628675613,-30.0,14.192642280970537,-30.0,15.917160933265452,-30.0,17.641679585560375,-30.0,18.803938911707835,-30.0,18.803938911707835,-30.0,18.803938911707835,left,-0.05089695171297548,0.24305386611747698,0.21428571428571427,,,0.0,0.0,0.0,0.0
2.25.339027809107632348165171236474821772940,/home/user/workspace/dataset_extracted/Датасет/НД_для_обучения/Исследования/2.25.339027809107632348165171236474821772940/series_001_2_CR/A2504349642 DXA/CR DXA/CR000004.dcm,1.2.643.5.1.13.13.12.2.77.8252.09100506150509030310111310041309,3,289,300,spine,True,0.0,,0.0,0.0,0.0,,,,,0,0.0,0,0.0,False,0.0,1.0278446141557849,4.207897722839976,289.0,0.022341497307625482,0.0,0.0034602076124567475,0.9266666666666666,,,,,,,,,,,,,,,,,,,,,,,,,,,,,,,,,,,,,,,,,,,,,,,,,,,,,,,,,,,,,,,,,,,,,,,
2.25.339027809107632348165171236474821772940,/home/user/workspace/dataset_extracted/Датасет/НД_для_обучения/Исследования/2.25.339027809107632348165171236474821772940/series_001_2_CR/A2504349642 DXA/CR DXA/CR000005.dcm,1.2.643.5.1.13.13.12.2.77.8252.02080414020805070003121215081311,5,318,280,left_hip,True,0.0,,,,,,,0.0,0.0,0,0.0,0,0.0,False,0.0,,,,,,,,-3.1003023680269126,3.1003023680269126,25.8,141.75,0.0,-14.672305140961862,31.2,18.585078528923997,78.75,12.6,333.90000000000003,168.0,318.0,0.2517857142857143,0.18466981132075472,1.0,0.22857142857142856,0.1357142857142857,0.5136858396867411,0.12934441151959591,0.9757446716876391,-15.760593112867042,1.2169837089064457,-16.811643742073947,1.5109608818651765,-17.299931713979127,1.8814437615842308,-17.750982343186035,2.1754209345429616,-18.80203297239294,3.0693981075017005,-19.253083601599847,3.3633752804604398,-19.704134230806755,4.257352453419171,-19.592422202711933,4.627835333138225,-20.043472831918837,5.521812506096955,-21.094523461125746,5.815789679055695,-22.145574090332655,6.109766852014425,-22.59662471953956,7.003744024973164,-22.44767534874647,7.897721197931895,-22.335963320651647,8.86820407765095,-22.18701394985855,10.362181250609689,-28.03806457906546,11.856158423568418,-30.0,13.950135596527158,-30.0,16.04411276948589,-30.0,17.614595649204944,-30.0,18.585078528923997,right,0.20071139871188637,3.1003023680269126,0.18571428571428572,0.0,0.0,,,0.0,0.0
2.25.340839477910528898406207279980417945,/home/user/workspace/dataset_extracted/Датасет/НД_для_обучения/Исследования/2.25.340839477910528898406207279980417945/series_001_2_CR/A2504224555 DXA Exam/CR DXA Images/CR000000.dcm,1.2.643.5.1.13.13.12.2.77.8252.14120712151005010200040708001308,2,346,280,left_hip,True,0.0,,,,,,,0.0,0.0,0,0.0,0,0.0,False,0.0,,,,,,,,-0.1457947709926196,0.1457947709926196,29.4,129.15,0.0,6.404345358630738,48.0,15.581589299763982,49.35,36.6,363.3,168.0,346.0,0.3767857142857143,0.3478117258464079,1.0,0.6107142857142858,0.16428571428571428,0.561889846062763,0.15285285553250888,0.949323590414322,0.49194902684087083,3.3153422501967156,0.4264629632018085,3.2284815106215885,0.3773484154725139,3.763335955940226,0.9118623518334515,4.276475216365083,1.4463762881943893,4.189614476789956,1.9808902245553355,5.302753737214812,2.515404160916273,6.415892997639667,3.0662896131869783,6.950747442958322,4.200803549547916,8.663886703383179,5.3353174859088535,10.377025963808052,5.869831422269791,12.690165224232908,6.404345358630738,15.003304484657763,6.38797384272097,15.581589299763982,6.38797384272097,15.581589299763982,6.38797384272097,15.581589299763982,6.38797384272097,15.581589299763982,6.38797384272097,15.581589299763982,6.38797384272097,15.581589299763982,6.38797384272097,15.581589299763982,6.38797384272097,15.581589299763982,left,-1.0391159510984915,0.1457947709926196,0.2857142857142857,,,0.0,0.0,0.0,0.0
2.25.340839477910528898406207279980417945,/home/user/workspace/dataset_extracted/Датасет/НД_для_обучения/Исследования/2.25.340839477910528898406207279980417945/series_001_2_CR/A2504224555 DXA Exam/CR DXA Images/CR000001.dcm,1.2.643.5.1.13.13.12.2.77.8252.05030701101012140702110704000714,3,346,280,right_hip,True,0.0,,,,,0.0,0.0,,,0,0.0,0,0.0,False,0.0,,,,,,,,-1.6049234181564171,1.6049234181564171,28.799999999999997,108.15,0.0,6.265226463998578,56.4,20.252998286693302,48.300000000000004,36.0,363.3,168.0,346.0,0.41785714285714287,0.36919900908340214,1.0,0.5428571428571428,0.16785714285714284,0.6196302218678005,0.18828256365980553,0.9562537327855505,0.4376246540438302,2.496630496858927,0.47834863594428895,2.9019988577955416,1.1088916223696288,3.3560251284979983,1.149615604270079,3.761393489434596,1.190339586170529,4.16676185037121,1.8310635680709793,5.172130211307808,2.4717875499714297,6.777498572244423,3.1023305363967695,7.831524842946879,3.743054518297228,10.036893203883494,4.983778500197678,12.242261564820092,5.624502482098128,15.047629925756706,6.265226463998578,20.252998286693302,6.265226463998578,20.252998286693302,6.265226463998578,20.252998286693302,6.265226463998578,20.252998286693302,6.265226463998578,20.252998286693302,6.265226463998578,20.252998286693302,6.265226463998578,20.252998286693302,6.265226463998578,20.252998286693302,6.265226463998578,20.252998286693302,right,1.1420239718238159,1.6049234181564171,0.3357142857142857,0.0,0.0,,,0.0,0.0
2.25.340839477910528898406207279980417945,/home/user/workspace/dataset_extracted/Датасет/НД_для_обучения/Исследования/2.25.340839477910528898406207279980417945/series_001_2_CR/A2504224555 DXA Exam/CR DXA Images/CR000002.dcm,1.2.643.5.1.13.13.12.2.77.8252.12111312010203070900101115051015,1,317,300,spine,True,0.0,,0.0,0.0,0.0,,,,,996,627.48,996,627.48,True,4.219556682652831,1.4644466889446035,1.3944608694534046,317.0,-0.01130975010431636,0.0,0.0031545741324921135,0.30666666666666664,,,,,,,,,,,,,,,,,,,,,,,,,,,,,,,,,,,,,,,,,,,,,,,,,,,,,,,,,,,,,,,,,,,,,,,
2.25.37515662379281069436632838996073181551,/home/user/workspace/dataset_extracted/Датасет/НД_для_обучения/Исследования/2.25.37515662379281069436632838996073181551/series_001_2_CR/A2504329840 DXA/CR DXA/CR000000.dcm,1.2.643.5.1.13.13.12.2.77.8252.05001409080504151204111500000514,1,291,300,spine,True,1.0,Нарушение оси позвоночника (отклонение более 5 градусов),0.0,1.0,0.0,,,,,142,89.46,142,89.46,True,3.389660327661226,7.2438134180442315,0.1664408792916685,291.0,-0.08324780976220278,0.0,0.003436426116838488,0.6366666666666667,,,,,,,,,,,,,,,,,,,,,,,,,,,,,,,,,,,,,,,,,,,,,,,,,,,,,,,,,,,,,,,,,,,,,,,
2.25.37515662379281069436632838996073181551,/home/user/workspace/dataset_extracted/Датасет/НД_для_обучения/Исследования/2.25.37515662379281069436632838996073181551/series_001_2_CR/A2504329840 DXA/CR DXA/CR000001.dcm,1.2.643.5.1.13.13.12.2.77.8252.12090208061115110101131315120813,3,263,280,right_hip,True,0.0,,,,,0.0,0.0,,,0,0.0,0,0.0,False,0.0,,,,,,,,-2.8973578074706485,2.8973578074706485,27.0,108.15,7.31782673637043,4.379290954619351,31.2,11.29627904933444,98.7,3.0,276.15000000000003,168.0,197.0,0.25357142857142856,0.24477186311787072,0.7490494296577946,0.2785714285714286,0.1392857142857143,0.6400895955944831,0.18010547840111632,0.9576903348002083,-0.07086500021964212,2.9786429732460533,0.5561788867899778,3.18054957606642,0.5764618020471929,2.8819795281816907,0.6035056890568128,3.0838861310020573,1.230549576066433,3.2857927338224244,1.857593463076057,4.087699336642791,2.484637350085677,5.489605939463158,2.504920265342892,6.391035891578437,3.731964152352512,7.792942494398804,4.3590080393621315,9.194849097219171,3.7860519263717562,-8.003244299960462,3.813095813381376,-10.201337697140096,3.840139700390996,-12.399431094319729,3.2604226156482112,-13.298001142204457,2.687466502657831,-14.296094539384091,1.5145103896674554,-15.294187936563723,0.34155427667707555,-16.89228133374336,0.36859816368669557,-17.89037473092299,0.38888107894391055,-18.188944778807713,-0.18407503404646944,-19.187038175987343,left,-0.03672028928397586,2.8973578074706485,0.18571428571428572,,,0.0,0.0,0.0,0.0
2.25.37515662379281069436632838996073181551,/home/user/workspace/dataset_extracted/Датасет/НД_для_обучения/Исследования/2.25.37515662379281069436632838996073181551/series_001_2_CR/A2504329840 DXA/CR DXA/CR000002.dcm,1.2.643.5.1.13.13.12.2.77.8252.08110803070615141513021414111001,2,263,280,left_hip,True,0.0,,,,,,,0.0,0.0,0,0.0,0,0.0,False,0.0,,,,,,,,-4.848110697254594,4.848110697254594,28.799999999999997,90.3,0.0,4.802632199632065,31.799999999999997,16.847662625595557,52.5,37.199999999999996,276.15000000000003,168.0,263.0,0.2642857142857143,0.293794133623031,1.0,0.3107142857142857,0.15357142857142858,0.6794522922080184,0.2433287713121784,0.9471996573907223,-0.5197830086324827,3.518667861691614,-0.31783386008773673,4.208145667248479,-0.16637199867918043,4.425254021416126,-0.5644228501344386,4.514731826972991,-0.3624737015896969,4.0042096325298555,-0.16052455304495084,4.093687438086721,0.6414245954997909,4.783165243643586,0.7928864569083472,5.0002735978112325,1.5948356054530932,6.289751403368098,1.796784753997835,8.179229208924962,2.598733902542577,9.468707014481827,3.4006830510873187,11.958184820038683,4.802632199632065,16.847662625595557,4.802632199632065,16.847662625595557,4.802632199632065,16.847662625595557,4.802632199632065,16.847662625595557,4.802632199632065,16.847662625595557,4.802632199632065,16.847662625595557,4.802632199632065,16.847662625595557,4.802632199632065,16.847662625595557,right,0.19222477566731694,4.848110697254594,0.18928571428571428,0.0,0.0,,,0.0,0.0
2.25.39068163399801173920284179500049527111,/home/user/workspace/dataset_extracted/Датасет/НД_для_обучения/Исследования/2.25.39068163399801173920284179500049527111/series_002_2_CR/A2504195842 DXA/CR DXA/CR000000.dcm,1.2.643.5.1.13.13.12.2.77.8252.00030605020706130003080307080701,77,235,280,right_hip,True,1.0,Нарушение позиционирования/ротации правого бедра,,,,1.0,0.0,,,0,0.0,0,0.0,False,0.0,,,,,,,,-12.530322187397342,12.530322187397342,24.599999999999998,77.7,0.0,-16.282858200666407,40.8,13.305454276193995,51.45,12.6,246.75,168.0,235.0,0.3142857142857143,0.1849696048632219,1.0,0.24642857142857144,0.14642857142857144,0.4911640065302417,0.14555113391337932,0.9484630661751675,-18.096621991854857,2.114532395409094,-18.514973713439463,2.829281007034433,-19.128737504627903,3.215342465753429,-18.9470892262125,3.3300910773787336,-19.365440947797104,4.044839689004072,-19.783792669381693,4.159588300629378,-22.6021443909663,5.474336912254716,-22.01590818215475,7.060398370973712,-26.634259903739345,9.575146982599017,-28.85261162532394,10.889895594224356,-30.0,11.604644205849677,-30.0,12.919392817475,-30.0,13.305454276193995,-30.0,13.305454276193995,-30.0,13.305454276193995,-30.0,13.305454276193995,-30.0,13.305454276193995,-30.0,13.305454276193995,-30.0,13.305454276193995,-30.0,13.305454276193995,right,0.47436540551420575,12.530322187397342,0.24285714285714283,1.0,0.0,,,1.0,0.0
2.25.39068163399801173920284179500049527111,/home/user/workspace/dataset_extracted/Датасет/НД_для_обучения/Исследования/2.25.39068163399801173920284179500049527111/series_002_2_CR/A2504195842 DXA/CR DXA/CR000001.dcm,1.2.643.5.1.13.13.12.2.77.8252.07150610130411050211021514011106,78,235,280,left_hip,True,1.0,Нарушение позиционирования/ротации левого бедра,,,,,,1.0,0.0,0,0.0,0,0.0,False,0.0,,,,,,,,-9.328946998683195,9.328946998683195,24.599999999999998,73.5,0.0,-10.563726708074523,46.199999999999996,12.68124223602482,55.650000000000006,12.0,246.75,168.0,235.0,0.3464285714285714,0.2102127659574468,1.0,0.2714285714285714,0.14642857142857144,0.5659403256453529,0.13278191644233694,0.9588389249922793,-11.222955122036552,2.1525465838509263,-11.701926340652602,2.6936645962732824,-11.761154754614632,2.799503105590054,-12.24012597323068,2.74062111801241,-12.119097191846722,3.2817391304347665,-11.998068410462764,3.2228571428571398,-13.677039629078815,4.363975155279479,-13.736268043040843,5.069813664596268,-13.015239261656884,6.810931677018607,-18.894210480272925,8.55204968944098,-19.973181698888975,10.893167701863335,-21.052152917505015,10.834285714285693,-21.531124136121058,11.975403726708048,-20.990352550083088,12.68124223602482,-20.990352550083088,12.68124223602482,-20.990352550083088,12.68124223602482,-20.990352550083088,12.68124223602482,-20.990352550083088,12.68124223602482,-20.990352550083088,12.68124223602482,-20.990352550083088,12.68124223602482,left,-0.3379572679913925,9.328946998683195,0.27499999999999997,,,1.0,0.0,1.0,0.0
2.25.39068163399801173920284179500049527111,/home/user/workspace/dataset_extracted/Датасет/НД_для_обучения/Исследования/2.25.39068163399801173920284179500049527111/series_002_2_CR/A2504195842 DXA/CR DXA/CR000002.dcm,1.2.643.5.1.13.13.12.2.77.8252.15141302131508150312140605060212,76,318,300,spine,True,1.0,"Нарушение оси позвоночника (отклонение более 5 градусов); Наличие посторонних предметов, артефактов или наложений",0.0,1.0,1.0,,,,,1396,879.48,1396,879.48,True,5.160234795164426,4.466756037610405,3.2106904979075894,318.0,-0.005429284879396429,0.0,0.0031446540880503146,0.5666666666666667,,,,,,,,,,,,,,,,,,,,,,,,,,,,,,,,,,,,,,,,,,,,,,,,,,,,,,,,,,,,,,,,,,,,,,,
2.25.48906424954135283790354958243772558962,/home/user/workspace/dataset_extracted/Датасет/НД_для_обучения/Исследования/2.25.48906424954135283790354958243772558962/series_001_2_CR/A2504185596 DXA Exam/CR DXA Images/CR000000.dcm,1.2.643.5.1.13.13.12.2.77.8252.06080100090802110008000311010501,3,346,280,right_hip,True,1.0,Нарушение позиционирования/ротации правого бедра,,,,1.0,0.0,,,81,51.03,81,51.03,True,3.857444249513373,,,,,,,,-6.272331466385089,6.272331466385089,27.0,132.3,0.0,-16.03725714285716,32.4,12.33435740532435,49.35,13.799999999999999,363.3,168.0,346.0,0.26785714285714285,0.26513212221304705,1.0,0.2892857142857143,0.15357142857142858,0.49522595334964314,0.12501809062255878,0.9667072042317739,-17.63519280089991,0.7631790026246961,-19.765773678290234,0.10933513310838236,-19.56370933633298,0.21895223097114921,-19.894290213723302,1.365108361454827,-20.824871091113632,1.9112644919385218,-20.555451968503963,3.0574206224222165,-20.286032845894283,4.203576752905894,-20.083968503937022,5.51319385076867,-19.814549381327353,7.259349981252364,-30.0,9.005506111736041,-30.0,10.751662242219737,-30.0,11.897818372703432,-30.0,12.33435740532435,-30.0,12.33435740532435,-30.0,12.33435740532435,-30.0,12.33435740532435,-30.0,12.33435740532435,-30.0,12.33435740532435,-30.0,12.33435740532435,-30.0,12.33435740532435,right,0.6862301041777776,6.272331466385089,0.19285714285714284,1.0,0.0,,,1.0,0.0
2.25.48906424954135283790354958243772558962,/home/user/workspace/dataset_extracted/Датасет/НД_для_обучения/Исследования/2.25.48906424954135283790354958243772558962/series_001_2_CR/A2504185596 DXA Exam/CR DXA Images/CR000001.dcm,1.2.643.5.1.13.13.12.2.77.8252.03010404051000131408111209140108,2,344,280,right_hip,True,1.0,Нарушение позиционирования/ротации правого бедра,,,,1.0,0.0,,,17,10.71,17,10.71,True,3.1335189835820274,,,,,,,,-3.523566888155426,3.523566888155426,28.799999999999997,108.15,2.785889381891664,13.289184202433773,36.6,10.507894390018901,70.35000000000001,40.8,361.2,168.0,344.0,0.30178571428571427,0.44817275747508306,1.0,0.8107142857142857,0.17142857142857143,0.6374825703522651,0.13716685394135683,0.9373525004962715,0.7680951544172615,8.7551552958749,0.9154658876246571,9.585291921100042,1.025993937530208,10.507894390018901,1.7733646707376038,10.138031015244053,1.9207354039449995,9.168167640469195,2.068106137152395,7.598304265694338,2.815476870359799,6.028440890919489,2.926004920265342,3.3510433598383487,3.6733756534727373,2.381179985063491,5.020746386680142,2.0113166102886337,5.768117119887537,1.641453235513785,7.115487853094933,2.4715898607389275,8.462858586302337,2.70172648596407,10.37338663620788,3.6243289548829294,11.720757369415276,4.454465580108081,12.46812810262268,5.8846022053332145,13.215498835830076,7.314738830558365,13.289184202433773,8.329807143170934,13.289184202433773,8.329807143170934,13.289184202433773,8.329807143170934,left,-0.7701829103786944,3.523566888155426,0.21785714285714286,,,1.0,0.0,1.0,0.0
2.25.48906424954135283790354958243772558962,/home/user/workspace/dataset_extracted/Датасет/НД_для_обучения/Исследования/2.25.48906424954135283790354958243772558962/series_001_2_CR/A2504185596 DXA Exam/CR DXA Images/CR000002.dcm,1.2.643.5.1.13.13.12.2.77.8252.02031401091510001200041308031003,1,318,300,spine,True,1.0,"Наличие посторонних предметов, артефактов или наложений",0.0,0.0,1.0,,,,,123,77.49,123,77.49,True,3.9073459285719974,1.2847435876542816,0.20791792527523434,318.0,-0.017121468777019023,0.0,0.0031446540880503146,0.9333333333333333,,,,,,,,,,,,,,,,,,,,,,,,,,,,,,,,,,,,,,,,,,,,,,,,,,,,,,,,,,,,,,,,,,,,,,,
2.25.52532476139575422857225834315571570912,/home/user/workspace/dataset_extracted/Датасет/НД_для_обучения/Исследования/2.25.52532476139575422857225834315571570912/series_001_2_CR/A2504247961 DXA/CR DXA/CR000000.dcm,1.2.643.5.1.13.13.12.2.77.8252.07120809010109050202061111011110,1,315,300,spine,True,0.0,,0.0,0.0,0.0,,,,,83,52.29,83,52.29,True,7.048406476448896,1.954034253290148,4.128005326828045,315.0,-0.05271974018403635,0.0,0.0031746031746031746,0.4033333333333333,,,,,,,,,,,,,,,,,,,,,,,,,,,,,,,,,,,,,,,,,,,,,,,,,,,,,,,,,,,,,,,,,,,,,,,
2.25.52982400970721161435951723390541696819,/home/user/workspace/dataset_extracted/Датасет/НД_для_обучения/Исследования/2.25.52982400970721161435951723390541696819/series_001_2_CR/A2504331065 DXA/CR DXA/CR000000.dcm,1.2.643.5.1.13.13.12.2.77.8252.07081506021006111207090213090701,7,289,280,left_hip,True,0.0,,,,,,,0.0,0.0,0,0.0,0,0.0,False,0.0,,,,,,,,-5.958014579145886,5.958014579145886,27.9,90.3,0.0,-14.918084815321457,31.2,22.272150573140237,73.5,12.0,303.45,168.0,289.0,0.2642857142857143,0.21955017301038063,1.0,0.3142857142857143,0.16071428571428573,0.5068549451984806,0.12825700694767456,0.9618960891203814,-16.35974904476625,2.3538148025850147,-17.681968017359292,3.1549431576961013,-17.923632246804083,4.055789424029416,-18.645851219397127,4.8569177791405105,-18.76807019199017,5.058046134251605,-19.49028916458322,5.859174489362692,-19.612508137176274,6.660302844473779,-19.854172366621057,6.361149110807102,-19.37639133921411,7.162277465918197,-18.89861031180715,7.9634058210292835,-18.420829284400195,9.364534176140369,-17.943048256993247,10.765662531251465,-17.4652672295863,12.766790886362559,-17.706931459031082,14.867637152695874,-28.629150431624126,17.46876550780696,-30.0,18.869893862918055,-30.0,20.27102221802915,-30.0,22.272150573140237,-30.0,22.17243266191801,-30.0,22.17243266191801,right,0.24508833891912962,5.958014579145886,0.18571428571428572,0.0,0.0,,,0.0,0.0
2.25.52982400970721161435951723390541696819,/home/user/workspace/dataset_extracted/Датасет/НД_для_обучения/Исследования/2.25.52982400970721161435951723390541696819/series_001_2_CR/A2504331065 DXA/CR DXA/CR000001.dcm,1.2.643.5.1.13.13.12.2.77.8252.06001210040802120801060507001509,6,289,280,left_hip,True,0.0,,,,,,,0.0,0.0,9,5.67,9,5.67,True,3.527063208581319,,,,,,,,-7.819815861269412,7.819815861269412,26.099999999999998,90.3,0.0,-6.246758809377809,43.199999999999996,20.553935562998266,75.60000000000001,12.0,303.45,168.0,289.0,0.33214285714285713,0.2087740978744439,1.0,0.2785714285714286,0.15357142857142858,0.5005043481005267,0.12216248402681701,0.9647644404746747,-10.969881598188584,2.375138449926882,-10.75868861738761,3.2327147506957856,-10.750293881786876,3.575896976272463,-9.939100900985887,4.433473277041366,-9.727907920184913,5.89104957781027,-8.916714939383931,6.7486258785791735,-8.10552195858295,7.6062021793480765,-8.697127222982214,7.349384404924763,-8.48593424218124,7.006960705693666,-7.674741261380251,7.8645370064625695,-6.863548280579278,8.722113307231472,-6.6523552997782955,10.179689608000375,-11.241162318977313,11.63726590876928,-13.632767583376578,12.580448134345966,-14.021574602575607,14.638024435114868,-16.210381621774616,17.29560073588377,-17.19918864097364,18.753177036652676,-18.18799566017266,19.610753337421578,-18.179600924571925,20.553935562998266,-18.179600924571925,20.553935562998266,left,-0.3059192509166828,7.819815861269412,0.2571428571428571,,,0.0,0.0,0.0,0.0
2.25.52982400970721161435951723390541696819,/home/user/workspace/dataset_extracted/Датасет/НД_для_обучения/Исследования/2.25.52982400970721161435951723390541696819/series_001_2_CR/A2504331065 DXA/CR DXA/CR000002.dcm,1.2.643.5.1.13.13.12.2.77.8252.02030504060005060505040905021305,1,317,300,spine,True,1.0,Нарушение укладки поясничного отдела позвоночника,1.0,0.0,0.0,,,,,0,0.0,0,0.0,False,0.0,0.9074338611444276,0.1394075787260709,317.0,-0.008039351394107162,0.0,0.0031545741324921135,0.26,,,,,,,,,,,,,,,,,,,,,,,,,,,,,,,,,,,,,,,,,,,,,,,,,,,,,,,,,,,,,,,,,,,,,,,
2.25.52982400970721161435951723390541696819,/home/user/workspace/dataset_extracted/Датасет/НД_для_обучения/Исследования/2.25.52982400970721161435951723390541696819/series_001_2_CR/A2504331065 DXA/CR DXA/CR000003.dcm,1.2.643.5.1.13.13.12.2.77.8252.15141212090108110812010201000904,5,289,280,left_hip,True,0.0,,,,,,,0.0,0.0,0,0.0,0,0.0,False,0.0,,,,,,,,-5.958014579145886,5.958014579145886,27.9,90.3,0.0,-14.918084815321457,31.2,22.272150573140237,73.5,12.0,303.45,168.0,289.0,0.2642857142857143,0.21955017301038063,1.0,0.3142857142857143,0.16071428571428573,0.5068549451984806,0.12825700694767456,0.9618960891203814,-16.35974904476625,2.3538148025850147,-17.681968017359292,3.1549431576961013,-17.923632246804083,4.055789424029416,-18.645851219397127,4.8569177791405105,-18.76807019199017,5.058046134251605,-19.49028916458322,5.859174489362692,-19.612508137176274,6.660302844473779,-19.854172366621057,6.361149110807102,-19.37639133921411,7.162277465918197,-18.89861031180715,7.9634058210292835,-18.420829284400195,9.364534176140369,-17.943048256993247,10.765662531251465,-17.4652672295863,12.766790886362559,-17.706931459031082,14.867637152695874,-28.629150431624126,17.46876550780696,-30.0,18.869893862918055,-30.0,20.27102221802915,-30.0,22.272150573140237,-30.0,22.17243266191801,-30.0,22.17243266191801,right,0.24508833891912962,5.958014579145886,0.18571428571428572,0.0,0.0,,,0.0,0.0
2.25.52982400970721161435951723390541696819,/home/user/workspace/dataset_extracted/Датасет/НД_для_обучения/Исследования/2.25.52982400970721161435951723390541696819/series_001_2_CR/A2504331065 DXA/CR DXA/CR000004.dcm,1.2.643.5.1.13.13.12.2.77.8252.06130007090800051113070612071205,4,317,300,spine,True,1.0,Нарушение укладки поясничного отдела позвоночника,1.0,0.0,0.0,,,,,0,0.0,0,0.0,False,0.0,0.9074338611444276,0.1394075787260709,317.0,-0.008039351394107162,0.0,0.0031545741324921135,0.26,,,,,,,,,,,,,,,,,,,,,,,,,,,,,,,,,,,,,,,,,,,,,,,,,,,,,,,,,,,,,,,,,,,,,,,
2.25.52982400970721161435951723390541696819,/home/user/workspace/dataset_extracted/Датасет/НД_для_обучения/Исследования/2.25.52982400970721161435951723390541696819/series_001_2_CR/A2504331065 DXA/CR DXA/CR000005.dcm,1.2.643.5.1.13.13.12.2.77.8252.13060812000809140915061004151307,8,289,280,left_hip,True,0.0,,,,,,,0.0,0.0,9,5.67,9,5.67,True,3.527063208581319,,,,,,,,-7.819815861269412,7.819815861269412,26.099999999999998,90.3,0.0,-6.246758809377809,43.199999999999996,20.553935562998266,75.60000000000001,12.0,303.45,168.0,289.0,0.33214285714285713,0.2087740978744439,1.0,0.2785714285714286,0.15357142857142858,0.5005043481005267,0.12216248402681701,0.9647644404746747,-10.969881598188584,2.375138449926882,-10.75868861738761,3.2327147506957856,-10.750293881786876,3.575896976272463,-9.939100900985887,4.433473277041366,-9.727907920184913,5.89104957781027,-8.916714939383931,6.7486258785791735,-8.10552195858295,7.6062021793480765,-8.697127222982214,7.349384404924763,-8.48593424218124,7.006960705693666,-7.674741261380251,7.8645370064625695,-6.863548280579278,8.722113307231472,-6.6523552997782955,10.179689608000375,-11.241162318977313,11.63726590876928,-13.632767583376578,12.580448134345966,-14.021574602575607,14.638024435114868,-16.210381621774616,17.29560073588377,-17.19918864097364,18.753177036652676,-18.18799566017266,19.610753337421578,-18.179600924571925,20.553935562998266,-18.179600924571925,20.553935562998266,left,-0.3059192509166828,7.819815861269412,0.2571428571428571,,,0.0,0.0,0.0,0.0
2.25.52982400970721161435951723390541696819,/home/user/workspace/dataset_extracted/Датасет/НД_для_обучения/Исследования/2.25.52982400970721161435951723390541696819/series_001_2_CR/A2504331065 DXA/CR DXA/CR000006.dcm,1.2.643.5.1.13.13.12.2.77.8252.14150614130710030701101012031106,2,289,280,left_hip,True,0.0,,,,,,,0.0,0.0,0,0.0,0,0.0,False,0.0,,,,,,,,-5.958014579145886,5.958014579145886,27.9,90.3,0.0,-14.918084815321457,31.2,22.272150573140237,73.5,12.0,303.45,168.0,289.0,0.2642857142857143,0.21955017301038063,1.0,0.3142857142857143,0.16071428571428573,0.5068549451984806,0.12825700694767456,0.9618960891203814,-16.35974904476625,2.3538148025850147,-17.681968017359292,3.1549431576961013,-17.923632246804083,4.055789424029416,-18.645851219397127,4.8569177791405105,-18.76807019199017,5.058046134251605,-19.49028916458322,5.859174489362692,-19.612508137176274,6.660302844473779,-19.854172366621057,6.361149110807102,-19.37639133921411,7.162277465918197,-18.89861031180715,7.9634058210292835,-18.420829284400195,9.364534176140369,-17.943048256993247,10.765662531251465,-17.4652672295863,12.766790886362559,-17.706931459031082,14.867637152695874,-28.629150431624126,17.46876550780696,-30.0,18.869893862918055,-30.0,20.27102221802915,-30.0,22.272150573140237,-30.0,22.17243266191801,-30.0,22.17243266191801,right,0.24508833891912962,5.958014579145886,0.18571428571428572,0.0,0.0,,,0.0,0.0
2.25.52982400970721161435951723390541696819,/home/user/workspace/dataset_extracted/Датасет/НД_для_обучения/Исследования/2.25.52982400970721161435951723390541696819/series_001_2_CR/A2504331065 DXA/CR DXA/CR000007.dcm,1.2.643.5.1.13.13.12.2.77.8252.10071506040807070913151311141504,3,289,280,left_hip,True,0.0,,,,,,,0.0,0.0,9,5.67,9,5.67,True,3.527063208581319,,,,,,,,-7.819815861269412,7.819815861269412,26.099999999999998,90.3,0.0,-6.246758809377809,43.199999999999996,20.553935562998266,75.60000000000001,12.0,303.45,168.0,289.0,0.33214285714285713,0.2087740978744439,1.0,0.2785714285714286,0.15357142857142858,0.5005043481005267,0.12216248402681701,0.9647644404746747,-10.969881598188584,2.375138449926882,-10.75868861738761,3.2327147506957856,-10.750293881786876,3.575896976272463,-9.939100900985887,4.433473277041366,-9.727907920184913,5.89104957781027,-8.916714939383931,6.7486258785791735,-8.10552195858295,7.6062021793480765,-8.697127222982214,7.349384404924763,-8.48593424218124,7.006960705693666,-7.674741261380251,7.8645370064625695,-6.863548280579278,8.722113307231472,-6.6523552997782955,10.179689608000375,-11.241162318977313,11.63726590876928,-13.632767583376578,12.580448134345966,-14.021574602575607,14.638024435114868,-16.210381621774616,17.29560073588377,-17.19918864097364,18.753177036652676,-18.18799566017266,19.610753337421578,-18.179600924571925,20.553935562998266,-18.179600924571925,20.553935562998266,left,-0.3059192509166828,7.819815861269412,0.2571428571428571,,,0.0,0.0,0.0,0.0
2.25.54396839637320114639948764487283877793,/home/user/workspace/dataset_extracted/Датасет/НД_для_обучения/Исследования/2.25.54396839637320114639948764487283877793/series_003_2_CR/A2504111090 DXA/CR DXA/CR000000.dcm,1.2.643.5.1.13.13.12.2.77.8252.02060605151213121009151302130207,1,317,300,spine,True,0.0,,0.0,0.0,0.0,,,,,200,126.0,200,126.0,True,3.575246391156624,2.863740876729216,2.7217110509359292,317.0,0.06406745741201737,0.0,0.0031545741324921135,0.46,,,,,,,,,,,,,,,,,,,,,,,,,,,,,,,,,,,,,,,,,,,,,,,,,,,,,,,,,,,,,,,,,,,,,,,
2.25.59542620917302828428419211045951914336,/home/user/workspace/dataset_extracted/Датасет/НД_для_обучения/Исследования/2.25.59542620917302828428419211045951914336/series_001_2_CR/A2504303391 DXA/CR DXA/CR000000.dcm,1.2.643.5.1.13.13.12.2.77.8252.07101010011513020401030213080905,1,315,300,spine,True,1.0,"Наличие посторонних предметов, артефактов или наложений",0.0,0.0,1.0,,,,,392,246.96,392,246.96,True,4.1837524216681725,0.3219795831608274,0.18938287629384565,315.0,0.021298635528352938,0.0,0.0031746031746031746,0.36,,,,,,,,,,,,,,,,,,,,,,,,,,,,,,,,,,,,,,,,,,,,,,,,,,,,,,,,,,,,,,,,,,,,,,,
2.25.65954778282254353457041255543338557112,/home/user/workspace/dataset_extracted/Датасет/НД_для_обучения/Исследования/2.25.65954778282254353457041255543338557112/series_004_3_CR/A2504246289 DXA/CR DXA/CR000000.dcm,1.2.643.5.1.13.13.12.2.77.8252.11130315030911081202140406010814,5,291,280,left_hip,True,0.0,,,,,,,0.0,0.0,0,0.0,0,0.0,False,0.0,,,,,,,,-2.0775534065263233,2.0775534065263233,24.599999999999998,115.5,0.0,-0.04080427383179597,46.8,20.185164213421075,67.2,15.6,305.55,168.0,291.0,0.34464285714285714,0.20309278350515464,1.0,0.2642857142857143,0.1357142857142857,0.5437529896206247,0.13480623493819463,0.9686037836982728,-0.15548362374049987,3.1825494218154575,-0.1172571737709319,4.116057074589167,-0.08858733629375592,4.51618781416945,-0.050360886324187955,4.84969546694316,-15.61213443635462,6.383203119716861,-18.573907986385052,6.716710772490572,-18.535681536415485,7.050218425264274,-18.5070116989383,7.450349164844556,-18.468785248968732,7.783856817618266,-18.43055879899916,8.717364470391976,-18.392332349029594,9.650872123165685,-18.354105899060027,11.184379775939396,-18.31587944909046,12.717887428713107,-18.28720961161328,13.718018168293389,-17.648983161643716,15.8515258210671,-17.610756711674146,17.98503347384079,-30.0,20.185164213421075,-30.0,20.185164213421075,-30.0,20.185164213421075,-30.0,20.185164213421075,right,0.320098996691412,2.0775534065263233,0.2785714285714286,0.0,0.0,,,0.0,0.0
2.25.65954778282254353457041255543338557112,/home/user/workspace/dataset_extracted/Датасет/НД_для_обучения/Исследования/2.25.65954778282254353457041255543338557112/series_004_3_CR/A2504246289 DXA/CR DXA/CR000001.dcm,1.2.643.5.1.13.13.12.2.77.8252.10000615050107010300151404090301,4,291,280,right_hip,True,0.0,,,,,0.0,0.0,,,0,0.0,0,0.0,False,0.0,,,,,,,,-2.945876146757862,2.945876146757862,24.0,107.10000000000001,0.0,6.0852152376859605,43.199999999999996,21.735213258618824,75.60000000000001,35.4,305.55,168.0,291.0,0.32142857142857145,0.26605301914580265,1.0,0.37142857142857144,0.13214285714285715,0.5922198387492864,0.17922513588854388,0.9507406848487605,0.006891677174562005,3.205462225263079,0.08208718073405805,4.048388756636944,0.13848380840368008,4.980583655167348,0.21367931196317613,5.223510186541222,0.28887481552266364,5.466436717915087,0.9640703190821597,5.109363249288952,1.0392658226416558,5.352289780662818,1.0956624503112777,5.684484679193221,1.7708579538707652,6.527411210567086,1.8460534574302612,7.37033774194096,3.121248960989757,8.213264273314826,3.7964444645492534,9.656190804688691,5.071639968108741,11.099117336062557,5.728036595778363,12.031312234592951,5.803232099337859,14.074238765966834,5.8784276028973546,16.7171652973407,5.953623106456843,20.560091828714565,6.028818610016338,20.80301836008843,6.0852152376859605,21.735213258618824,6.0852152376859605,21.735213258618824,left,-0.24151584306223475,2.945876146757862,0.2571428571428571,,,0.0,0.0,0.0,0.0
2.25.65954778282254353457041255543338557112,/home/user/workspace/dataset_extracted/Датасет/НД_для_обучения/Исследования/2.25.65954778282254353457041255543338557112/series_004_3_CR/A2504246289 DXA/CR DXA/CR000002.dcm,1.2.643.5.1.13.13.12.2.77.8252.05111111030105140803060510040613,1,318,300,spine,True,0.0,,0.0,0.0,0.0,,,,,1269,799.47,1269,799.47,True,5.121785998814282,4.285818911897858,5.818652461202031,318.0,-0.020896673194644583,0.0,0.0031446540880503146,0.6066666666666667,,,,,,,,,,,,,,,,,,,,,,,,,,,,,,,,,,,,,,,,,,,,,,,,,,,,,,,,,,,,,,,,,,,,,,,
2.25.66397484472966116002950503539482860450,/home/user/workspace/dataset_extracted/Датасет/НД_для_обучения/Исследования/2.25.66397484472966116002950503539482860450/series_001_2_CR/A2504194637 DXA/CR DXA/CR000000.dcm,1.2.643.5.1.13.13.12.2.77.8252.02091011000006010704070004091411,6,235,280,left_hip,True,1.0,Нарушение позиционирования/ротации левого бедра,,,,,,1.0,0.0,0,0.0,0,0.0,False,0.0,,,,,,,,-14.380934109517282,14.380934109517282,28.799999999999997,72.45,0.0,-6.753562294483015,43.8,7.447621483375991,59.85,9.0,246.75,168.0,230.0,0.3410714285714286,0.22083586626139817,0.9787234042553191,0.26071428571428573,0.16071428571428573,0.5318571615413253,0.15233788024421693,0.9474246874271913,-7.7818487394958025,1.1138180489587513,-7.108542199488497,1.4333503836317505,-6.753562294483015,1.3729996346364999,-9.08025575447571,1.092531969309499,-12.006949214468403,0.8120643039824983,-13.133642674461097,1.1315966386554976,-13.060336134453792,2.0511289733284968,-12.10535622944831,2.590778224333246,-11.432049689441003,3.5103105590062453,-11.958743149433698,5.029842893679245,-14.885436609426392,5.349375228352244,-15.412130069419078,5.668907563025243,-15.938823529411764,5.9884398976982425,-15.58384362440629,6.528089148702992,-15.510537084398992,7.447621483375991,-15.510537084398992,7.447621483375991,-15.510537084398992,7.447621483375991,-15.510537084398992,7.447621483375991,-15.510537084398992,7.447621483375991,-15.510537084398992,7.447621483375991,left,-0.4460280907756357,14.380934109517282,0.2607142857142857,,,1.0,0.0,1.0,0.0
2.25.66397484472966116002950503539482860450,/home/user/workspace/dataset_extracted/Датасет/НД_для_обучения/Исследования/2.25.66397484472966116002950503539482860450/series_001_2_CR/A2504194637 DXA/CR DXA/CR000001.dcm,1.2.643.5.1.13.13.12.2.77.8252.08151215001015040112061102060812,10,235,280,left_hip,True,1.0,Нарушение позиционирования/ротации левого бедра,,,,,,1.0,0.0,0,0.0,0,0.0,False,0.0,,,,,,,,-14.380934109517282,14.380934109517282,28.799999999999997,72.45,0.0,-6.753562294483015,43.8,7.447621483375991,59.85,9.0,246.75,168.0,230.0,0.3410714285714286,0.22083586626139817,0.9787234042553191,0.26071428571428573,0.16071428571428573,0.5318571615413253,0.15233788024421693,0.9474246874271913,-7.7818487394958025,1.1138180489587513,-7.108542199488497,1.4333503836317505,-6.753562294483015,1.3729996346364999,-9.08025575447571,1.092531969309499,-12.006949214468403,0.8120643039824983,-13.133642674461097,1.1315966386554976,-13.060336134453792,2.0511289733284968,-12.10535622944831,2.590778224333246,-11.432049689441003,3.5103105590062453,-11.958743149433698,5.029842893679245,-14.885436609426392,5.349375228352244,-15.412130069419078,5.668907563025243,-15.938823529411764,5.9884398976982425,-15.58384362440629,6.528089148702992,-15.510537084398992,7.447621483375991,-15.510537084398992,7.447621483375991,-15.510537084398992,7.447621483375991,-15.510537084398992,7.447621483375991,-15.510537084398992,7.447621483375991,-15.510537084398992,7.447621483375991,left,-0.4460280907756357,14.380934109517282,0.2607142857142857,,,1.0,0.0,1.0,0.0
2.25.66397484472966116002950503539482860450,/home/user/workspace/dataset_extracted/Датасет/НД_для_обучения/Исследования/2.25.66397484472966116002950503539482860450/series_001_2_CR/A2504194637 DXA/CR DXA/CR000002.dcm,1.2.643.5.1.13.13.12.2.77.8252.03111115071204110106020413091215,12,235,280,left_hip,True,1.0,Нарушение позиционирования/ротации левого бедра,,,,,,1.0,0.0,0,0.0,0,0.0,False,0.0,,,,,,,,-14.380934109517282,14.380934109517282,28.799999999999997,72.45,0.0,-6.753562294483015,43.8,7.447621483375991,59.85,9.0,246.75,168.0,230.0,0.3410714285714286,0.22083586626139817,0.9787234042553191,0.26071428571428573,0.16071428571428573,0.5318571615413253,0.15233788024421693,0.9474246874271913,-7.7818487394958025,1.1138180489587513,-7.108542199488497,1.4333503836317505,-6.753562294483015,1.3729996346364999,-9.08025575447571,1.092531969309499,-12.006949214468403,0.8120643039824983,-13.133642674461097,1.1315966386554976,-13.060336134453792,2.0511289733284968,-12.10535622944831,2.590778224333246,-11.432049689441003,3.5103105590062453,-11.958743149433698,5.029842893679245,-14.885436609426392,5.349375228352244,-15.412130069419078,5.668907563025243,-15.938823529411764,5.9884398976982425,-15.58384362440629,6.528089148702992,-15.510537084398992,7.447621483375991,-15.510537084398992,7.447621483375991,-15.510537084398992,7.447621483375991,-15.510537084398992,7.447621483375991,-15.510537084398992,7.447621483375991,-15.510537084398992,7.447621483375991,left,-0.4460280907756357,14.380934109517282,0.2607142857142857,,,1.0,0.0,1.0,0.0
2.25.66397484472966116002950503539482860450,/home/user/workspace/dataset_extracted/Датасет/НД_для_обучения/Исследования/2.25.66397484472966116002950503539482860450/series_001_2_CR/A2504194637 DXA/CR DXA/CR000003.dcm,1.2.643.5.1.13.13.12.2.77.8252.08021214010408050013070405100802,2,318,280,right_hip,True,1.0,Нарушение позиционирования/ротации правого бедра,,,,1.0,0.0,,,0,0.0,0,0.0,False,0.0,,,,,,,,-10.207594343390884,10.207594343390884,27.599999999999998,150.15,0.0,6.581729538067546,36.6,12.732931153353752,53.550000000000004,39.0,333.90000000000003,168.0,318.0,0.29642857142857143,0.2672394429469901,1.0,0.2785714285714286,0.16071428571428573,0.631916215738247,0.21374746464994204,0.9644231879337234,0.3354722742046505,3.2591130700285986,0.9691962966610645,4.180289077120096,1.4444893135033794,4.121171082438724,1.4782133359597935,3.8423470895302216,2.1119373584162076,3.5635230966217364,2.7456613808726216,3.284699103713234,3.979385403329044,4.205875110804731,4.454678420171359,4.7467571161233595,3.8884024426277732,5.667933123214857,4.522126465084187,7.789109130306372,5.155850487540602,8.71028513739787,5.789574509997024,10.231461144489367,6.423298532453438,12.352637151580865,6.581729538067546,12.732931153353752,6.581729538067546,12.732931153353752,6.581729538067546,12.732931153353752,6.581729538067546,12.732931153353752,6.581729538067546,12.732931153353752,6.581729538067546,12.732931153353752,6.581729538067546,12.732931153353752,right,0.55658086910231,10.207594343390884,0.21785714285714286,1.0,0.0,,,1.0,0.0
2.25.66397484472966116002950503539482860450,/home/user/workspace/dataset_extracted/Датасет/НД_для_обучения/Исследования/2.25.66397484472966116002950503539482860450/series_001_2_CR/A2504194637 DXA/CR DXA/CR000004.dcm,1.2.643.5.1.13.13.12.2.77.8252.01011407000709010910090115010000,4,318,300,spine,True,0.0,,0.0,0.0,0.0,,,,,1266,797.58,1266,797.58,True,3.8208641175178633,0.20104293424344993,2.742830406129765,318.0,0.015674384685505912,0.0,0.0031446540880503146,0.5733333333333334,,,,,,,,,,,,,,,,,,,,,,,,,,,,,,,,,,,,,,,,,,,,,,,,,,,,,,,,,,,,,,,,,,,,,,,
2.25.66397484472966116002950503539482860450,/home/user/workspace/dataset_extracted/Датасет/НД_для_обучения/Исследования/2.25.66397484472966116002950503539482860450/series_001_2_CR/A2504194637 DXA/CR DXA/CR000005.dcm,1.2.643.5.1.13.13.12.2.77.8252.15121501030904011113060500050403,3,235,280,left_hip,True,1.0,Нарушение позиционирования/ротации левого бедра,,,,,,1.0,0.0,0,0.0,0,0.0,False,0.0,,,,,,,,-14.380934109517282,14.380934109517282,28.799999999999997,72.45,0.0,-6.753562294483015,43.8,7.447621483375991,59.85,9.0,246.75,168.0,230.0,0.3410714285714286,0.22083586626139817,0.9787234042553191,0.26071428571428573,0.16071428571428573,0.5318571615413253,0.15233788024421693,0.9474246874271913,-7.7818487394958025,1.1138180489587513,-7.108542199488497,1.4333503836317505,-6.753562294483015,1.3729996346364999,-9.08025575447571,1.092531969309499,-12.006949214468403,0.8120643039824983,-13.133642674461097,1.1315966386554976,-13.060336134453792,2.0511289733284968,-12.10535622944831,2.590778224333246,-11.432049689441003,3.5103105590062453,-11.958743149433698,5.029842893679245,-14.885436609426392,5.349375228352244,-15.412130069419078,5.668907563025243,-15.938823529411764,5.9884398976982425,-15.58384362440629,6.528089148702992,-15.510537084398992,7.447621483375991,-15.510537084398992,7.447621483375991,-15.510537084398992,7.447621483375991,-15.510537084398992,7.447621483375991,-15.510537084398992,7.447621483375991,-15.510537084398992,7.447621483375991,left,-0.4460280907756357,14.380934109517282,0.2607142857142857,,,1.0,0.0,1.0,0.0
2.25.66397484472966116002950503539482860450,/home/user/workspace/dataset_extracted/Датасет/НД_для_обучения/Исследования/2.25.66397484472966116002950503539482860450/series_001_2_CR/A2504194637 DXA/CR DXA/CR000006.dcm,1.2.643.5.1.13.13.12.2.77.8252.10040310131315131311011115051512,13,318,280,right_hip,True,1.0,Нарушение позиционирования/ротации правого бедра,,,,1.0,0.0,,,0,0.0,0,0.0,False,0.0,,,,,,,,-10.207594343390884,10.207594343390884,27.599999999999998,150.15,0.0,6.581729538067546,36.6,12.732931153353752,53.550000000000004,39.0,333.90000000000003,168.0,318.0,0.29642857142857143,0.2672394429469901,1.0,0.2785714285714286,0.16071428571428573,0.631916215738247,0.21374746464994204,0.9644231879337234,0.3354722742046505,3.2591130700285986,0.9691962966610645,4.180289077120096,1.4444893135033794,4.121171082438724,1.4782133359597935,3.8423470895302216,2.1119373584162076,3.5635230966217364,2.7456613808726216,3.284699103713234,3.979385403329044,4.205875110804731,4.454678420171359,4.7467571161233595,3.8884024426277732,5.667933123214857,4.522126465084187,7.789109130306372,5.155850487540602,8.71028513739787,5.789574509997024,10.231461144489367,6.423298532453438,12.352637151580865,6.581729538067546,12.732931153353752,6.581729538067546,12.732931153353752,6.581729538067546,12.732931153353752,6.581729538067546,12.732931153353752,6.581729538067546,12.732931153353752,6.581729538067546,12.732931153353752,6.581729538067546,12.732931153353752,right,0.55658086910231,10.207594343390884,0.21785714285714286,1.0,0.0,,,1.0,0.0
2.25.66397484472966116002950503539482860450,/home/user/workspace/dataset_extracted/Датасет/НД_для_обучения/Исследования/2.25.66397484472966116002950503539482860450/series_001_2_CR/A2504194637 DXA/CR DXA/CR000007.dcm,1.2.643.5.1.13.13.12.2.77.8252.13130501101110040009090201091209,11,318,280,right_hip,True,1.0,Нарушение позиционирования/ротации правого бедра,,,,1.0,0.0,,,0,0.0,0,0.0,False,0.0,,,,,,,,-10.207594343390884,10.207594343390884,27.599999999999998,150.15,0.0,6.581729538067546,36.6,12.732931153353752,53.550000000000004,39.0,333.90000000000003,168.0,318.0,0.29642857142857143,0.2672394429469901,1.0,0.2785714285714286,0.16071428571428573,0.631916215738247,0.21374746464994204,0.9644231879337234,0.3354722742046505,3.2591130700285986,0.9691962966610645,4.180289077120096,1.4444893135033794,4.121171082438724,1.4782133359597935,3.8423470895302216,2.1119373584162076,3.5635230966217364,2.7456613808726216,3.284699103713234,3.979385403329044,4.205875110804731,4.454678420171359,4.7467571161233595,3.8884024426277732,5.667933123214857,4.522126465084187,7.789109130306372,5.155850487540602,8.71028513739787,5.789574509997024,10.231461144489367,6.423298532453438,12.352637151580865,6.581729538067546,12.732931153353752,6.581729538067546,12.732931153353752,6.581729538067546,12.732931153353752,6.581729538067546,12.732931153353752,6.581729538067546,12.732931153353752,6.581729538067546,12.732931153353752,6.581729538067546,12.732931153353752,right,0.55658086910231,10.207594343390884,0.21785714285714286,1.0,0.0,,,1.0,0.0
2.25.66397484472966116002950503539482860450,/home/user/workspace/dataset_extracted/Датасет/НД_для_обучения/Исследования/2.25.66397484472966116002950503539482860450/series_001_2_CR/A2504194637 DXA/CR DXA/CR000008.dcm,1.2.643.5.1.13.13.12.2.77.8252.15080405040711111211130015010914,9,318,300,spine,True,0.0,,0.0,0.0,0.0,,,,,1266,797.58,1266,797.58,True,3.8208641175178633,0.20104293424344993,2.742830406129765,318.0,0.015674384685505912,0.0,0.0031446540880503146,0.5733333333333334,,,,,,,,,,,,,,,,,,,,,,,,,,,,,,,,,,,,,,,,,,,,,,,,,,,,,,,,,,,,,,,,,,,,,,,
2.25.66397484472966116002950503539482860450,/home/user/workspace/dataset_extracted/Датасет/НД_для_обучения/Исследования/2.25.66397484472966116002950503539482860450/series_001_2_CR/A2504194637 DXA/CR DXA/CR000009.dcm,1.2.643.5.1.13.13.12.2.77.8252.00121200081108110912041503010000,1,318,300,spine,True,0.0,,0.0,0.0,0.0,,,,,1266,797.58,1266,797.58,True,3.8208641175178633,0.20104293424344993,2.742830406129765,318.0,0.015674384685505912,0.0,0.0031446540880503146,0.5733333333333334,,,,,,,,,,,,,,,,,,,,,,,,,,,,,,,,,,,,,,,,,,,,,,,,,,,,,,,,,,,,,,,,,,,,,,,
2.25.66397484472966116002950503539482860450,/home/user/workspace/dataset_extracted/Датасет/НД_для_обучения/Исследования/2.25.66397484472966116002950503539482860450/series_001_2_CR/A2504194637 DXA/CR DXA/CR000010.dcm,1.2.643.5.1.13.13.12.2.77.8252.10080308141508151114100414150301,5,318,280,right_hip,True,1.0,Нарушение позиционирования/ротации правого бедра,,,,1.0,0.0,,,0,0.0,0,0.0,False,0.0,,,,,,,,-10.207594343390884,10.207594343390884,27.599999999999998,150.15,0.0,6.581729538067546,36.6,12.732931153353752,53.550000000000004,39.0,333.90000000000003,168.0,318.0,0.29642857142857143,0.2672394429469901,1.0,0.2785714285714286,0.16071428571428573,0.631916215738247,0.21374746464994204,0.9644231879337234,0.3354722742046505,3.2591130700285986,0.9691962966610645,4.180289077120096,1.4444893135033794,4.121171082438724,1.4782133359597935,3.8423470895302216,2.1119373584162076,3.5635230966217364,2.7456613808726216,3.284699103713234,3.979385403329044,4.205875110804731,4.454678420171359,4.7467571161233595,3.8884024426277732,5.667933123214857,4.522126465084187,7.789109130306372,5.155850487540602,8.71028513739787,5.789574509997024,10.231461144489367,6.423298532453438,12.352637151580865,6.581729538067546,12.732931153353752,6.581729538067546,12.732931153353752,6.581729538067546,12.732931153353752,6.581729538067546,12.732931153353752,6.581729538067546,12.732931153353752,6.581729538067546,12.732931153353752,6.581729538067546,12.732931153353752,right,0.55658086910231,10.207594343390884,0.21785714285714286,1.0,0.0,,,1.0,0.0
2.25.73070100851377917031356937075051545239,/home/user/workspace/dataset_extracted/Датасет/НД_для_обучения/Исследования/2.25.73070100851377917031356937075051545239/series_002_2_CR/A2504239110 DXA/CR DXA/CR000000.dcm,1.2.643.5.1.13.13.12.2.77.8252.00031305050707070014000611130907,4,233,280,left_hip,True,1.0,Нарушение позиционирования/ротации левого бедра,,,,,,1.0,0.0,0,0.0,0,0.0,False,0.0,,,,,,,,-4.065086265722421,4.065086265722421,26.4,72.45,0.0,-8.795791012057014,48.0,14.979130434782626,55.650000000000006,7.8,244.65,168.0,233.0,0.36428571428571427,0.17544451256897609,1.0,0.21428571428571427,0.14642857142857144,0.5413144265012106,0.16813782835741004,0.9652223607019176,-9.055696017537468,1.2469565217391447,-11.709156010230194,1.5965217391304463,-13.249251004749748,2.0086956521739183,-13.502710997442474,1.7582608695652198,-14.3561709901352,2.107826086956538,-14.609630982827934,3.05739130434784,-14.863090975520668,3.4069565217391413,-14.603185970040215,3.8191304347826303,-14.256645962732941,4.768695652173932,-13.310105955425675,6.318260869565234,-12.9635659481184,7.267826086956535,-13.217025940811135,8.817391304347852,-26.07048593350386,10.966956521739155,-26.410580928023414,14.979130434782626,-26.410580928023414,14.979130434782626,-26.410580928023414,14.979130434782626,-26.410580928023414,14.979130434782626,-26.410580928023414,14.979130434782626,-26.410580928023414,14.979130434782626,-26.410580928023414,14.979130434782626,left,-0.37284059840572287,4.065086265722421,0.2857142857142857,,,1.0,0.0,1.0,0.0
2.25.73070100851377917031356937075051545239,/home/user/workspace/dataset_extracted/Датасет/НД_для_обучения/Исследования/2.25.73070100851377917031356937075051545239/series_002_2_CR/A2504239110 DXA/CR DXA/CR000001.dcm,1.2.643.5.1.13.13.12.2.77.8252.09110310111109140609041514031010,5,233,280,right_hip,True,1.0,Нарушение позиционирования/ротации правого бедра,,,,1.0,0.0,,,0,0.0,0,0.0,False,0.0,,,,,,,,-11.278079019439435,11.278079019439435,13.2,87.15,0.0,3.976130305192862,58.8,8.180752277402325,29.400000000000002,5.3999999999999995,244.65,168.0,233.0,0.4303571428571429,0.159886572654813,1.0,0.20357142857142857,0.15,0.5064281668593551,0.1526642435644253,0.9604391552785329,3.5527727635279462,1.64475462826922,3.7172494857478284,1.9340875697913986,3.540607027412744,2.901087275933037,-1.6949162503673734,3.790420217455232,-2.1304395281474737,5.279753158977411,-1.9659628059275747,6.169086100499606,-1.8014860837076923,7.658419042021785,-1.460366903152726,8.180752277402325,-1.460366903152726,8.180752277402325,-1.460366903152726,8.180752277402325,-1.460366903152726,8.180752277402325,-1.460366903152726,8.180752277402325,-1.460366903152726,8.180752277402325,-1.460366903152726,8.180752277402325,-1.460366903152726,8.180752277402325,-1.460366903152726,8.180752277402325,-1.460366903152726,8.180752277402325,-1.460366903152726,8.180752277402325,-1.460366903152726,8.180752277402325,-1.460366903152726,8.180752277402325,right,0.3687804020237632,11.278079019439435,0.35,1.0,0.0,,,1.0,0.0
2.25.73070100851377917031356937075051545239,/home/user/workspace/dataset_extracted/Датасет/НД_для_обучения/Исследования/2.25.73070100851377917031356937075051545239/series_002_2_CR/A2504239110 DXA/CR DXA/CR000002.dcm,1.2.643.5.1.13.13.12.2.77.8252.03041015000108071402071509131313,3,287,300,spine,True,1.0,Нарушение оси позвоночника (отклонение более 5 градусов),0.0,1.0,0.0,,,,,238,149.94,238,149.94,True,3.6337299990531275,2.7176466106953225,0.06644038954179732,287.0,-0.02235854055486167,0.0,0.003484320557491289,0.33,,,,,,,,,,,,,,,,,,,,,,,,,,,,,,,,,,,,,,,,,,,,,,,,,,,,,,,,,,,,,,,,,,,,,,,
2.25.73070100851377917031356937075051545239,/home/user/workspace/dataset_extracted/Датасет/НД_для_обучения/Исследования/2.25.73070100851377917031356937075051545239/series_002_2_CR/A2504239110 DXA/CR DXA/CR000003.dcm,1.2.643.5.1.13.13.12.2.77.8252.07150604010711031305090702140107,1,287,300,spine,True,1.0,Нарушение оси позвоночника (отклонение более 5 градусов),0.0,1.0,0.0,,,,,238,149.94,238,149.94,True,3.6337299990531275,2.7176466106953225,0.06644038954179732,287.0,-0.02235854055486167,0.0,0.003484320557491289,0.33,,,,,,,,,,,,,,,,,,,,,,,,,,,,,,,,,,,,,,,,,,,,,,,,,,,,,,,,,,,,,,,,,,,,,,,
2.25.73070100851377917031356937075051545239,/home/user/workspace/dataset_extracted/Датасет/НД_для_обучения/Исследования/2.25.73070100851377917031356937075051545239/series_002_2_CR/A2504239110 DXA/CR DXA/CR000004.dcm,1.2.643.5.1.13.13.12.2.77.8252.13090506040311041500070413151313,6,233,280,left_hip,True,1.0,Нарушение позиционирования/ротации левого бедра,,,,,,1.0,0.0,0,0.0,0,0.0,False,0.0,,,,,,,,-4.065086265722421,4.065086265722421,26.4,72.45,0.0,-8.795791012057014,48.0,14.979130434782626,55.650000000000006,7.8,244.65,168.0,233.0,0.36428571428571427,0.17544451256897609,1.0,0.21428571428571427,0.14642857142857144,0.5413144265012106,0.16813782835741004,0.9652223607019176,-9.055696017537468,1.2469565217391447,-11.709156010230194,1.5965217391304463,-13.249251004749748,2.0086956521739183,-13.502710997442474,1.7582608695652198,-14.3561709901352,2.107826086956538,-14.609630982827934,3.05739130434784,-14.863090975520668,3.4069565217391413,-14.603185970040215,3.8191304347826303,-14.256645962732941,4.768695652173932,-13.310105955425675,6.318260869565234,-12.9635659481184,7.267826086956535,-13.217025940811135,8.817391304347852,-26.07048593350386,10.966956521739155,-26.410580928023414,14.979130434782626,-26.410580928023414,14.979130434782626,-26.410580928023414,14.979130434782626,-26.410580928023414,14.979130434782626,-26.410580928023414,14.979130434782626,-26.410580928023414,14.979130434782626,-26.410580928023414,14.979130434782626,left,-0.37284059840572287,4.065086265722421,0.2857142857142857,,,1.0,0.0,1.0,0.0
2.25.73070100851377917031356937075051545239,/home/user/workspace/dataset_extracted/Датасет/НД_для_обучения/Исследования/2.25.73070100851377917031356937075051545239/series_002_2_CR/A2504239110 DXA/CR DXA/CR000005.dcm,1.2.643.5.1.13.13.12.2.77.8252.12110509121413070408000802041201,8,233,280,right_hip,True,1.0,Нарушение позиционирования/ротации правого бедра,,,,1.0,0.0,,,0,0.0,0,0.0,False,0.0,,,,,,,,-11.278079019439435,11.278079019439435,13.2,87.15,0.0,3.976130305192862,58.8,8.180752277402325,29.400000000000002,5.3999999999999995,244.65,168.0,233.0,0.4303571428571429,0.159886572654813,1.0,0.20357142857142857,0.15,0.5064281668593551,0.1526642435644253,0.9604391552785329,3.5527727635279462,1.64475462826922,3.7172494857478284,1.9340875697913986,3.540607027412744,2.901087275933037,-1.6949162503673734,3.790420217455232,-2.1304395281474737,5.279753158977411,-1.9659628059275747,6.169086100499606,-1.8014860837076923,7.658419042021785,-1.460366903152726,8.180752277402325,-1.460366903152726,8.180752277402325,-1.460366903152726,8.180752277402325,-1.460366903152726,8.180752277402325,-1.460366903152726,8.180752277402325,-1.460366903152726,8.180752277402325,-1.460366903152726,8.180752277402325,-1.460366903152726,8.180752277402325,-1.460366903152726,8.180752277402325,-1.460366903152726,8.180752277402325,-1.460366903152726,8.180752277402325,-1.460366903152726,8.180752277402325,-1.460366903152726,8.180752277402325,right,0.3687804020237632,11.278079019439435,0.35,1.0,0.0,,,1.0,0.0
2.25.76710355977373089612172037086913478687,/home/user/workspace/dataset_extracted/Датасет/НД_для_обучения/Исследования/2.25.76710355977373089612172037086913478687/series_002_3_CR/A2504104830 DXA/CR DXA/CR000000.dcm,1.2.643.5.1.13.13.12.2.77.8252.14130302090906050506100315000611,3,265,280,right_hip,True,0.0,,,,,0.0,0.0,,,0,0.0,0,0.0,False,0.0,,,,,,,,-2.788263914379428,2.788263914379428,27.0,38.85,0.0,2.834423897581806,67.8,-16.951351351351367,66.15,3.0,278.25,168.0,100.0,0.48035714285714287,0.19789757412398923,0.37735849056603776,0.28214285714285714,0.15714285714285714,0.46270044206227623,0.12996410166257863,0.9402150192350659,0.2731152204836576,-17.18776671408252,0.36699857752490744,-17.502987197724057,0.4374110953058448,-17.739402560455197,0.5312944523470946,-21.054623044096733,0.625177809388353,-21.96984352773827,0.7190611664296028,-22.285064011379806,0.8129445234708527,-22.600284495021345,0.88335704125179,-22.8366998577525,0.9772403982930484,-23.751920341394037,1.0711237553342983,-24.067140825035573,1.165007112375548,-24.38236130867711,1.258890469416798,-25.297581792318645,1.9527738264580563,-26.812802275960184,2.0231863442389937,-27.04921763869134,2.1170697012802435,-27.964438122332876,2.8109530583214934,-30.0,2.2578947368421183,-30.0,2.2578947368421183,-30.0,2.2578947368421183,-30.0,2.2578947368421183,-30.0,right,0.8834452485397422,2.788263914379428,0.4035714285714286,0.0,0.0,,,0.0,0.0
2.25.76710355977373089612172037086913478687,/home/user/workspace/dataset_extracted/Датасет/НД_для_обучения/Исследования/2.25.76710355977373089612172037086913478687/series_002_3_CR/A2504104830 DXA/CR DXA/CR000001.dcm,1.2.643.5.1.13.13.12.2.77.8252.06151311061015011100110511080701,1,318,300,spine,True,0.0,,0.0,0.0,0.0,,,,,1050,661.5,1050,661.5,True,4.880046988421296,2.0784002299228703,5.198724546600961,318.0,0.07834048539442734,0.0,0.0031446540880503146,0.6633333333333333,,,,,,,,,,,,,,,,,,,,,,,,,,,,,,,,,,,,,,,,,,,,,,,,,,,,,,,,,,,,,,,,,,,,,,,
2.25.76710355977373089612172037086913478687,/home/user/workspace/dataset_extracted/Датасет/НД_для_обучения/Исследования/2.25.76710355977373089612172037086913478687/series_002_3_CR/A2504104830 DXA/CR DXA/CR000002.dcm,1.2.643.5.1.13.13.12.2.77.8252.02050808061207030811150709091509,2,292,280,right_hip,True,0.0,,,,,0.0,0.0,,,0,0.0,0,0.0,False,0.0,,,,,,,,-9.162675358570807,9.162675358570807,23.4,91.35000000000001,0.0,-4.657807829700403,28.799999999999997,21.985893416927944,68.25,10.799999999999999,306.6,168.0,292.0,0.25,0.19071673189823873,1.0,0.20357142857142857,0.13214285714285715,0.45417883101655826,0.11723242302575079,0.95751625589754,-4.657807829700403,3.2222570532915595,-4.905427571626487,4.019749216300966,-4.791142378071044,4.31786833855802,-5.038762119997119,5.115360501567426,-5.286381861923195,5.912852664576832,-5.534001603849279,6.110344827586237,-5.7816213457753545,6.907836990595643,-6.267336152219912,7.205956112852697,-6.514955894145987,8.003448275862104,-7.362575636072071,8.800940438871509,-8.210195377998147,10.198432601880915,-9.657815119924223,11.595924764890322,-10.505434861850306,13.593416927899726,-12.791149668294855,15.691536050156781,-14.23876941022094,18.289028213166187,-15.086389152147014,21.486520376175594,-14.73400889407309,21.684012539184998,-14.73400889407309,21.684012539184998,-14.73400889407309,21.684012539184998,-14.73400889407309,21.684012539184998,left,-0.18520293252436115,9.162675358570807,0.1714285714285714,,,0.0,0.0,0.0,0.0
2.25.78999454687125053757525542837745968726,/home/user/workspace/dataset_extracted/Датасет/НД_для_обучения/Исследования/2.25.78999454687125053757525542837745968726/series_004_3_CR/A2504222617 DXA/CR DXA/CR000000.dcm,1.2.643.5.1.13.13.12.2.77.8252.05120913001500151408091003040415,2,265,280,left_hip,True,1.0,Нарушение позиционирования/ротации левого бедра,,,,,,1.0,0.0,0,0.0,0,0.0,False,0.0,,,,,,,,-5.228057573210511,5.228057573210511,28.2,82.95,0.0,-15.371567672833509,45.0,16.064518013631957,61.95,10.799999999999999,278.25,168.0,265.0,0.35,0.21851752021563342,1.0,0.2714285714285714,0.16785714285714284,0.5313729309665914,0.11017737306050959,0.9647695725820782,-16.264498539435255,2.313476144109052,-17.055073028237594,2.5542940603700175,-17.348003894839348,2.2849074975657286,-18.13857838364168,1.9257254138266944,-18.32915287244402,2.166543330087643,-19.119727361246362,2.4073612463485916,-18.710301850048694,3.248179162609557,-18.403232716650447,3.5787925998052685,-17.993807205452786,4.419610516066234,-19.98438169425512,5.860428432327183,-20.77495618305746,7.301246348588131,-23.36553067185979,9.342064264849096,-26.55610516066213,11.382882181110045,-28.049036027263885,14.113495618305773,-28.239610516066218,15.554313534566722,-28.03489776046739,15.974722492697197,-28.03489776046739,15.974722492697197,-28.03489776046739,15.974722492697197,-28.03489776046739,15.974722492697197,-28.03489776046739,15.974722492697197,left,-0.2520322425250321,5.228057573210511,0.26785714285714285,,,1.0,0.0,1.0,0.0
2.25.78999454687125053757525542837745968726,/home/user/workspace/dataset_extracted/Датасет/НД_для_обучения/Исследования/2.25.78999454687125053757525542837745968726/series_004_3_CR/A2504222617 DXA/CR DXA/CR000001.dcm,1.2.643.5.1.13.13.12.2.77.8252.07150713040501120002001009141410,3,265,280,right_hip,True,1.0,Нарушение позиционирования/ротации правого бедра,,,,1.0,0.0,,,0,0.0,0,0.0,False,0.0,,,,,,,,-5.8369626186089265,5.8369626186089265,29.7,123.9,0.0,0.17366362451108158,54.6,10.045126159981589,14.700000000000001,13.799999999999999,278.25,168.0,265.0,0.40535714285714286,0.2382210242587601,1.0,0.23214285714285715,0.16428571428571428,0.5842767220524928,0.14897216404504324,0.9628670765101355,-2.080420277628653,3.905529565150698,-6.685865480481632,6.241368203083061,-30.0,8.143247181532326,-30.0,10.045126159981589,-30.0,10.045126159981589,-30.0,10.045126159981589,-30.0,10.045126159981589,-30.0,10.045126159981589,-30.0,10.045126159981589,-30.0,10.045126159981589,-30.0,10.045126159981589,-30.0,10.045126159981589,-30.0,10.045126159981589,-30.0,10.045126159981589,-30.0,10.045126159981589,-30.0,10.045126159981589,-30.0,10.045126159981589,-30.0,10.045126159981589,-30.0,10.045126159981589,-30.0,10.045126159981589,right,0.5222104686202178,5.8369626186089265,0.325,1.0,0.0,,,1.0,0.0
2.25.78999454687125053757525542837745968726,/home/user/workspace/dataset_extracted/Датасет/НД_для_обучения/Исследования/2.25.78999454687125053757525542837745968726/series_004_3_CR/A2504222617 DXA/CR DXA/CR000002.dcm,1.2.643.5.1.13.13.12.2.77.8252.11011500050713141305050211140308,1,318,300,spine,True,0.0,,0.0,0.0,0.0,,,,,4696,2958.48,4696,2958.48,True,5.7204316262228,0.9663222266049523,0.8197125166798815,318.0,0.0021209499502530585,0.0,0.0031446540880503146,0.38333333333333336,,,,,,,,,,,,,,,,,,,,,,,,,,,,,,,,,,,,,,,,,,,,,,,,,,,,,,,,,,,,,,,,,,,,,,,
2.25.82912555346523716720160717883917565880,/home/user/workspace/dataset_extracted/Датасет/НД_для_обучения/Исследования/2.25.82912555346523716720160717883917565880/series_002_2_CR/A2504149480 DXA/CR DXA/CR000000.dcm,1.2.643.5.1.13.13.12.2.77.8252.15121403061107000609060400100413,6,263,280,right_hip,True,1.0,Нарушение позиционирования/ротации правого бедра,,,,1.0,0.0,,,0,0.0,0,0.0,False,0.0,,,,,,,,-1.2062852126846906,1.2062852126846906,27.599999999999998,98.7,6.017670339197339,7.945939385182236,37.199999999999996,9.732341147996976,97.65,3.0,276.15000000000003,168.0,187.0,0.3,0.2422324823465508,0.7110266159695817,0.275,0.15357142857142858,0.5897653533955325,0.1654570598099412,0.952638572902312,-0.2015417404183111,3.2143250370263474,-0.22812267456562407,4.210867319293436,0.3519416248238954,4.658274030993764,0.32536069067658246,5.054816313260852,0.8987797565292738,4.851358595527949,1.4721988223819606,5.247900877795047,2.645617888234652,5.644443160062144,3.2256821876241673,6.691849871762463,4.999101253476859,7.0883921540295605,6.77252031932955,8.684934436296649,7.945939385182236,-5.918523281436253,7.9193584510349275,-7.321980999169156,7.2927775168876146,-10.525438716902068,6.072841816277134,-10.67803200520174,4.846260882129822,-12.08148972293465,3.619679947982513,-12.284947440667553,2.9930990138352,-13.688405158400457,2.3665180796878915,-18.09186287613336,1.1465823790774066,-19.44445616443304,-0.07999855506990201,-19.64791388216594,left,-0.09796046238044087,1.2062852126846906,0.2214285714285714,,,0.0,0.0,0.0,0.0
2.25.82912555346523716720160717883917565880,/home/user/workspace/dataset_extracted/Датасет/НД_для_обучения/Исследования/2.25.82912555346523716720160717883917565880/series_002_2_CR/A2504149480 DXA/CR DXA/CR000001.dcm,1.2.643.5.1.13.13.12.2.77.8252.14111212050609060202121515040103,3,291,300,spine,True,0.0,,0.0,0.0,0.0,,,,,279,175.77,279,175.77,True,3.5965699779352653,1.2448160241737816,0.42905572166733785,291.0,-0.007614155251141596,0.0,0.003436426116838488,0.3466666666666667,,,,,,,,,,,,,,,,,,,,,,,,,,,,,,,,,,,,,,,,,,,,,,,,,,,,,,,,,,,,,,,,,,,,,,,
2.25.82912555346523716720160717883917565880,/home/user/workspace/dataset_extracted/Датасет/НД_для_обучения/Исследования/2.25.82912555346523716720160717883917565880/series_002_2_CR/A2504149480 DXA/CR DXA/CR000002.dcm,1.2.643.5.1.13.13.12.2.77.8252.07130510130614040904060413131200,8,265,280,left_hip,True,0.0,,,,,,,0.0,0.0,9,5.67,9,5.67,True,3.3954729132332653,,,,,,,,-5.056259715067113,5.056259715067113,26.4,89.25,1.2121711940590183,-16.400672268907556,35.4,19.363783466875116,67.2,10.799999999999999,278.25,168.0,265.0,0.2839285714285714,0.21016172506738545,1.0,0.2785714285714286,0.15,0.5184274081884692,0.10647161797340156,0.9606859935383307,-17.97385186632792,1.975626343560674,-18.871424662888405,2.7348368184483007,-19.24460426030877,3.604244674614023,-18.94217705686926,4.963455149501658,-19.239749853429736,7.522665624389284,-18.937322649990225,8.28187609927691,-19.83489544655071,7.841086574164546,-19.608075043971073,7.510494430330269,-19.905647840531554,7.069704905217895,-20.20322063709204,7.22891538010553,-20.50079343365253,7.988125854993157,-20.798366230213016,8.747336329880783,-21.095939026773504,10.106546804768419,-21.469118624193868,11.575954660934132,-30.0,12.935165135821768,-30.0,15.494375610709394,-30.0,19.363783466875116,-30.0,19.363783466875116,-30.0,19.363783466875116,-30.0,19.363783466875116,right,0.24798482497245605,5.056259715067113,0.21071428571428572,1.0,0.0,,,1.0,0.0
2.25.82912555346523716720160717883917565880,/home/user/workspace/dataset_extracted/Датасет/НД_для_обучения/Исследования/2.25.82912555346523716720160717883917565880/series_002_2_CR/A2504149480 DXA/CR DXA/CR000003.dcm,1.2.643.5.1.13.13.12.2.77.8252.06060810060308150905140912050013,4,263,280,right_hip,True,1.0,Нарушение позиционирования/ротации правого бедра,,,,1.0,0.0,,,0,0.0,0,0.0,False,0.0,,,,,,,,-1.2062852126846906,1.2062852126846906,27.599999999999998,98.7,6.017670339197339,7.945939385182236,37.199999999999996,9.732341147996976,97.65,3.0,276.15000000000003,168.0,187.0,0.3,0.2422324823465508,0.7110266159695817,0.275,0.15357142857142858,0.5897653533955325,0.1654570598099412,0.952638572902312,-0.2015417404183111,3.2143250370263474,-0.22812267456562407,4.210867319293436,0.3519416248238954,4.658274030993764,0.32536069067658246,5.054816313260852,0.8987797565292738,4.851358595527949,1.4721988223819606,5.247900877795047,2.645617888234652,5.644443160062144,3.2256821876241673,6.691849871762463,4.999101253476859,7.0883921540295605,6.77252031932955,8.684934436296649,7.945939385182236,-5.918523281436253,7.9193584510349275,-7.321980999169156,7.2927775168876146,-10.525438716902068,6.072841816277134,-10.67803200520174,4.846260882129822,-12.08148972293465,3.619679947982513,-12.284947440667553,2.9930990138352,-13.688405158400457,2.3665180796878915,-18.09186287613336,1.1465823790774066,-19.44445616443304,-0.07999855506990201,-19.64791388216594,left,-0.09796046238044087,1.2062852126846906,0.2214285714285714,,,0.0,0.0,0.0,0.0
2.25.82912555346523716720160717883917565880,/home/user/workspace/dataset_extracted/Датасет/НД_для_обучения/Исследования/2.25.82912555346523716720160717883917565880/series_002_2_CR/A2504149480 DXA/CR DXA/CR000004.dcm,1.2.643.5.1.13.13.12.2.77.8252.13130903011502030304101506090814,5,265,280,left_hip,True,0.0,,,,,,,0.0,0.0,9,5.67,9,5.67,True,3.3954729132332653,,,,,,,,-5.056259715067113,5.056259715067113,26.4,89.25,1.2121711940590183,-16.400672268907556,35.4,19.363783466875116,67.2,10.799999999999999,278.25,168.0,265.0,0.2839285714285714,0.21016172506738545,1.0,0.2785714285714286,0.15,0.5184274081884692,0.10647161797340156,0.9606859935383307,-17.97385186632792,1.975626343560674,-18.871424662888405,2.7348368184483007,-19.24460426030877,3.604244674614023,-18.94217705686926,4.963455149501658,-19.239749853429736,7.522665624389284,-18.937322649990225,8.28187609927691,-19.83489544655071,7.841086574164546,-19.608075043971073,7.510494430330269,-19.905647840531554,7.069704905217895,-20.20322063709204,7.22891538010553,-20.50079343365253,7.988125854993157,-20.798366230213016,8.747336329880783,-21.095939026773504,10.106546804768419,-21.469118624193868,11.575954660934132,-30.0,12.935165135821768,-30.0,15.494375610709394,-30.0,19.363783466875116,-30.0,19.363783466875116,-30.0,19.363783466875116,-30.0,19.363783466875116,right,0.24798482497245605,5.056259715067113,0.21071428571428572,1.0,0.0,,,1.0,0.0
2.25.82912555346523716720160717883917565880,/home/user/workspace/dataset_extracted/Датасет/НД_для_обучения/Исследования/2.25.82912555346523716720160717883917565880/series_002_2_CR/A2504149480 DXA/CR DXA/CR000005.dcm,1.2.643.5.1.13.13.12.2.77.8252.15001111061311011106030303001309,1,291,300,spine,True,0.0,,0.0,0.0,0.0,,,,,279,175.77,279,175.77,True,3.5965699779352653,1.2448160241737816,0.42905572166733785,291.0,-0.007614155251141596,0.0,0.003436426116838488,0.3466666666666667,,,,,,,,,,,,,,,,,,,,,,,,,,,,,,,,,,,,,,,,,,,,,,,,,,,,,,,,,,,,,,,,,,,,,,,
2.25.87718478011637131470224319788530286374,/home/user/workspace/dataset_extracted/Датасет/НД_для_обучения/Исследования/2.25.87718478011637131470224319788530286374/series_002_2_CR/A2504337993 DXA/CR DXA/CR000000.dcm,1.2.643.5.1.13.13.12.2.77.8252.10041006131411151513070104110809,1,289,300,spine,True,0.0,,0.0,0.0,0.0,,,,,109,68.67,109,68.67,True,4.327632254264822,0.8931341782120165,0.055108441317547996,289.0,0.01737070473791031,0.0,0.0034602076124567475,0.33666666666666667,,,,,,,,,,,,,,,,,,,,,,,,,,,,,,,,,,,,,,,,,,,,,,,,,,,,,,,,,,,,,,,,,,,,,,,
2.25.87869906212286587478854831452123526595,/home/user/workspace/dataset_extracted/Датасет/НД_для_обучения/Исследования/2.25.87869906212286587478854831452123526595/series_002_2_CR/A250419699 DXA/CR DXA/CR000000.dcm,1.2.643.5.1.13.13.12.2.77.8252.06111209081313111015020309051508,3,292,280,left_hip,True,0.0,,,,,,,0.0,0.0,92,57.96,92,57.96,True,6.657595389280231,,,,,,,,-1.5471918512701825,1.5471918512701825,25.8,112.35000000000001,7.14512666784224,-0.14053958737435152,39.0,10.529036619056024,99.75,3.5999999999999996,306.6,168.0,202.0,0.30892857142857144,0.21335616438356164,0.6917808219178082,0.325,0.14285714285714285,0.5227392239135339,0.11741440079015364,0.9692369382798597,-14.221072121318983,3.1196438017986226,-14.836848292482209,4.0769823076471,-15.448680420854636,3.8949861870334472,-16.064456592017866,4.252324692881916,-16.08023276318109,4.609663198730385,-17.89600893434432,4.367001704578854,-18.511785105507546,4.724340210427322,-18.523617233879964,5.142344089813679,-17.939393405043194,5.499682595662148,-16.155169576206422,6.457021101510617,-13.170945747369649,7.414359607359085,-11.986721918532876,8.371698113207554,-12.002498089696104,10.529036619056024,-13.21433021806853,-8.85295950155763,-13.230106389231759,-11.49562099570916,-13.245882560394985,-13.538282489860691,-12.661658731558214,-14.980943984012221,-11.477434902721441,-17.623605478163753,-10.289267031093859,-19.605601598777397,-9.105043202257088,-21.64826309292893,left,-0.4596750948972433,1.5471918512701825,0.23214285714285715,,,0.0,0.0,0.0,0.0
2.25.87869906212286587478854831452123526595,/home/user/workspace/dataset_extracted/Датасет/НД_для_обучения/Исследования/2.25.87869906212286587478854831452123526595/series_002_2_CR/A250419699 DXA/CR DXA/CR000001.dcm,1.2.643.5.1.13.13.12.2.77.8252.04050904100201141507070306131511,1,317,300,spine,True,1.0,"Наличие посторонних предметов, артефактов или наложений",0.0,0.0,1.0,,,,,353,222.39000000000001,353,222.39000000000001,True,4.189173111205603,5.527546690142987,1.6142635911182142,317.0,-0.07849355008462401,0.0,0.0031545741324921135,0.6333333333333333,,,,,,,,,,,,,,,,,,,,,,,,,,,,,,,,,,,,,,,,,,,,,,,,,,,,,,,,,,,,,,,,,,,,,,,
2.25.87869906212286587478854831452123526595,/home/user/workspace/dataset_extracted/Датасет/НД_для_обучения/Исследования/2.25.87869906212286587478854831452123526595/series_002_2_CR/A250419699 DXA/CR DXA/CR000002.dcm,1.2.643.5.1.13.13.12.2.77.8252.15101115041306031303150405131115,2,291,280,left_hip,True,0.0,,,,,,,0.0,0.0,0,0.0,0,0.0,False,0.0,,,,,,,,-4.52284692611125,4.52284692611125,24.0,116.55000000000001,0.0,3.400656370656364,36.0,-15.742702702702688,46.2,4.8,305.55,168.0,155.0,0.28035714285714286,0.17976190476190476,0.5326460481099656,0.18928571428571428,0.1357142857142857,0.5454965215005235,0.12773164352365152,0.9775568367252601,0.5552369252369231,-16.072644787644773,0.7797788697788689,-17.112567567567556,0.9481853281853261,-18.04250965250964,1.172727272727272,-21.48243243243242,1.3972692172692176,-22.522355212355194,1.6218111618111635,-23.562277992277973,1.8463531063531007,-24.602200772200757,2.0147595647595664,-24.93214285714284,2.239301509301504,-25.972065637065622,3.0638434538434494,-27.011988416988405,3.2883853983853952,-28.051911196911185,3.400656370656364,-28.271872586872572,3.400656370656364,-28.271872586872572,3.400656370656364,-28.271872586872572,3.400656370656364,-28.271872586872572,3.400656370656364,-28.271872586872572,3.400656370656364,-28.271872586872572,3.400656370656364,-28.271872586872572,3.400656370656364,-28.271872586872572,3.400656370656364,-28.271872586872572,right,0.28230061853406435,4.52284692611125,0.21428571428571427,0.0,0.0,,,0.0,0.0
2.25.91981043841368764114007975581101713077,/home/user/workspace/dataset_extracted/Датасет/НД_для_обучения/Исследования/2.25.91981043841368764114007975581101713077/series_003_2_CR/A250496619 DXA/CR DXA/CR000000.dcm,1.2.643.5.1.13.13.12.2.77.8252.08061201060114131102110802141411,3,292,280,left_hip,True,0.0,,,,,,,0.0,0.0,0,0.0,0,0.0,False,0.0,,,,,,,,-1.8533404284802895,1.8533404284802895,30.0,91.35000000000001,0.0,-17.261354523583908,56.4,19.311555004738693,75.60000000000001,18.599999999999998,306.6,168.0,292.0,0.4303571428571429,0.2622553816046967,1.0,0.42142857142857143,0.16428571428571428,0.5426431055602554,0.1451371157548236,0.9547284758427741,-18.896427790333192,1.8132682073340218,-18.865896333017456,2.171990960122531,-18.842997740030654,3.1910330247139087,-18.81246628271491,3.5497557775024347,-18.781934825399166,3.9084785302909437,-18.751403368083434,4.267201283079452,-18.720871910767688,4.625924035867961,-18.097973317780887,4.4449661004593395,-17.46744186046515,4.203688853247848,-18.03691040314941,5.162411606036358,-18.606378945833665,6.121134358824866,-18.57584748851793,7.079857111613376,-18.545316031202187,8.038579864401902,-17.322417438215385,9.05762192899328,-17.29188598089965,10.616344681781788,-17.261354523583908,12.175067434570296,-19.030823066268173,14.933790187358806,-23.20029160895243,17.092512940147316,-24.377393015965627,19.311555004738693,-24.377393015965627,19.311555004738693,left,-0.6462588837488819,1.8533404284802895,0.3357142857142857,,,0.0,0.0,0.0,0.0
2.25.91981043841368764114007975581101713077,/home/user/workspace/dataset_extracted/Датасет/НД_для_обучения/Исследования/2.25.91981043841368764114007975581101713077/series_003_2_CR/A250496619 DXA/CR DXA/CR000001.dcm,1.2.643.5.1.13.13.12.2.77.8252.04141409090807040100020211061514,6,292,280,left_hip,True,0.0,,,,,,,0.0,0.0,0,0.0,0,0.0,False,0.0,,,,,,,,-1.8533404284802895,1.8533404284802895,30.0,91.35000000000001,0.0,-17.261354523583908,56.4,19.311555004738693,75.60000000000001,18.599999999999998,306.6,168.0,292.0,0.4303571428571429,0.2622553816046967,1.0,0.42142857142857143,0.16428571428571428,0.5426431055602554,0.1451371157548236,0.9547284758427741,-18.896427790333192,1.8132682073340218,-18.865896333017456,2.171990960122531,-18.842997740030654,3.1910330247139087,-18.81246628271491,3.5497557775024347,-18.781934825399166,3.9084785302909437,-18.751403368083434,4.267201283079452,-18.720871910767688,4.625924035867961,-18.097973317780887,4.4449661004593395,-17.46744186046515,4.203688853247848,-18.03691040314941,5.162411606036358,-18.606378945833665,6.121134358824866,-18.57584748851793,7.079857111613376,-18.545316031202187,8.038579864401902,-17.322417438215385,9.05762192899328,-17.29188598089965,10.616344681781788,-17.261354523583908,12.175067434570296,-19.030823066268173,14.933790187358806,-23.20029160895243,17.092512940147316,-24.377393015965627,19.311555004738693,-24.377393015965627,19.311555004738693,left,-0.6462588837488819,1.8533404284802895,0.3357142857142857,,,0.0,0.0,0.0,0.0
2.25.91981043841368764114007975581101713077,/home/user/workspace/dataset_extracted/Датасет/НД_для_обучения/Исследования/2.25.91981043841368764114007975581101713077/series_003_2_CR/A250496619 DXA/CR DXA/CR000002.dcm,1.2.643.5.1.13.13.12.2.77.8252.04000607141411061507120106050309,5,294,280,right_hip,True,0.0,,,,,0.0,0.0,,,0,0.0,0,0.0,False,0.0,,,,,,,,-7.514672637572575,7.514672637572575,27.599999999999998,92.4,0.0,-2.7751030256066995,55.199999999999996,17.68681800570602,82.95,10.799999999999999,308.7,168.0,294.0,0.41964285714285715,0.20098396501457727,1.0,0.32142857142857145,0.16428571428571428,0.46442391592014387,0.11536220350902278,0.9556461062064558,-7.5966010355394324,1.2814377795780103,-7.30157796484801,1.6683913916381699,-6.630310661829452,2.1086066006832938,-6.335287591138029,3.095560212743453,-6.640264520446615,3.4825138248036125,-5.745241449755201,3.869467436863772,-5.450218379063778,4.256421048923931,-5.378951076045212,4.696636257969055,-4.483928005353789,5.083589870029215,-4.188904934662383,4.870543482089374,-3.893881863970961,5.257497094149533,-2.998858793279555,6.244450706209693,-3.3038357225881327,7.231404318269853,-3.8325684195695655,8.271619527314977,-5.337545348878143,9.858573139375135,-7.44252227818672,10.845526751435296,-7.747499207495315,12.432480363495454,-8.652476136803893,14.019433975555614,-8.581208833785325,16.259649184600736,-9.48618576309392,17.2466027966609,right,0.5704428953776908,7.514672637572575,0.32857142857142857,0.0,0.0,,,0.0,0.0
2.25.91981043841368764114007975581101713077,/home/user/workspace/dataset_extracted/Датасет/НД_для_обучения/Исследования/2.25.91981043841368764114007975581101713077/series_003_2_CR/A250496619 DXA/CR DXA/CR000003.dcm,1.2.643.5.1.13.13.12.2.77.8252.03130309141409040708100214070815,8,292,280,left_hip,True,0.0,,,,,,,0.0,0.0,0,0.0,0,0.0,False,0.0,,,,,,,,-1.8533404284802895,1.8533404284802895,30.0,91.35000000000001,0.0,-17.261354523583908,56.4,19.311555004738693,75.60000000000001,18.599999999999998,306.6,168.0,292.0,0.4303571428571429,0.2622553816046967,1.0,0.42142857142857143,0.16428571428571428,0.5426431055602554,0.1451371157548236,0.9547284758427741,-18.896427790333192,1.8132682073340218,-18.865896333017456,2.171990960122531,-18.842997740030654,3.1910330247139087,-18.81246628271491,3.5497557775024347,-18.781934825399166,3.9084785302909437,-18.751403368083434,4.267201283079452,-18.720871910767688,4.625924035867961,-18.097973317780887,4.4449661004593395,-17.46744186046515,4.203688853247848,-18.03691040314941,5.162411606036358,-18.606378945833665,6.121134358824866,-18.57584748851793,7.079857111613376,-18.545316031202187,8.038579864401902,-17.322417438215385,9.05762192899328,-17.29188598089965,10.616344681781788,-17.261354523583908,12.175067434570296,-19.030823066268173,14.933790187358806,-23.20029160895243,17.092512940147316,-24.377393015965627,19.311555004738693,-24.377393015965627,19.311555004738693,left,-0.6462588837488819,1.8533404284802895,0.3357142857142857,,,0.0,0.0,0.0,0.0
2.25.91981043841368764114007975581101713077,/home/user/workspace/dataset_extracted/Датасет/НД_для_обучения/Исследования/2.25.91981043841368764114007975581101713077/series_003_2_CR/A250496619 DXA/CR DXA/CR000004.dcm,1.2.643.5.1.13.13.12.2.77.8252.07021003040810040809000711080701,12,318,300,spine,True,1.0,Нарушение укладки поясничного отдела позвоночника,1.0,0.0,0.0,,,,,279,175.77,279,175.77,True,3.90443182057241,0.4996973600640935,0.9961915539251551,318.0,-0.03261969756055284,0.0,0.0031446540880503146,0.3566666666666667,,,,,,,,,,,,,,,,,,,,,,,,,,,,,,,,,,,,,,,,,,,,,,,,,,,,,,,,,,,,,,,,,,,,,,,
2.25.91981043841368764114007975581101713077,/home/user/workspace/dataset_extracted/Датасет/НД_для_обучения/Исследования/2.25.91981043841368764114007975581101713077/series_003_2_CR/A250496619 DXA/CR DXA/CR000005.dcm,1.2.643.5.1.13.13.12.2.77.8252.04111101091200130111070203120509,2,294,280,right_hip,True,0.0,,,,,0.0,0.0,,,0,0.0,0,0.0,False,0.0,,,,,,,,-7.514672637572575,7.514672637572575,27.599999999999998,92.4,0.0,-2.7751030256066995,55.199999999999996,17.68681800570602,82.95,10.799999999999999,308.7,168.0,294.0,0.41964285714285715,0.20098396501457727,1.0,0.32142857142857145,0.16428571428571428,0.46442391592014387,0.11536220350902278,0.9556461062064558,-7.5966010355394324,1.2814377795780103,-7.30157796484801,1.6683913916381699,-6.630310661829452,2.1086066006832938,-6.335287591138029,3.095560212743453,-6.640264520446615,3.4825138248036125,-5.745241449755201,3.869467436863772,-5.450218379063778,4.256421048923931,-5.378951076045212,4.696636257969055,-4.483928005353789,5.083589870029215,-4.188904934662383,4.870543482089374,-3.893881863970961,5.257497094149533,-2.998858793279555,6.244450706209693,-3.3038357225881327,7.231404318269853,-3.8325684195695655,8.271619527314977,-5.337545348878143,9.858573139375135,-7.44252227818672,10.845526751435296,-7.747499207495315,12.432480363495454,-8.652476136803893,14.019433975555614,-8.581208833785325,16.259649184600736,-9.48618576309392,17.2466027966609,right,0.5704428953776908,7.514672637572575,0.32857142857142857,0.0,0.0,,,0.0,0.0
2.25.91981043841368764114007975581101713077,/home/user/workspace/dataset_extracted/Датасет/НД_для_обучения/Исследования/2.25.91981043841368764114007975581101713077/series_003_2_CR/A250496619 DXA/CR DXA/CR000006.dcm,1.2.643.5.1.13.13.12.2.77.8252.04141300131506141004121211120710,7,294,280,right_hip,True,0.0,,,,,0.0,0.0,,,0,0.0,0,0.0,False,0.0,,,,,,,,-7.514672637572575,7.514672637572575,27.599999999999998,92.4,0.0,-2.7751030256066995,55.199999999999996,17.68681800570602,82.95,10.799999999999999,308.7,168.0,294.0,0.41964285714285715,0.20098396501457727,1.0,0.32142857142857145,0.16428571428571428,0.46442391592014387,0.11536220350902278,0.9556461062064558,-7.5966010355394324,1.2814377795780103,-7.30157796484801,1.6683913916381699,-6.630310661829452,2.1086066006832938,-6.335287591138029,3.095560212743453,-6.640264520446615,3.4825138248036125,-5.745241449755201,3.869467436863772,-5.450218379063778,4.256421048923931,-5.378951076045212,4.696636257969055,-4.483928005353789,5.083589870029215,-4.188904934662383,4.870543482089374,-3.893881863970961,5.257497094149533,-2.998858793279555,6.244450706209693,-3.3038357225881327,7.231404318269853,-3.8325684195695655,8.271619527314977,-5.337545348878143,9.858573139375135,-7.44252227818672,10.845526751435296,-7.747499207495315,12.432480363495454,-8.652476136803893,14.019433975555614,-8.581208833785325,16.259649184600736,-9.48618576309392,17.2466027966609,right,0.5704428953776908,7.514672637572575,0.32857142857142857,0.0,0.0,,,0.0,0.0
2.25.91981043841368764114007975581101713077,/home/user/workspace/dataset_extracted/Датасет/НД_для_обучения/Исследования/2.25.91981043841368764114007975581101713077/series_003_2_CR/A250496619 DXA/CR DXA/CR000007.dcm,1.2.643.5.1.13.13.12.2.77.8252.09031306140406050914091115001515,13,294,280,right_hip,True,0.0,,,,,0.0,0.0,,,0,0.0,0,0.0,False,0.0,,,,,,,,-7.514672637572575,7.514672637572575,27.599999999999998,92.4,0.0,-2.7751030256066995,55.199999999999996,17.68681800570602,82.95,10.799999999999999,308.7,168.0,294.0,0.41964285714285715,0.20098396501457727,1.0,0.32142857142857145,0.16428571428571428,0.46442391592014387,0.11536220350902278,0.9556461062064558,-7.5966010355394324,1.2814377795780103,-7.30157796484801,1.6683913916381699,-6.630310661829452,2.1086066006832938,-6.335287591138029,3.095560212743453,-6.640264520446615,3.4825138248036125,-5.745241449755201,3.869467436863772,-5.450218379063778,4.256421048923931,-5.378951076045212,4.696636257969055,-4.483928005353789,5.083589870029215,-4.188904934662383,4.870543482089374,-3.893881863970961,5.257497094149533,-2.998858793279555,6.244450706209693,-3.3038357225881327,7.231404318269853,-3.8325684195695655,8.271619527314977,-5.337545348878143,9.858573139375135,-7.44252227818672,10.845526751435296,-7.747499207495315,12.432480363495454,-8.652476136803893,14.019433975555614,-8.581208833785325,16.259649184600736,-9.48618576309392,17.2466027966609,right,0.5704428953776908,7.514672637572575,0.32857142857142857,0.0,0.0,,,0.0,0.0
2.25.91981043841368764114007975581101713077,/home/user/workspace/dataset_extracted/Датасет/НД_для_обучения/Исследования/2.25.91981043841368764114007975581101713077/series_003_2_CR/A250496619 DXA/CR DXA/CR000008.dcm,1.2.643.5.1.13.13.12.2.77.8252.03070910041410130909021014090904,14,292,280,left_hip,True,0.0,,,,,,,0.0,0.0,0,0.0,0,0.0,False,0.0,,,,,,,,-1.8533404284802895,1.8533404284802895,30.0,91.35000000000001,0.0,-17.261354523583908,56.4,19.311555004738693,75.60000000000001,18.599999999999998,306.6,168.0,292.0,0.4303571428571429,0.2622553816046967,1.0,0.42142857142857143,0.16428571428571428,0.5426431055602554,0.1451371157548236,0.9547284758427741,-18.896427790333192,1.8132682073340218,-18.865896333017456,2.171990960122531,-18.842997740030654,3.1910330247139087,-18.81246628271491,3.5497557775024347,-18.781934825399166,3.9084785302909437,-18.751403368083434,4.267201283079452,-18.720871910767688,4.625924035867961,-18.097973317780887,4.4449661004593395,-17.46744186046515,4.203688853247848,-18.03691040314941,5.162411606036358,-18.606378945833665,6.121134358824866,-18.57584748851793,7.079857111613376,-18.545316031202187,8.038579864401902,-17.322417438215385,9.05762192899328,-17.29188598089965,10.616344681781788,-17.261354523583908,12.175067434570296,-19.030823066268173,14.933790187358806,-23.20029160895243,17.092512940147316,-24.377393015965627,19.311555004738693,-24.377393015965627,19.311555004738693,left,-0.6462588837488819,1.8533404284802895,0.3357142857142857,,,0.0,0.0,0.0,0.0
2.25.91981043841368764114007975581101713077,/home/user/workspace/dataset_extracted/Датасет/НД_для_обучения/Исследования/2.25.91981043841368764114007975581101713077/series_003_2_CR/A250496619 DXA/CR DXA/CR000009.dcm,1.2.643.5.1.13.13.12.2.77.8252.01031400050508070812091015000904,4,318,300,spine,True,1.0,Нарушение укладки поясничного отдела позвоночника,1.0,0.0,0.0,,,,,279,175.77,279,175.77,True,3.90443182057241,0.4996973600640935,0.9961915539251551,318.0,-0.03261969756055284,0.0,0.0031446540880503146,0.3566666666666667,,,,,,,,,,,,,,,,,,,,,,,,,,,,,,,,,,,,,,,,,,,,,,,,,,,,,,,,,,,,,,,,,,,,,,,
2.25.91981043841368764114007975581101713077,/home/user/workspace/dataset_extracted/Датасет/НД_для_обучения/Исследования/2.25.91981043841368764114007975581101713077/series_003_2_CR/A250496619 DXA/CR DXA/CR000010.dcm,1.2.643.5.1.13.13.12.2.77.8252.07120905081404061009060805020905,1,318,300,spine,True,1.0,Нарушение укладки поясничного отдела позвоночника,1.0,0.0,0.0,,,,,279,175.77,279,175.77,True,3.90443182057241,0.4996973600640935,0.9961915539251551,318.0,-0.03261969756055284,0.0,0.0031446540880503146,0.3566666666666667,,,,,,,,,,,,,,,,,,,,,,,,,,,,,,,,,,,,,,,,,,,,,,,,,,,,,,,,,,,,,,,,,,,,,,,
2.25.91981043841368764114007975581101713077,/home/user/workspace/dataset_extracted/Датасет/НД_для_обучения/Исследования/2.25.91981043841368764114007975581101713077/series_003_2_CR/A250496619 DXA/CR DXA/CR000011.dcm,1.2.643.5.1.13.13.12.2.77.8252.07130502151014041012130400130108,9,294,280,right_hip,True,0.0,,,,,0.0,0.0,,,0,0.0,0,0.0,False,0.0,,,,,,,,-7.514672637572575,7.514672637572575,27.599999999999998,92.4,0.0,-2.7751030256066995,55.199999999999996,17.68681800570602,82.95,10.799999999999999,308.7,168.0,294.0,0.41964285714285715,0.20098396501457727,1.0,0.32142857142857145,0.16428571428571428,0.46442391592014387,0.11536220350902278,0.9556461062064558,-7.5966010355394324,1.2814377795780103,-7.30157796484801,1.6683913916381699,-6.630310661829452,2.1086066006832938,-6.335287591138029,3.095560212743453,-6.640264520446615,3.4825138248036125,-5.745241449755201,3.869467436863772,-5.450218379063778,4.256421048923931,-5.378951076045212,4.696636257969055,-4.483928005353789,5.083589870029215,-4.188904934662383,4.870543482089374,-3.893881863970961,5.257497094149533,-2.998858793279555,6.244450706209693,-3.3038357225881327,7.231404318269853,-3.8325684195695655,8.271619527314977,-5.337545348878143,9.858573139375135,-7.44252227818672,10.845526751435296,-7.747499207495315,12.432480363495454,-8.652476136803893,14.019433975555614,-8.581208833785325,16.259649184600736,-9.48618576309392,17.2466027966609,right,0.5704428953776908,7.514672637572575,0.32857142857142857,0.0,0.0,,,0.0,0.0
